Price,Close,High,Low,Open,Volume
Ticker,ADANIPORTS.NS,ADANIPORTS.NS,ADANIPORTS.NS,ADANIPORTS.NS,ADANIPORTS.NS
Date,,,,,
2007-11-27,173.68064880371094,187.44470140944907,139.4516136089621,139.4516136089621,27262365
2007-11-28,160.27879333496094,179.11381814004142,158.40433979755804,175.67280173436396,21958915
2007-11-29,160.64096069335938,165.53082928581398,152.54553691087634,163.90087308832912,25616715
2007-11-30,168.24746704101562,173.31842645760756,161.18433068571173,161.18433068571173,23047035
2007-12-03,177.48385620117188,180.07367220659484,166.9797040827582,170.19433791516587,14578850
2007-12-04,189.98019409179688,191.06682731305747,176.7594507508016,178.70634851379742,22742860
2007-12-05,196.3188934326172,199.03548324814983,190.16128708728513,190.16128708728513,13806600
2007-12-06,197.42361450195312,200.59296886034178,190.34236470319775,190.34236470319775,8619680
2007-12-07,199.21658325195312,205.3198599130783,195.2322571138301,199.21658325195312,11182820
2007-12-10,194.42633056640625,201.0276374461801,192.2530505198575,199.5154041739165,5028390
2007-12-11,189.43685913085938,197.22442207790516,188.53132919828616,195.78463280126337,3990645
2007-12-12,187.78880310058594,192.51567048576788,184.0036807720014,186.53916736370397,3637865
2007-12-13,204.85801696777344,208.27186841895994,187.82500246131954,188.3502114397551,15317195
2007-12-14,200.48426818847656,206.44265521713484,199.41574978471195,200.14922662412437,5345960
2007-12-17,189.1199188232422,211.5317830994408,184.99975515244276,206.46081030195086,7024775
2007-12-18,189.1199188232422,189.1199188232422,189.1199188232422,189.1199188232422,0
2007-12-19,193.22198486328125,202.1142817739785,189.49119207910869,197.58663203075633,4228330
2007-12-20,192.00857543945312,196.22834856261505,190.34240355283436,196.22834856261505,3116440
2007-12-24,209.50338745117188,215.87831153998317,196.54525745880338,198.3110379096092,10304460
2007-12-26,217.30905151367188,219.86265234623187,207.9096609808074,212.79951668843452,7335155
2007-12-27,219.43707275390625,224.5714258728436,218.05161304644494,220.04377615766532,4887475
2007-12-28,226.21945190429688,230.72898625279103,212.79949419149676,215.40742432907777,5820690
2007-12-31,229.78726196289062,234.532243603061,228.37463753265013,228.80023769013152,3686245
2008-01-01,234.86724853515625,238.8787387243801,228.86359564497724,231.63451448925795,2456740
2008-01-02,236.7869873046875,239.78428884262703,230.00457769524294,237.29408180065096,3519075
2008-01-03,231.05499267578125,238.10001358489077,228.40178311258254,236.34328351961102,2525290
2008-01-04,224.63482666015625,234.4960336797145,223.30369649668071,231.59834053440036,2753975
2008-01-07,222.2623291015625,231.6164553803979,220.0437834312488,224.5714332960893,3154815
2008-01-08,218.19650268554688,227.28801729785317,214.61059800633944,224.57142744967166,2652495
2008-01-09,213.75033569335938,219.13823583578116,208.45298025057852,217.32717603548545,3137535
2008-01-10,203.1194305419922,217.2909832244166,201.02765846869266,214.61060836522594,2194030
2008-01-11,196.6539306640625,204.64976149930024,192.51566612316037,204.28755505896083,3084690
2008-01-14,187.47181701660156,196.02907011583437,186.7383401534226,196.02907011583437,4179580
2008-01-15,190.07977294921875,195.35901360000835,187.63484513286,189.36439663447953,4152465
2008-01-16,186.611572265625,192.69673328212377,181.1059497355886,189.43682065996822,4080940
2008-01-17,184.89109802246094,190.79515714817873,183.09815259550237,190.16128894847523,1680015
2008-01-18,180.12802124023438,194.14562140550626,176.56023092259403,182.91705522551013,3384270
2008-01-21,149.42147827148438,182.01150313549124,144.1060223775675,180.20044340279978,788625
2008-01-22,133.2124786376953,146.69581571457155,119.53897423861979,126.77416172864207,2730805
2008-01-23,155.20782470703125,159.7173737136194,137.64054956569424,137.64054956569424,2677310
2008-01-24,147.4474334716797,169.33408922891437,147.0580484344515,158.46773056181826,2555085
2008-01-25,156.78343200683594,159.9165712541451,148.50689002981696,148.50689002981696,2020225
2008-01-28,148.65182495117188,151.22352712627074,141.84223471113492,151.22352712627074,2335260
2008-01-29,152.26486206054688,155.75115804367346,148.51596846032686,152.12903808916943,1100350
2008-01-30,150.39947509765625,156.47558750610204,148.91440644329967,153.90388561004647,1430950
2008-01-31,151.70343017578125,153.92197577165496,147.15766599516624,150.49907369406915,971500
2008-02-01,149.47579956054688,154.35660426552343,148.50687611457468,150.61676204915497,1021955
2008-02-04,155.04483032226562,157.99685281706968,152.12902294379307,153.55976184145828,1401150
2008-02-05,151.09671020507812,155.2078096140353,150.31795398715192,155.02670640883386,810465
2008-02-06,146.24307250976562,149.39431255630538,141.26265827568693,145.42810116201386,966300
2008-02-07,144.20562744140625,150.31795387926806,143.43592154824145,149.41242403662184,1064660
2008-02-08,141.99615478515625,150.31797756089017,138.5732525460807,146.69585761966388,1425125
2008-02-11,128.80258178710938,142.16819853503185,125.8686598494868,142.16819853503185,1119775
2008-02-12,123.38749694824219,133.1038425463902,118.73307389986613,131.30183310404837,1517045
2008-02-13,121.51305389404297,147.7643556426628,120.25436794371825,147.7643556426628,214900
2008-02-14,128.54901123046875,129.30965291521238,123.15204776357606,123.15204776357606,1345160
2008-02-15,131.98097229003906,138.31063075522266,123.37843893322692,126.77417578460013,1765245
2008-02-18,139.74136352539062,140.35711714897172,133.11287884450866,133.11287884450866,1712900
2008-02-19,138.3468475341797,142.5122903155918,137.67675047988453,141.08155151358136,687060
2008-02-20,132.58767700195312,137.64053514768625,130.39629645570278,135.82947547469038,987445
2008-02-21,133.5837860107422,138.00276290058954,132.22549104590453,138.00276290058954,627790
2008-02-22,131.12074279785156,133.47511243627142,129.4907860836896,130.9396395667871,405350
2008-02-25,128.15966796875,137.4413510607437,127.19075799194354,131.31090870089727,764015
2008-02-26,133.25778198242188,134.74285044993064,129.12856789311888,131.30183410308163,1256345
2008-02-27,135.17752075195312,141.87843739642105,134.19954666886525,135.77517388338876,1526600
2008-02-28,133.61093139648438,136.71689213261186,131.3108778524462,134.0184170632866,562455
2008-02-29,133.2306365966797,137.82166662454736,131.37429728758792,133.65623681252532,1019360
2008-03-03,126.63838958740234,131.30186405985242,125.3797033053134,131.30186405985242,912550
2008-03-04,121.20516204833984,128.3950566262048,116.27001387802308,127.67969420635718,2004980
2008-03-05,116.07080841064453,121.70320512819104,115.18339303512525,120.97879230907505,1316315
2008-03-07,110.42935943603516,114.09675799209596,104.49814322528341,114.09675799209596,2264745
2008-03-10,108.87184143066406,110.47462599754664,92.02898308772986,108.66356655496391,1179830
2008-03-11,112.95579528808594,115.13812561486743,104.13593619198527,107.39584237800543,1134150
2008-03-12,109.18880462646484,117.70984489677409,107.03363889240265,115.90783529568681,1053695
2008-03-13,102.5603256225586,108.66359564344471,101.7906265351466,105.94700575235859,827575
2008-03-14,101.60045623779297,104.49815618337225,100.34177017718922,103.04930966490518,785945
2008-03-17,92.62666320800781,99.42719534544027,91.82074207219341,99.42719534544027,1007885
2008-03-18,90.98766326904297,95.08065609146162,88.74194568536417,91.45853585940594,1288085
2008-03-19,90.14549255371094,95.98615688364495,89.6474484101967,95.98615688364495,980105
2008-03-24,84.97492980957031,91.62152343981943,84.21428794428786,90.91521116244415,2714575
2008-03-25,90.03681945800781,91.45850082819943,84.22332037036897,86.02532256117769,3733735
2008-03-26,91.2864761352539,94.53733239377691,88.78721833559699,90.91521243162948,1392075
2008-03-27,93.45068359375,94.3562135003121,88.01750415437745,89.84667843447403,1798625
2008-03-28,112.14081573486328,112.14081573486328,93.26957656859099,93.26957656859099,1546340
2008-03-31,104.8150863647461,121.956760811364,103.23040903309767,113.1912379748878,10674900
2008-04-01,107.2509536743164,111.74238073500563,105.90170927354166,105.94698852782321,3644195
2008-04-02,110.17583465576172,114.71254194016461,108.844704435713,112.97392597908477,4337755
2008-04-03,109.08012390136719,112.53924762029077,107.23284219527503,110.65574389149353,3900130
2008-04-04,107.43206024169922,111.19906771247318,105.9469918488176,111.19906771247318,1934490
2008-04-07,107.46829223632812,109.62345097996041,103.23041189280406,107.75806153722529,2330860
2008-04-08,106.78913879394531,113.19123475536284,105.96510328877682,113.19123475536284,1088650
2008-04-09,108.25608825683594,112.82900951308461,104.16308977126533,105.13200636215433,2537110
2008-04-10,110.22111511230469,111.3801924322324,106.12811555408346,111.3801924322324,2475095
2008-04-11,110.5108642578125,112.2857019433638,109.56911238021792,110.47464223459988,1507610
2008-04-15,116.36964416503906,117.71888870986108,108.6635895783333,109.56911949148608,3662315
2008-04-16,115.43692779541016,119.89212529864534,114.45895407319978,118.98659560963054,2202745
2008-04-17,113.43573760986328,119.42129824190609,112.47587804136387,117.5015652876163,2212480
2008-04-21,116.84049987792969,118.61534422714226,114.65817682259218,115.90780536204,1285875
2008-04-22,120.58943176269531,121.95677712612417,115.57279459551057,115.90784319184951,2873485
2008-04-23,120.74337005615234,122.77176228366935,118.15355363541819,122.24655321179553,1812760
2008-04-24,120.48075103759766,122.7626901612363,119.1858361484959,120.97879522571371,1279140
2008-04-25,128.97462463378906,130.03410683851007,119.36696509256619,121.34101375872964,7553070
2008-04-28,133.37547302246094,134.21762288899663,127.31749050044141,131.3018159399809,5360780
2008-04-29,134.1270751953125,135.4672693041232,128.7844546775387,133.7014750660304,3002865
2008-04-30,137.667724609375,140.17604657484142,129.49078982576094,134.01843981966866,3655410
2008-05-02,138.84490966796875,142.71152644493145,138.30158616801438,138.77246561348878,3037375
2008-05-05,136.62635803222656,141.5705436317286,123.45994532702372,123.45994532702372,1242715
2008-05-06,137.26023864746094,139.07129864204316,131.31996407599786,132.20737960450163,2093215
2008-05-07,139.17994689941406,140.26658004744235,134.92395900955069,138.00275523184587,1476905
2008-05-08,141.5343017578125,142.16816981518707,136.19166797757,137.6405210949582,2113150
2008-05-09,141.94178771972656,145.56390670459996,139.4515809176261,139.53307527863677,3288700
2008-05-12,146.25210571289062,147.56513491108515,130.25139660481253,130.25139660481253,6228725
2008-05-13,143.58987426757812,149.86518946609542,142.37645377317833,148.21711851459253,2345620
2008-05-14,142.92881774902344,145.29225103727057,141.62485264967495,143.0737058305706,842295
2008-05-15,143.22767639160156,146.49664019749756,142.16820796484294,143.9792679389174,698320
2008-05-16,140.4658203125,144.88481148430486,139.66896324509514,143.97928141252794,924180
2008-05-20,160.10671997070312,163.84656242520555,139.4515876700767,140.5382206546976,17805685
2008-05-21,163.23989868164062,167.70415499618215,157.52600653245406,162.0083773160272,12583100
2008-05-22,160.17013549804688,165.70292382141633,157.20904881249265,162.59694903357368,6699380
2008-05-23,154.6011199951172,163.7198129585244,153.2156603173231,161.1843264088596,3459065
2008-05-26,160.72250366210938,163.97335262095854,150.13685713526115,153.6593678220528,5059040
2008-05-27,158.1145782470703,167.70413668444843,155.8235886785701,164.78832926685,6401400
2008-05-28,152.31011962890625,159.91657874030147,151.22348656078952,158.10551902101056,3088380
2008-05-29,151.19630432128906,157.1818565554631,150.16400095311974,154.14832634882546,2239530
2008-05-30,143.14614868164062,153.523512179347,137.64052598419815,152.69042644330665,4255780
2008-06-02,138.69094848632812,149.77462447535416,137.6495809184303,144.06979774796173,4245850
2008-06-03,133.90975952148438,139.43348335249115,132.81406231616077,134.19952189040254,2664250
2008-06-04,127.1726303100586,136.861798157982,125.37062070810971,134.38064108327274,1915440
2008-06-05,119.08621978759766,128.38601476208743,115.02039289393971,126.95527601083606,3579815
2008-06-06,115.83537292480469,123.37843798403146,115.00228714841832,121.32288142364021,2841970
2008-06-09,110.94551849365234,113.37233886230683,107.08796615696795,112.28570576353695,2306670
2008-06-10,106.71669006347656,112.07742504821579,105.0414612443261,108.5186925072993,2586135
2008-06-11,109.9494400024414,114.35031591726533,107.7942813039826,108.30137584276233,3841800
2008-06-12,107.48638916015625,109.46044448615223,103.23040167895533,108.28325984026306,2530485
2008-06-13,108.71791076660156,111.36206315938284,107.25095684211254,107.48638962712656,2557780
2008-06-16,112.4487075805664,115.87160962875022,109.75928256880908,110.47465204634332,4810680
2008-06-17,114.20543670654297,114.95702129423887,110.83686427784639,112.46681399877872,1734210
2008-06-18,113.89757537841797,119.34887047346831,113.2274850358632,114.20545920628136,3471990
2008-06-19,117.56493377685547,118.44329877467645,110.75534591715576,111.9234801701569,3745810
2008-06-20,113.05540466308594,119.69293346384546,112.28570564322824,118.41614682823587,3581665
2008-06-23,103.42058563232422,112.28572560378998,101.79063569616646,112.28572560378998,4199165
2008-06-24,102.99494934082031,106.85250791698944,102.13469886257316,103.87331428247005,3366790
2008-06-25,99.55394744873047,101.96265310066877,97.99643510258612,101.4193366077134,3264390
2008-06-26,95.7054672241211,106.12811247511824,95.08064931783728,106.12811247511824,3293845
2008-06-27,89.82856750488281,93.06130912226661,88.44310779866764,91.45852416433901,3403335
2008-06-30,89.49351501464844,92.38215048278738,88.52459837010446,89.82855663118073,1913815
2008-07-01,86.5958251953125,91.45852343328349,86.02534382338546,90.55299349830048,1329330
2008-07-02,87.16629791259766,92.35497964478509,70.28722349091532,79.50551685948886,9877350
2008-07-03,80.2933349609375,85.482024352686,76.78893865262273,85.30091422662838,5041115
2008-07-04,81.57013702392578,83.29064525728796,78.43700432314697,81.31658975117357,2656325
2008-07-07,84.63988494873047,89.46636120705182,82.49377649490445,82.49377649490445,2721810
2008-07-08,83.20913696289062,86.73164750972693,76.9700368791434,82.76542927294895,2989255
2008-07-09,99.852783203125,99.852783203125,85.30091737877373,86.74977080619485,11755215
2008-07-10,102.82291412353516,109.19783799527073,101.41934013499493,101.41934013499493,17114200
2008-07-11,98.94725036621094,105.04146970895678,97.4621818643966,103.23040988638856,4688250
2008-07-14,96.87360382080078,103.59263485851002,95.687354806011,97.79724139416376,5552560
2008-07-15,88.37969970703125,96.16725395402524,87.8363832541979,95.98615077262863,4163170
2008-07-16,86.60487365722656,91.63961737501685,85.13791282402435,86.02533511022816,3697585
2008-07-17,86.7044906616211,91.45852278667081,83.85207000486226,90.37188963583178,3005685
2008-07-18,84.64895629882812,89.35771002816936,83.48987197426062,87.83641919261127,4306840
2008-07-21,86.26982116699219,88.52459534741855,83.30874175527653,85.11980135865211,3410565
2008-07-22,93.53218841552734,95.24363945097075,86.02534437715696,87.83640425878131,7527325
2008-07-23,100.25121307373047,103.0130819956514,97.78817067293109,97.78817067293109,4448180
2008-07-24,105.87454986572266,107.3958403110727,100.52287197082781,102.01699762568592,5672650
2008-07-25,106.45409393310547,110.6376446014416,99.81656494809735,104.13593957592091,7324370
2008-07-28,106.57181549072266,109.92227333679688,105.04146775830515,105.04146775830515,3732325
2008-07-29,100.45948791503906,111.74238948256955,97.81533539336324,105.04146693433962,11216705
2008-07-30,102.12566375732422,105.94700114325916,100.52287883111462,103.23041137035509,5019235
2008-07-31,104.67924499511719,105.94698811497393,102.32486886317994,103.41150187526046,3578765
2008-08-01,104.3623046875,105.76587857690654,100.6134120392696,103.23039248915401,3292850
2008-08-04,105.95604705810547,108.28325843860843,103.43867524285062,104.31703337232997,2636195
2008-08-05,106.3092041015625,108.66358029284527,105.04146094975043,105.9560480183023,2614045
2008-08-06,104.43476867675781,109.64156578381952,103.23041220957131,108.75414341098602,2470665
2008-08-07,103.90955352783203,106.85252563210614,103.46584582191583,104.43476251528492,2551555
2008-08-08,105.3221664428711,106.97928759743051,102.32486508349237,103.23039486299231,2829625
2008-08-11,107.03362274169922,109.0257925054251,105.81115885750624,106.85251953983519,2528650
2008-08-12,113.4629135131836,114.73065000581701,107.042702121681,107.21475503510086,10981260
2008-08-13,111.33489990234375,115.36451215540237,109.93133268411476,112.28570907327706,4119835
2008-08-14,103.6469497680664,112.09554524993092,102.37015622320438,111.38017581201962,2620450
2008-08-18,103.90955352783203,106.6352003957495,102.50597945310496,104.15404355515267,1336990
2008-08-19,103.03120422363281,104.93281587750687,101.24730898485028,103.95484870976743,992960
2008-08-20,105.06861877441406,105.765880570579,103.59260772706004,103.59260772706004,1098145
2008-08-21,102.20716094970703,105.22257022629604,101.78156079694706,105.0414670121468,991000
2008-08-22,104.29893493652344,104.95091757477108,101.41934955669296,102.32487946344915,1285000
2008-08-25,105.43989562988281,107.99348947447409,104.86035709129787,106.81629793186097,2068825
2008-08-26,102.98591613769531,104.6792525892222,102.50597949875379,104.18121530115623,1026585
2008-08-27,101.5642318725586,104.407595065116,100.89413480550516,103.95483013752859,939630
2008-08-28,100.97564697265625,104.11783701430241,99.90712135199048,99.90712135199048,1550995
2008-08-29,104.54341125488281,105.22255859584214,102.68707933478036,102.68707933478036,1400280
2008-09-01,107.04266357421875,107.75803285667419,103.28471398782456,104.11780655123495,2798610
2008-09-02,106.97025299072266,109.53290446681392,106.17338910332815,107.77617411224819,2493960
2008-09-04,105.72966766357422,107.03362595516136,104.67924971702216,106.12809610136593,868825
2008-09-05,103.36624908447266,105.89267856958243,102.9044268580817,104.13594818936056,962595
2008-09-08,105.06861877441406,107.57694012207081,104.48002303845044,106.63518832625779,1128340
2008-09-09,105.12297058105469,106.09189427830394,104.13594623290993,105.04147620015263,909095
2008-09-10,106.78913879394531,109.02579869809443,104.14499320813476,104.31703918708452,2586170
2008-09-11,104.96900939941406,108.08403402251413,104.19931047576961,105.5847699200584,1404905
2008-09-12,102.18183898925781,106.21281919976467,101.32843005533613,105.49559357414954,851465
2008-09-15,97.27928924560547,100.77462391500079,92.62186300463658,99.86674442027105,314195
2008-09-16,97.75137329101562,98.8680680001969,93.58421017167092,96.28061309669167,1102925
2008-09-17,89.63494110107422,99.10412403687083,87.88273348639336,98.94977926625494,1623750
2008-09-18,82.57164001464844,86.43012799526885,80.80127771181573,86.43012799526885,3328495
2008-09-19,82.87122344970703,90.77885151750877,82.07229213947053,90.77885151750877,3133560
2008-09-22,80.59247589111328,86.72974444795041,79.71183842261814,83.70650346073111,3643265
2008-09-23,80.35640716552734,82.59887037872079,76.4434422642447,79.71181362646921,2062220
2008-09-24,81.1462631225586,82.25387716493017,80.08404582352509,82.25387716493017,1924885
2008-09-25,79.88431549072266,81.52758210042258,79.53024303885033,81.34600204396824,710440
2008-09-26,78.2501220703125,80.23837310313695,77.8960496839231,77.98683623207455,992275
2008-09-29,76.77935791015625,80.80126378931648,73.91046270776765,78.9855050524779,1737485
2008-09-30,78.37723541259766,79.16708610947424,71.27761831532102,72.63035677073621,1786865
2008-10-01,78.82210540771484,79.89340359664176,77.35133798430182,78.76763484903822,1462065
2008-10-03,78.41354370117188,79.86614930824148,76.69765224554435,78.80393210743776,1413285
2008-10-06,74.83650207519531,78.62235765530554,73.91046809954412,77.1697519451809,1173260
2008-10-07,75.39939880371094,85.70383022966082,73.55639751342052,74.44612251309766,3239595
2008-10-08,72.04022979736328,74.4370308856103,69.198569737661,72.6303527991706,2804625
2008-10-10,63.44260025024414,70.45142925177231,59.02123268321471,68.9443532806815,2569640
2008-10-13,69.01697540283203,70.36063969896708,63.569700071299096,63.92377934029201,1619750
2008-10-14,72.39430236816406,74.80926492866176,70.2698678689926,72.63035295470652,1667105
2008-10-15,69.07147216796875,71.35932539885403,67.72780749635183,69.36199332310609,663360
2008-10-16,72.72113037109375,73.9740082351074,62.10802608949543,64.01457122963045,1646905
2008-10-17,72.81192016601562,74.15558463448224,70.50591274195709,74.15558463448224,1002060
2008-10-20,74.44612121582031,75.44478731023051,69.0533146088057,72.64851670462508,1226585
2008-10-21,79.16709899902344,79.89340545561224,72.99352182430552,75.88057925305984,1158575
2008-10-22,76.30726623535156,78.80393458190706,76.05305418538337,77.1697488935336,464545
2008-10-23,73.59270477294922,75.35399309307297,70.84183119358589,73.04797849734952,479700
2008-10-24,68.16357421875,73.48374705817584,65.57611979977948,72.26718528873164,3025520
2008-10-27,61.781192779541016,68.61752320350315,58.376645203737574,68.09095151606881,1312395
2008-10-29,62.216983795166016,68.63569186871109,61.39989082349433,68.03649497386598,579595
2008-10-31,64.98600769042969,66.2751947478047,63.397218775242585,64.82258912494764,1136485
2008-11-03,64.52300262451172,67.7278164908284,63.914724957438295,67.36466326703611,2177680
2008-11-04,63.06129837036133,64.8225865133106,61.735795359996814,64.8225865133106,2131475
2008-11-05,64.4140396118164,66.9833399344091,63.98734211907463,65.36731573694148,1822980
2008-11-06,63.24287796020508,65.09494571289041,60.14700609530105,60.14700609530105,842820
2008-11-07,61.94462203979492,63.733138856891465,61.29094768408183,63.18841253598754,1050820
2008-11-10,62.32590866088867,64.07811579944973,61.83565306016205,63.360890398010895,869315
2008-11-11,62.87065505981445,65.36732367229806,61.935540287753746,62.64368518595231,1457725
2008-11-12,61.654090881347656,63.36998232371688,60.827917336059585,63.36998232371688,946550
2008-11-14,58.62177658081055,63.73313545800287,58.10428556456397,62.135272592108194,664950
2008-11-17,59.82017517089844,61.15475904308634,57.38705801808719,59.42070600464618,1305975
2008-11-18,58.97584533691406,59.52057159477832,57.66850024006881,59.01216134431437,396850
2008-11-19,56.25220489501953,60.25595623869782,55.053804404513016,58.866894985241956,389810
2008-11-20,56.25220489501953,56.25220489501953,56.25220489501953,56.25220489501953,0
2008-11-21,51.86716079711914,53.36516000945418,49.93337634354897,52.6570150531971,586155
2008-11-24,51.004661560058594,52.65700168055815,50.114940223119206,52.29384855951623,991255
2008-11-25,50.006004333496094,52.63885279558012,49.39772326988524,51.93070789650624,529480
2008-11-26,48.74405288696289,50.78678192031972,48.11761723018299,50.15126899168172,438245
2008-11-27,48.74405288696289,48.74405288696289,48.74405288696289,48.74405288696289,0
2008-11-28,46.83750534057617,48.480768545407074,46.48343287611692,48.480768545407074,347390
2008-12-01,48.23563003540039,49.93336342202965,46.301846082245675,46.664999201537995,698365
2008-12-02,47.10986328125,47.67274756067127,46.056723276227046,46.84657741417296,568195
2008-12-03,47.67274475097656,49.01640928194171,47.07354449831804,47.409462362701824,372925
2008-12-04,49.07996368408203,49.38864283165306,47.60919650038673,47.60919650038673,378270
2008-12-05,48.91654968261719,51.14993247863221,48.153930744552845,49.41588272774949,342500
2008-12-08,48.16300964355469,51.2044082272058,47.78170189327941,49.94245273807726,352125
2008-12-10,50.732303619384766,51.54939303004463,48.2991864650653,48.399053756690265,1937505
2008-12-11,51.61294174194336,53.82816966170888,50.89571965863921,51.64925774859509,1245975
2008-12-12,51.32242202758789,52.45727129204568,49.38864137451709,50.84124704770902,466565
2008-12-15,53.2380485534668,54.81776026570262,51.93070343744363,53.38330912191382,955645
2008-12-16,58.29493713378906,59.53873444143348,53.183578457087705,53.201732997923465,2245155
2008-12-17,55.879981994628906,62.843419493530554,54.85407719978091,59.46610667777794,3430170
2008-12-18,57.08746337890625,58.049813423118245,55.3897262367215,57.19640794813517,1010580
2008-12-19,58.20416259765625,59.41164414644582,56.470112673745895,57.37799228758976,1156945
2008-12-22,56.59720993041992,59.193742472090996,56.28853075227922,58.46744300542361,500665
2008-12-23,56.2249755859375,57.88639320720321,54.67250253083216,55.92537369988981,788775
2008-12-24,56.79694366455078,57.74113572737833,55.39880838126247,55.39880838126247,663115
2008-12-26,55.46235275268555,57.55047468259449,55.017490322293455,56.92403914260733,340495
2008-12-29,57.33259582519531,57.92271546354888,54.83592702535885,56.288532941767606,395420
2008-12-30,58.0498161315918,60.82792875119016,56.851415424302836,59.15743373412058,579400
2008-12-31,59.0666389465332,59.86557735161782,58.6490152014076,58.6490152014076,656370
2009-01-02,60.14700698852539,62.589204658599535,59.7384640513067,61.100283077461995,845745
2009-01-05,70.88723754882812,71.72248507978522,60.464777175618586,60.88240094109713,7391260
2009-01-06,71.75877380371094,74.24636090709447,69.04421689715014,72.08561087441169,6701300
2009-01-07,63.92378616333008,73.88321647253885,63.02498065056176,72.63034550612323,3134815
2009-01-09,61.372650146484375,66.09362749718046,57.75021303841118,62.76170461284331,1145965
2009-01-12,67.15584564208984,69.41646358759338,62.28053038461047,62.28053038461047,4197475
2009-01-13,63.50617980957031,67.90940172701053,59.665852704687424,67.72782163802879,3005700
2009-01-14,69.861328125,70.72381784755544,65.61245158293987,66.27520669760727,2716150
2009-01-15,67.74597930908203,68.99885068318454,65.54890537839661,68.99885068318454,1308450
2009-01-16,68.17265319824219,69.90670598309565,66.63834189387518,68.09094738613213,1114925
2009-01-19,65.85757446289062,68.94436589986981,65.38547328199186,68.94436589986981,736710
2009-01-20,68.10004425048828,69.45278278623121,63.914719138917825,65.36732497527643,2351065
2009-01-21,64.74087524414062,68.09095231451722,64.1235169994262,67.18307295032366,812250
2009-01-22,67.01966857910156,67.49176290075732,64.29602990979117,66.09363447922742,775160
2009-01-23,66.0754623413086,67.70964804968341,65.20389893903209,67.01965775875068,1450025
2009-01-27,68.21806335449219,68.9988402589161,66.81992812858356,67.1830813047341,669085
2009-01-28,71.6407699584961,72.03115146831567,68.63568430104907,69.18041057991246,1065380
2009-01-29,69.2621078491211,72.99349206878212,68.99882203909942,72.63033898852571,602255
2009-01-30,70.11553192138672,73.17508118907251,68.36332433205882,68.36332433205882,2848685
2009-02-02,70.7419662475586,72.9935103683585,69.54356563086994,70.79644372552441,1660110
2009-02-03,69.10777282714844,72.06745427311746,68.99882482070873,71.17773646351863,649825
2009-02-04,66.91980743408203,70.6239580277075,66.6383669621814,69.90673228090954,1535480
2009-02-05,66.8017578125,67.54621853085857,65.93019455148772,67.54621853085857,1002950
2009-02-06,68.12727355957031,68.90805042694765,67.1830781170077,67.54623127592723,1224575
2009-02-09,69.99749755859375,70.3606506894014,68.15450355846447,68.19081956420223,887920
2009-02-10,68.35424041748047,73.17507778396663,67.90938145378179,70.08828645850926,1699745
2009-02-11,67.47359466552734,68.63567915370398,66.27519417127395,67.90937981187854,610650
2009-02-12,66.71097564697266,68.9443579485311,66.45676361842291,67.40095894475624,955890
2009-02-13,66.8744125366211,68.63569419460875,66.5566491454569,67.72781462344574,794180
2009-02-16,65.10403442382812,67.67333492558166,64.77719726822701,67.67333492558166,756460
2009-02-17,62.81618118286133,64.82259393045092,62.462108752496725,64.45944076617246,455565
2009-02-18,61.026390075683594,63.31841311421679,60.81636053514236,62.09478395103305,615345
2009-02-19,64.28636169433594,65.14472597226242,60.63372758632647,60.99899239049675,2367930
2009-02-20,64.1493911743164,66.02136907717411,63.37320776344144,63.55583669534831,1852180
2009-02-24,63.22710037231445,65.56479115753147,62.37786258410244,62.37786258410244,1219910
2009-02-25,63.05362319946289,64.65165123309454,62.642697524990865,64.2863862891803,1152375
2009-02-26,63.026206970214844,63.70194938748052,62.09478821244118,62.78879073729756,1079160
2009-02-27,62.39613342285156,63.30015855296692,61.60168287405459,62.32307905740748,1957565
2009-03-02,57.775543212890625,61.994334836115016,56.06793766025134,60.87115369506946,2292915
2009-03-03,55.9948844909668,57.830335208594924,55.008675024603875,55.008675024603875,631700
2009-03-04,57.34635925292969,58.259517850853484,53.19148832906113,55.730068116593735,2346270
2009-03-05,56.76193618774414,58.42388449522353,54.880828292241496,55.37393475272619,975945
2009-03-06,56.57929992675781,57.02674912527685,55.06345695334113,55.06345695334113,687510
2009-03-09,54.4059944152832,57.236784856489756,53.87636072257714,55.775732399755505,493665
2009-03-12,54.4059944152832,55.61136356294492,53.73938553076038,55.310019534317576,730430
2009-03-13,56.92630386352539,57.41941031409725,54.972145133581456,54.972145133581456,657630
2009-03-16,57.01762008666992,57.78467342789972,56.26883033492458,57.16372531912209,435695
2009-03-17,56.67975616455078,59.537940182461085,56.341888445145564,57.163729126138556,1134420
2009-03-18,59.64752197265625,60.63373497402354,57.16372936188566,57.16372936188566,1452240
2009-03-19,57.09980773925781,61.07204636691339,56.79846720421555,59.90320444093953,1293020
2009-03-20,57.401145935058594,58.78914383964477,55.94922372842035,55.94922372842035,732710
2009-03-23,58.834808349609375,59.51967729347406,57.52899128463349,57.52899128463349,892205
2009-03-24,57.401145935058594,60.45109209083781,57.163722765789096,59.35530463810381,1041025
2009-03-25,59.209190368652344,59.52880139862917,57.34634978388256,57.52898216999572,609980
2009-03-26,58.73435974121094,60.77070644537278,58.01296362509431,59.355307855915946,830860
2009-03-27,56.27796936035156,59.69318429172549,52.963202439227445,52.963202439227445,46210690
2009-03-30,58.095149993896484,59.62926022610326,55.35567415441573,58.62478017814912,3605440
2009-03-31,59.044837951660156,59.90320229139429,58.122545822259845,58.27778111098497,1915045
2009-04-01,62.24089431762695,63.32754832809497,59.04483917667345,59.04483917667345,9438590
2009-04-02,63.41885757446289,64.83425609280508,62.50569903794451,63.902837450968896,6387430
2009-04-06,70.3405990600586,71.4181263828219,63.939355940640716,64.83425434775461,7880855
2009-04-08,66.77928924560547,68.19468793304448,65.49173917805203,68.19468793304448,3557795
2009-04-09,69.0895767211914,71.02546831791399,67.59199034422687,68.37730722597733,4646875
2009-04-13,69.41830444335938,71.2081011913532,68.55080667585779,70.31320281735628,1438090
2009-04-15,72.99789428710938,74.68723615502076,67.21759918592736,68.48688897083919,5416915
2009-04-16,69.43657684326172,75.81955314465677,67.61939328300556,70.36799549704145,3053720
2009-04-17,68.85216522216797,73.60058752707012,68.30427141265584,70.31321770314958,2538755
2009-04-20,69.180908203125,71.04375287170899,68.669534570455,69.21743538880489,1310245
2009-04-21,69.32699584960938,70.0209983023873,67.57373309539376,68.12162683523027,1186580
2009-04-22,70.6419448852539,73.05268286236418,69.62833835319087,69.84749445106087,3122725
2009-04-23,71.50944519042969,73.39968314645162,68.4868925614424,72.08473954672787,2400665
2009-04-24,73.69189453125,76.65053334304636,71.4089980839765,71.62816115904464,6069835
2009-04-27,71.17157745361328,75.22599655495084,70.76978547443203,73.5366546821563,2684800
2009-04-28,67.48241424560547,72.19430846205424,66.76101819776703,71.59162747747371,1299665
2009-04-29,70.9980697631836,71.6098842550162,68.21293369313055,68.48688401593273,1737030
2009-04-30,70.9980697631836,70.9980697631836,70.9980697631836,70.9980697631836,0
2009-05-04,74.0206298828125,74.67810515394504,71.47291669059734,71.59163176095824,2346715
2009-05-05,74.97945404052734,78.12984845896403,73.41795365311415,73.41795365311415,3172165
2009-05-06,73.29923248291016,77.0888417936277,72.35868030727585,75.57300224944872,1592145
2009-05-07,75.23514556884766,75.70085846172265,73.23532576430918,73.23532576430918,1400675
2009-05-08,75.46342468261719,78.23942760878276,74.19413481058994,74.51373892101999,2572590
2009-05-11,73.68276977539062,77.25321628405723,72.68742327711712,76.1574287491305,1552905
2009-05-12,74.54115295410156,75.28994291772794,71.44554507072002,73.96586539796084,2402700
2009-05-13,80.1022720336914,82.4764829566625,73.29010983898222,73.29010983898222,7058345
2009-05-14,84.3667221069336,85.28901423939044,66.1583374776532,73.23531659496223,6401610
2009-05-15,86.15650939941406,88.66769545855719,84.7776380125856,84.7776380125856,4831275
2009-05-18,95.5802993774414,103.36954033738151,91.29759071160973,91.29759071160973,61830
2009-05-19,96.56653594970703,109.57904788619238,82.41257559774051,109.57904788619238,4739615
2009-05-20,97.98191833496094,104.2279196726063,96.24691564111042,98.23760162244157,6424115
2009-05-21,102.10938262939453,105.23238301016478,97.16006525867492,97.16006525867492,5535565
2009-05-22,99.77171325683594,103.68916459169755,98.62113143932652,102.10939710600658,1823790
2009-05-25,109.5425033569336,112.44634794482386,100.44744465842845,100.66660076878419,7456625
2009-05-26,105.24150848388672,114.48267425318276,104.32835005886383,110.93048853719144,4614125
2009-05-27,107.69792175292969,109.2137613250911,106.53820649152517,107.95360503255836,1282830
2009-05-28,107.47877502441406,108.64762399974623,106.20035843191437,108.55630255726946,977865
2009-05-29,111.62451171875,118.52799586835604,107.93534992702926,107.93534992702926,4723135
2009-06-01,118.92062377929688,120.35428926696821,113.24991051029394,114.05349442357176,4107615
2009-06-02,114.87535095214844,121.23092679976669,111.87105841927308,120.90218915704892,2127755
2009-06-03,109.75252532958984,118.38187060256396,106.1090177993593,115.97113265434115,3195210
2009-06-04,113.27733612060547,113.96220512504239,107.84403783863058,109.03114689972702,1730245
2009-06-05,114.4461669921875,116.51903391222699,113.41429333359874,115.05798157135696,1853450
2009-06-08,113.642578125,117.7791852186627,110.85744874318922,115.40497439531434,2598015
2009-06-09,124.22610473632812,125.01142178401523,111.40536258301117,113.43257603323379,4192215
2009-06-10,125.54106140136719,128.39012618428757,119.8520862743148,127.42216620226209,4020065
2009-06-11,123.2398681640625,125.96107639110424,119.62375464103576,125.54101738138762,1425295
2009-06-12,121.55964660644531,128.75533954474886,119.64202225003656,123.4590178263825,2582600
2009-06-15,115.1127700805664,122.1806226112059,114.51008903154705,121.17614258476169,2170780
2009-06-16,115.70633697509766,117.797471214856,112.13589011374937,112.50114801690624,1652170
2009-06-17,112.09021759033203,120.53693459815747,111.4053486437516,118.16271667653419,2675530
2009-06-18,112.81161499023438,115.97114293010372,110.85745613127963,113.23166711285718,2868540
2009-06-19,113.08555603027344,115.9437468653617,111.6062435786352,113.95306086772702,2975485
2009-06-22,112.83900451660156,114.12656144781558,111.41447937300053,114.12656144781558,2288380
2009-06-23,109.73426818847656,111.96237742011176,104.20052925655664,109.9990850206666,1648215
2009-06-24,111.87104797363281,113.77954586363272,109.96254311678656,110.49217671025073,902905
2009-06-25,111.6610107421875,115.42322594938807,111.04006273647178,113.21338423989971,993425
2009-06-26,112.3093490600586,114.78400747470141,112.09932653062398,112.50111148700373,941885
2009-06-29,115.93460845947266,118.50971528707866,113.23165999244873,113.5877912689482,1683825
2009-06-30,110.32781982421875,117.68788274764825,109.14984441500779,116.85690509224204,1212140
2009-07-01,111.0035400390625,113.231648908261,107.75269815463545,111.40533199038582,1550140
2009-07-02,107.6157455444336,112.22719951518542,106.84869562226882,112.108484431864,1166940
2009-07-03,106.99478149414062,108.59280889484748,105.25977892286102,107.57007581717691,2108950
2009-07-06,98.5937271118164,109.52423577662337,97.35183095980271,108.84849345163141,1783135
2009-07-07,95.16024017333984,101.3149261067329,94.96847773700779,99.89953470518317,1602385
2009-07-08,92.36599731445312,94.51191871312066,89.68130869842835,94.51191871312066,1653535
2009-07-09,90.36616516113281,94.03706626657414,89.71782345614812,93.57135347654277,905865
2009-07-10,94.2562255859375,96.21038430361841,90.85014116732076,91.04190362464308,5260355
2009-07-13,92.41162872314453,94.05531665531555,91.26105413747062,93.14215824118628,949800
2009-07-14,95.89990234375,98.56633045130091,93.1421667466632,94.0553252441795,4399615
2009-07-15,98.64852142333984,100.04565295219882,96.63044177422721,96.97743953057446,2720310
2009-07-16,96.59391021728516,100.63006933260583,95.88164766362232,100.4474404095091,1104350
2009-07-17,99.26946258544922,100.2648090021512,97.54359352761362,97.70796234106686,1478485
2009-07-20,100.76704406738281,102.25549695481023,99.71691034705499,99.89954623619933,1532335
2009-07-21,101.0501480102539,101.80806445838185,98.99554087579814,100.44745990672641,1452735
2009-07-22,101.53411865234375,104.26446122995284,100.45659110162123,101.63456666725544,1560975
2009-07-23,101.77153778076172,103.71657033652778,101.21451039751727,103.18693660051696,916475
2009-07-24,101.99068450927734,103.36954895543256,101.46105085834304,103.18692002531245,817880
2009-07-27,102.10938262939453,103.00428101988214,100.08216965585532,102.80338503629228,799480
2009-07-28,102.46550750732422,105.56111405526076,101.09576985011881,102.27374507133698,1024430
2009-07-29,99.68951416015625,102.47465043858867,98.26498909543496,102.2737544490825,754145
2009-07-30,101.73500061035156,104.10007798540713,99.0046514435518,99.53428509131031,1996945
2009-07-31,109.82557678222656,112.26371542859916,102.52030831310614,104.90365270850442,8675780
2009-08-03,109.71598815917969,113.96217630628189,108.11796088626943,109.4694314784969,4752020
2009-08-04,109.65210723876953,112.86642305739078,108.7206813879834,110.3095826706542,2937470
2009-08-05,109.0767822265625,110.98528715261114,108.33712605611437,109.76165111530236,1700760
2009-08-06,104.3375015258789,109.56076972940627,103.73481351769632,109.56076972940627,1059220
2009-08-07,98.68505859375,105.01324854565328,97.79929355653883,103.73482499607576,2246430
2009-08-10,102.53856658935547,103.73480196916286,98.83114538871213,100.81269761892865,2032535
2009-08-11,100.0,103.91745122074839,99.35165823155641,102.6390277904052,1090665
2009-08-12,99.45210266113281,100.81270697230528,98.3471746666253,100.42918204703739,876500
2009-08-13,101.11405181884766,102.6390249631887,99.89954924513303,100.44744299537476,1332100
2009-08-14,100.8857650756836,103.55218651252866,99.881285043378,101.90849824770788,1506010
2009-08-17,99.15674591064453,100.26367064952063,98.79996880387789,99.10185927252073,1294815
2009-08-18,97.9400634765625,99.53184614362998,96.42147464298857,98.79999156248522,1085890
2009-08-19,96.99781036376953,101.87377483419576,96.60443972774206,98.52554937691784,2193810
2009-08-20,97.0160903930664,99.34886341785511,96.9703468716174,98.06812159157897,744805
2009-08-21,96.75080108642578,97.55583548035831,95.50665258158696,96.97035465213793,1390230
2009-08-24,98.38832092285156,99.71479940758161,97.06183545863945,97.49179947188468,1207660
2009-08-25,99.24823760986328,101.12361039987188,97.91260908281807,98.26024311033129,1200325
2009-08-26,101.16934204101562,103.1910884245225,99.49523664765647,99.49523664765647,1449910
2009-08-27,106.97843933105469,109.58565997832746,101.16936007233696,101.5261442467368,6384055
2009-08-28,104.14250183105469,107.76517417571847,103.00813356021577,107.65539389938608,2652605
2009-08-31,102.00183868408203,107.2528730889896,101.56272455868509,103.46554080293474,2341605
2009-09-01,97.98579406738281,104.0510124581849,97.35456974897785,103.16364116404506,2167715
2009-09-02,96.24765014648438,99.34887130503328,95.73535616709614,97.98579940731418,1714700
2009-09-03,99.92520904541016,100.97724032780096,97.53754220861816,97.7753889965684,1695685
2009-09-04,100.66620635986328,101.36146745803833,98.36086950046042,100.41005937092564,907015
2009-09-07,103.91378784179688,104.65479241939181,100.81256688293817,101.54442136020978,1676900
2009-09-08,99.63245391845703,105.0024107484027,99.00122965865152,104.27970643139605,2238930
2009-09-09,98.82743072509766,101.34317114502721,97.95835955364215,101.1785042201798,1404150
2009-09-10,98.864013671875,100.99553336773299,98.39745627101115,100.26367889498505,1070170
2009-09-11,97.70220184326172,99.71479116676156,97.1899009224126,99.16590380394175,883540
2009-09-14,97.92176055908203,98.77253845916037,96.05553784344303,98.43405452747953,773120
2009-09-15,100.12644958496094,100.59300695915302,98.07726694968686,98.2510839474112,886180
2009-09-16,98.79082489013672,101.36145861509637,97.88516040698111,100.67534767766425,1741850
2009-09-17,97.87602233886719,100.2453960300653,97.33628501855468,98.98294728312835,966905
2009-09-18,97.930908203125,99.77883067097503,97.54668075698366,97.70220454733021,1410940
2009-09-22,99.2848129272461,101.91948305749344,97.5192207278158,98.754218861629,2679710
2009-09-23,98.34258270263672,100.57473285974025,97.8851753412291,98.6353231347583,1156820
2009-09-24,97.28138732910156,98.43405575181482,96.58613321462353,97.86687513102918,1009530
2009-09-25,96.68675231933594,99.84285973471881,96.0555280444669,96.23848816323533,1762985
2009-09-29,96.23849487304688,97.84857055249297,95.90916105271741,96.60442211557758,1142385
2009-09-30,95.11328125,97.69305831020571,94.45461357854629,96.23849937249845,2715510
2009-10-01,96.15616607666016,97.51923791768898,95.36027483794149,95.47005510587978,1100940
2009-10-05,94.18930053710938,97.3179644671359,94.05207696555085,96.40314996272014,1643350
2009-10-06,93.48491668701172,96.05554376774269,91.48147025499304,96.05554376774269,1663110
2009-10-07,93.4025650024414,94.95775393917198,92.94515772331145,94.21674940093425,1331755
2009-10-08,96.0921401977539,97.15332165655943,92.92688206550555,94.07954360152979,3507120
2009-10-09,98.45235443115234,99.71479612637742,96.42146480617325,96.42146480617325,4666810
2009-10-12,98.37915802001953,100.09900686971862,97.73878364423582,99.10186235555021,1338775
2009-10-13,98.37915802001953,98.37915802001953,98.37915802001953,98.37915802001953,0
2009-10-14,100.96807098388672,101.7456618521982,98.4340311084898,98.79995827577761,3312630
2009-10-15,101.67247772216797,103.090442915749,100.99551698137488,102.4226252942577,2834835
2009-10-16,101.55358123779297,103.19110037924519,100.1630589929981,102.42265240617809,1700430
2009-10-20,100.1447525024414,101.52612446302159,98.91889734431903,100.99553033518532,1608990
2009-10-21,98.8914566040039,101.36146020519631,98.34256924134387,99.9617880081132,959450
2009-10-22,96.08297729492188,98.63531089232325,95.3602729160607,98.43405056156678,854990
2009-10-23,95.0766830444336,97.86687040693754,94.77479254695318,97.86687040693754,812390
2009-10-26,96.34827423095703,96.97034844354773,93.67701725079526,95.86342360545635,1101245
2009-10-27,93.02751922607422,97.15332894798779,92.57925494893972,95.5066664960203,1433930
2009-10-28,94.09783172607422,94.9394594956253,91.84738861384942,91.84738861384942,561490
2009-10-29,92.9726333618164,94.51867273613267,92.39630250238592,92.92689680569352,648805
2009-10-30,91.50890350341797,96.77823756416062,85.47112852729697,93.85997675091818,6740830
2009-11-03,88.0783462524414,91.48145759156462,86.72442458859578,91.48145759156462,1918265
2009-11-04,89.9628677368164,90.5483555235656,88.22472551619967,90.47516867778674,1217495
2009-11-05,96.81483459472656,97.79368597598409,89.33165059370336,89.81650123402505,3932845
2009-11-06,96.11958312988281,97.83028918275487,95.36028523105598,97.76625243101542,928200
2009-11-09,97.9766616821289,100.35517871763163,95.66218140213837,96.73251302119216,1999680
2009-11-10,94.9486083984375,99.31227097989353,94.57353106139006,98.79997703610339,722800
2009-11-11,96.77824401855469,97.49179833884666,95.14072493454724,95.14072493454724,817285
2009-11-12,99.12930297851562,100.99552545629993,96.60441292275085,96.60441292275085,2022500
2009-11-13,99.3214340209961,100.42835899632743,97.94921193892681,99.57758102626518,965160
2009-11-16,99.75138854980469,101.48038765006852,98.61702035766183,99.7147951268992,1585265
2009-11-17,96.9703369140625,104.23396627105913,96.62270991698364,104.23396627105913,500655
2009-11-18,97.75708770751953,100.05327428412502,96.46719578465351,96.78738647494096,1067010
2009-11-19,98.64443969726562,99.53181079340862,97.5832516294509,97.75706860112264,651250
2009-11-20,97.9491958618164,99.678194843072,97.15330467223792,97.88515912100995,989595
2009-11-23,100.92235565185547,101.39805621652634,98.79998586431974,98.79998586431974,1230950
2009-11-24,100.39175415039062,101.5444225224681,99.53183315615777,101.36146239079685,1228715
2009-11-25,100.22708129882812,102.64219118703016,98.79997281383999,100.62960194002221,1403720
2009-11-26,100.10816192626953,101.17849333286348,99.53183124106081,100.62960596892927,640705
2009-11-27,97.16246795654297,99.3122810947402,96.23850315997534,98.87317394947793,835645
2009-11-30,99.3214340209961,99.71480463036859,97.88517518760953,97.88517518760953,720815
2009-12-01,101.87376403808594,102.27628473354501,98.25109871740074,98.98294627884741,1065850
2009-12-02,104.18822479248047,105.02070935317887,101.74567170693827,102.27626580192312,2544320
2009-12-03,104.77371215820312,105.64279019214334,103.74912430106951,104.83774889927398,1085165
2009-12-04,103.7491226196289,106.99671012056241,103.39233852003785,104.54500682011343,894280
2009-12-07,101.83717346191406,105.56961916199577,101.54443303324976,104.27972706790837,456675
2009-12-08,104.97498321533203,105.35006057958611,101.23339457114172,102.38605602827909,1345555
2009-12-09,102.4500961303711,106.66739244879867,101.93780213264736,103.83146827935589,907065
2009-12-10,103.05386352539062,104.10590168514769,102.45923265426869,102.47752587484231,423210
2009-12-11,104.0235595703125,105.00241084012983,102.12989376872268,103.37404209029175,685355
2009-12-14,103.566162109375,105.20368111381478,101.36146250840724,103.20938496656494,430555
2009-12-15,102.23053741455078,104.61820421588004,101.71824344259663,103.56616596963258,425600
2009-12-16,101.0870132446289,102.95323586514445,100.35515877323718,102.45923514387727,291480
2009-12-17,100.38260650634766,101.63589800873565,99.55012189194626,101.178490720686,609605
2009-12-18,99.35801696777344,100.62960873801345,98.9829396214169,100.48323504787966,1305290
2009-12-21,99.62329864501953,103.05385295800588,98.64444742689332,98.98292431890704,1080730
2009-12-22,98.79998016357422,102.06586811757975,98.43405291522018,100.19964543250777,440775
2009-12-23,99.37630462646484,100.30026930013845,98.52552679376132,98.79997395765844,1019960
2009-12-24,101.90119171142578,102.64218926018526,99.38545171015183,100.16304267828573,603450
2009-12-29,100.98638153076172,103.17278783165673,100.0807170454094,102.45923357171361,704655
2009-12-30,100.62046813964844,102.34946738561277,100.26369096060706,101.91036023270755,584275
2009-12-31,101.26083374023438,103.28257323723471,98.87316699493257,98.87316699493257,729535
2010-01-04,101.86461639404297,102.9715413537734,101.26998543763047,101.54443264196927,1079040
2010-01-05,105.37748718261719,106.75885208770836,102.27626650668682,102.42263320109899,2112500
2010-01-06,110.60108184814453,111.60737646959711,103.43808215866785,105.93552898178713,5761450
2010-01-07,109.29290771484375,112.71431256294082,108.86294371120006,111.14083024300301,3174260
2010-01-08,109.16483306884766,111.33293930677472,108.53360873148569,109.22886981470454,1220560
2010-01-11,112.87898254394531,116.1631708668271,109.41183407728248,110.32664875515187,5512030
2010-01-12,114.57138061523438,117.46219117401942,112.76919470402758,113.80293968753206,4366170
2010-01-13,118.8984603881836,119.81327503211271,96.05553761255662,112.56794472726979,4475290
2010-01-14,116.94989013671875,121.25867286129015,116.4101528958399,120.27981458064596,3020830
2010-01-15,118.75208282470703,119.29182009688313,116.24549273628946,117.64516495864848,2396195
2010-01-18,118.75208282470703,120.38960880099054,117.379860903536,117.379860903536,2031560
2010-01-19,115.68746185302734,119.62116073009719,115.26664794410259,119.29182689189834,769910
2010-01-20,114.1048355102539,118.01109103397224,113.54679800979672,116.25464856342599,843480
2010-01-21,114.05908203125,117.9927805347218,112.15626603114795,113.71145500371422,1712055
2010-01-22,112.59538269042969,113.80293768375829,107.58219560934943,111.80864157574028,2194355
2010-01-25,110.0247573852539,113.4370191782824,109.50331330208141,113.2540590359167,652660
2010-01-27,107.09733581542969,112.28433248029134,106.13677777550083,110.10707643046175,999240
2010-01-28,107.25286865234375,110.23516639453379,105.2036857707169,108.89038772926926,811325
2010-01-29,108.89954376220703,110.51876272564898,105.20369150148649,106.30146636014385,2203015
2010-02-01,112.33922576904297,112.92470650307408,107.96640650374435,108.86292780368748,642590
2010-02-02,114.38842010498047,115.632568537649,112.558790878054,113.80293931072252,1877745
2010-02-03,119.81668090820312,120.28511846111624,114.81092728172123,116.09681106877709,2264310
2010-02-04,118.79714965820312,120.82701285417107,116.74892680616642,118.53079449515987,1960870
2010-02-05,116.67544555664062,118.46649306476141,112.51469903200442,113.07497686941703,2513800
2010-02-08,119.23802185058594,119.94524694423134,117.38267367627536,119.4033428288397,892700
2010-02-09,117.55718994140625,119.21965675311561,116.83158411883734,119.21965675311561,676620
2010-02-10,117.62149810791016,119.05433625709506,117.10714738922901,117.38269642138133,697880
2010-02-11,117.55718994140625,118.44813076911959,116.64788945812461,117.93376609811799,615600
2010-02-15,117.08879089355469,119.77076573426231,115.54573159598733,115.54573159598733,925995
2010-02-16,116.68463134765625,117.8235536757664,116.37234201127794,117.8235536757664,479900
2010-02-17,125.30005645751953,127.99123197834001,117.84194283580284,120.5055508392713,5685510
2010-02-18,122.73749542236328,126.56758681254941,119.40338114108287,119.40338114108287,7141980
2010-02-19,120.376953125,124.89590932819567,119.49521309340359,121.97512620290053,3058535
2010-02-22,119.0451431274414,122.47109693624162,118.19094262470846,121.22195360972134,1931730
2010-02-23,119.22884368896484,120.54228792062277,118.117481815644,118.117481815644,2220280
2010-02-24,117.51128387451172,120.41370751290968,116.8315981318471,118.66857298931326,1295395
2010-02-25,122.66399383544922,123.57328738267188,117.96132886469047,117.96132886469047,6303470
2010-02-26,123.7845458984375,125.0979761009907,121.44240031859967,123.07730670436774,2091610
2010-03-02,126.31035614013672,127.28395027171038,121.88324137279042,123.07727746462668,2009720
2010-03-03,131.2702178955078,132.96942519629047,123.81210467132732,126.38387220156369,6396450
2010-03-04,131.33453369140625,132.56530358737265,129.9659822603645,131.16001882264842,1585250
2010-03-05,131.69273376464844,135.3850431863631,130.8109796547576,132.20708448916554,2088575
2010-03-08,134.74209594726562,135.29319398169415,131.1416270966801,131.1416270966801,2998275
2010-03-09,131.4171905517578,135.20135449122336,130.7926117764538,134.74211075041416,2887980
2010-03-10,130.43441772460938,132.01421750199216,128.2208732821792,131.52742020006696,2456645
2010-03-11,127.3023681640625,131.14163903781676,126.10833165741418,130.38848660485814,3215010
2010-03-12,128.45962524414062,129.78224910490445,125.33677425122833,128.092235956152,4587100
2010-03-15,128.87295532226562,130.33334681667768,128.03712848646836,128.58822649172038,3691730
2010-03-16,132.3448486328125,133.7317736029338,126.7512636234653,131.1600060307609,4313620
2010-03-17,131.43553161621094,133.49293409498668,130.72829250663014,132.88672914391742,2894280
2010-03-18,130.94874572753906,133.1622895475589,126.7696255614777,126.7696255614777,1602495
2010-03-19,133.86033630371094,134.09913794231667,130.44356262672014,130.8017720921303,3173105
2010-03-22,133.5388946533203,136.26680360026776,131.16001543487326,132.9969904017062,3420825
2010-03-23,133.4378204345703,135.20131419183303,132.2805315980861,134.14505950881193,3137795
2010-03-25,135.32992553710938,135.89939723589185,132.95104661583994,133.54805779947728,4631175
2010-03-26,136.11984252929688,137.55268076407788,134.1175465383867,135.14624803720244,4510640
2010-03-29,142.3104248046875,144.56989571905294,135.66057169325433,137.42406563117498,3427565
2010-03-30,144.49642944335938,146.921235366173,140.7398057172736,143.26564580416294,5228770
2010-03-31,145.04750061035156,146.77426107482094,144.20249404678222,144.93728662836511,2262800
2010-04-01,138.03948974609375,148.0601924270656,135.20136653859822,144.12906677664907,62604490
2010-04-05,137.94766235351562,140.47350339023953,136.85465980795,139.61012275710334,3068635
2010-04-06,136.13816833496094,138.9028096484418,135.77995890221757,138.87525615476937,2779200
2010-04-07,136.38623046875,137.64455401162576,135.58713671658762,137.64455401162576,2025005
2010-04-08,136.21168518066406,138.39767567782937,135.01764874926806,135.27482410187574,2818780
2010-04-09,136.43209838867188,137.95679068159663,136.07388889961163,136.85460871641158,1723635
2010-04-12,137.29547119140625,137.75471481970303,135.091107381583,136.85460123244226,1443360
2010-04-13,139.28858947753906,140.52855290327528,136.9005309744594,138.45277670971316,2766355
2010-04-15,137.5526885986328,141.2450124243375,137.13019217970094,139.90402846771843,2582545
2010-04-16,137.61697387695312,138.04866409200477,136.30352955892195,137.791488731762,1299990
2010-04-19,136.90052795410156,137.28629091881888,134.68697030929212,135.93611353480668,1658230
2010-04-20,138.89366149902344,139.40801218488332,135.93613104032409,135.93613104032409,1682830
2010-04-21,142.16346740722656,142.73292506538695,136.39536811262047,139.24268443343115,3645470
2010-04-22,143.81674194335938,144.47805391516846,141.63073770237912,142.732919650393,3305040
2010-04-23,144.08311462402344,144.4321443224502,142.09919248219083,144.38621714923528,2273000
2010-04-26,140.15199279785156,145.01079912383585,139.48150090189552,145.01079912383585,1761705
2010-04-27,138.8477325439453,140.52856609472198,138.18642052347565,140.52856609472198,2151410
2010-04-28,136.84542846679688,138.140484914019,136.21166998464346,137.5894009406277,2261885
2010-04-29,136.1473846435547,137.76393145218717,135.3666787552998,135.4401594297836,3114455
2010-04-30,135.75242614746094,137.75472174022465,134.89822566811387,136.34025746061215,2816810
2010-05-03,133.89706420898438,135.79833945884636,133.20819880222325,135.79833945884636,1635105
2010-05-04,130.755859375,135.01764010759183,130.07617369232202,135.01764010759183,1028305
2010-05-05,127.7983169555664,130.87525488641438,125.8327547773093,128.95560585921197,1229535
2010-05-06,125.39190673828125,128.58823904168727,124.57445349354505,128.58823904168727,869630
2010-05-07,119.82585906982422,125.116340861174,118.48486144807374,125.116340861174,2221815
2010-05-10,127.21971893310547,128.53316355604323,120.33106158100946,120.33106158100946,2034620
2010-05-11,129.01077270507812,131.6927547787402,126.40225730520768,127.32074489269503,2057890
2010-05-12,132.87754821777344,133.73174864448848,127.35744491385239,129.50670170622732,2107705
2010-05-13,136.70765686035156,139.59170664309462,133.45621773541393,133.52969840685384,4105230
2010-05-14,130.80184936523438,138.07627097065247,129.92928876888584,135.95456642094862,3020415
2010-05-17,128.85455322265625,133.6949843190099,128.04629407894922,131.15996488715365,3047020
2010-05-18,125.46538543701172,130.42521183018556,124.25297533223265,126.75126220116624,2877205
2010-05-19,120.17488861083984,124.16112058176216,119.40336255485595,123.81210489834405,1484980
2010-05-20,119.26558685302734,123.05893004173231,118.48486700705654,121.24032903047645,798775
2010-05-21,123.27020263671875,124.06010237744192,114.84766768110102,117.5480229346199,1928445
2010-05-24,124.36318969726562,126.82474324365614,123.07731292937886,124.36318969726564,848410
2010-05-25,118.16339111328125,124.36318068075238,116.56523210549165,124.36318068075238,1806230
2010-05-26,123.67430877685547,124.36317424872433,119.2380274712234,119.40334845727006,1077775
2010-05-27,123.0405502319336,124.90507810784169,122.03020871616957,124.17946537879236,1529150
2010-05-28,123.46306610107422,125.83276511124716,123.07730310151182,124.53769460307046,428395
2010-05-31,127.93610382080078,128.37698786374742,122.25067858556545,123.44470099394748,1657050
2010-06-01,124.31729125976562,128.0371544984265,122.72829776163854,128.0371544984265,1123865
2010-06-02,122.24147033691406,125.83275901247691,120.99232705910975,125.75927834731151,778530
2010-06-03,126.05323028564453,126.75127574434124,123.26102042084347,124.73060603547636,1059015
2010-06-04,126.6961669921875,128.53314197768535,125.1255472129838,126.38388460825453,766910
2010-06-07,121.50667572021484,123.99578240774223,119.40334602227028,123.99578240774223,947530
2010-06-08,121.80062103271484,123.81211078611751,120.91886691608399,122.15883057681353,479630
2010-06-09,122.52621459960938,123.72025103280012,119.77075237609488,121.8006157140197,436625
2010-06-10,125.30005645751953,125.63989232978795,121.87410218747071,121.87410218747071,770920
2010-06-11,125.54801940917969,127.08189137335582,124.63871202275078,125.8603016980533,396325
2010-06-14,126.898193359375,128.03710850380628,124.77649019579506,125.83274485684062,520405
2010-06-15,129.10260009765625,129.65369820084197,124.74897833951545,127.66976184738171,799185
2010-06-16,130.12213134765625,132.22547571499527,129.10260959228853,129.50674636234535,944675
2010-06-17,131.23348999023438,131.5273986834064,130.057827187534,130.057827187534,630010
2010-06-18,131.22427368164062,132.60200460660502,130.83851070445104,131.34368151327206,533715
2010-06-21,131.88560485839844,132.611217766314,131.44473482239,131.61924967404073,613985
2010-06-22,131.5457763671875,133.87872837070617,130.97631862148748,131.88561224574957,1423355
2010-06-23,132.99696350097656,133.45620714979555,129.87409828000514,129.87409828000514,677995
2010-06-24,130.37928771972656,133.65829456786028,129.52510113811547,133.2082306823304,953330
2010-06-25,128.43209838867188,131.0681528150387,127.85344682580858,129.50672699469953,442165
2010-06-28,131.43553161621094,132.20705754575184,128.09223857319705,128.09223857319705,532285
2010-06-29,132.50099182128906,133.16230389316206,131.3712562047585,132.61121984327187,783870
2010-06-30,135.6605987548828,136.21169685198052,125.88789247339854,125.88789247339854,1727175
2010-07-01,134.0348663330078,135.9361420743589,133.1806797350138,135.56875270178205,1085640
2010-07-02,131.33453369140625,134.96255654160933,130.60892071236134,134.09917604249623,436715
2010-07-05,134.65943908691406,135.35748446972295,130.42521158677147,130.7926009429855,852870
2010-07-06,132.38160705566406,134.92580732440453,131.56415374622986,133.7317847936631,579100
2010-07-07,133.34597778320312,134.83393672039603,132.44586416490387,132.44586416490387,560780
2010-07-08,132.91429138183594,134.96251395221037,131.19671075528632,134.81555263384197,650695
2010-07-09,133.00616455078125,134.97172712074803,132.07849727755138,132.9235040444056,621160
2010-07-12,136.34027099609375,137.57104074034712,133.18067211860327,134.46654886409107,1599720
2010-07-13,139.38961791992188,139.9682693635272,137.0566665065817,137.66287144607273,2638055
2010-07-14,137.69964599609375,140.51021553793993,136.7076778022056,139.80299024512732,1898990
2010-07-15,137.1761016845703,138.79263449720827,132.078493704227,132.519363741309,597610
2010-07-16,138.65489196777344,139.56418570711855,137.7731377197633,137.7731377197633,9466055
2010-07-19,137.24957275390625,140.68472085799382,136.30353180279502,137.77311732695165,1007550
2010-07-20,134.48492431640625,139.18757535073314,133.66747108559545,137.58941623375782,990480
2010-07-21,134.2277374267578,136.11981907825307,133.9981155949743,135.56873509097534,1026685
2010-07-22,133.28170776367188,135.14623607271218,131.7478354806932,134.09916099268457,1634170
2010-07-23,133.34597778320312,134.99007787760075,132.85918064162266,133.4562057879976,705565
2010-07-26,133.47459411621094,134.46654816327137,132.4458787101768,133.65828879103674,735920
2010-07-27,133.25413513183594,134.46653104333137,132.5377161807242,134.09914174045483,305390
2010-07-28,133.09799194335938,134.28283433978245,132.35401950665147,134.28283433978245,300120
2010-07-29,132.4918212890625,133.54807630338846,131.89481002270554,132.07850471889176,585590
2010-07-30,133.0244903564453,135.67891755438788,132.00496909965761,133.5847680563917,707970
2010-08-02,135.62384033203125,136.67091531080538,133.4837632057201,134.83394068032416,1302000
2010-08-03,136.63417053222656,138.04864887262656,136.30351453193867,137.06586069968589,807660
2010-08-04,138.57217407226562,140.3448618440283,137.22199662390358,137.57102628171265,2590470
2010-08-05,142.01651000976562,143.28402704147248,138.57218243665332,138.69159027732272,3532135
2010-08-06,144.193359375,145.06591970731367,141.99817478464968,142.36556418299,1931170
2010-08-09,145.6749267578125,146.75161276085797,144.47860429603824,145.39885018327416,1601000
2010-08-10,150.34979248046875,151.68414634110118,145.4540771341228,145.4540771341228,3124625
2010-08-11,146.81602478027344,151.28842041816105,145.7669450154276,150.55223493126707,1420705
2010-08-12,146.91726684570312,148.38046864318403,142.82217499414082,145.4908967931316,1629590
2010-08-13,146.84364318847656,152.7424086627862,145.61971447158055,146.87124944178836,2923400
2010-08-16,146.0706024169922,148.47244436069877,144.47858121808648,148.34361051873825,878645
2010-08-17,145.49087524414062,147.60742947647105,144.51540284301967,146.68718362177526,5088005
2010-08-18,145.04916381835938,146.26389522645064,144.3405845388118,145.58290816053534,1197090
2010-08-19,147.08291625976562,149.26389473291744,144.66266484570147,146.1810791335863,2024180
2010-08-20,147.579833984375,148.15959340849216,146.5215567910497,147.58904543036948,3075255
2010-08-23,150.0000762939453,152.5767675294481,147.60743142344182,147.60743142344182,1554090
2010-08-24,147.00009155273438,151.84058014345783,146.70560611176754,150.36818102230094,1806540
2010-08-25,146.43869018554688,148.34359131955506,145.02150406556288,146.83438906255725,1160570
2010-08-26,146.12586975097656,147.79152696102432,145.77618578690766,147.2393736929394,2303185
2010-08-27,141.42337036132812,147.1841181602772,139.61049902103494,146.68717755586235,1447020
2010-08-30,140.83441162109375,149.07982020072726,139.89577101143374,143.5215417247379,1048150
2010-08-31,141.4694366455078,142.06760506784963,138.44183299175103,139.87741473842436,1236395
2010-09-01,142.95098876953125,144.14731119796727,141.71786268504007,141.71786268504007,657285
2010-09-02,140.42030334472656,145.04913859843762,139.63810283931173,143.55834489484045,1504755
2010-09-03,140.8068084716797,142.08594960533443,140.3098819051403,140.650368366624,567605
2010-09-06,145.17800903320312,146.13507277044062,141.36819102029875,141.36819102029875,835515
2010-09-07,143.0430145263672,146.42031504841313,142.63810411315848,145.39884161212285,805485
2010-09-08,145.4632568359375,146.1350323220128,142.51845911352856,143.56753873853998,662285
2010-09-09,145.39886474609375,147.23935670490508,144.46020991538498,144.46020991538498,1163640
2010-09-13,147.36817932128906,147.9571361414383,144.29456135494272,147.23934545568886,1072490
2010-09-14,148.26084899902344,150.7363132424685,147.61667954057924,148.1596213668507,1298745
2010-09-15,149.2546844482422,150.36817412142963,147.791496840415,147.791496840415,2191880
2010-09-16,144.96632385253906,149.79761443924258,143.92644157572744,148.81295870713632,522655
2010-09-17,151.8681640625,153.5706244183355,145.76692988249673,145.76692988249673,2022965
2010-09-20,156.0920867919922,157.8037445272938,152.39270881717616,152.39270881717616,2171195
2010-09-21,155.22708129882812,157.63813525480734,153.6810748310298,156.25776631919928,1821570
2010-09-22,154.0491485595703,156.46020221758903,152.94485635592122,155.8160329356135,1029390
2010-09-23,152.3927459716797,156.94796094566058,150.23016221584882,156.94796094566058,854754
2010-09-24,149.86204528808594,153.58902982169582,146.22706287437737,153.40498345638036,1196835
2010-09-27,153.58905029296875,155.06144949541772,150.5982508219889,150.92034253559945,1081969
2010-09-28,157.177978515625,158.6963784019174,152.43870442956103,154.50925738823392,1476778
2010-09-29,154.87738037109375,159.47860965103214,154.187195979103,158.2822872298807,1227360
2010-09-30,154.2792205810547,156.4418040776874,149.30989830355753,156.4418040776874,1931069
2010-10-01,153.72708129882812,156.44180391127378,152.3927275444231,154.32523552057714,727077
2010-10-04,153.58905029296875,156.62586487187005,153.08292623135142,154.23323372018984,685065
2010-10-05,156.53384399414062,157.91421293926766,151.7945688574344,154.04916865944074,1470053
2010-10-06,165.55221557617188,167.07062958753457,157.5920949376612,158.51234074751613,3351355
2010-10-07,166.61053466796875,170.47556491019648,165.64427359695205,168.31298127705622,1625703
2010-10-08,167.02462768554688,169.78536533324186,166.01235159799026,168.45101161189018,882766
2010-10-11,166.10438537597656,168.95715329002775,165.18413947361657,167.48475422951654,472843
2010-10-12,162.2853546142578,167.16264618593087,161.04301715093024,166.10436911853088,572523
2010-10-13,158.23629760742188,163.80378874097462,157.91421993106871,162.2853884508419,2001885
2010-10-14,153.58905029296875,160.44489415991725,152.80684962566232,159.29458667107883,2352455
2010-10-15,148.98779296875,156.2577433878319,147.7914846335899,153.9111137333065,2388253
2010-10-18,146.2730712890625,150.36816240792734,144.47859473605845,150.36816240792734,1210587
2010-10-19,152.34671020507812,154.50927962583626,146.82523485394395,148.89578811061926,2076053
2010-10-20,151.61050415039062,153.63504221686904,150.92031976123863,152.34670364052025,842389
2010-10-21,160.12278747558594,160.7669568007408,151.9326045375355,152.66879002809065,2298066
2010-10-22,157.54608154296875,161.68718773211017,156.0276815570183,161.08903356596892,530558
2010-10-25,151.19639587402344,160.03074760370072,150.73627294929534,158.4663324679926,1394953
2010-10-26,150.7823028564453,153.2209489802361,150.0000881908618,151.84058007050425,1164317
2010-10-27,147.56146240234375,151.74857077207994,146.91727892222377,150.46023189552122,1539430
2010-10-28,142.08596801757812,149.95407364054032,140.10744485637466,148.1595968596146,3691083
2010-10-29,139.78533935546875,143.3743066047423,138.1289080547058,142.54607691252346,2028773
2010-11-01,142.82215881347656,146.08903451976647,141.39577488066402,141.94792802944238,1402657
2010-11-02,140.93565368652344,143.55836011301568,139.09516189020272,143.4663299064644,1467943
2010-11-03,147.14732360839844,147.8835231858726,141.9019244368834,142.63812401435757,2649767
2010-11-04,148.34361267089844,150.00005783573383,147.51539710939866,148.1595663285469,835546
2010-11-08,148.52767944335938,150.41418630608376,147.42338719551805,149.53995552828596,613082
2010-11-09,149.30995178222656,151.84062893107787,148.48173578661252,149.54001334121304,601933
2010-11-10,147.14732360839844,149.9080614925473,146.8252459470178,149.53996872472973,423032
2010-11-11,143.00621032714844,148.7577473261785,141.71787165610104,148.20560819937464,1955709
2010-11-12,139.73936462402344,146.18108680414204,138.9571498854159,144.2025494237159,1124521
2010-11-15,139.4632568359375,141.21171827728512,138.08288810587246,140.4295177553504,606454
2010-11-16,136.61053466796875,143.09827266803916,135.4142118951731,140.7516422371403,1473835
2010-11-18,135.9663543701172,141.21175406536784,135.27616983016736,138.0369079899667,1823233
2010-11-19,133.7117462158203,138.95714559205308,132.51542361096452,136.70254570704,1042105
2010-11-22,134.4019317626953,135.6442554436397,129.4786100219906,133.8037634346794,860599
2010-11-23,133.7577667236328,135.2761670637346,130.7209520015891,133.43567499484024,977715
2010-11-24,133.3436279296875,136.19639589282664,130.9509969674841,135.92031930900055,477765
2010-11-25,127.96018981933594,133.66571135090373,126.6258361288476,131.595158163024,874260
2010-11-26,130.03073120117188,136.74852818694515,104.90801866086149,128.78839378450613,5075222
2010-11-29,132.05526733398438,133.9877890580454,122.89882477668507,129.75465292050032,1118461
2010-11-30,140.24546813964844,141.62583697583332,128.052210086682,132.05528532835334,2214284
2010-12-01,141.39576721191406,142.54607450794927,138.2209218832243,138.2669369834331,639181
2010-12-02,138.35899353027344,143.4663476637463,136.70254790019368,142.6381318696263,520492
2010-12-03,135.32215881347656,139.4172501514724,132.88349881806766,138.0368813380915,529009
2010-12-06,135.27613830566406,137.80681436240266,134.35589246685,137.0245997826759,268880
2010-12-07,134.07981872558594,136.28841721027308,133.06755670671208,136.28841721027308,198780
2010-12-08,130.2147979736328,134.30988951849952,128.88044419499153,133.43565870089583,387102
2010-12-09,126.76385498046875,132.60742124421574,125.65956286341628,130.7669297018496,781461
2010-12-10,134.90806579589844,137.76081989845795,122.48474511091415,126.67185307127079,1827567
2010-12-13,136.42645263671875,137.7608063634152,132.79148419439466,136.10436095979574,362511
2010-12-14,139.37123107910156,142.03995246738427,137.07061645567026,138.9571232552514,661078
2010-12-15,136.4724884033203,139.78536567033925,135.27616576168572,139.37125776719188,385342
2010-12-16,136.242431640625,138.3590003815442,134.90807766542827,137.94487842213792,284245
2010-12-20,132.79148864746094,133.84976583540308,124.32522901840893,129.75467431262751,1097483
2010-12-21,137.7607879638672,138.49698738290763,132.19329828728343,135.23011211467784,638065
2010-12-22,137.99087524414062,140.24547497814467,136.65652144579855,138.49701331712242,1484744
2010-12-23,133.7117462158203,139.27923730784332,131.82523911299074,138.03689959475471,460088
2010-12-24,132.28536987304688,133.80377024094048,131.73321662553627,133.11358570247242,546725
2010-12-27,132.19332885742188,135.18412827991415,131.68720480400998,133.43566654196206,478728
2010-12-28,129.61668395996094,136.19643872770413,129.2025619330579,136.19643872770413,941747
2010-12-29,130.0767822265625,131.27309083456743,129.11052108469383,130.67493653056496,651864
2010-12-30,130.39883422851562,131.4571253818637,128.88043419168062,130.6749107920776,665419
2010-12-31,132.5614013671875,133.75772363495392,130.67489479592152,131.08900256965416,680716
2011-01-03,133.48170471191406,134.72402856926192,131.64121244161353,133.9418277794892,487210
2011-01-04,136.70254516601562,138.49702204527756,133.0215611913903,135.23014595942968,812777
2011-01-05,145.03079223632812,146.1350847575507,137.3927467316235,138.12894642638562,3254352
2011-01-06,142.5920867919922,147.23933098455973,141.71785607263874,145.67491590121614,1874274
2011-01-07,135.50619506835938,142.9141766223993,134.4479180071408,142.63810007195724,781973
2011-01-10,129.20254516601562,136.4724976878705,128.14426778132633,135.55225159967424,625006
2011-01-11,127.96018981933594,131.36509669770402,125.15343713406477,129.8006815418957,1121192
2011-01-12,128.60433959960938,129.6166155101508,125.61354100426962,129.20249370194318,1045506
2011-01-13,130.12277221679688,132.23934071835507,128.46634073385812,129.38658668741914,797536
2011-01-14,128.0981903076172,131.1350037286474,126.99389834774276,129.75463526834585,598460
2011-01-17,126.1657485961914,129.7547028453912,124.55531788711741,129.7547028453912,397997
2011-01-18,128.69639587402344,129.34056520137335,126.53381237309347,126.53381237309347,370616
2011-01-19,128.650390625,130.67492896968358,127.54609825897617,128.88045211966494,379533
2011-01-20,128.28225708007812,130.67490174280772,126.67182695296606,127.91416438204419,266418
2011-01-21,128.8344268798828,130.07676447010266,126.99393506731306,127.77614970439048,271388
2011-01-24,130.90496826171875,132.97552136251923,128.60435370527378,129.20250787321473,657683
2011-01-25,128.97242736816406,133.02151681455322,128.6503498029352,132.46936378582544,378857
2011-01-27,127.1319580078125,130.21478720863885,126.99392674764779,130.16877210797153,1363893
2011-01-28,128.37428283691406,129.6166202230379,123.81906915751976,126.80986786160558,774349
2011-01-31,129.3405303955078,129.7546381343783,124.73930209287028,126.99390115279579,690663
2011-02-01,128.32827758789062,131.0890150650421,126.8098775921921,128.8804307000557,2105194
2011-02-02,125.61356353759766,129.8006851305518,125.0614103888291,129.75467002784814,2986356
2011-02-03,127.31599426269531,128.14420975027204,124.69328848231139,125.61353415376756,856145
2011-02-04,124.18717193603516,128.14423181295336,123.4969875636135,127.45404744053171,581117
2011-02-07,124.04912567138672,125.88961710852351,123.58900281210252,125.88961710852351,434301
2011-02-08,121.1964111328125,126.44181120572539,120.09211859775317,126.07371837465276,1037657
2011-02-09,118.71171569824219,121.47245327261992,116.82520888071659,120.552207414494,1074254
2011-02-10,119.35590362548828,120.41419495266557,110.8896432172681,118.48167273214331,983982
2011-02-11,127.5000991821289,128.74242298441206,117.97554648875284,120.55223836133274,1175164
2011-02-14,131.79469299316406,133.36477414715426,126.62266012750844,131.1481906465439,875125
2011-02-15,130.82493591308594,134.84250946928282,128.65453411354642,131.70234707762393,1017479
2011-02-16,132.39505004882812,133.22626547886196,128.37747592070582,131.8408970336745,1324018
2011-02-17,136.50498962402344,137.98270768321353,131.4253047293674,132.71830979274603,1236435
2011-02-18,133.2724609375,139.46043780986153,132.02562357165712,136.68970063483118,548509
2011-02-21,132.6720733642578,134.2883360739852,128.56215100663243,134.2883360739852,459542
2011-02-22,129.48577880859375,132.8106689952997,128.56219976703076,130.6864343811652,457607
2011-02-23,132.90301513671875,135.39668976104522,127.77716285775246,129.34724437080058,1732547
2011-02-24,135.11961364746094,138.3521402223155,130.22464201557023,132.9953790797313,1598633
2011-02-25,136.8743896484375,138.0750450324764,132.16414573170948,134.0113035247861,743380
2011-02-28,127.4538803100586,139.04479760607026,124.45224907087244,136.735850499004,2792105
2011-03-01,128.33131408691406,130.59408008030925,123.06691599605414,128.56220886364213,3822872
2011-03-03,125.2373046875,129.07015149186165,124.68315170949067,129.07015149186165,1759385
2011-03-04,122.65129089355469,127.26918577589714,101.5936874115338,101.5936874115338,1382407
2011-03-07,121.45060729980469,122.37418606254084,120.06523915570045,120.06523915570045,780459
2011-03-08,122.55892181396484,123.48250074864836,121.12737164666613,121.45062991088383,319785
2011-03-09,121.03501892089844,124.03665037708058,119.74199999184869,122.92835850410633,1183691
2011-03-10,123.57487487792969,125.19113815224907,120.98885082047921,121.4044585581933,1064047
2011-03-11,121.5429916381836,123.43631715203797,120.38851798695728,122.65128352482165,580658
2011-03-14,123.06688690185547,124.22136051256706,121.08119792850971,121.72770033196912,542303
2011-03-15,120.80411529541016,122.74362240708254,115.67824990617828,116.370934037353,568586
2011-03-16,121.31210327148438,122.65128995861605,120.06526602567752,120.06526602567752,625182
2011-03-17,123.43629455566406,124.45223681984216,119.9267065725616,119.9267065725616,714993
2011-03-18,123.71338653564453,125.14493659941674,122.09712351683287,123.75956829757817,840493
2011-03-21,121.49683380126953,124.63699711395273,121.17357547818507,124.26757110988368,321326
2011-03-22,121.26593017578125,123.29780123527622,120.57324589917857,121.95861445238393,413606
2011-03-23,121.26593017578125,122.74364817691502,120.52706412886552,121.95861445238393,404062
2011-03-24,122.5127182006836,123.39012930631888,121.35824473820941,121.91239763727447,523257
2011-03-25,127.40774536132812,127.82335317476307,123.39018437452383,123.75961041031046,1368519
2011-03-28,127.40774536132812,128.88547768987448,126.25327138362,127.73100371216637,600132
2011-03-29,126.06854248046875,129.11635621611862,125.19114518650694,127.40772930732604,841159
2011-03-30,126.02235412597656,127.59243563726983,124.77553090790431,127.36154088288266,541367
2011-03-31,126.20704650878906,127.13062537557184,123.94428110371027,126.11469707772784,763249
2011-04-01,130.36318969726562,131.37913238618933,126.99213148049935,127.45392104951935,1716486
2011-04-04,136.8743896484375,137.70561911093932,130.68641386016998,131.47146155930577,1125553
2011-04-05,144.86337280273438,145.9254830231021,136.735874727212,137.15148246158648,1712167
2011-04-06,141.90789794921875,146.2948978973796,140.61489307526034,145.9254719598761,934007
2011-04-07,143.84742736816406,145.00190110306104,141.03050863647604,142.92384838024648,1042870
2011-04-08,142.60055541992188,144.81715290751208,140.84576140668648,144.72478939410243,877589
2011-04-11,134.88870239257812,144.03212794881026,134.42691293837052,143.01619960517098,758237
2011-04-13,135.99700927734375,136.55116232064614,133.1800904771683,134.750171976262,736669
2011-04-15,134.88870239257812,136.9205731725524,133.6418652291393,136.55114724626463,334620
2011-04-18,138.6291961669922,141.7693587364544,135.30430654651838,135.67373246315086,1715836
2011-04-19,135.67372131347656,139.6451130080357,134.1036401577748,139.27568712176267,776550
2011-04-20,136.5511474609375,137.93651582573824,135.07341556807174,136.64349689630674,412906
2011-04-21,135.90463256835938,137.98268514030798,135.35049367145731,137.33618271424092,327436
2011-04-25,135.5813751220703,136.59730337989964,134.196006876462,135.9508010171547,474447
2011-04-26,133.82659912109375,136.320273837951,132.16416810011953,135.76612076916095,593986
2011-04-27,131.37911987304688,134.8425413108249,130.27082783149748,134.01132580283735,917321
2011-04-28,133.54953002929688,135.16579329130505,129.9013816780349,131.51764494004308,821967
2011-04-29,133.41099548339844,134.8887276506481,130.2708322438659,133.96514856929167,1112274
2011-05-02,132.85684204101562,134.84253121289387,130.68642579879784,134.288378187269,224173
2011-05-03,128.100341796875,137.10523264042422,127.03823210368631,132.62588513796516,1714835
2011-05-04,123.02072143554688,132.07179856106868,122.28185540827417,132.07179856106868,1392594
2011-05-05,119.08370208740234,124.4565983855336,117.87943003409161,123.66918592967568,2733977
2011-05-06,122.18701171875,123.53024649305866,116.81412209453079,119.50057044042721,2375485
2011-05-09,120.89010620117188,124.78081943578947,119.96374523411309,124.4102807030246,2699189
2011-05-10,125.6145248413086,126.17033281680328,120.93640017139185,121.53852901196363,1839712
2011-05-11,124.87342071533203,126.77246290935614,123.34491713398198,125.10501088203883,1275260
2011-05-12,123.3912582397461,125.42924921412042,122.60386002483601,124.59553013124048,599231
2011-05-13,128.02305603027344,129.08837940054846,121.35326129020683,122.51121225671643,1059083
2011-05-16,128.48623657226562,129.783150137411,125.19765299637248,127.69883839517301,516674
2011-05-17,133.76649475097656,144.92914529186038,129.50524352386944,130.84846386572772,4091917
2011-05-18,137.2403564453125,138.35200079102046,131.68219125735286,135.6192249321576,3165782
2011-05-19,133.58120727539062,138.7688327392502,132.93275762619373,137.56456102780328,1596311
2011-05-20,137.0550994873047,138.4909617843388,129.7831745235292,129.7831745235292,1582876
2011-05-23,138.8614501953125,140.1583635342299,134.73914829565834,135.94341991924549,2425801
2011-05-24,140.62158203125,142.10375093307968,138.1667172597072,138.8614879079494,3261978
2011-05-25,143.07644653320312,143.77121724877563,139.88050406859887,139.88050406859887,4081882
2011-05-26,140.71420288085938,145.3460069800996,139.46362425515113,143.12274666652203,2623502
2011-05-27,141.4089813232422,142.10375197658627,136.22136892602674,141.54794393499807,2050208
2011-05-30,144.1417694091797,147.61562297011608,140.3436838618307,141.54795592331791,4165889
2011-05-31,149.56094360351562,153.68324620613026,143.63224032505224,143.63224032505224,20663160
2011-06-01,151.9231719970703,153.4979825383038,149.3756797837048,150.1630921218936,2574106
2011-06-02,149.3756561279297,152.988457040688,148.35665374989946,151.92314793786338,1699298
2011-06-03,149.19041442871094,150.8115458804523,147.47664123995514,149.60727397498695,1185817
2011-06-06,148.07879638671875,149.2367475185037,147.33770483534724,148.68092532118868,546378
2011-06-07,145.6702423095703,150.76522693725005,144.8365232063715,148.07878615125858,2193466
2011-06-08,143.49327087402344,147.01344446158595,142.0111021927791,145.8091726901642,1431303
2011-06-09,143.5395965576172,145.80917758662196,141.8721443669721,143.63223828743102,867109
2011-06-10,140.80682373046875,143.95644439669866,139.2320133973538,143.95644439669866,838559
2011-06-13,143.35430908203125,143.95643784415117,139.00041689978303,141.22367678237825,749987
2011-06-14,145.0218048095703,146.133435086208,142.98381361321023,143.53962168395614,599387
2011-06-15,142.89117431640625,146.92085004032768,141.96481338080557,144.51230595370745,956161
2011-06-16,140.3900146484375,142.56695455257054,139.64892300941776,142.01114642466624,1145520
2011-06-17,137.2866668701172,141.13107264704132,136.4066269426771,139.83415905410607,696910
2011-06-20,136.31398010253906,138.95411392109727,130.98740573556367,138.76884459623116,1207293
2011-06-21,137.4256134033203,138.76883357080774,133.85911910865224,137.10138150920784,1088170
2011-06-22,137.19406127929688,139.50996363623878,135.71187811679556,138.86149966817806,487689
2011-06-23,139.09307861328125,140.3436714385741,133.395964931714,137.28667774852664,1194788
2011-06-24,142.93748474121094,144.419653648735,139.88049105017154,139.88049105017154,851591
2011-06-27,144.7438507080078,146.17971253405958,142.150038076292,143.12271958007813,1615697
2011-06-28,145.53128051757812,147.15241184164663,145.02177927441363,145.02177927441363,1127185
2011-06-29,145.53128051757812,147.29136030108086,140.43629635622,141.82583749113584,1022281
2011-06-30,150.0241241455078,151.22839597571217,145.4849620183647,147.15241423440588,2743578
2011-07-01,150.3946990966797,152.80322897685383,148.81987424466132,150.9968280329368,641406
2011-07-04,149.00514221191406,151.9231731146313,148.44932007085163,150.39468342942595,508395
2011-07-05,148.1250762939453,149.97779776921737,147.52294746853912,149.3756689438112,376300
2011-07-06,149.14407348632812,151.9231556009802,147.70821156672937,147.7545324290021,681135
2011-07-07,150.11676025390625,153.54429215368694,147.89348600407925,150.07043939002887,1081191
2011-07-08,146.22604370117188,150.6262570728779,145.53127316879724,150.57993621035772,360582
2011-07-11,145.53128051757812,146.82817992277558,143.58591727463858,144.97545840955445,437792
2011-07-12,142.5669403076172,145.1607537174449,142.19640159270432,143.86385408010398,673388
2011-07-13,143.1227264404297,145.06808954124975,141.31632592403525,143.26167488971296,721657
2011-07-14,145.25335693359375,146.2723451968785,140.80682285840516,141.3163240576186,712244
2011-07-15,145.20704650878906,147.15240972372965,143.0764139722216,145.16072564459654,520139
2011-07-18,143.44696044921875,146.41131187045963,142.7058690601229,144.97544995442564,286868
2011-07-19,148.58827209472656,149.3293635888317,141.96479778679057,143.40065990627969,1099870
2011-07-20,144.46595764160156,150.67257190427998,143.58591774695537,149.42199335982804,1424292
2011-07-21,145.7628936767578,147.15243503064437,142.75222074333695,144.9291603833385,1069969
2011-07-22,148.91250610351562,149.60727673852426,146.27237203642494,146.78187332912688,1679870
2011-07-25,147.24502563476562,149.88515919770018,146.45762754653646,149.14406783484642,1385495
2011-07-26,147.19873046875,150.9968155318922,146.4576531116784,147.7545526216982,1150173
2011-07-27,144.7438507080078,148.68088344726561,144.14172194311917,148.0324338231221,495383
2011-07-28,143.5395965576172,148.21772121034746,142.65955666495944,143.9101493417291,1243690
2011-07-29,132.97911071777344,144.88283986396618,125.29031238051667,142.70590021866383,4895210
2011-08-01,134.41497802734375,139.7878601703988,133.39597533944232,136.63823862894264,3708191
2011-08-02,131.1263885498047,134.97078064035625,127.97675300084423,134.55392106134335,1475136
2011-08-03,132.19166564941406,133.67384838519698,126.91141262279342,129.13467259132565,1009315
2011-08-04,127.97673797607422,134.13704573432582,126.67983851914965,132.65486281057434,3306069
2011-08-05,129.45892333984375,130.61687435361696,122.27962705444992,125.01238861992582,9280860
2011-08-08,126.12398529052734,130.1536594029672,124.13231572952033,125.47553572195346,3743566
2011-08-09,123.62285614013672,127.83780095518077,120.42691394328624,124.08603657838012,997026
2011-08-10,127.7914810180664,129.4126125637635,124.96607749710807,126.3093120859448,2270284
2011-08-11,125.47555541992188,128.02304737399433,124.36392539426424,125.9850566377649,1536864
2011-08-12,126.40193939208984,127.69885310664543,125.05871894159803,127.09671005287649,1540298
2011-08-16,129.41261291503906,132.33065818630175,122.27963692163918,122.27963692163918,1041466
2011-08-17,128.39361572265625,130.89478711774294,126.03139279696269,129.13469307294534,666711
2011-08-18,126.40193939208984,130.38529400762906,124.54921762999209,128.85680420795651,5314420
2011-08-19,126.26299285888672,127.79148268210339,122.23331731019476,123.20599907730787,3919879
2011-08-22,126.03141784667969,127.74517722877661,124.96609420739513,125.10505683955253,334962
2011-08-23,128.25465393066406,128.94942455232004,124.31762040794686,127.2819722333168,907130
2011-08-24,135.98976135253906,137.10139142898868,128.5788753293505,129.59786367645293,2727812
2011-08-25,130.06103515625,138.62987153442194,128.53254567257898,136.36029067209677,1793336
2011-08-26,130.2000274658203,132.33066036520248,128.856806986366,128.9957554674612,694785
2011-08-29,134.6465606689453,137.05509049565794,130.6168851537605,130.75583363284466,484414
2011-08-30,140.89950561523438,141.6405830643096,135.6192369121226,136.1750591340753,1185911
2011-09-02,145.90182495117188,146.82818574451264,140.4363019245189,142.70588304117499,1596147
2011-09-05,145.6702423095703,148.77355678230583,143.40066107517828,144.32702191657458,912066
2011-09-06,142.7058868408203,149.97781078107914,139.7878417830155,148.21773088092587,1330904
2011-09-07,148.2640380859375,150.0704386875554,143.12273319276116,143.86382460590116,1871504
2011-09-08,148.91250610351562,151.83053711649396,146.92083593721546,149.88518781955665,1011497
2011-09-09,142.79852294921875,150.48732102378068,141.77953446978944,150.48732102378068,541841
2011-09-12,141.13108825683594,145.2533914198453,139.27836646356022,141.9184865378908,458685
2011-09-13,141.31634521484375,145.43864801630244,140.48261199990577,144.41964546531523,477998
2011-09-14,138.0740509033203,141.7331724634196,136.6845099968162,139.0467323649014,1511322
2011-09-15,138.35198974609375,140.528929123168,137.33298722225888,138.9541186059955,535073
2011-09-16,139.6952362060547,142.19640798196548,137.10142267968007,138.95414460778386,1324489
2011-09-19,142.752197265625,144.28068684945924,137.286660358139,138.02775178535748,2809987
2011-09-20,142.9838104248047,144.18806828547326,141.27003710747545,143.67858109910375,1631967
2011-09-21,145.53128051757812,146.55026886876374,142.70587738288722,142.70587738288722,1204766
2011-09-22,135.66554260253906,144.60493321674525,131.7285090205953,144.60493321674525,2453772
2011-09-23,138.62986755371094,140.11205026845886,133.16434529646915,133.9517575140181,1400138
2011-09-26,141.08474731445312,141.6868761575515,136.54557108557728,139.23202578474303,959586
2011-09-27,145.85548400878906,147.19870414722232,141.5015917063901,143.44695475870168,1229409
2011-09-28,148.4956512451172,149.32937037943265,144.51229665141454,147.29137927932635,2377196
2011-09-29,151.87684631347656,154.47065931185884,146.50395098864402,148.03245474927786,3079459
2011-09-30,152.24740600585938,157.29606963406215,150.07045243073847,151.69158386131744,2712461
2011-10-03,141.82582092285156,151.92314633626623,140.2046897881658,151.55260773096617,1642213
2011-10-04,136.59188842773438,148.0324492326653,135.8971178720133,141.27001299661825,1108391
2011-10-05,139.5562286376953,142.56690080130764,136.730839915342,142.24268304938843,643151
2011-10-07,144.92916870117188,146.17976164550254,140.065773683447,144.09544949504902,806599
2011-10-10,143.44696044921875,146.22604255697132,141.8258292196964,143.8174990761954,574856
2011-10-11,142.15005493164062,147.75454032263116,141.03842485342065,144.41963595282792,624082
2011-10-12,143.58595275878906,145.29972623609788,142.15009040417178,143.8175430051742,606780
2011-10-13,144.88282775878906,147.29137156421132,143.1227478406959,143.58592825441983,843751
2011-10-14,144.0028076171875,145.7165810378707,143.12276753703117,144.23439785592055,499700
2011-10-17,144.4196319580078,145.99445650499652,141.82583322562326,144.55859454840603,331198
2011-10-18,141.03846740722656,145.90186283506196,139.69524673513965,145.90186283506196,355368
2011-10-19,139.3246612548828,143.81751687242698,138.53726304133775,141.77952590158569,1057725
2011-10-20,140.62158203125,141.54794289557293,136.73086922812269,137.10140791979384,370257
2011-10-21,139.3709716796875,141.73319441360965,138.02775142240415,138.02775142240415,300342
2011-10-24,144.97544860839844,145.99445102583712,140.4825935885221,143.63222842915104,1167828
2011-10-25,149.3756561279297,150.53360695062682,144.04908234352288,144.9754430016806,1139611
2011-10-28,151.36737060546875,157.89821800183498,150.4410096736479,150.4410096736479,1051878
2011-10-31,151.87684631347656,154.6559286399268,148.26404494314872,148.26404494314872,840954
2011-11-01,148.3103790283203,151.87685985073685,144.51229385624563,144.51229385624563,512462
2011-11-02,146.41134643554688,147.75456694437565,143.67858454479605,145.80920335562647,1042409
2011-11-03,150.2557373046875,151.55265106434712,145.94816471205974,150.99682886232932,496651
2011-11-04,152.84951782226562,155.16541960745147,151.50629761388637,152.38633746522845,1747474
2011-11-08,149.65357971191406,154.4243318477495,148.40298706438983,152.89584228756928,873158
2011-11-09,146.9671630859375,151.87687908234585,144.60495390690082,150.20942649967836,886539
2011-11-11,139.3709716796875,150.9041601627859,138.95411217020555,148.1250779193818,2472593
2011-11-14,143.72486877441406,146.96713149113756,139.92679807305274,146.96713149113756,1554235
2011-11-15,133.95175170898438,144.55857801286152,130.61684781289642,143.12271622051418,1354549
2011-11-16,122.78912353515625,133.58122090825597,120.61217006017009,133.58122090825597,3855162
2011-11-17,122.41858673095703,125.84613335367469,119.50055556312496,122.27963825063951,2518688
2011-11-18,127.74515533447266,129.50524942743922,118.8984205407722,121.49221960805801,1456984
2011-11-21,126.5408935546875,128.85679560264924,122.74280854197251,126.63352115551938,717393
2011-11-22,122.60383605957031,128.76412864651607,121.5848337039945,127.74512629094026,692110
2011-11-23,114.4518814086914,122.6038593997723,112.32124870923985,122.3259483285144,1295172
2011-11-24,109.03265380859375,115.7950898849005,108.15261395249708,114.59081812306897,2554572
2011-11-25,114.26660919189453,115.65615046395058,106.71676686687553,109.31058006840911,4717307
2011-11-28,117.09201049804688,118.06468513043674,112.78443121868531,115.56351371278022,2568553
2011-11-29,118.85208892822266,121.26061843515764,116.16564129730018,118.57417787180691,1970380
2011-11-30,116.48986053466797,120.75112550053005,112.73809679181113,118.57417215457257,1884842
2011-12-01,116.9067153930664,122.60384207584418,116.02667557105293,120.14897778427347,1060484
2011-12-02,120.70480346679688,122.27961384842227,115.42454317370857,115.42454317370857,578277
2011-12-05,119.6395034790039,120.98273807974851,117.04569722343778,120.14900479634026,559299
2011-12-07,122.37223052978516,124.08598901327431,119.59314896561264,120.14895679736327,1679421
2011-12-08,119.36158752441406,124.03969797373297,117.23095498607908,121.07534641981367,956836
2011-12-09,117.92572784423828,121.35325983703422,115.23928022059111,117.97204164180098,535841
2011-12-12,119.50054931640625,121.26062927243494,117.04569165724467,119.4542284470066,1280093
2011-12-13,118.71311950683594,120.05635384642332,116.90671894671081,119.50053176554974,829707
2011-12-14,120.79743957519531,122.74280285947847,118.24995450794779,118.85209042605582,622509
2011-12-15,117.69414520263672,119.96372638836061,116.58250797625531,118.574185156063,2760437
2011-12-16,117.32359313964844,119.96371992526146,115.23928140349526,117.74045265985036,1062095
2011-12-19,110.88539123535156,116.4898772209219,109.77376103919877,115.05401507228315,1292516
2011-12-20,112.55282592773438,114.68345838137844,109.03265241325407,111.99701091691415,2207343
2011-12-21,114.54450988769531,115.98036483142222,113.06233407873744,114.08132950567274,738177
2011-12-22,114.8224105834961,115.70245752464409,112.92337531220703,114.54450660279531,1208491
2011-12-23,115.70246124267578,118.20363248721421,113.57182865097876,114.86873513863904,1372951
2011-12-26,114.4518814086914,116.25828216915136,111.25593235951409,116.25828216915136,669863
2011-12-27,116.21195220947266,118.48154026698992,113.94237121952698,115.33191233196023,753047
2011-12-28,111.7190933227539,117.32357809965309,110.46850785489194,117.32357809965309,581843
2011-12-29,115.05402374267578,117.41624692198151,109.95903866913811,111.58017028344555,2892730
2011-12-30,111.2096176147461,114.49819423631361,110.83907187874033,114.49819423631361,1280686
2012-01-02,106.25357055664062,114.63713780496127,102.8260387583895,113.75709795793152,1572363
2012-01-03,111.44120025634766,111.99701528886486,106.53148548937396,108.8473873478386,1385662
2012-01-04,113.80341339111328,114.40554927449332,109.31056529870617,112.08964746731735,1259249
2012-01-05,117.3698959350586,118.2036219648781,112.36755389128385,113.01600354360394,788405
2012-01-06,118.29627990722656,119.2689616447565,115.14665861299586,116.95305947689715,1036623
2012-01-09,122.4648666381836,123.57649651431925,116.7214338321988,119.22260458728918,848300
2012-01-10,126.40193939208984,126.91144070369577,123.06704870140106,123.99340958244993,869679
2012-01-11,126.95774841308594,130.33895962432655,124.82711578052684,125.98506676179332,1810746
2012-01-12,122.88175201416016,127.37460745857466,121.53853170798939,127.37460745857466,1748799
2012-01-13,121.86276245117188,123.20598274428764,120.01004090614498,122.74280235803091,1099713
2012-01-16,121.86276245117188,121.86276245117186,121.86276245117186,121.86276245117186,0
2012-01-17,129.69049072265625,130.61685137067522,125.05868748256138,127.00405049745792,1636196
2012-01-18,131.2653350830078,133.21069860305806,128.48625241730485,131.5432461766072,890591
2012-01-19,138.3983154296875,139.46363896597117,132.6085596949257,133.39597212891164,1456077
2012-01-20,143.9564208984375,145.99442537524627,139.18566981668047,140.7141590391471,1634070
2012-01-23,135.94345092773438,143.95646640161462,134.41496122212766,143.95646640161462,1657609
2012-01-24,139.0004425048828,141.64056233490516,134.8781397233382,136.22136007213666,1337362
2012-01-25,132.6548614501953,139.8341575266512,131.77482153236818,139.8341575266512,1859617
2012-01-27,136.26768493652344,138.6298937655273,134.13705218189648,135.0634130199826,1264483
2012-01-30,128.20831298828125,136.54555914276855,127.23564557837156,136.2676622457328,757694
2012-01-31,135.480224609375,137.56453575721153,126.91138989049145,128.7177900582552,1291344
2012-02-01,133.30332946777344,136.8698246299558,131.6821978731716,135.75819436354368,899183
2012-02-02,139.8804473876953,140.62153867770462,133.85910362597332,133.85910362597332,2355597
2012-02-03,139.1857147216797,141.45529592838201,137.33299306149095,139.88048534425047,814359
2012-02-06,137.19406127929688,141.59427575748649,135.52660875526945,141.59427575748649,1518103
2012-02-07,128.90310668945312,138.4446262763683,127.69884889195228,138.166715194197,1735290
2012-02-08,129.9683837890625,132.74746534919154,126.5408526919313,128.76411228597863,1532614
2012-02-09,127.7914810180664,131.35797607265818,125.2439885891138,129.36629169257168,1907732
2012-02-10,132.376953125,133.53490412901556,127.09669937371791,127.9767393097409,1780060
2012-02-13,132.79470825195312,133.955095401717,130.89167049336393,133.63018133383022,718239
2012-02-14,133.8158721923828,135.1155146073854,131.82001148722762,133.02681724227088,1580236
2012-02-15,136.6007537841797,137.3434043069968,133.81582494727587,134.6048937836842,886834
2012-02-16,137.01852416992188,139.15362525372805,135.3011454739394,136.87926920909803,856476
2012-02-17,139.71063232421875,141.93857029665793,135.30116053989954,138.3181675502232,1749511
2012-02-21,141.7064666748047,144.58423234243662,139.84984731888255,140.36042047473745,1744030
2012-02-22,133.537353515625,146.44085243855275,132.19129314387246,144.5842330732462,1863666
2012-02-23,133.7230224609375,134.97623212582425,130.4275200119994,131.81998463846205,1533912
2012-02-24,132.4697723388672,135.9973515254031,130.89164890840846,134.65130548662594,527338
2012-02-27,133.35166931152344,134.7441337213126,127.41049349570852,134.04790151641802,947560
2012-02-28,137.48268127441406,138.73589095287412,133.76944223029628,134.41925623004033,629276
2012-02-29,137.9932403564453,141.1030837228696,134.8369928338606,139.0143867598666,627017
2012-03-01,136.322265625,141.10305423067962,133.6765776922228,137.3898159614512,370864
2012-03-02,136.78643798828125,139.24645299185127,133.67659487217722,136.92567877532042,497666
2012-03-05,132.93392944335938,136.50792700361234,132.1912789440351,136.46150869148954,264293
2012-03-06,133.2588653564453,136.46153111076222,130.5667586247185,134.27999756650794,502716
2012-03-07,134.83697509765625,136.13660292662104,130.93807744588094,130.93807744588094,389292
2012-03-09,125.32182312011719,137.8540054321289,120.44819666544596,135.8117267031481,5833743
2012-03-12,120.58741760253906,127.45691749628557,119.19495313061653,125.32180247302813,5786647
2012-03-13,121.70140075683594,124.34707475988299,116.03870622700562,116.03870622700562,5344550
2012-03-14,126.01803588867188,127.41050037362957,122.5832929920858,122.5832929920858,2528804
2012-03-15,122.58328247070312,126.25010246672387,121.05156316978912,126.25010246672387,1691856
2012-03-16,123.60442352294922,126.01803426506494,120.91233121933487,123.23310533103036,1024696
2012-03-19,122.39762878417969,124.25424801995106,121.46931916629401,123.8829156738684,886890
2012-03-20,122.86177062988281,123.74366184084906,120.16966452313213,122.3976158699133,1991819
2012-03-21,121.747802734375,123.09386303448767,120.91232973040516,121.97988014268671,1329184
2012-03-22,116.87418365478516,123.65083969395927,115.85304447983458,123.32593982288454,2489358
2012-03-23,114.5998306274414,118.77722431372639,112.09339724864684,116.1315430622341,4212337
2012-03-26,111.90772247314453,114.8318919782131,110.51525810599188,114.18207810651786,1124699
2012-03-27,112.78961944580078,114.18208388340325,109.77261316432875,112.83603776003035,1098462
2012-03-28,109.7726058959961,112.78961197770423,108.61221894149296,112.78961197770423,1756343
2012-03-29,115.29607391357422,116.50287948222334,107.77676597702663,109.54055600719006,2869127
2012-03-30,120.21609497070312,120.68024977753981,115.20322164037879,115.57454690233621,1405080
2012-04-02,120.21609497070312,123.18668290148183,119.3806219843493,120.12325834338355,773104
2012-04-03,120.1232681274414,122.90819719529443,116.13154071298325,120.21610476232253,598189
2012-04-04,122.21197509765625,122.76896662352712,119.10214587871215,120.12327812296486,763340
2012-04-09,124.16140747070312,126.48218144211813,120.35533249163042,121.65497441455095,1171110
2012-04-10,122.49044799804688,125.04329937951951,121.6085567174233,124.6719812081665,364048
2012-04-11,118.22023010253906,123.88291743568637,116.45644038698423,120.77308867047086,607896
2012-04-12,119.05570983886719,121.60856131689357,118.63797333907539,120.40175596703222,567378
2012-04-13,120.58741760253906,121.51572725048742,119.51986717335089,120.54101345204653,573117
2012-04-16,119.65910339355469,121.56214093228712,119.42702599041368,120.58741300611875,225281
2012-04-17,120.3553466796875,121.56215212006327,119.42703698168796,120.68026073994008,429108
2012-04-18,120.44817352294922,124.30065279048625,119.93760039758293,121.37648314547677,594109
2012-04-19,124.48631286621094,125.69310391581641,120.12324677039095,120.9587338411323,845571
2012-04-20,121.28366088867188,127.36409246969882,120.6338469088796,124.39350415858956,1357915
2012-04-23,118.12740325927734,122.16555591287505,117.61683011751839,120.680254803191,671276
2012-04-24,119.42704772949219,120.68027160052785,117.15269159768962,119.47346605154594,487818
2012-04-25,120.3553466796875,122.49046181806281,118.49873436612936,120.68026073994008,939012
2012-04-26,115.6673812866211,122.07271930544832,115.15681522720334,120.77309145788271,1267245
2012-04-27,117.29192352294922,118.22023317818814,115.76021117531688,116.0387069048648,383798
2012-04-30,118.63798522949219,119.28779920150448,116.03871517656079,117.80250506373272,892604
2012-05-02,117.01344299316406,119.65911719519893,116.50286981438752,119.65911719519893,591736
2012-05-03,115.99229431152344,118.35948688214266,115.52813946100522,117.47759549913445,626023
2012-05-04,115.2032241821289,116.78135480965642,113.71793018396923,115.94587472242897,1173453
2012-05-07,118.54515838623047,119.75196395675584,112.32548557184076,113.90360939565853,564358
2012-05-08,114.22850036621094,119.70552140034881,112.92886549546421,118.0345683514804,339686
2012-05-09,114.04283905029297,116.27078362608327,111.58281706207535,114.13566859877578,1961492
2012-05-10,116.08513641357422,117.24552359450783,110.37603006689264,111.39716936962594,1266715
2012-05-11,112.78961944580078,117.33833802512362,110.79375233541582,114.18208388340325,2334822
2012-05-14,106.66278076171875,113.20735957912885,106.01295975384132,112.74320475169094,1957717
2012-05-15,106.47710418701172,107.17333636020257,104.20274858756423,105.82729032500956,921396
2012-05-16,103.04236602783203,105.82729483939505,101.9283973361829,105.82729483939505,2319699
2012-05-17,105.64163970947266,107.68391808149023,101.27858015843074,101.27858015843074,1943986
2012-05-18,103.69219207763672,105.27032283872214,101.88199097081282,103.08879643032279,1538120
2012-05-21,104.52766418457031,105.59522168845821,101.64990571328505,103.69218409098671,1491072
2012-05-22,103.73860168457031,105.7344688157951,103.32086518190393,104.99181827500992,388799
2012-05-23,102.34615325927734,104.01711369648707,101.9284166911957,103.97069537450398,1245523
2012-05-24,103.9706802368164,104.6204941553203,101.92840185085515,103.46010709910583,1116442
2012-05-25,105.64163970947266,107.1733449472656,103.97067952695609,103.97067952695609,1089233
2012-05-28,106.66278076171875,107.45184255187507,105.92013020484185,106.61636244599872,501829
2012-05-29,109.81903076171875,113.48585092382743,106.52352878126133,107.59108625960954,1379146
2012-05-30,110.4688491821289,112.13980939769198,108.8907255982176,110.4688491821289,1778680
2012-05-31,114.5998306274414,116.87419366166117,108.75148371610706,109.86545253280664,3592822
2012-06-01,116.36361694335938,117.1990970716454,113.85718364094208,115.11040029215073,1088955
2012-06-04,114.87832641601562,115.5745586973248,111.58282411817574,115.52814037892779,870476
2012-06-05,114.04283905029297,116.22436531062158,112.8824519881564,115.76021048576696,664310
2012-06-06,115.24964141845703,116.9670128090865,113.34660385326956,113.34660385326956,1330789
2012-06-07,116.13153839111328,118.31306470082707,114.32133736617732,115.89946097343221,745015
2012-06-08,115.85303497314453,117.47757668985362,114.87830711014314,115.34246188634573,540939
2012-06-11,114.78548431396484,117.70966099229722,113.71792684950188,116.502855670306,1050332
2012-06-12,113.76434326171875,115.89945107252483,112.00055362152928,115.3888850467069,1474970
2012-06-13,112.13981628417969,116.36362123341517,110.79376294941501,113.76435828367974,1683780
2012-06-14,106.2914810180664,112.60399102067522,105.82732607912288,110.6545346111586,1264900
2012-06-15,106.5235366821289,108.14807863588686,104.89899472837094,106.75561410409432,1147454
2012-06-18,106.94126892089844,110.00469360099086,104.38841738163494,106.70919150823812,1281993
2012-06-19,106.70918273925781,107.5910810843601,105.17747760752223,106.94126013284684,891747
2012-06-20,109.02996826171875,109.35488231322385,107.49826296720947,107.6839220688346,659167
2012-06-21,109.122802734375,109.67978711066306,107.49826083877782,108.84430700501068,690964
2012-06-22,109.40129089355469,110.32960054404296,107.49826035951807,107.49826035951807,486749
2012-06-25,108.333740234375,110.70093282589251,108.00883325263207,109.54054568935275,346396
2012-06-26,109.58695220947266,110.00468870067634,107.91599207977741,109.44770435159134,436613
2012-06-27,109.911865234375,110.28319051511275,109.1692146728995,110.28319051511275,432947
2012-06-28,110.88658905029297,112.00056492185813,109.40129497064693,109.9582793652091,396097
2012-06-29,112.46471405029297,114.13566714908167,111.02583127854338,111.07224959341548,916783
2012-07-02,115.80663299560547,116.73494267893697,112.32547168311231,112.74320820763516,999891
2012-07-03,115.15681457519531,117.80249565338939,114.73907098446537,116.59569027897919,737421
2012-07-04,115.6673812866211,116.41003184160766,113.71793243283209,115.89945869974932,410302
2012-07-05,115.0639877319336,117.43118036676984,114.46059207584382,115.94588622130684,860385
2012-07-06,113.81076049804688,114.97114754856212,112.23263694232234,114.69265890590275,660690
2012-07-09,112.74321746826172,113.20737234805274,111.44358947079999,113.02171322911289,426421
2012-07-10,112.69680786132812,113.9036063167915,111.67566852749252,112.74321910051431,394520
2012-07-11,111.90772247314453,113.57867546426371,111.629226766738,112.09338155578888,436328
2012-07-12,110.3296127319336,111.62924780267336,109.0763959818222,111.39717036441417,642833
2012-07-13,109.07637786865234,111.44357017877789,107.7767430137293,110.93299706641663,697441
2012-07-16,107.21975708007812,109.67977889710473,106.84843182954654,109.67977889710473,618414
2012-07-17,105.40958404541016,107.68394029627717,104.71335167280492,107.219785381207,873178
2012-07-18,104.89900970458984,106.75562934537905,103.08880838779713,106.75562934537905,1161347
2012-07-19,103.92426300048828,106.29145545271717,103.2744490752383,105.82730062541273,751834
2012-07-20,105.68806457519531,106.56996309512216,103.27446061989284,103.50653805948811,518368
2012-07-23,104.38841247558594,105.36314039592521,102.11405677138126,104.52766033312587,551789
2012-07-24,108.61222076416016,109.26203463661074,103.64576593203057,104.4348276578463,1175158
2012-07-25,106.94126892089844,108.79788822218099,106.01295927025717,107.7767490229637,631445
2012-07-26,109.40129089355469,110.65450750522574,106.61636194208987,106.66278025759051,1135801
2012-07-27,105.92012786865234,111.2579082664574,104.94540700199569,109.63336640625586,525503
2012-07-30,111.01065826416016,111.47767828809533,106.57396803677595,106.85418290160108,689560
2012-07-31,112.5051040649414,113.0188288647904,108.67554186748195,110.21670914086998,715123
2012-08-01,112.92544555664062,117.22202844079222,110.3101305178561,113.53257302558991,4518020
2012-08-02,113.57926177978516,114.09298662665327,112.22490663972864,113.25234920730527,682706
2012-08-03,113.53255462646484,114.84020480777869,110.68373003254747,110.68373003254747,821744
2012-08-06,115.86766052246094,116.47478079885545,113.6259631809631,113.95287574352,630742
2012-08-07,114.65340423583984,116.52148414192277,114.09298168924683,114.09298168924683,908275
2012-08-08,116.10118103027344,117.92255627675735,114.1863960778898,114.1863960778898,1034361
2012-08-09,118.6230697631836,119.32359970272995,115.77424515856478,115.77424515856478,1095476
2012-08-10,118.5296859741211,119.09010858930934,116.56820325788216,118.0159610866051,1133003
2012-08-13,116.94181823730469,118.57638842024076,114.65342283165838,117.502248000954,786435
2012-08-14,119.69721984863281,120.49115954657282,114.93362441795057,114.93362441795057,893033
2012-08-16,118.76318359375,121.7988063696565,116.89510365401712,119.8373309843283,1322874
2012-08-17,115.35394287109375,119.88404268477308,114.04628541331496,119.09010296408464,653977
2012-08-21,111.94468688964844,115.5407392817907,110.68373437891795,113.99957906098638,904738
2012-08-22,108.86236572265625,111.43097574323565,108.34864086807649,111.15076089052674,1152766
2012-08-23,103.49163818359375,109.00246866015199,102.74440330906388,108.9557709343438,4531629
2012-08-24,104.61248016357422,105.45311759012058,98.68132757953208,103.25812501192038,2507113
2012-08-27,100.8763198852539,104.6591847314148,99.52196473725834,102.74439988312898,1101295
2012-08-28,101.67024993896484,103.30481989658858,99.1016400055561,100.8763173847795,906607
2012-08-29,102.23066711425781,103.16470704084276,100.31588954045415,100.8763120711733,840345
2012-08-30,106.94758605957031,107.78822353243213,100.31590310905604,101.85707062160938,2299775
2012-08-31,106.2470474243164,107.41459739601218,103.67843748658568,106.57395999115933,1709001
2012-09-03,108.58214569091797,109.28267566311744,104.89269068779784,104.89269068779784,622511
2012-09-04,108.90907287597656,109.74971038072053,106.66737523871275,109.74971038072053,373291
2012-09-05,107.97502136230469,109.18927619913354,107.41459879382967,108.06842393602392,1031669
2012-09-06,106.62066650390625,107.74151164375698,103.5383316800773,106.52726392994529,1049284
2012-09-07,105.49980926513672,109.18927133504762,104.75258158251019,107.5079965783592,1312589
2012-09-10,105.26629638671875,107.36788621177341,104.28555874405535,104.8926861187474,1544686
2012-09-11,105.03277587890625,106.01352054943041,104.05203833454046,105.26628583606359,1285716
2012-09-12,103.58503723144531,105.49981495216736,102.88450723275587,104.19216465554143,1198143
2012-09-13,103.30482482910156,104.9393948647714,102.55759708849125,103.21142225229525,984996
2012-09-14,104.23886108398438,105.63992106394696,102.83780110402179,105.45311591708244,1853351
2012-09-17,104.28557586669922,106.5272734733869,103.58504580999433,104.75259590450247,1522753
2012-09-18,109.32937622070312,110.12330873280325,104.42566660777057,104.75257915673424,2158032
2012-09-20,107.88162231445312,109.04917233950133,106.52726713586115,108.7222597577198,2705275
2012-09-21,108.06842803955078,111.52438040766722,105.78003282881735,109.2826829224868,3156075
2012-09-24,111.66449737548828,115.30724808315543,106.76078682545585,108.3486521530974,4222804
2012-09-25,112.08480072021484,113.76607558148196,109.3760832775777,112.97213587545266,3807912
2012-09-26,114.5133056640625,115.77425827284804,111.99140044649141,111.99140044649141,2423037
2012-09-27,113.99959564208984,116.1945884246441,111.66449542104057,113.95289078720472,3694614
2012-09-28,119.09009552001953,120.02413548488244,114.88691567813649,114.88691567813649,2455631
2012-10-01,117.2220230102539,120.02414308221216,116.33468783793106,119.6505327735456,470394
2012-10-03,120.95818328857422,121.42520330127141,115.82096314890504,117.22202318699664,1268946
2012-10-04,121.05157470703125,123.57347954419491,120.11753482272489,121.51859464918444,1423093
2012-10-05,119.69721984863281,122.49933983808799,115.44734214032157,121.0982798433604,1210168
2012-10-08,115.63416290283203,119.51042347183385,113.3457604677797,118.66979311422295,533122
2012-10-09,114.56002044677734,118.01596598913596,113.76608778176636,117.64234852143655,410937
2012-10-10,112.55181884765625,114.70011367612516,111.71118143103105,113.99958368329742,276010
2012-10-11,116.10118103027344,116.66160363487155,110.87055105093081,112.03810111307693,604810
2012-10-12,117.12861633300781,118.62307889384002,115.30723407429639,115.68085149604434,735106
2012-10-15,115.30722045898438,117.22200506549784,114.37318057798439,117.12860250262959,304000
2012-10-16,112.13150024414062,113.9528753188553,110.31011804326658,113.9528753188553,1903838
2012-10-17,112.08480072021484,112.9254381508484,110.21672070821127,111.29086814034527,389450
2012-10-18,116.47479248046875,117.1286247973168,111.43098186393864,112.0848070546266,1293131
2012-10-19,116.14788055419922,119.04340332789148,114.56001529557575,116.75500802114118,1344070
2012-10-22,121.19168853759766,121.98562822894503,114.93362346357668,115.86766345230575,2914830
2012-10-23,120.07085418701172,122.3592495144904,119.2769144243483,122.0790346422374,1724049
2012-10-25,122.07902526855469,124.1339104200942,119.55712011655987,119.55712011655987,1479503
2012-10-29,116.28797912597656,118.9966965308497,115.40064398310966,117.73574396555898,1584245
2012-10-30,116.75499725341797,119.37031204235834,114.88691729736328,115.8676621247558,678844
2012-10-31,118.8565902709961,120.16424057304984,116.66159769122339,117.2687251178396,1690316
2012-11-01,116.75499725341797,118.10935237109382,115.82095727539063,117.22201724243163,754150
2012-11-02,119.51042175292969,120.16424693859209,117.31542905688015,117.31542905688015,1501687
2012-11-05,119.04339599609375,121.98563056840858,118.62308084356862,118.62308084356862,1196272
2012-11-06,125.95529174804688,127.68325708755067,117.8291399854404,118.99668991172072,3019713
2012-11-07,122.21915435791016,127.02945523385188,120.53787930582145,126.09541512183826,1782253
2012-11-08,121.98563385009766,122.82626417776278,119.74392922245761,122.1724390059877,754715
2012-11-09,119.46369934082031,123.71357642177823,118.8098671641016,121.42518161865924,355941
2012-11-12,120.6779556274414,121.98562007565174,118.29615809107295,118.6697754868246,692315
2012-11-15,122.73284912109375,123.76029881216012,119.60382370251745,120.39774914350582,453557
2012-11-16,118.94998931884766,124.46082659323596,117.68903677859461,122.7328469396068,671193
2012-11-19,119.51042175292969,121.42520670919252,116.94181161100447,116.94181161100447,642800
2012-11-20,115.07372283935547,122.07902269871947,113.57926029458973,121.42519756230931,787747
2012-11-21,114.93362426757812,117.12861683121429,114.09298684660949,115.82095941261414,360974
2012-11-22,114.70011901855469,116.5681990864389,113.53256897612705,115.77425935666017,251196
2012-11-23,115.21382904052734,116.28797643280927,113.99958135347079,115.30723161243023,182011
2012-11-26,117.08191680908203,117.64233940411799,114.98032673307719,115.7275616105651,292680
2012-11-27,121.19168853759766,121.98562822894503,116.84840116477554,118.06265600058717,1987923
2012-11-29,117.1753158569336,123.48008589499604,116.33468555278638,121.47190558380022,1359991
2012-11-30,121.56531524658203,122.07904016021283,116.98852438475363,117.2220344134657,1251861
2012-12-03,123.52679443359375,124.46083446711809,120.49116432463966,121.75212407082545,1160794
2012-12-04,125.53498840332031,128.80412887478514,121.98564729330134,123.9004181675879,3545718
2012-12-05,124.88115692138672,127.30966685123656,122.59276155613631,125.86190186429995,1003342
2012-12-06,126.14210510253906,127.49646025478167,122.0790253934919,124.88114539909151,3147331
2012-12-07,128.52392578125,129.64477107102113,126.4223355183087,126.70253615151064,1424101
2012-12-10,128.0101776123047,129.59804267205718,126.6558225393487,128.85080786384466,612960
2012-12-11,125.86190032958984,129.45796032564917,123.05978009961753,128.10359081263948,790611
2012-12-12,126.70252227783203,127.58987169354556,124.22732194010365,126.09540196927814,543139
2012-12-13,122.07902526855469,127.02944012384486,121.47190496889053,127.02944012384486,680712
2012-12-14,126.70252227783203,127.44975713996574,121.47190674753519,121.47190674753519,878418
2012-12-17,133.8012237548828,134.641854014719,126.6091189410352,127.07613891923725,2010480
2012-12-18,133.24081420898438,136.6033642609515,132.7271035572101,135.06220380098705,1908629
2012-12-19,135.66929626464844,136.74343645497322,132.86717654833902,134.54845122858825,1845672
2012-12-20,130.76559448242188,136.74344452926223,129.87825937032633,135.6693042755127,2098610
2012-12-21,126.70252227783203,132.7270917737754,124.83444224865754,130.2518771837275,1487914
2012-12-24,126.42232513427734,128.33709581471444,124.64764050661374,127.96348549958523,625551
2012-12-26,127.4030532836914,128.4305030086888,125.53497323992866,127.02944297586673,526630
2012-12-27,124.97455596923828,129.13103115598327,123.71359625702242,128.38379629883013,1895037
2012-12-28,124.08721160888672,126.04868692958235,123.33997680715191,124.69433186836713,773240
2012-12-31,126.09541320800781,126.9827484504889,123.66690325270304,124.08723269858639,636052
2013-01-01,128.71072387695312,129.03762934848743,126.37562371319244,127.26295892495743,353823
2013-01-02,129.3178253173828,130.95239519310496,128.24368509997842,129.64474499345454,1158271
2013-01-03,129.17770385742188,130.76556862598855,128.10354956374744,130.2518438987804,996003
2013-01-04,128.4304962158203,129.17773104426706,125.62837629838424,129.17773104426706,1236742
2013-01-07,130.8123016357422,131.93314675773348,127.96347685528839,127.96347685528839,1974675
2013-01-08,128.38380432128906,131.37272968435434,126.37562387875217,131.32603908287425,750310
2013-01-09,126.2354965209961,129.73814641616602,125.58167139102815,127.96347617020749,804170
2013-01-10,126.84263610839844,127.63656156488041,125.34816639264962,127.12285096164126,649023
2013-01-11,123.0130615234375,127.40304654356852,122.45264609134865,126.84263111147968,627649
2013-01-14,127.30967712402344,127.72999234709613,122.4526711247262,123.01308667138251,645456
2013-01-15,127.87004852294922,128.33706844341626,124.88112388242352,126.18878821112139,611458
2013-01-16,126.65582275390625,129.83155287879097,125.86188309652579,128.29039266425073,1823638
2013-01-17,125.7218017578125,127.77668710441482,124.83445227085906,126.98274732734723,448421
2013-01-18,123.52679443359375,126.84263940306913,123.05977441683159,125.72179421330388,551806
2013-01-21,126.79592895507812,127.96347894545637,122.87296383787104,123.2465741338644,1013495
2013-01-22,126.5157241821289,129.08433436551488,125.48828866016673,126.79593905259871,1864356
2013-01-23,124.83444213867188,127.16954217308265,124.36742213178972,126.93603216964156,633457
2013-01-24,121.37847137451172,128.8040850695548,120.11752617289113,128.8040850695548,948386
2013-01-25,121.70540618896484,122.26582159768974,117.73573647147728,121.37848651130324,1711468
2013-01-28,127.7299575805664,128.71070233567056,118.90328328926508,122.91965774920901,6676462
2013-01-29,136.1830291748047,145.94374391754644,127.96347466690473,127.96347466690473,19207648
2013-01-30,133.24081420898438,138.98516936006817,130.95241882054714,137.81761923817967,10316243
2013-01-31,140.6197509765625,144.77622689834078,132.30678488068395,133.89466457755557,8895649
2013-02-01,140.05931091308594,146.31737676696176,139.40548568996235,141.69388109705534,3716667
2013-02-04,140.0125732421875,144.68277267324535,138.75162794719245,141.50704276105304,2234003
2013-02-05,140.3395233154297,143.28174389366018,136.7901681282026,139.919208126014,2115293
2013-02-06,144.72952270507812,151.92162922394368,140.2928318603616,141.92740217157294,5541384
2013-02-07,145.57012939453125,147.90522922920567,139.35875528290626,143.37512984900997,4047635
2013-02-08,141.833984375,147.06459999598087,141.22684980360057,145.89704995750483,1791582
2013-02-11,143.37513732910156,146.1772572769016,141.97407735520156,143.1883321830454,2315423
2013-02-12,143.56195068359375,146.17726563487335,142.3476957863225,143.9822658493323,2292412
2013-02-13,144.6827850341797,148.23213975548532,143.60864477419454,144.3091747487028,1577507
2013-02-14,138.6115264892578,145.43002115231158,135.9495211138161,144.68278632238588,3032088
2013-02-15,140.05931091308594,141.69388109705534,135.06220490205774,136.50995566314532,1572387
2013-02-18,139.21865844726562,142.2542883076454,138.09781334928144,141.27354350228973,888936
2013-02-19,142.48780822753906,143.70206310678174,139.68568816112656,140.1994130237661,1183511
2013-02-20,140.52633666992188,143.56196713480227,139.59229652688177,142.9548467427548,1086942
2013-02-21,135.99623107910156,144.26247661147937,134.1748416587883,140.38621627312543,3125690
2013-02-22,139.82579040527344,140.8065352926013,133.707825324849,136.696764839052,1120221
2013-02-25,138.3313446044922,142.4411153463436,136.22975437807074,139.82580021411047,921416
2013-02-26,132.11993408203125,138.23789795694034,128.94420428935268,137.30385810587993,1881561
2013-02-27,133.84796142578125,134.9688067978596,127.96350540696722,133.8012565660442,2210177
2013-02-28,129.50465393066406,136.18304918502002,123.19988326702722,135.29571394208347,4173623
2013-03-01,130.8590087890625,132.44687392753391,128.71071395356861,130.34528394217844,3196913
2013-03-04,127.16952514648438,131.5128191803609,125.90857984812097,131.5128191803609,900454
2013-03-05,136.32315063476562,138.4714457292588,127.68327965334475,128.29041427370203,1772006
2013-03-06,134.781982421875,137.77090773931474,133.75453266323,137.30388771307977,1195204
2013-03-07,136.27642822265625,136.74344821554035,133.84793281105033,134.50175795062427,1019838
2013-03-08,136.32315063476562,137.81762050545328,135.4825202402044,136.7901706878154,737539
2013-03-11,132.63369750976562,137.07038809547961,131.79306709971672,137.02368323884997,885327
2013-03-12,129.73814392089844,133.28749859686928,121.98562370388254,121.98562370388254,918664
2013-03-13,126.46900939941406,130.67218936951406,125.90859395479227,128.75741878499056,814241
2013-03-14,130.71888732910156,132.02655180226037,124.22731256793269,126.51570758056249,1204991
2013-03-15,129.64476013183594,133.56772544118292,128.7107200937857,130.99911533654478,651943
2013-03-18,129.8782501220703,131.09250483483584,125.3481509348628,129.45793502019856,1089644
2013-03-19,127.0294418334961,130.53209188405205,125.48828151217928,129.83156187394087,970366
2013-03-20,123.62018585205078,128.75740527654023,123.29326618774708,126.09538587383224,690865
2013-03-21,118.9032974243164,125.62838271942779,113.62596988484825,117.68904254756804,1349239
2013-03-22,115.91435241699219,119.27689469709483,111.24415282624989,118.76317701780862,2379340
2013-03-25,119.60382080078125,121.14498104767115,116.38137863419458,116.38137863419458,1137186
2013-03-26,122.73284912109375,124.92784880095408,117.45552887267272,117.7357437204471,1527015
2013-03-28,129.5513458251953,132.26007039071393,121.19169063206043,123.10647549251061,1939645
2013-04-01,133.05398559570312,134.68855547833417,128.2903904891408,131.5128254072926,890295
2013-04-02,137.44398498535156,138.70494472927288,133.24080484204026,133.5210197020583,1468440
2013-04-03,136.41656494140625,139.91921545726407,134.96879987772076,138.0978400394823,1553513
2013-04-04,131.4661407470703,135.06220074196813,130.39200036018943,134.96879103340433,1364325
2013-04-05,135.20230102539062,138.8450516215196,131.65294588548622,131.69965073975874,1133976
2013-04-08,134.5484619140625,137.210467304575,133.6611267838917,135.6226021896926,588531
2013-04-09,135.7160186767578,137.91100418725028,134.59517349562125,135.29570351537157,511288
2013-04-10,141.32025146484375,142.4410965875277,132.82048196754565,136.36983673297735,2267790
2013-04-11,139.4521484375,144.21574298385875,138.751618570184,142.11415338191077,1334386
2013-04-12,138.70492553710938,143.37512505014337,137.0703557075475,139.17194548841277,832927
2013-04-15,135.8094024658203,138.61152230419887,133.47430260050484,137.58408691485118,988564
2013-04-16,136.55667114257812,137.58412103907702,134.08147037236083,135.43582577969335,789507
2013-04-17,131.69964599609375,137.77090627250942,131.13921626965046,137.3972959564272,1224412
2013-04-18,135.66929626464844,136.83684614644403,131.5128215359197,132.40015659562076,1433603
2013-04-22,140.43292236328125,142.7213175562012,131.41942764101015,134.50176254990947,1690739
2013-04-23,137.58409118652344,141.04003624402586,135.90281638083286,140.10599626889984,1160058
2013-04-25,135.90283203125,138.33134194716965,132.40018172116623,136.836872113939,2246425
2013-04-26,135.2957000732422,136.55664552532053,133.80123036820189,134.50176037012966,877991
2013-04-29,135.8094024658203,137.77089205361273,133.56771229604487,133.56771229604487,415488
2013-04-30,135.43582153320312,137.02368693519705,133.70784155754052,136.369861681708,892336
2013-05-02,136.6500701904297,139.17197562306808,134.6418754136036,135.43581520365686,1253183
2013-05-03,145.28993225097656,148.32556240559992,138.33133674699621,140.1060071364634,3167410
2013-05-06,142.39437866210938,146.31734335741695,141.2735336423526,146.037142791716,1465010
2013-05-07,140.43292236328125,143.18833756505506,137.58409745880883,142.48780755177427,1713111
2013-05-08,144.21575927734375,145.1031086113833,140.10598929236178,141.04002922097752,1288174
2013-05-09,141.5537872314453,144.5427128535586,140.43294190469302,144.35590767448684,1362727
2013-05-10,140.99331665039062,142.4410813108993,140.10598161727802,141.97406137217507,1444269
2013-05-13,140.43292236328125,143.70206242525822,139.45217749422423,139.45217749422423,878208
2013-05-14,140.05931091308594,141.69388109705534,138.98517049312014,140.47962610992818,440169
2013-05-15,142.4411163330078,143.37515644010952,139.8258011826589,140.75984128976057,1562040
2013-05-16,151.31448364257812,156.31160346380102,144.21577377076386,146.64428353015288,8280624
2013-05-17,157.15223693847656,157.85276696940588,152.2952315744973,152.2952315744973,9076436
2013-05-20,156.54510498046875,163.45699507112,155.89126559832914,158.50658036993084,7727111
2013-05-21,150.0535430908203,156.91874383450866,149.44642269953206,156.54513347868843,3803039
2013-05-22,144.4492950439453,151.12769027704388,143.1416446113927,150.19365018170035,2243155
2013-05-23,142.39437866210938,148.4656379591361,140.61970856852093,143.8421433449408,2104757
2013-05-24,146.31735229492188,147.76511706618717,140.3862071707711,143.14162216957487,1502462
2013-05-27,147.57833862304688,149.5865191755333,142.90813803370995,147.29812373722243,3890085
2013-05-28,147.438232421875,149.21290287406555,145.80366228084455,148.1854530844896,2825798
2013-05-29,143.37513732910156,147.5316124012078,141.13344707178916,146.6442772682016,1839294
2013-05-30,144.4492950439453,145.8970600421919,141.60048415500424,141.97409449221334,2440279
2013-05-31,142.02076721191406,145.19649711657027,140.15268744392392,144.49596720357397,2175273
2013-06-03,143.42184448242188,144.4492799283937,139.68568449200941,141.04003963807008,2987578
2013-06-04,145.10313415527344,146.17727456134543,142.90813423569233,142.90813423569233,3938790
2013-06-05,144.35589599609375,145.19652636007058,139.31207105527153,143.93558081410535,2291669
2013-06-06,142.4411163330078,145.19653179849362,141.97409627945697,143.6553713227042,1270646
2013-06-07,142.02076721191406,143.65533700890543,140.10598259926064,141.97406236725078,1577506
2013-06-10,140.85325622558594,149.77334242971344,140.38623615471352,142.1609067231001,4320732
2013-06-11,138.5181427001953,143.18834296485247,136.13633771475614,140.47961825995924,2191377
2013-06-12,134.64187622070312,138.05113117524493,132.44689051253394,137.49070140804542,2083999
2013-06-13,133.84796142578125,134.78200161123357,127.40307559476696,132.6337063342288,3768898
2013-06-14,138.79835510253906,140.01259574793815,134.31496007759506,134.4083555298381,1702926
2013-06-17,140.10598754882812,141.04002746582032,135.66929794311523,139.17194763183593,1738706
2013-06-18,143.7954559326172,144.776200788422,139.5922759097275,140.8532356175222,1791207
2013-06-19,140.43292236328125,144.30918273584038,138.51813747651653,143.23504241640435,1074287
2013-06-20,139.0785675048828,141.4136677937648,137.16379666985645,140.0126076204356,3201936
2013-06-21,141.46035766601562,142.53451223651567,137.1170772896795,137.30388244253874,4669085
2013-06-24,140.80653381347656,141.97408384509743,138.00441373758648,141.97408384509743,907117
2013-06-25,135.43582153320312,141.04006242423222,134.4550765268087,140.80655238710602,557666
2013-06-26,138.05113220214844,140.1060176099637,133.56773678816538,136.7434674863961,974214
2013-06-27,139.8724822998047,140.1059922869496,137.44397273257013,138.89173750333234,3226254
2013-06-28,140.38619995117188,142.39438003711447,138.51812014943258,141.92736008667967,2214838
2013-07-01,141.5537872314453,143.1883574898862,139.96592183085275,140.94665258406002,1196393
2013-07-02,140.15267944335938,144.5893686390692,139.54554500203008,141.2268195477098,949423
2013-07-03,139.3120880126953,140.89996773043077,138.2379474999422,140.10602787156304,492114
2013-07-04,139.0785675048828,140.99335259223025,138.2846419580556,139.63899727514294,457355
2013-07-05,138.6115264892578,141.3202509661986,137.6307959180692,139.35876131918351,1000475
2013-07-08,139.35874938964844,140.7598092312045,136.83684452531102,137.3038644724964,480067
2013-07-09,139.4521484375,140.80650333051426,138.56481345602973,139.63895355165425,1168035
2013-07-10,139.4054718017578,142.39439698992456,139.17196179873977,139.4521766528253,764498
2013-07-11,140.10598754882812,141.78726224987767,139.54555789770558,140.2460878354497,1400737
2013-07-12,141.833984375,143.74875503624492,139.6389846017371,140.1527094691305,1328772
2013-07-15,139.4521484375,142.67458297669023,138.751618570184,141.97405310937424,1112743
2013-07-16,138.79835510253906,140.75983062748213,136.79016047299461,137.3038853434511,1281108
2013-07-17,137.023681640625,138.61154698126407,134.87538653160928,137.30389652481333,2430167
2013-07-18,139.8724822998047,140.66642195702482,135.48249739194398,136.08961765759332,1208925
2013-07-19,137.023681640625,140.57303691826124,135.76273604025914,140.57303691826124,670836
2013-07-22,136.04290771484375,137.1637670130176,134.50174755833174,136.36982738553078,518078
2013-07-23,137.11708068847656,138.28463073818716,136.3698458061978,136.3698458061978,854668
2013-07-24,136.04290771484375,137.67747756364292,134.22153273378828,134.7352575367316,557040
2013-07-25,137.6308135986328,138.9384640297492,134.1748538478009,135.90283372321687,1002650
2013-07-26,134.12818908691406,138.51817552554496,133.24083942449337,138.23796059279755,1729266
2013-07-29,130.2518768310547,133.56772172432525,128.80411196190053,133.56772172432525,1552283
2013-07-30,127.66471862792969,131.7101032413964,127.05321317641373,129.92261472522512,1537956
2013-07-31,117.83350372314453,127.80584590808634,109.74274162957659,127.75880371419035,5120681
2013-08-01,132.6038360595703,139.61269164920023,117.78645072322902,119.00947587601094,6475235
2013-08-02,117.83350372314453,134.5324633326121,117.59830710892668,134.5324633326121,4117068
2013-08-05,115.95194244384766,121.36146511364177,110.96577085107168,121.36146511364177,3230823
2013-08-06,122.34925842285156,126.77095106193778,113.22362721237174,113.55290097440927,3407089
2013-08-07,126.25354766845703,127.33546077580586,120.89106739438888,121.3614606527328,1814154
2013-08-08,133.77980041503906,136.4140047572656,125.54792081761785,126.95910017717577,1294871
2013-08-12,135.80252075195312,138.2955989362505,133.2153581868192,134.90876219978895,1539039
2013-08-13,135.80252075195312,138.62487991391743,133.6857513804799,136.3199417807711,676958
2013-08-14,136.83740234375,138.86010206183656,135.0499136210351,136.1788546225005,2171281
2013-08-16,133.54464721679688,138.10746770300983,132.60386067162005,136.3199646540158,1747053
2013-08-19,123.47822570800781,131.89826184713948,117.69238741073492,127.47656825474331,2769817
2013-08-20,120.138427734375,125.83018867248174,117.59830717054368,120.42066654263672,1164236
2013-08-21,119.19763946533203,124.84235812372435,118.53909182623865,124.13676829142531,939051
2013-08-22,115.05817413330078,119.38578993249544,112.98843984489967,118.53908077713272,2481435
2013-08-23,116.04601287841797,117.41015760457698,111.90655085933794,116.65752553651467,3373987
2013-08-26,116.4693603515625,120.09138659212654,114.30554873894985,117.3631045694156,2440388
2013-08-27,116.1871109008789,118.16276074382938,114.58777702268806,115.8107949361193,1341557
2013-08-28,115.52857971191406,118.63317071131951,114.3055544475952,114.87002488588428,1892163
2013-08-29,120.18547058105469,120.8910604279102,114.11740076914977,115.24634165306614,1572244
2013-08-30,118.49203491210938,122.58446117312371,115.38744434227269,119.47986342565699,1635610
2013-09-02,122.67853546142578,123.24301301888369,116.8456629071567,118.16276524517464,646648
2013-09-03,114.72891998291016,124.13678573559264,113.59997896364104,123.7134346477747,1872958
2013-09-04,116.3752670288086,117.45717275200512,111.67133534328472,111.67133534328472,1005021
2013-09-05,115.29337310791016,120.79696478757796,114.63481833894267,118.53908323006206,1712545
2013-09-06,119.33875274658203,119.95026533873701,115.29337555546181,116.28119696343776,1009977
2013-09-10,121.73776245117188,122.7726333015658,118.53909422220147,119.95027391532292,1089788
2013-09-11,120.60881042480469,123.00781855252173,119.95026283324297,121.36144239598701,1760377
2013-09-12,121.5025634765625,122.7726309178171,119.29172394675511,121.36145125209505,865513
2013-09-13,128.13510131835938,128.8877332889088,121.83183548112183,121.83183548112183,1256650
2013-09-16,128.18215942382812,132.27458640258385,127.00617630984806,131.14563112895286,864897
2013-09-17,124.46604919433594,128.32326499482554,123.61933278306122,127.94695615998914,1135789
2013-09-18,125.17164611816406,127.1943313417207,123.29007312685086,125.73610940240042,312008
2013-09-19,129.78146362304688,133.30941215043268,126.44166947940313,128.51141076634357,2949490
2013-09-20,131.4278564453125,132.83903603711312,127.94694965658985,129.16997484053596,2326944
2013-09-23,131.33377075195312,131.89823390818077,127.99397657871667,130.76929324046606,2996106
2013-09-24,130.67523193359375,132.46273479861435,129.7344454852446,129.8285298721843,1450785
2013-09-25,132.36865234375,133.5446354213513,128.88774530510258,129.82853176718362,1023461
2013-09-26,132.69793701171875,135.00286103640983,131.7101083282047,132.2745859631449,979813
2013-09-27,132.2745819091797,134.53246366921553,130.39300899072913,133.59167720999025,632896
2013-09-30,129.87557983398438,133.35648703002957,128.93479332936334,132.36865832912494,861504
2013-10-01,130.487060546875,132.08639443004415,128.5114178754049,130.01666738386876,2335850
2013-10-03,132.50978088378906,133.82687620805513,130.91043239041434,131.23971339911205,421126
2013-10-04,134.4383544921875,137.58999429156825,130.67520934917025,131.4748834341652,4360793
2013-10-07,136.13180541992188,137.35483075661557,134.20319019920447,134.53247122052073,878860
2013-10-08,135.9436492919922,137.91930668470755,134.53246954155628,135.4732560418469,666262
2013-10-09,137.1666717529297,138.06041603851494,134.48542454091145,134.53246673599753,387134
2013-10-10,137.1666717529297,138.71896370393236,135.42621102158276,137.3077839829254,1100941
2013-10-11,141.4942626953125,142.81137221147674,135.56732011598558,135.56732011598558,5286940
2013-10-14,142.01171875,143.37585629862633,140.97686221719434,142.5291541940342,1457949
2013-10-15,142.34095764160156,142.90542075919552,139.894907732919,141.21201705115516,2133195
2013-10-17,141.2590789794922,143.70512947868087,140.1771803098098,140.1771803098098,3169858
2013-10-18,143.70510864257812,145.77483565050272,141.1179462938574,141.541297261687,1633030
2013-10-21,147.6094207763672,153.34822512754073,142.38806631298513,142.38806631298513,2044981
2013-10-22,150.3376922607422,154.66530174015344,147.4682904370077,147.75052927061924,2720432
2013-10-23,149.58505249023438,151.37254108606294,145.35151326881265,151.09031662217828,3553428
2013-10-24,145.72779846191406,152.125148451025,142.15282185073647,148.64424186078034,6241761
2013-10-25,135.84954833984375,148.1268135430942,134.67356535783242,145.82188976940418,3766465
2013-10-28,136.50808715820312,139.14227710724973,132.5097456970148,136.08472187222338,2508923
2013-10-29,136.50808715820312,137.44887338436507,133.07420881955684,136.4140027934835,3491805
2013-10-30,137.77813720703125,140.64753801074357,136.27288788829867,137.1195897328821,1799363
2013-10-31,136.88442993164062,138.20152523355154,134.1561549397128,137.8252163916519,1905129
2013-11-01,136.27293395996094,138.2956192476685,135.28510523713925,136.884439459427,2084157
2013-11-05,142.8584442138672,146.29230939979553,132.27459546307813,134.53247745447433,6256796
2013-11-06,141.96466064453125,147.32715455686355,141.11795863482672,142.99953141662442,2318436
2013-11-07,139.5186309814453,146.6685992640333,138.2956057466471,142.15283586671953,1625414
2013-11-08,139.61268615722656,143.84622465821704,137.91928224103853,139.18933517817956,1605475
2013-11-11,141.02386474609375,143.28176054518494,139.09526425898227,140.45940156276603,2734419
2013-11-12,137.54298400878906,143.75218067707036,136.41404307508233,141.35317222090427,1070011
2013-11-13,136.6492156982422,138.76598496034921,135.4732327748494,137.82519862163497,1387266
2013-11-14,143.752197265625,146.33936045008227,135.47327220430878,135.47327220430878,3581094
2013-11-18,145.63375854492188,148.55018819138274,144.36369098007933,144.59888761391954,3407642
2013-11-19,145.445556640625,148.59718189234724,144.50477041230337,144.9281213439964,2106533
2013-11-20,147.04493713378906,151.41958874498977,145.35151851306958,145.82191177686593,2698124
2013-11-21,143.04660034179688,149.25578306903262,140.92983056666253,145.44560895800186,2137637
2013-11-22,143.6580810546875,146.66859467716745,142.1057892298145,144.69295184144372,1257846
2013-11-25,151.70181274414062,152.40740257085756,144.03440903592133,144.03440903592133,4082301
2013-11-26,148.69131469726562,152.78372751051717,147.04493826135374,150.6199299646722,1910831
2013-11-27,142.71731567382812,149.4909759110361,141.77652913101414,149.4909759110361,1401835
2013-11-28,147.75051879882812,150.00840059716674,144.17552732207332,144.69296275447746,3487149
2013-11-29,148.59719848632812,152.45442819529043,147.18601898625803,148.50312846614625,2648844
2013-12-02,150.2436065673828,151.701828565734,147.98572462850976,149.16170779568597,2244372
2013-12-03,148.7383270263672,152.31330365651814,147.37417534062706,150.10246435684695,1900138
2013-12-04,145.30445861816406,152.07811792077547,143.37584360044366,148.2679444322988,3191123
2013-12-05,150.90211486816406,152.64257524324165,148.8794300908659,150.4317217241171,6219677
2013-12-06,153.63043212890625,155.55904724722507,149.02056985155124,150.14952509025838,3596446
2013-12-09,155.0886688232422,159.13403951221235,154.2889945120196,158.05214071962982,3404813
2013-12-10,150.478759765625,155.08862106349267,149.34981912205342,155.08862106349267,1777162
2013-12-11,147.65643310546875,150.43175031170676,146.38637998834065,150.43175031170676,1147763
2013-12-12,145.06927490234375,148.87946308456526,143.94033397749436,146.95084789551362,986715
2013-12-13,142.9995574951172,146.4804649051956,142.1528553310016,143.94034405758507,1293806
2013-12-16,147.09193420410156,147.98567826006547,141.58832896405954,141.58832896405954,1748287
2013-12-17,148.22091674804688,150.29064418819323,147.28013024295646,148.1268323554327,1182370
2013-12-18,148.92649841308594,150.7139869320668,147.04492550667996,147.04492550667996,2880051
2013-12-19,157.29946899414062,158.47545188786964,147.04490390292762,150.5258103973135,2524728
2013-12-20,153.53634643554688,158.05212428620513,152.03109672216883,157.1113378321206,1737990
2013-12-23,152.36036682128906,155.79424606968607,151.9370157784079,154.28898196692813,1846021
2013-12-24,149.86729431152344,154.75938130544543,149.20874662382946,153.5363559681492,750508
2013-12-26,150.478759765625,154.57118574823846,149.4909313192777,150.52580194978614,2433227
2013-12-27,150.5258331298828,153.818585729599,150.10248209525744,151.18438077877363,534707
2013-12-30,147.75051879882812,152.07812797152084,147.0449289424395,151.79590351317532,1300968
2013-12-31,146.19821166992188,149.3498520859669,145.49262181754725,147.8916301866735,983269
2014-01-01,147.04493713378906,148.4090747277458,145.39856071050187,145.39856071050187,851727
2014-01-02,143.6110382080078,149.9613464075706,142.1528307723172,146.48043959886252,2862278
2014-01-03,141.02386474609375,144.73998222382008,138.76598330226267,142.52912861215455,1636752
2014-01-06,141.91763305664062,143.46992486222584,140.1771724883387,141.58835207714748,750034
2014-01-07,137.30780029296875,143.18771649560756,136.69629474999996,141.91766320899606,1069056
2014-01-08,141.8235626220703,143.18770015434785,135.84956269986483,138.38969769372386,1195550
2014-01-09,140.69461059570312,144.12847525276257,139.75382418497327,140.60052621252558,1377312
2014-01-10,139.5186309814453,142.9995379149004,138.95415337915023,141.40020384874663,820545
2014-01-13,135.23806762695312,141.0709414118107,133.77984559192282,139.70680377462634,1444514
2014-01-14,138.3426513671875,140.83572973602966,133.59167688848135,134.53246334544247,2065518
2014-01-15,141.21205139160156,141.9646690647511,138.38969205150502,138.38969205150502,1073586
2014-01-16,141.87059020996094,143.42288200836845,140.27125622109176,140.27125622109176,1193550
2014-01-17,139.84786987304688,142.6232007858762,136.50809018043742,141.30609142693405,1122874
2014-01-20,142.01171875,143.46994069036444,139.94199132912598,140.27127234494665,1223239
2014-01-21,138.90711975097656,142.4821112903238,137.4959400134918,142.05876024013088,1112972
2014-01-22,139.142333984375,140.74168270682196,137.96635072096663,138.90713733169332,732908
2014-01-23,139.5186309814453,140.7416562162435,138.4837601623249,138.4837601623249,1518047
2014-01-24,136.41404724121094,140.3653478074899,134.67358641361432,138.76601357295596,4192128
2014-01-27,135.42617797851562,138.67188767384806,132.8860579715276,135.04986922016886,2467215
2014-01-28,133.5916748046875,137.73112940864348,132.69793055556767,135.0969388544507,1453706
2014-01-29,137.96630859375,139.04822147888854,134.86172521053004,135.47323057867698,1503702
2014-01-30,133.2623748779297,137.68408201278461,132.65086951941223,136.13177599035902,1530051
2014-01-31,138.24856567382812,138.81304328477898,133.87391443237595,134.5324620749773,765126
2014-02-03,135.42617797851562,137.96629798550364,134.9087426693446,137.7311014227222,520680
2014-02-04,138.20150756835938,139.70677145407646,133.5446180576089,134.0620534155279,787885
2014-02-05,137.07257080078125,139.70677549943213,135.94363003143394,138.20151157012856,2446824
2014-02-06,137.73114013671875,140.0360785840652,137.07259244687532,139.23640430372913,720689
2014-02-07,138.76600646972656,143.46993889242916,138.01337441104164,138.76600646972656,6366201
2014-02-10,139.283447265625,140.27127598344762,138.01337972052974,138.53081517798572,1981260
2014-02-11,139.47158813476562,141.11796438593487,138.81304050535027,141.02388000090625,2114388
2014-02-12,137.40185546875,140.3653268624398,135.80252147286566,140.17717245502888,835543
2014-02-13,135.61434936523438,138.53079285158253,135.0028439674166,137.44889426920926,734478
2014-02-14,138.3426513671875,139.61270447092775,134.86174434748372,134.86174434748372,919174
2014-02-17,142.2468719482422,142.9995037865917,137.54294090263062,139.61266769164806,647048
2014-02-18,150.19654846191406,150.90213828748884,142.48210257334878,142.999537983156,3306662
2014-02-19,154.38307189941406,155.22977401557569,149.11466170587119,150.52584146964915,2624162
2014-02-20,155.04161071777344,157.5817312762486,150.66694508709645,151.51366151009623,2344760
2014-02-21,157.34654235839844,158.42844109289817,152.92484867289213,156.54686809010715,2288323
2014-02-24,154.75936889648438,160.59224193520834,153.6774702359693,157.1113349891361,2124447
2014-02-25,149.58505249023438,156.73503558407393,148.6913081923201,155.08865922018768,1682365
2014-02-26,151.23141479492188,152.12515900974938,145.68078074050982,150.52582499027994,1778597
2014-02-28,157.34654235839844,159.74555080800954,150.66695245638522,151.09031786622344,2464976
2014-03-03,161.48599243164062,163.50869196279135,157.48764991932825,158.05212754552434,1937906
2014-03-04,165.06097412109375,166.33104152714475,160.96856181709,162.09750264732338,2792682
2014-03-05,166.4250946044922,168.0714706678418,164.6846485221072,165.76654705020437,2423656
2014-03-06,168.5419158935547,169.05935140150189,165.34324715304118,166.75442707184382,1618425
2014-03-07,175.83299255371094,178.4671976464237,166.09586081180342,169.05933256906596,4517490
2014-03-10,176.72674560546875,179.45502064911707,171.50537778237117,174.93924268440398,2522084
2014-03-11,173.66915893554688,177.3382198102058,172.775400454948,176.96191102751357,1741685
2014-03-12,172.77542114257812,175.31555597330873,171.27017147631503,172.39911231482773,1067157
2014-03-13,168.58892822265625,174.70404012058654,167.3659029720178,172.77542503557152,923751
2014-03-14,172.35208129882812,174.37478085611906,164.8257894136805,166.51920795889123,1715374
2014-03-18,177.57342529296875,178.5612538411473,172.6342969073365,172.6342969073365,3061068
2014-03-19,174.23365783691406,178.70239373520155,173.38695572460682,178.70239373520155,1385598
2014-03-20,170.84681701660156,175.83297348258432,170.04714282965494,173.1517408395059,1230749
2014-03-21,170.94091796875,173.48103885260898,169.1534292166584,172.163943388464,1492705
2014-03-24,167.9303741455078,172.06982860642978,164.26131288947522,171.22312657973345,1389494
2014-03-25,169.24746704101562,171.41127862469253,166.51919223241944,168.4007650260061,1468660
2014-03-26,168.21261596679688,172.16391608792648,167.27182954008688,169.85899221353935,1836011
2014-03-27,169.10633850097656,169.85897041681727,167.2718080753559,167.9303556184941,1595618
2014-03-28,175.1273651123047,176.96190989313405,168.73002971598618,168.73002971598618,5268789
2014-03-31,176.35040283203125,181.38361567208966,174.75106886821948,176.30336064230661,3889451
2014-04-01,175.26852416992188,178.18495364601023,173.38695120911814,177.5264059807814,1143086
2014-04-02,174.98626708984375,178.46717383294435,164.7787291008318,176.77375547392595,2072685
2014-04-03,170.5645751953125,176.67968672376088,168.4948480105822,175.03331054302478,2074961
2014-04-04,169.20045471191406,172.54023524239867,167.78927498739523,171.22313990828607,2928018
2014-04-07,166.5192108154297,171.97577539681836,165.10803106275657,169.57676694622148,2230925
2014-04-09,172.58724975585938,173.29283950494732,166.42509640943928,168.2125990536182,3813131
2014-04-10,181.57177734375,192.2967366882711,172.49319421866704,172.49319421866704,15336233
2014-04-11,182.18325805664062,188.7217342111362,177.0089334974199,182.0421458562202,8768812
2014-04-15,175.92703247070312,183.7355613818985,174.3276986829304,183.4533226298776,4579077
2014-04-16,182.60665893554688,186.60500141917453,175.97411147400618,176.4915469017634,7878787
2014-04-17,186.6520233154297,191.35595549933933,183.7355939745628,183.78263616745423,6192143
2014-04-21,191.92042541503906,197.09475061005236,187.1224090375586,188.06319543665194,7284821
2014-04-22,192.67306518554688,196.53028096442802,190.1799725141212,193.42569720626523,3848936
2014-04-23,192.34381103515625,200.4345812653684,191.3089544230916,195.68360622397395,7702502
2014-04-24,192.34381103515625,192.34381103515625,192.34381103515625,192.34381103515625,0
2014-04-25,186.93423461914062,194.46052500626465,185.57009735752635,192.86119117005273,5808334
2014-04-28,180.77212524414062,187.8280241897396,178.184962297421,187.59282755821965,6111039
2014-04-29,180.20765686035156,184.86454716208434,179.26687036079898,182.23034209228453,4973177
2014-04-30,177.05599975585938,182.93591482715692,164.26131317387276,180.67803318188322,5884524
2014-05-02,174.8451385498047,181.00727729368654,173.10467816312593,178.74939592931483,5328258
2014-05-05,175.0333251953125,179.12573771685297,171.69353036375952,175.92706946861935,3462920
2014-05-06,181.10140991210938,182.41850533300115,175.55077503872673,176.2093227491726,3079280
2014-05-07,178.27902221679688,184.53524601422643,176.25633720551818,182.04216780448652,4398923
2014-05-08,178.93756103515625,180.25467053931513,174.09251707107236,178.79644882465303,4955646
2014-05-09,192.57896423339844,196.29506746914936,177.9027056905732,179.78427840287853,8272339
2014-05-12,192.4849395751953,197.094788064674,188.25139997476077,194.27242833105097,4820292
2014-05-13,211.20655822753906,214.21707199937364,197.56515468945747,197.612196883055,21252250
2014-05-14,204.19769287109375,215.76936856868602,202.78651325810105,213.55851476622627,11619778
2014-05-15,207.3493194580078,213.74666993051545,202.7865139730678,206.5026174293315,13153383
2014-05-16,211.67689514160156,221.08475714789498,206.0792201189086,221.08475714789498,16816546
2014-05-19,217.9331817626953,218.73285601064563,212.24143505824114,214.4993168620525,8324363
2014-05-20,221.83741760253906,230.21041012638176,217.839075733969,220.09695716470455,7962251
2014-05-21,212.28843688964844,223.3426766455673,199.68190537819416,223.3426766455673,5478596
2014-05-22,211.72398376464844,216.89830900310557,210.73615516625435,214.02890759072707,4449033
2014-05-23,214.21705627441406,215.4400814418611,210.03055974626852,210.73614953265016,3328418
2014-05-26,210.03054809570312,221.97853161128236,198.59999993248672,215.91046265605317,6471305
2014-05-27,201.7516326904297,209.79535896577497,199.11742800276693,207.96082842883044,4048066
2014-05-28,207.3493194580078,209.51313107661116,201.42237654675094,201.42237654675094,2455740
2014-05-29,199.35264587402344,208.00789282245395,198.60002818743138,206.9730219704966,3058419
2014-05-30,214.02890014648438,218.26243883070055,199.44671134529534,199.44671134529534,11195546
2014-06-02,212.75885009765625,216.66312248147457,210.78320716421388,215.44009722443195,2341446
2014-06-03,226.0709991455078,227.48217889753312,213.2292547889198,214.12301344941272,6583611
2014-06-04,229.41078186035156,230.8219615371093,223.7190209597097,227.52920895800796,4530747
2014-06-05,227.34103393554688,230.49267420246068,222.401905202637,230.0222809898026,5542042
2014-06-06,242.3936309814453,244.98079380306288,227.67032830234496,229.4107890335381,8606900
2014-06-09,238.95973205566406,246.29785407552728,237.3603981373672,243.66366378904326,4765315
2014-06-10,231.48049926757812,240.55908239044604,228.32885904903236,240.55908239044604,5125196
2014-06-11,224.09532165527344,236.13739066376053,221.55520120046057,232.7505538205024,6632454
2014-06-12,222.91934204101562,227.76440077570524,219.29732289341527,224.84795709636734,2751243
2014-06-13,216.9453582763672,231.95089908667427,210.31281101951018,223.86012998032558,5345562
2014-06-16,214.5933837890625,216.3808722086819,206.64372721718672,216.3338300175843,3233252
2014-06-17,222.11965942382812,222.5900525913032,212.99402049060376,214.40519999302893,3338397
2014-06-18,217.3687286376953,225.13021743914436,215.29900116169483,221.08483252612436,2415067
2014-06-19,212.5706787109375,220.47329287969796,211.3006257169434,217.32165277910872,2672876
2014-06-20,218.82691955566406,222.02558753224454,209.88944887110338,211.1595018815422,3228673
2014-06-23,222.9663848876953,225.03611217171863,219.767716753774,220.09698339256082,2865754
2014-06-24,223.90716552734375,229.08149078112692,221.55519950289687,225.1301907311084,3569302
2014-06-25,223.10748291015625,226.91767059690167,221.69630334878838,224.80090125484986,1943671
2014-06-26,220.66143798828125,224.75384993688144,218.8739353366568,223.90714797655318,1801189
2014-06-27,217.69798278808594,222.02560627971062,216.85128070963262,221.08481981242372,3496814
2014-06-30,229.26966857910156,230.39860951494347,218.02727270649657,218.26246933293294,3695817
2014-07-01,229.7400360107422,232.65647959286946,228.32885641073116,230.91601901075137,1969294
2014-07-02,255.18832397460938,262.8557277823408,231.33938177994662,231.38642397339066,29796852
2014-07-03,254.38865661621094,259.98634761607167,251.94260604373758,255.7998363260389,10025759
2014-07-04,259.2337341308594,261.06827947081155,253.44790232793625,255.32947551331148,7514461
2014-07-07,264.07879638671875,265.8662850917625,233.31506468052,261.3975489738896,10604584
2014-07-08,243.14625549316406,264.83137043343345,238.58343573115852,264.83137043343345,5348048
2014-07-09,249.2143096923828,256.5054042360494,234.585092769622,242.72288932464218,7271247
2014-07-10,254.29452514648438,268.5004040041023,237.40742830501603,251.42513841861808,9128261
2014-07-11,233.97357177734375,263.32610420596967,230.11635620047858,256.83468387218375,7391100
2014-07-14,237.83079528808594,240.18276119410882,232.2331193028036,235.00843620085848,3749117
2014-07-15,247.3797607421875,248.6027714068121,239.52418965950903,239.71234404212365,4753216
2014-07-16,264.3609619140625,268.5004160738156,247.42680777010122,248.46167848766964,6760956
2014-07-17,268.7356262207031,272.49877177593237,265.81918267329604,268.1241208100828,6726603
2014-07-18,271.22869873046875,276.02671495503876,259.23367252430455,266.94813223522266,8919945
2014-07-21,271.04058837890625,276.45011059397604,269.1590154345341,272.8280769339548,4470445
2014-07-22,267.93597412109375,272.7339908413835,265.44289572747516,271.6050643081253,3096008
2014-07-23,263.2320251464844,270.4760919632751,260.73894691049264,268.1711537823355,3814814
2014-07-24,259.3747863769531,265.91323373353856,255.56458475341452,263.5612680562376,3952702
2014-07-25,252.17776489257812,259.65702771868314,247.47383323100777,256.7405843464054,5432866
2014-07-28,250.24920654296875,261.3034478094345,249.07322342951497,251.8955829018041,5082312
2014-07-30,248.03831481933594,252.41296559386632,243.8047762548509,251.1899548261123,6091746
2014-07-31,246.05517578125,250.7298109022779,245.01639359420957,247.47172838521766,7890098
2014-08-01,244.82749938964844,248.604972861427,241.38056061061758,243.0332052545207,6097901
2014-08-04,250.68258666992188,251.57971929847656,244.11921519760375,245.58297459251824,4251061
2014-08-05,251.01307678222656,254.64890041675034,247.89667299253915,249.879852140446,5848392
2014-08-06,253.56289672851562,260.4095671243508,250.35205016891842,251.06032641676344,6978210
2014-08-07,251.3436279296875,257.81255682272274,248.98270707966256,254.8850092047249,3496953
2014-08-08,247.5189208984375,249.21877219859363,243.9303043027958,247.4244783106885,4238796
2014-08-11,254.97946166992188,257.1042905171712,250.25761978714553,250.82424657704584,4305779
2014-08-12,256.25433349609375,259.65406500111663,255.07387316933807,257.81253536344485,3262251
2014-08-13,259.1346435546875,259.9373623358582,250.91865702343696,255.21552105818594,3863196
2014-08-14,257.24591064453125,260.64564217601094,253.79897222754687,260.64564217601094,2321776
2014-08-18,258.3791809082031,262.43995320015324,257.8125541461129,258.56803728234365,2499975
2014-08-19,271.1753845214844,273.5363055582722,259.8901992575406,260.1262913612194,5479772
2014-08-20,276.841552734375,280.9495604750353,269.0977502081391,271.93085501965203,11384639
2014-08-21,280.38299560546875,284.5854468642699,277.0304990335003,278.02207440835326,6936813
2014-08-22,281.1384582519531,283.6882354046442,277.8803760448195,280.4301820173444,4107903
2014-08-25,277.0304260253906,284.2548372206877,275.4722242099079,280.7606632418697,2557796
2014-08-26,281.4217834472656,284.1604460457046,273.1585599400053,276.227757242702,2768112
2014-08-27,272.2141418457031,285.860274274487,268.48387581546183,282.602192358462,3607703
2014-08-28,267.1145935058594,277.5026453536968,265.69804098115424,273.5835224659796,3637436
2014-09-01,270.5614929199219,271.5530680152563,260.9289256231128,269.90042364314513,3598155
2014-09-02,272.7808532714844,275.28342409015414,269.99495460438555,269.99495460438555,2060621
2014-09-03,273.016845703125,278.54140530190267,271.93082806366635,274.0084207609286,2780904
2014-09-04,273.2057189941406,276.6054504058064,270.46705687523786,273.01686263894504,5686505
2014-09-05,274.0084533691406,276.60546616464654,270.4670722843598,274.6222869932027,1540290
2014-09-08,283.1216735839844,284.72711161188806,273.6307813915243,273.6307813915243,3472358
2014-09-09,278.777587890625,284.4437987923057,277.3137994491208,284.0660283429891,1903788
2014-09-10,277.1249084472656,280.24131252619395,271.9780893261798,274.8111944233275,3601230
2014-09-11,277.1249084472656,279.0136451786974,273.9612686581503,278.3053689044105,1911504
2014-09-12,277.1720886230469,283.21603981712974,276.2749272341534,277.78592223763224,2602822
2014-09-15,275.5666809082031,277.64430286574503,272.45027679172597,275.6611235098797,1273200
2014-09-16,264.13983154296875,276.5110335217706,262.9121354308339,275.5666651985134,2068845
2014-09-17,266.73681640625,268.2005756255698,256.6792717644263,264.423102729435,2458969
2014-09-18,278.2109680175781,279.5330781638446,262.67609454438804,264.42318204688,3210047
2014-09-19,269.0977783203125,278.9664104861419,267.8228752579783,278.3997837006783,3571431
2014-09-22,269.900390625,272.6390811624695,266.359010260852,268.1060970044638,1729402
2014-09-23,257.9069519042969,272.35577331648625,256.9625837382759,271.31696256989727,2629647
2014-09-24,253.32676696777344,259.5123670843481,246.57454017323215,259.5123670843481,5118762
2014-09-25,252.99623107910156,256.3487554288304,249.54929296670622,255.9237782175114,5305786
2014-09-26,264.37591552734375,266.0757669292156,252.38242666134113,254.03507117642943,3311604
2014-09-29,265.7924499511719,269.806014930027,261.6844423853187,266.21739836291664,4799075
2014-09-30,262.1094055175781,269.9476795613342,259.79572051525514,263.195452099304,2567794
2014-10-01,259.8429260253906,267.5867574358341,257.34035585171665,261.63721999029843,1937730
2014-10-07,245.44131469726562,259.84293123067766,242.23046825050437,258.8985629334048,5687206
2014-10-08,246.62179565429688,250.1159701737976,244.16643211247222,246.3857035602721,2156752
2014-10-09,254.7905731201172,255.64052770372172,248.03834508040165,248.13278768078385,2010254
2014-10-10,244.49691772460938,253.09067398585628,243.26925061007262,253.09067398585628,1876136
2014-10-13,246.00791931152344,249.12432288427456,237.98078950673283,242.70263056837436,2155274
2014-10-14,245.67742919921875,249.78543743133838,240.81393778824682,248.3688848561134,3429442
2014-10-15,245.67742919921875,245.67742919921875,245.67742919921875,245.67742919921875,0
2014-10-16,238.87794494628906,247.89666457766936,237.0836510428361,244.30807677076342,2214333
2014-10-17,236.42259216308594,241.33330407748957,230.5202907251211,240.2944932604415,3201427
2014-10-20,244.49691772460938,247.09393023752395,239.39733528139766,239.77507679203742,2122596
2014-10-21,247.3300323486328,250.25757960992266,243.2692605093099,246.43289982683552,1999783
2014-10-22,254.0350799560547,254.8377987979496,248.55775518753813,249.78542248467087,2777106
2014-10-27,249.1715850830078,255.82937015996058,248.03833157977454,255.73492756471884,893003
2014-10-28,246.85787963867188,251.24918667930427,245.53576971953362,248.8410589272966,1208043
2014-10-29,256.8209228515625,257.340313791835,248.27437403740475,249.31318473777776,2843234
2014-10-30,256.7265625,259.181926172791,255.07391775367645,257.62369521324473,2122837
2014-10-31,269.7588195800781,271.9780910172765,259.04023279858984,260.45678535597153,2716153
2014-11-03,275.28338623046875,277.17212301421125,267.7284390954988,271.4114700598294,2314825
2014-11-05,272.68634033203125,278.2109005235039,269.2394018805453,275.7555372362013,1797633
2014-11-07,276.60546875,279.2969241635563,268.24780354783394,272.54469659609634,1615079
2014-11-10,274.52783203125,284.2076055440089,271.4113998523182,276.65266036331906,5822567
2014-11-11,275.28338623046875,279.95802129816593,272.92246525079065,277.64430721014685,1984726
2014-11-12,283.9715576171875,289.3072327158889,278.58864681187225,279.15527355240545,6066400
2014-11-13,277.8804016113281,287.9379193041515,275.09450330428257,285.29369931292985,2585938
2014-11-14,280.7134704589844,282.271672352738,276.03883595789074,278.82473390417204,1540791
2014-11-17,279.62744140625,280.66625223339264,276.1332673930879,280.66625223339264,1170407
2014-11-18,286.2380676269531,288.03236182187624,280.28852941873055,280.4774146265483,2537080
2014-11-19,283.4521179199219,290.1571381038635,279.5329955370011,287.7490106499738,3988326
2014-11-20,283.5465393066406,285.1047410026447,276.18047920562367,283.26324038730496,1669583
2014-11-21,286.1907958984375,287.79623350333753,280.9967703553092,283.35769105673114,3515231
2014-11-24,289.260009765625,291.5737237165729,285.19923744908505,285.19923744908505,3374221
2014-11-25,282.0827941894531,289.73215358942514,278.11643620293916,288.9766705538179,2054557
2014-11-26,280.28851318359375,283.8771301854131,276.747131890911,280.6662835773477,1374295
2014-11-27,274.19732666015625,281.4217379957451,272.92242376097425,278.16365601115024,2123941
2014-11-28,274.1028747558594,281.2800789630453,272.45023037748643,273.91398958468443,1925459
2014-12-01,272.92242431640625,276.18050630763173,268.2005830652574,273.86679256663604,1974590
2014-12-02,270.23101806640625,275.3778374918617,269.14500014557575,271.978105410266,2280967
2014-12-03,275.0472717285156,276.6999162796741,269.8532459963033,269.8532459963033,1637493
2014-12-04,270.2782287597656,277.31375555723304,269.1449752308598,275.2361625140183,1869475
2014-12-05,268.719970703125,274.95280684039994,267.25621146156845,270.6087071798852,2638164
2014-12-08,261.4011535644531,268.8616867512098,260.6456703955885,266.8785074081458,1157284
2014-12-09,254.2239227294922,264.28143796959995,251.24913994002944,259.7484534645987,1934181
2014-12-10,259.9373779296875,262.15664922729553,253.42124233955855,254.03507597851385,1964268
2014-12-11,262.6288146972656,266.78402921128026,255.21551821008316,258.37915759478506,3450618
2014-12-12,262.0150146484375,271.4586983074933,260.22069169734857,264.18705036208615,5222845
2014-12-15,272.0252685546875,273.3474071881118,259.2290900283955,260.22066518363124,2084321
2014-12-16,259.2291564941406,270.84487766157054,256.86823521459473,270.84487766157054,1933499
2014-12-17,258.52081298828125,262.6760275974597,252.66571820728038,258.42637039765236,2231001
2014-12-18,273.81951904296875,274.81109393645903,262.20377510015135,262.5343096712564,3335626
2014-12-19,273.7723388671875,277.3609553643235,270.1837511898822,275.75551787615336,3204495
2014-12-22,274.15008544921875,276.65268431283243,269.239387948554,274.43341320991925,1909478
2014-12-23,272.11968994140625,279.4385434611586,271.03367227986064,275.3305360441703,2092865
2014-12-24,267.303466796875,271.88365934718865,266.3118914947759,271.88365934718865,2631645
2014-12-26,273.111328125,273.86681124878726,267.5395320126921,268.57834292277494,1208404
2014-12-29,276.7943420410156,278.11645183756735,271.93085127879027,275.23614018008567,1377996
2014-12-30,298.4204406738281,299.45925176925545,277.455448820073,277.455448820073,8904689
2014-12-31,301.3006591796875,303.42548760498806,294.0762482976316,299.17583075438694,3559436
2015-01-01,301.7729187011719,304.5588170830447,298.65651442639654,301.2535275953217,1456204
2015-01-02,301.5840148925781,307.67517298467584,300.3563188411132,301.5840148925781,2894058
2015-01-05,305.78643798828125,309.2806121573817,301.5840164279661,302.62282730146893,2099786
2015-01-06,303.9449462890625,313.01088782758546,298.04264435250246,303.75606109915907,3672197
2015-01-07,303.2366638183594,310.4138685895306,299.742489615866,304.0393826291844,2981544
2015-01-08,315.93841552734375,318.53542845336983,305.5503638232396,307.8640777761784,2932673
2015-01-09,312.7275390625,324.0127511360352,309.13895125375575,320.99076121932194,3543488
2015-01-12,310.1777648925781,317.07164162636525,307.4390738971251,313.6719101442904,2990475
2015-01-13,305.0309143066406,312.86915847141836,302.9060859562074,311.83037655595865,2688701
2015-01-14,312.82196044921875,315.3245303688465,304.7003883158542,305.97529112617923,2272652
2015-01-15,312.2081298828125,318.53537947414577,308.10012248570376,315.4189759700385,2140699
2015-01-16,312.4442443847656,315.9856253574965,307.864052562734,311.4526404205017,1970666
2015-01-19,310.0833435058594,316.1745018754032,308.4306989465528,313.5774889964929,1362398
2015-01-20,312.1137390136719,314.1441251979028,308.66680030744243,310.69718649167334,1091657
2015-01-21,311.0276794433594,314.9468017977156,308.0529253102857,311.9720476646419,1514648
2015-01-22,311.0749206542969,313.19974938666206,308.8084424370742,310.7443859764066,1376133
2015-01-23,327.6013488769531,333.12590905040184,311.7359733827834,313.5302673415547,7519790
2015-01-27,325.94873046875,330.0095316685191,321.93516497841523,328.640186032118,2928237
2015-01-28,320.3769226074219,330.5288810982982,315.3245468038102,324.29604500504973,3391819
2015-01-29,325.0043640136719,329.0179295274158,318.8659696985342,321.69907476705924,4034959
2015-01-30,322.0767517089844,332.41759466176353,305.50310191216056,327.12912716454235,4373172
2015-02-02,317.21331787109375,324.76826454891597,314.47465546435006,320.61304964008065,1735161
2015-02-03,309.5638732910156,318.2048650658948,307.9112290004935,317.59100270212315,1537152
2015-02-04,303.3783264160156,314.4746543082746,301.4895897535035,311.1221582602492,2792395
2015-02-05,294.831787109375,304.7476540011275,291.29040607660625,304.08658468041097,2167857
2015-02-06,283.49945068359375,296.4845182665061,281.98845523725026,293.79306213080696,3265593
2015-02-09,283.4521179199219,290.77097168820484,276.22770673842166,280.19406482464944,3103409
2015-02-10,300.1674499511719,301.9145369539185,281.5161772668953,281.5161772668953,3921257
2015-02-11,307.9585266113281,310.60274647981424,301.25350552072433,302.1034312770352,2148555
2015-02-12,317.8743896484375,319.19649956313447,308.6195626058896,309.46951716946984,3539194
2015-02-13,316.6939392089844,325.1932545541615,313.1053221046749,318.9132106464144,2180303
2015-02-16,312.82196044921875,322.6906194841524,311.31096559327165,316.4577837157643,2205960
2015-02-18,315.2301330566406,317.11886969285734,311.6415449757624,313.81358057947807,1227170
2015-02-19,315.27734375,322.029570924779,305.6920118456774,316.5050109382029,2643121
2015-02-20,310.6971435546875,319.2436643950528,308.2417804252436,316.41055974257847,1302901
2015-02-23,305.40869140625,313.9080057987421,303.331098513318,312.5858959905431,1737238
2015-02-24,315.46624755859375,318.15770322047024,301.48960698510433,305.73926471864536,2330482
2015-02-25,309.94171142578125,318.67711887262794,308.6668083587608,317.3077732043772,1467120
2015-02-26,309.0917053222656,314.00243156948,304.55874941701444,309.8472171863613,1775811
2015-02-27,326.98748779296875,330.1983338946954,309.5638830526749,311.07487792990804,3025639
2015-03-02,311.9720458984375,316.9299790321017,307.4862968727413,315.8911682306059,2592113
2015-03-03,317.8271179199219,320.1880385071144,313.5302539791641,314.0024380966026,2016305
2015-03-04,313.5303039550781,324.20165518224127,311.7360097867723,320.99080843582516,1846535
2015-03-05,314.5218200683594,316.74109112057437,308.9972891087958,314.28572801641803,1770268
2015-03-09,306.9197082519531,317.2133173185902,305.5031557523287,313.1053093057126,1825760
2015-03-10,299.88409423828125,309.6583103460678,297.1926680690342,306.96685535699197,1215285
2015-03-11,290.67657470703125,301.1590694482827,285.3881348554411,301.1590694482827,4828130
2015-03-12,292.9902648925781,294.6429094165492,287.087963021253,289.49609065682034,3431277
2015-03-13,289.2127685546875,298.7036576764681,288.03230827487243,295.4928114793374,4356123
2015-03-16,295.87054443359375,297.23988984644194,286.1907704195317,289.63773739259847,1629195
2015-03-17,301.7729187011719,303.000614945657,293.0375107693326,297.75935289465116,5158959
2015-03-18,299.0342712402344,303.095072966428,295.4928894661439,302.24511828477534,3069180
2015-03-19,295.4927978515625,304.7003876094769,293.22631998281105,298.56199443753394,1470026
2015-03-20,291.0070495605469,299.0814148096882,289.44884782399214,295.49279842568217,2049167
2015-03-23,286.94635009765625,293.9346706396599,285.71865386011046,291.1487722735339,1387396
2015-03-24,290.0155029296875,291.8097968876841,282.36611414050986,287.08795551409696,2447607
2015-03-25,297.2399597167969,297.9482360306574,291.99872652216385,292.89585922781833,2456872
2015-03-26,287.27685546875,298.0426485901392,286.1436019528841,296.10667623552126,3406327
2015-03-27,288.0323181152344,290.676537704425,278.96637709255896,290.676537704425,3371344
2015-03-30,291.3848571777344,292.7542028804322,286.1436241057128,288.9767292948782,3039118
2015-03-31,291.0543518066406,297.901022692496,288.0795682969171,293.69857179324333,2590770
2015-04-01,293.6513366699219,294.6901187520392,289.0711446157521,291.290415901776,1026200
2015-04-06,303.3783264160156,305.8336898412483,294.1235282976398,296.29556393159504,2039045
2015-04-07,305.8808898925781,307.4863275477611,299.0342196440139,305.0309641774127,1913068
2015-04-08,301.3951110839844,306.9196709245932,300.3090933969866,306.25860164390025,1317175
2015-04-09,299.08148193359375,302.71727719493913,294.6429389534755,301.9145871158387,1503986
2015-04-10,302.0089416503906,305.8336501879807,296.0594334628024,299.27027960879974,2127407
2015-04-13,312.3970642089844,313.1997831361211,301.77291940233283,302.6700809361627,2405161
2015-04-15,307.62799072265625,315.04128805123673,306.2114381943861,312.11374039551157,1576904
2015-04-16,309.2806091308594,313.9080079004538,303.8976984516412,309.75279326693703,1676768
2015-04-17,304.7948913574219,313.5302987782,303.1422467102476,309.37508371498615,1471127
2015-04-20,296.0594787597656,306.8725079329925,291.14875179466804,306.4475306460732,2002115
2015-04-21,296.9566345214844,302.81170090762475,292.99027598584536,296.4844503539004,1679188
2015-04-22,296.2483215332031,300.54518539744157,287.79621445363813,298.7980984300653,2317579
2015-04-23,300.875732421875,302.0561927430375,295.77614959841924,297.47600093296046,1069160
2015-04-24,298.7036437988281,301.2534494126982,295.5400334517686,301.2534494126982,1316393
2015-04-27,288.92950439453125,305.45595030126583,287.60736566612485,299.1286709118965,2330507
2015-04-28,289.07110595703125,293.509619115664,281.89390201773926,289.92103155593287,2539436
2015-04-29,295.4455871582031,297.85371445896027,288.74056740063304,290.8653957788879,1566799
2015-04-30,299.88409423828125,302.10336515277635,291.52645917406556,295.6344375670548,2916537
2015-05-04,327.8846740722656,333.3619984969742,303.1894208161281,307.43907802076376,6375610
2015-05-05,323.635009765625,332.1343239883832,319.1492605925026,330.15114490577326,4219216
2015-05-06,312.7747802734375,325.0987745792269,310.7443654518627,321.4157441170235,2247751
2015-05-07,304.8421325683594,313.8136330916394,297.85381160893,313.8136330916394,1709602
2015-05-08,316.4577941894531,321.79346883313843,308.0529228511011,308.0529228511011,2097977
2015-05-11,324.909912109375,325.8070735499826,318.2993338054623,318.81875367838455,2266220
2015-05-12,316.26898193359375,324.2961136010445,314.61633717853033,324.2961136010445,1550748
2015-05-13,321.51019287109375,324.8626887415105,315.9383969559981,317.73271974619246,3022877
2015-05-14,315.3718566894531,321.08527430727975,312.3498661092141,319.5742790171603,3075816
2015-05-15,310.6971435546875,319.81029108951384,308.85561400264686,317.16607160847013,1663198
2015-05-18,320.4714050292969,321.60462975630975,311.16937102674586,312.39703835263515,1370344
2015-05-19,320.94354248046875,325.7125904211795,316.69388552821255,319.479754460571,1685421
2015-05-20,323.9655456542969,325.28768437859503,319.715888148627,321.8407169014619,1660453
2015-05-21,329.0178527832031,331.4732157005059,324.4376615601279,324.8626387492137,2609479
2015-05-22,330.5810852050781,336.1231147507744,328.5442392983455,329.2547588720107,2369700
2015-05-25,324.84954833984375,331.8600024599341,322.43379331633076,329.349505709572,1420555
2015-05-26,327.0758361816406,331.8126332298903,324.94427750992827,324.9916339159648,1576396
2015-05-27,321.06011962890625,326.7442764671086,318.4075246688585,324.9442992505679,2585896
2015-05-28,315.470703125,322.6706408704365,303.6760661734475,322.0074776777992,3394601
2015-05-29,306.8023681640625,317.0812241295279,305.57078351433137,315.5654432050754,3711024
2015-06-01,295.14984130859375,308.6497142132345,292.02356651617663,308.6497142132345,3889157
2015-06-02,292.8761901855469,304.1024062935609,290.08149694478476,301.35506946440967,7395219
2015-06-03,281.60260009765625,295.3866687061984,272.8395250735913,294.62879270099614,24022178
2015-06-04,294.8182373046875,299.6971321091046,285.1551605006844,285.1551605006844,6343813
2015-06-05,294.9129638671875,299.0339829585256,292.4498526044235,294.62876761721134,2533852
2015-06-08,286.2446594238281,297.3761332486539,282.5499632556838,295.33931616080275,2647500
2015-06-09,290.41302490234375,294.9603675631237,285.34467502488394,287.47623376587325,2724447
2015-06-10,296.4761657714844,297.70772155156254,289.9393621216492,290.83936520709534,2282770
2015-06-11,288.234130859375,303.4392394273616,286.6236081282526,303.15504313886606,3718393
2015-06-12,295.62347412109375,296.57083347275386,284.2078054980346,287.0498835530149,2854243
2015-06-15,293.728759765625,300.3129189215685,291.88142634921087,293.77614508057724,3154460
2015-06-16,296.71295166015625,298.41818687787065,287.28671482766435,293.6813902607616,4130581
2015-06-17,294.6287841796875,298.418221918333,292.16564386734484,295.5761436143489,4251580
2015-06-18,294.6287841796875,297.18666621771945,293.06564689471935,295.86033988030107,2616024
2015-06-19,288.5657043457031,296.76035809261333,287.0499233904608,295.52880232898224,3438440
2015-06-22,294.6761169433594,297.94451829514406,288.091986747416,289.8919637466267,3121416
2015-06-23,299.4129333496094,301.63923377049093,294.6761362460806,294.6761362460806,2683470
2015-06-24,295.14984130859375,301.26032166145717,293.4446057692967,300.21822042694555,2241106
2015-06-25,296.09716796875,299.79189274595205,291.8814359987566,294.4392890239953,5190167
2015-06-26,294.8182373046875,298.74977277189305,292.734035198377,294.62875387280013,2127770
2015-06-29,290.50775146484375,291.31301272940806,285.0130785615478,290.46039505973994,1890624
2015-06-30,291.6919860839844,293.11302534283243,288.9446492991017,288.9446492991017,2632153
2015-07-01,294.9129638671875,296.2392901300468,290.3656504008851,292.54456541367296,2854143
2015-07-02,299.4129333496094,302.2076552051374,295.4813975359035,296.00246256396076,8669541
2015-07-03,303.9128723144531,308.6023127292742,302.20763702421635,303.1076399841884,5189498
2015-07-06,303.2497863769531,304.1971458914634,299.6024464638651,300.26560968846945,2853145
2015-07-07,315.5180358886719,317.0812020240118,304.67078812998636,304.86024266288723,7877450
2015-07-08,303.7708435058594,312.0602398297974,302.1129642410718,312.0602398297974,6546522
2015-07-09,298.5602722167969,306.37598630054083,296.1445176099022,306.37598630054083,3521086
2015-07-10,300.4076232910156,304.62335459750057,298.6076465022294,301.97076026782713,2531442
2015-07-13,304.4813232421875,305.04974469776056,297.0919310530857,302.20766633101124,1890469
2015-07-14,299.2707824707031,305.76019914096736,297.47080567084043,305.3338759123454,1960113
2015-07-15,302.82342529296875,303.86552641128645,298.5129516035677,299.27082755628186,2112588
2015-07-16,309.6917724609375,311.6812329213818,305.76023685524615,307.891795439055,3075862
2015-07-17,311.9654846191406,313.2918111025969,303.24979420726646,312.34445156362455,2556255
2015-07-20,311.49176025390625,313.1022828040309,308.46022750988544,310.7338842956797,1847655
2015-07-21,305.66546630859375,313.81276190944607,304.1023292767764,313.102242448519,1927178
2015-07-22,307.4181213378906,308.2707390046789,303.1550040928351,305.42866084130856,1703725
2015-07-23,313.9075012207031,315.80221976869456,307.8917640486082,308.55492710484947,3000343
2015-07-24,306.8497314453125,313.00756809853567,305.0497542058245,313.00756809853567,2337434
2015-07-27,297.4234924316406,305.7128871046394,296.2866495977551,305.23920740903947,2359169
2015-07-28,296.9498596191406,300.4077161607313,295.76566019317676,297.3761540658163,2415757
2015-07-29,298.1340026855469,299.6497545353463,296.99715988708397,298.1340026855469,2000338
2015-07-30,301.5919189453125,303.10770000965016,298.51300040351873,299.365618217484,3092912
2015-07-31,307.8918151855469,309.3128543325571,300.7866194504958,302.96553457813195,3265863
2015-08-03,313.2917785644531,314.4285925464804,306.94445874811674,308.83917762927797,2834386
2015-08-04,321.29693603515625,322.38639356736644,312.2496652927881,314.76016193078055,4458398
2015-08-05,321.9600524902344,325.8915876638406,319.7811088306994,323.99686913091125,2486133
2015-08-06,328.49688720703125,330.06002450740823,317.6496100087839,323.0495704040307,2426994
2015-08-07,321.6758728027344,329.3968750439585,320.20747729673656,327.7389960934577,1883328
2015-08-10,320.728515625,326.1284758084972,319.26012010882664,321.24958064543694,4031354
2015-08-11,314.3338623046875,322.48115957357317,311.63391092928003,322.48115957357317,3016995
2015-08-12,314.3338623046875,314.3338623046875,314.3338623046875,314.3338623046875,0
2015-08-13,317.0811767578125,320.20745095715046,310.73385773356614,310.73385773356614,4693354
2015-08-14,344.6019592285156,346.54403430714535,322.1021749489905,322.1021749489905,13845397
2015-08-17,339.4388732910156,345.786193056778,337.82837960153006,344.83883362374576,3561590
2015-08-18,344.3177185058594,353.1755040436451,342.61245457095754,342.61245457095754,4140901
2015-08-19,346.2598571777344,348.81773909616055,336.3599399839937,341.049380530737,2272302
2015-08-20,349.1492614746094,355.07025715089236,339.67566839255664,347.63350971037033,5891117
2015-08-21,345.8335266113281,347.82298707145554,337.5915174352481,341.5704094443894,4288543
2015-08-24,316.9864807128906,331.2916143237244,308.270762127039,330.2021278171557,6795047
2015-08-25,326.6495361328125,330.91265377967346,308.50760792894965,320.2075032531137,5152340
2015-08-26,329.5389709472656,336.54942467983744,318.5495961959052,325.89163149856176,4493391
2015-08-27,337.7809753417969,343.7493567818864,329.6337078034781,338.0178151867739,14512261
2015-08-28,343.55987548828125,350.0019366585797,338.20730074057616,341.52305859097396,5905591
2015-08-31,336.7389831542969,352.79671111202146,327.0285472032603,345.7862558173997,30058587
2015-09-01,324.2337646484375,336.07575751361054,321.1548465034925,326.79164667176104,3654461
2015-09-02,316.9391174316406,329.16007842946226,315.4233653209784,325.8916765047205,4886043
2015-09-03,321.5337829589844,326.60216166332134,318.40750842193967,319.7338058342885,2448672
2015-09-04,321.4864807128906,324.61275577661763,312.628662817504,320.2075394918677,2104869
2015-09-07,305.66546630859375,327.31263166706,304.38652549670286,322.9547731911519,2580631
2015-09-08,300.8339538574219,310.118092952269,295.2919247182668,306.61285174820506,4788058
2015-09-09,306.9917907714844,310.35493386508205,303.2970950289111,306.47075468499696,2070584
2015-09-10,309.0286560058594,310.73389140644866,298.228735431743,302.30239830599675,2432225
2015-09-11,305.94976806640625,316.4180791814656,303.62872568161595,311.6812815889287,2528750
2015-09-14,312.581298828125,313.7654982797983,305.9971383123738,307.323435916024,2471856
2015-09-15,314.5233459472656,317.2706826447021,309.6918068387439,313.00756500385063,2164523
2015-09-16,316.6075744628906,319.8759475770199,313.6707540637153,319.8759475770199,1854497
2015-09-18,321.8179626464844,332.71259449059227,317.3653624153175,322.1021588692775,11182333
2015-09-21,315.37591552734375,319.5442908017812,314.0496182460835,318.1232518051926,2001172
2015-09-22,302.3024597167969,317.8865080775003,300.40774048185756,317.8391516610753,2640588
2015-09-23,294.4866638183594,299.9339801564896,292.9708830550918,296.28664082612755,3910066
2015-09-24,285.96044921875,296.807697326274,284.53941007627924,296.523501062226,10386968
2015-09-28,291.0288391113281,295.57615297730155,286.8130779290963,288.56569872096065,3282892
2015-09-29,281.74468994140625,288.8972710160964,277.5763142132596,287.997267989184,5666979
2015-09-30,283.260498046875,287.5236159104567,278.5237004206731,287.00257973602186,5296746
2015-10-01,288.991943359375,290.93404727412525,282.7867514989679,287.0025119551056,4450444
2015-10-05,301.11822509765625,302.82346064589683,292.78144408895696,293.68144718510035,5465126
2015-10-06,299.1760559082031,304.05497944077865,296.5234614279251,303.01287842670104,3585046
2015-10-07,297.9918518066406,302.6812918361522,295.6708389029205,299.1760509139808,1851446
2015-10-08,303.865478515625,305.4286154911607,295.7181832081205,297.5655453044599,3186244
2015-10-09,301.78131103515625,307.6075941985392,299.3181998405215,305.99707173025047,1322859
2015-10-12,303.865478515625,307.18123588056557,301.26024058602883,305.0496775745323,1229567
2015-10-13,306.5181579589844,308.17603710182476,302.3024254852896,303.15504326224107,1271687
2015-10-14,307.4181213378906,311.1128171680492,304.3865597325166,305.99708225620543,1676790
2015-10-15,311.68121337890625,313.5759320012704,307.8917761341779,308.08125956085905,1970502
2015-10-16,306.2812805175781,313.48121769424387,303.2023624870598,313.05492331360995,1561900
2015-10-19,300.9761047363281,307.60762079614295,298.9866441361606,306.2812944552875,1396880
2015-10-20,293.5393371582031,302.49186679072636,292.4498795514241,302.49186679072636,5636626
2015-10-21,297.66033935546875,298.2287318748092,292.7340588396755,292.7340588396755,2184160
2015-10-23,297.6129150390625,301.26025408616437,296.57081403830324,300.59709101901456,1598163
2015-10-26,299.6971130371094,300.31289078488777,295.1971564717207,298.7023684496728,1674155
2015-10-27,294.9129638671875,299.9813423399315,294.01298980152035,299.17608108351374,2983187
2015-10-28,284.8236083984375,294.3919444757701,282.5499515362781,292.7340654642412,6552757
2015-10-29,284.30255126953125,287.3814692063315,282.45518894300574,285.01307079340825,4435704
2015-10-30,280.6551818847656,286.8130170991149,278.8552050658702,285.91301423411204,3247944
2015-11-02,279.9920959472656,286.7657396774418,274.8290038845682,277.67108245853245,7004865
2015-11-03,275.87103271484375,285.62882169246376,275.0183862376195,282.6446457555109,3207025
2015-11-04,274.21319580078125,279.66051246811213,272.4131897731189,278.00263348240276,2575040
2015-11-05,269.14483642578125,277.5289736800057,268.10273520635997,273.9763755986493,2305175
2015-11-06,270.0447998046875,272.7447800208768,266.49220186525844,269.523763671351,2510273
2015-11-09,261.5185241699219,268.5763625455276,259.9553871013501,263.3185299754831,5642736
2015-11-10,251.61866760253906,262.0396212170853,248.63449121332386,261.47119978315976,5013279
2015-11-13,253.27651977539062,254.79230046836324,247.82920368988204,252.47125857183215,4675141
2015-11-16,257.7764587402344,258.8659160998783,252.56598284435393,252.9449207636505,2383616
2015-11-17,256.4975891113281,261.85016459772504,255.3607461269969,261.2817431055594,2545418
2015-11-18,253.22915649414062,258.0606952247316,251.71340458040697,256.16597642145,2005924
2015-11-19,256.4975891113281,257.2081087487556,251.38185350407372,254.0344485860225,2036037
2015-11-20,255.50282287597656,259.10277676568,253.9870421656916,253.9870421656916,3352666
2015-11-23,261.94488525390625,264.2185421284982,259.0080652066303,259.9554246469699,3246402
2015-11-24,256.0238342285156,262.4185090889874,255.31331479957433,261.94482946969316,2730094
2015-11-26,253.89231872558594,258.15543601762005,252.99231573282185,257.2080766193902,5489324
2015-11-27,254.129150390625,257.39755177370097,253.46598726877627,254.83966991641424,3022945
2015-11-30,253.89231872558594,255.0291615679075,250.3397209822242,254.36599842470085,4828780
2015-12-01,249.392333984375,255.17123145626368,247.3555172858132,254.83964992135566,5104457
2015-12-02,247.63973999023438,251.80811554465578,246.36079902517747,249.8186839446943,3928835
2015-12-03,245.2239990234375,249.10817854446302,243.32928012646076,246.2661001989979,5427457
2015-12-04,242.0977020263672,244.32398798409452,241.15034260889408,241.57665145564548,3911817
2015-12-07,241.67137145996094,245.27132535837526,241.1029500783396,244.27660962387228,2699537
2015-12-08,237.8345489501953,241.57661519644088,236.88718967491513,241.57661519644088,2741462
2015-12-09,231.15570068359375,238.07142740663247,230.8241191012098,235.89249782874936,4226145
2015-12-10,233.90304565429688,236.31881517628386,229.40308820462707,232.19781018518435,4531790
2015-12-11,228.45570373535156,237.21877780973497,226.1820470550315,234.89775027033394,3975604
2015-12-14,241.15036010742188,242.05034872821545,226.56101534635866,227.17680768573427,4625481
2015-12-15,238.82931518554688,243.85030853913977,237.88195576704896,243.09243256878747,3908369
2015-12-16,238.4029998779297,241.1029800934191,235.89250311694047,240.3450896420924,2954754
2015-12-17,242.80821228027344,244.0871533031925,238.7345782632437,239.68193770079625,2430145
2015-12-18,246.5029296875,247.4976455021056,240.20298094683923,242.52400860684799,3384209
2015-12-21,246.8818359375,248.77655451121666,244.37133960954768,247.78180991334878,1249639
2015-12-22,244.03976440429688,247.54497650988787,242.85556526502052,247.54497650988787,1992099
2015-12-23,243.7555694580078,246.5502913373247,242.38191563296093,245.36609205136253,1924064
2015-12-24,244.51345825195312,247.54499087778848,241.05558789123236,243.66084060440923,1660435
2015-12-28,248.2081298828125,249.15548915717437,243.56607522066142,245.36605205972685,2392484
2015-12-29,249.6765899658203,252.37657038041453,247.9239979824743,249.4397500857878,1721015
2015-12-30,247.9713134765625,251.05023140893624,247.308150357452,250.48181000842916,1410867
2015-12-31,247.16603088378906,249.10813475849443,245.55553745110637,248.68181151716348,2727837
2016-01-01,253.46604919433594,254.17656889371582,246.4082375271681,247.26085538419983,1347893
2016-01-04,244.3713836669922,252.47129546551048,243.4713806177718,250.52922014176073,2536252
2016-01-05,242.23980712890625,246.59765190137549,240.86613882514484,245.55557964105418,2815055
2016-01-06,238.5450897216797,243.7555517457423,237.36089052176624,239.6819180624853,2029467
2016-01-07,232.10305786132812,234.4714564109335,228.7872998918806,232.7188357020025,4244402
2016-01-08,228.69256591796875,234.23462449408643,226.75049060592224,232.3872764538999,4219352
2016-01-11,221.72947692871094,226.13469248498322,220.26106692476762,224.52418434911795,2995719
2016-01-12,224.76101684570312,227.83993488468536,221.77684052860477,221.87156779493142,3544439
2016-01-13,218.08212280273438,227.17677848357096,211.07166928810886,226.18204825979873,4137056
2016-01-14,215.8084716796875,220.68736675023536,212.87165179191337,215.05058127746605,2802513
2016-01-15,206.76121520996094,217.3716389413076,205.10333605020182,216.47165028855017,3286291
2016-01-18,207.75592041015625,214.00848380989842,198.756006062546,199.98757618017257,4116330
2016-01-19,220.59262084960938,221.5873365594647,207.1874779559472,211.07165690448386,3713322
2016-01-20,207.8506317138672,217.2768686342196,204.6769866241567,216.99265794343276,4087126
2016-01-21,209.65065002441406,212.20851765865226,203.77702430175938,212.20851765865226,7664473
2016-01-22,210.07693481445312,213.1558526865928,205.055927393391,211.26113399604532,5622627
2016-01-25,206.90330505371094,213.91377389273248,206.28752717273215,211.26116445244213,1804218
2016-01-27,204.01385498046875,208.46644132191707,203.2085936987403,208.37169959857582,2189628
2016-01-28,199.750732421875,208.37169416552362,196.2454911274473,204.62962748003258,12022147
2016-01-29,201.07704162597656,205.34015911627995,197.61918544384253,200.22442391013902,4589849
2016-02-01,209.46119689941406,210.1243456762445,201.5507390781649,202.0244188409808,3982611
2016-02-02,202.0243682861328,212.16110978264948,200.55595849774852,210.26639120552278,2971041
2016-02-03,199.1349334716797,203.20858158810023,197.0507457824002,200.84018320129252,3026403
2016-02-04,204.3454132080078,206.5243426500138,200.50860486858198,201.36123697487483,2023624
2016-02-05,199.98757934570312,206.52435356152847,198.0928605056891,204.34542400440083,3022383
2016-02-08,200.88758850097656,205.48227348577763,198.94549859972457,200.319167008468,2723554
2016-02-09,199.32440185546875,201.55070211463325,197.57179572780586,198.94546389693528,1954496
2016-02-10,192.17184448242188,198.85071614615745,187.9560839299766,198.803359744445,3393463
2016-02-11,177.0141143798828,194.01921317101906,172.89309509806213,192.31396331455676,3670827
2016-02-12,168.67733764648438,180.66142781851875,160.24583063379163,178.0561895675933,12168356
2016-02-15,181.08773803710938,183.78771802746758,174.31412431471153,174.74043314067418,9208050
2016-02-16,189.80345153808594,193.59288893775377,183.5508740464114,185.2087529087661,9113057
2016-02-17,201.31387329101562,203.01912310882744,185.96665384182378,190.4666110095053,6728882
2016-02-18,199.32440185546875,204.44015102900957,194.91918665140207,203.20858098044104,4659211
2016-02-19,198.3770294189453,199.70334109744405,194.91917379484346,197.90334977424337,2019974
2016-02-22,195.06130981445312,200.55599765195004,193.49817246537722,198.04550082935944,2342159
2016-02-23,193.45077514648438,197.6665213360161,192.313946824838,195.10865399842265,2174859
2016-02-24,189.61398315429688,193.0244828669295,188.3824274660951,192.17186516655016,3502611
2016-02-25,188.0034637451172,191.2718506745903,185.16138564026113,190.70344372695314,4868927
2016-02-26,189.56661987304688,193.68762454951312,186.2982184104835,191.2718552119669,2188367
2016-02-29,186.34556579589844,193.26129136832708,185.49294823384852,190.41921355408698,3939877
2016-03-01,196.00865173339844,197.0507528431572,186.0140217473859,187.57715895646695,2152599
2016-03-02,207.28225708007812,210.8348551294777,197.85603314678298,197.99813128653557,4228824
2016-03-03,215.52427673339844,217.37162478571594,206.19278028821265,209.22434211879926,3290989
2016-03-04,213.2979736328125,216.80321514989328,210.5032661562832,216.80321514989328,4768604
2016-03-08,216.23480224609375,219.5031895751311,210.59801620680344,212.20852443866374,3066086
2016-03-09,214.1032257080078,220.4031599742727,209.65063939191737,215.99794451958311,4117976
2016-03-10,214.52951049804688,216.75581063427455,212.39795207399914,216.75581063427455,1543894
2016-03-11,219.0294952392578,220.59264695720788,214.10322914127798,214.52953798960706,2649095
2016-03-14,220.16632080078125,224.99785956739888,217.56108242684294,220.7347422282271,2722628
2016-03-15,216.23480224609375,221.30318126825847,215.2400718966758,220.82950152620788,1913147
2016-03-16,216.51898193359375,217.41897042331973,211.02429482263386,216.94529074919487,2172701
2016-03-17,223.2926025390625,226.8925710671474,218.88738721288345,219.21895432190212,5383866
2016-03-18,229.21359252929688,230.39779172035085,223.33996743278044,224.00311608865937,4606790
2016-03-21,231.0135955810547,232.10305310934504,224.287338055663,226.37152584553343,3240298
2016-03-22,227.96829223632812,231.53698806181524,225.06575006071986,230.29983727143428,3153670
2016-03-23,226.7787322998047,231.4418224797916,225.87466557361057,228.15862514726524,2083410
2016-03-28,224.2568817138672,231.20394712142263,221.44951004481115,228.7772306030286,2756755
2016-03-29,226.35049438476562,230.4901729763421,222.02047372557192,225.0181725167501,2043092
2016-03-30,234.0588836669922,236.4855999713126,227.96831466730265,228.3965553042858,2883662
2016-03-31,235.72430419921875,237.9131076942183,230.77571446339175,235.15332145339084,4192902
2016-04-01,231.15634155273438,236.00977416865982,227.92072948949206,236.00977416865982,1772898
2016-04-04,230.8232879638672,237.3896835857105,229.53855144082428,237.3896835857105,1986415
2016-04-05,215.31134033203125,230.7281052217587,213.02738054135392,230.68051970089832,4836504
2016-04-06,213.50320434570312,218.64212107840288,210.45790529707594,216.02507719171908,6273776
2016-04-07,206.31820678710938,216.9767088805377,205.5568820973515,214.59757830070723,4171133
2016-04-08,208.64976501464844,209.3635042336267,204.31974418196793,205.5568950657426,1631016
2016-04-11,217.97596740722656,218.78486316884195,208.17394557971772,210.2199922649907,2417006
2016-04-12,222.30596923828125,223.4479490229211,215.35890497688607,217.92836312259092,2704639
2016-04-13,222.25839233398438,226.44565654692997,220.7833283995167,223.63828523226908,2830268
2016-04-18,220.11715698242188,225.30365857335138,217.0242873293558,224.4471774009264,5479038
2016-04-20,222.2108154296875,224.8754448144272,220.30751080073944,220.78333695797645,2111521
2016-04-21,218.26144409179688,224.58992559352927,217.35736285921172,222.7817921704802,2990447
2016-04-22,218.97518920898438,222.1156300268242,216.31055999655155,218.40419204879842,7431640
2016-04-25,220.59300231933594,222.40113585037957,219.11793837503114,219.83167758797913,1454607
2016-04-26,218.02354431152344,221.63981137783347,216.02506870451086,220.97365768251643,2703783
2016-04-27,229.5861358642578,230.29987514673738,216.64365773353668,218.88004662706444,7177265
2016-04-28,224.06654357910156,230.014370784541,223.01973470358175,230.014370784541,5899252
2016-04-29,226.68359375,228.4917419825496,221.49709118920225,224.58996142063043,2160232
2016-05-02,221.68739318847656,225.77950084992668,220.59299888740722,225.54158778264542,2312439
2016-05-03,224.1141357421875,230.7281168864174,221.25917859897493,223.87622264691979,5328996
2016-05-04,198.18157958984375,223.1624509667148,195.5645359217906,223.1624509667148,22904231
2016-05-05,188.4271697998047,200.51315202921597,187.19001881104796,199.5139141336408,17225029
2016-05-06,185.14398193359375,189.85465852665902,181.33737223882363,188.42717989112023,15642446
2016-05-09,187.23757934570312,188.80779974271923,184.9536197643959,186.66658218984588,9413270
2016-05-10,185.14398193359375,189.33124678941542,184.62057019635014,188.37959436572288,4925308
2016-05-11,183.66891479492188,186.00046029095563,180.14780378855832,182.52693480921792,7021749
2016-05-12,185.71493530273438,188.09406598568543,184.23988589615377,184.81086854742523,6098282
2016-05-13,179.43402099609375,190.56834857013698,170.72639485815571,185.19151957495905,15272242
2016-05-16,176.81700134277344,182.90757029218935,174.81852569193225,179.8622858174814,9997240
2016-05-17,174.3903045654297,178.29208526454133,173.86689283441763,177.57834595526947,7208437
2016-05-18,174.34268188476562,176.5314848709354,171.8208093378907,173.58135721291612,5909252
2016-05-19,163.25596618652344,175.57986141408546,161.49540350213056,175.57986141408546,13478073
2016-05-20,169.34652709960938,171.67807237471342,162.11397819477511,163.30354359238555,13115129
2016-05-23,172.34425354003906,173.62897555317525,169.39412532428085,170.58369081110865,10109957
2016-05-24,172.10630798339844,172.7248761114616,168.53761219597155,172.20146449176028,3874787
2016-05-25,174.0096435546875,175.15162350689008,172.58216498416851,173.96205803145762,4249199
2016-05-26,175.8653564453125,178.4348148753044,172.62972975626954,175.10403166429873,5744871
2016-05-27,182.43174743652344,183.62131284041453,176.05567977587967,176.4363348967,8241406
2016-05-30,181.05186462402344,184.62056103579786,176.48393031273957,183.38341004217017,3672794
2016-05-31,182.8599853515625,185.28670164353426,177.53074113421818,181.05185177302926,6758009
2016-06-01,192.51927185058594,193.47092419337574,183.19307598703358,183.52616011543495,10935767
2016-06-02,195.27903747558594,196.51618829643425,190.99660237953773,193.61364604934496,6232617
2016-06-03,194.66046142578125,196.27826726997628,192.32891642787723,196.27826726997628,3927140
2016-06-06,193.8515625,194.66047272960057,186.52384300061655,191.2821043016527,5811557
2016-06-07,196.5161895751953,197.61058385399357,192.42408199702024,194.75562710471715,3666830
2016-06-08,193.56607055664062,197.80093487665874,191.94826456301317,196.9920246193142,2752494
2016-06-09,192.13858032226562,195.8976182650985,191.28209911970615,194.56529642426509,2365078
2016-06-10,192.947509765625,195.75488123284828,191.75794435399968,193.13783732727262,1978971
2016-06-13,192.8047637939453,193.851572622197,188.1416587628035,191.47244184744972,2446154
2016-06-14,198.51467895507812,199.84698638924834,192.091025821138,192.80476505824245,4836424
2016-06-15,196.99200439453125,201.65509434230626,196.3258507621434,200.7986131751019,4053483
2016-06-16,198.41949462890625,199.37114688132306,192.328926021863,197.46784237648941,4409306
2016-06-17,197.65817260742188,199.3711495892506,196.46860727574378,198.89532345657935,2988774
2016-06-20,196.80169677734375,198.80015787676473,193.51849927603237,193.51849927603237,1787203
2016-06-21,193.42332458496094,199.79939191306966,193.18541151659076,196.99202061051372,2846802
2016-06-22,197.32510375976562,198.37191254289195,193.28058161704462,194.1370628506081,3917750
2016-06-23,197.134765625,198.7050006126316,194.7080639077665,197.75334832475602,4392227
2016-06-24,192.13858032226562,193.28057462042588,185.90526980362128,190.33044688527977,6402985
2016-06-27,193.9943389892578,195.70730161683008,192.23377631850977,192.23377631850977,2862705
2016-06-28,193.09024047851562,196.80169305768305,192.75717089543812,194.1370637877565,5865629
2016-06-29,193.2329864501953,195.3266184329626,192.42407625361997,194.13705315626976,6496278
2016-06-30,196.84927368164062,197.753340414748,193.66123283635247,195.94519242747228,5638170
2016-07-01,194.4225616455078,197.84850110452385,193.94673551055604,195.1838863656429,3280576
2016-07-04,202.93984985351562,203.60600354905696,195.5645446419576,196.04037078463878,5170996
2016-07-05,204.17698669433594,205.93753458860587,202.70192284920242,204.17698669433594,6536180
2016-07-07,199.89456176757812,205.98513047343852,198.5146688833977,205.98513047343852,7139883
2016-07-08,197.03961181640625,201.70270228264832,194.70806658328522,199.89456871926345,2451302
2016-07-11,206.93679809570312,207.69812287069016,197.94368640139086,200.08490416294435,7409680
2016-07-12,207.46022033691406,209.26835406353536,204.98591832263574,208.60220029694136,5113880
2016-07-13,206.79403686523438,211.26679953680133,204.79556133146187,206.93677889433488,5136217
2016-07-14,206.4133758544922,210.0296574600373,204.17700168604173,206.79404548305888,3685749
2016-07-15,209.83934020996094,212.83703926167834,207.69812245271646,208.60218926822944,5747335
2016-07-18,207.41261291503906,212.12328882846978,205.7948069323841,210.93372347047912,3449057
2016-07-19,209.9344940185547,211.07647382446103,205.65205885561005,208.3166735623712,3614887
2016-07-20,210.69581604003906,211.64746835191107,207.93603014403496,210.315160923715,3477005
2016-07-21,212.40879821777344,215.40651178495492,209.17318608796018,211.26681832025477,5312623
2016-07-22,214.45484924316406,215.02583190421626,210.88615315760705,212.21846055445707,3937731
2016-07-25,215.21615600585938,216.45330686655439,213.31285145742442,215.35891255962878,4843432
2016-07-26,213.55075073242188,218.35659731101575,211.40953325373692,216.0250522939931,3999228
2016-07-27,217.64288330078125,218.35662254281772,212.74187964722216,215.0734249336623,3648076
2016-07-28,214.3596649169922,220.35507687326668,213.55075471265474,218.68968546991604,4676659
2016-07-29,221.16400146484375,222.21082486363278,215.21617424686644,216.9291513898564,4990407
2016-08-01,217.50013732910156,224.82785717733572,214.9306790084301,223.1148801232008,3414966
2016-08-02,213.7886962890625,220.49784831318283,212.9798004978814,218.880042209758,2083401
2016-08-03,212.0757293701172,217.35738823012352,210.7909929051597,214.7879298212708,3212161
2016-08-04,216.8815460205078,218.40419545739343,212.26604123437173,215.2637400694801,2779249
2016-08-05,222.68666076660156,223.54314211497092,218.16631188351883,219.45104842713604,2112014
2016-08-08,229.01512145996094,229.7288606889295,222.73422495767448,224.1141178961347,3171611
2016-08-09,228.1586456298828,231.1563446545513,223.44796951066283,229.3482110398405,7445154
2016-08-10,245.95452880859375,248.6191434178505,232.34588458571244,232.6789686723998,19509517
2016-08-11,241.2438507080078,247.19167740199222,238.95989106594232,246.00211206319534,4663215
2016-08-12,245.76422119140625,248.38126517311534,239.05506917044866,242.00519728552757,8089419
2016-08-16,260.3244934082031,261.32374581895203,245.81179480965784,247.04896031218618,15191371
2016-08-17,254.70977783203125,262.98916593934405,252.3782467053969,260.7527768260236,11251645
2016-08-18,262.1326599121094,263.60770948552096,254.99526705600323,255.32832215558747,9439270
2016-08-19,259.8486633300781,264.4641830498476,257.08887731522503,261.609225991284,3970921
2016-08-22,257.4695129394531,266.1771545419933,255.66137941445697,261.1333800287565,3638085
2016-08-23,259.3252258300781,262.79875056946975,257.0412663467878,258.5639156830215,4511269
2016-08-24,257.0412292480469,260.56232447263494,255.56615111810692,260.56232447263494,3036313
2016-08-25,249.09500122070312,258.3736115813597,247.52478066040158,258.3736115813597,8422383
2016-08-26,245.24081420898438,250.47490196318205,242.7665123713025,250.23698888344578,4991512
2016-08-29,249.90391540527344,250.617654674876,235.5815444910359,241.19628760348445,6941895
2016-08-30,250.23699951171875,252.5685303668864,247.52478447910516,251.75962005300158,2076344
2016-08-31,250.23699951171875,253.56778276949413,249.04743406251325,250.52248360267797,5047234
2016-09-01,246.19244384765625,251.14101802501276,245.33593360581182,250.4272788515566,3552214
2016-09-02,255.23316955566406,256.3751349399589,244.38430963105276,246.4779563987803,6194172
2016-09-06,257.51708984375,258.6114840598663,254.6621332579925,256.94609271817444,4376626
2016-09-07,259.08734130859375,260.84790388991433,253.4249984491873,256.9461236118285,3506325
2016-09-08,262.275390625,263.1318719222896,258.84943639371704,258.84943639371704,3257359
2016-09-09,259.03973388671875,262.1801744502184,257.0412585089828,261.6567773703416,2254000
2016-09-12,247.42958068847656,255.8992797574655,244.0036268397503,255.8992797574655,4089149
2016-09-14,251.90237426757812,255.04281522627625,244.43189793853307,248.3812491569332,5183715
2016-09-15,254.47181701660156,256.708205710736,249.33290044935254,253.18708061425852,2969754
2016-09-16,258.0404968261719,261.70436372677096,254.75731405196336,255.04279810463495,5596231
2016-09-19,262.798828125,264.27390690315383,256.6130869677765,258.84947611766006,3949553
2016-09-20,257.0412292480469,263.56005171904485,254.9000120961063,263.56005171904485,4084585
2016-09-21,256.66064453125,262.65604258203365,255.0428239564675,261.7043902538379,5226987
2016-09-22,262.0374755859375,263.98835125088874,258.4211792968366,259.9914288793028,4923688
2016-09-23,261.799560546875,264.2738624015375,260.0865689357437,263.36978107548555,3066615
2016-09-26,257.3267822265625,261.22856255770716,255.80413270195433,261.22856255770716,2817192
2016-09-27,251.90237426757812,260.467244928162,251.0458639678211,259.80107670437843,3623937
2016-09-28,257.8977355957031,258.84938775657287,249.42803717238615,253.80564292081087,4450516
2016-09-29,244.3843231201172,260.46727180963893,242.14794870724154,260.08658761840366,7369816
2016-09-30,244.3367462158203,247.23927433006355,237.05661138724045,245.5263116793832,8404996
2016-10-03,251.7120361328125,254.5669930643756,246.76343250125365,248.0957689696821,3775937
2016-10-04,255.70899963378906,256.7557939915242,250.37974063260313,254.66217623392888,3083178
2016-10-05,252.61611938476562,256.89855481499967,251.23621190706285,256.89855481499967,2157411
2016-10-06,252.09271240234375,254.6621854732111,248.5716159832259,254.0911882305599,3683355
2016-10-07,253.9484100341797,255.23314638674788,249.66597488703374,254.4718071575376,3109737
2016-10-10,251.23623657226562,255.94692762484632,250.42732621427047,255.94692762484632,4104061
2016-10-13,238.9598846435547,250.5700246128997,236.10492790717322,250.5700246128997,5621911
2016-10-14,242.0527801513672,243.81334280089473,239.1026520686622,239.81639132856864,2690365
2016-10-17,238.62681579589844,242.71892361704943,237.34207937401624,240.76803348499425,1657111
2016-10-18,254.09117126464844,255.9944759183162,239.38814571927725,239.38814571927725,4975655
2016-10-19,258.46875,260.1817123873667,250.09419299856432,255.99444840770943,4745567
2016-10-20,271.45880126953125,272.55319553633905,255.70896832543073,259.65831931023536,7256284
2016-10-21,271.9346618652344,274.3137927651927,268.0328813808777,272.17257495523023,4031821
2016-10-24,271.8394470214844,280.64222993300774,269.31757448228285,271.60153396982156,7433061
2016-10-25,297.67681884765625,301.6737700039903,266.98603309803894,272.7911177614298,20614093
2016-10-26,290.3491516113281,301.197983109206,284.87715033841204,297.8196287227779,11974635
2016-10-27,290.25396728515625,293.87023460497375,284.8771373061677,290.6822224602958,6866827
2016-10-28,292.1571960449219,294.72666834359717,287.7320195679744,291.205543940541,6175751
2016-11-01,290.39666748046875,293.10888210053747,286.87557171167634,292.15722988592535,5197221
2016-11-02,285.4005126953125,289.4450348815108,282.7834689277724,285.4956837316476,4954922
2016-11-03,274.26617431640625,287.30379196741427,273.2193510930984,285.2101745629188,5762076
2016-11-04,273.7904052734375,277.73975689870997,270.50719289845273,275.0275417683477,6331988
2016-11-07,279.3099365234375,283.87785572537064,276.74046382102387,283.87785572537064,4697049
2016-11-08,275.8363952636719,281.40356642767017,272.6483545935087,281.40356642767017,4446596
2016-11-09,268.7466125488281,269.317609756029,248.28608742602026,255.0428247866282,7432798
2016-11-10,280.30914306640625,282.7834445875326,272.17252839725256,275.02748498883216,4488690
2016-11-11,263.3697814941406,278.83413180770805,259.6583432273093,274.0758701727642,4430411
2016-11-15,253.7581329345703,267.1288679647199,245.52634463038822,267.1288679647199,4007163
2016-11-16,252.42575073242188,261.7043598545373,248.28605777720776,257.89775098392585,3586045
2016-11-17,251.8072052001953,256.3751246380719,249.52324548125702,254.0911649191336,2448535
2016-11-18,249.23773193359375,253.4249962514191,244.3842993879247,252.18785987642187,2821119
2016-11-21,243.33750915527344,252.18787913869295,233.29757370421856,249.38049301822326,4715918
2016-11-22,248.19088745117188,250.4748760137155,244.57462063067948,244.57462063067948,4773262
2016-11-23,250.95068359375,251.90233574383305,245.6214257448611,251.18859663127077,4191100
2016-11-24,245.24081420898438,250.95072812265457,243.76573568934518,250.95072812265457,4052569
2016-11-25,252.23545837402344,253.13953977578763,243.38510262277325,247.4296253447548,3644381
2016-11-28,259.5631408691406,261.22853224043666,251.3789260360616,254.04356965540774,5898358
2016-11-29,263.5125427246094,266.46267096153736,254.6621870559517,261.7044089800813,4965658
2016-11-30,264.4642028808594,268.27081257771846,262.8939821893304,265.41585530507416,4877016
2016-12-01,261.799560546875,266.79573525562404,258.5639484486814,266.46265113328263,2039195
2016-12-02,253.0443115234375,261.13335513878474,251.47409121829412,260.46721603102816,2854273
2016-12-05,255.70899963378906,260.1817482810098,250.95073785453826,253.61535283406866,4802020
2016-12-06,258.7543029785156,261.2286052299206,257.0413401348431,260.75277899088616,3001729
2016-12-07,263.98834228515625,269.22242993661513,259.1349097453788,259.3252518222812,3768935
2016-12-08,273.2193908691406,274.3613562445377,266.3674824482604,266.3674824482604,4172911
2016-12-09,271.8394470214844,277.2162761806394,270.50713974059687,275.4557428320312,3130514
2016-12-12,267.74737548828125,271.6491556549337,265.79647088389356,271.220900510962,1781321
2016-12-13,272.1725769042969,273.31457136130496,264.98761315182037,267.79497020859986,2703309
2016-12-14,270.12652587890625,274.40896146219734,268.461134263182,273.5524801539641,2454540
2016-12-15,270.50714111328125,277.54936166981145,269.36514684265654,276.07431235886526,4952579
2016-12-16,266.7005615234375,272.17256233970784,265.7013382086203,272.17256233970784,3752270
2016-12-19,263.0843200683594,267.4143269121864,261.9423255607805,267.3191558628671,2479261
2016-12-20,259.2301330566406,262.7512588944936,255.4711231378763,262.7512588944936,1657363
2016-12-21,260.9430847167969,262.3229631923058,257.0413042923625,261.13339776059564,2500157
2016-12-22,250.80792236328125,260.27687324441416,248.4763919295082,258.61148191652484,2771674
2016-12-23,250.18936157226562,255.518619785908,246.52549473525394,249.47562241085248,3336863
2016-12-26,247.42958068847656,249.33288515531098,244.8125370465792,249.33288515531098,2684615
2016-12-27,254.04359436035156,256.6130381578062,245.7166366941008,248.3812515304516,5604754
2016-12-28,255.5186004638672,258.70664095219394,254.18629327173446,254.9476033694907,3862488
2016-12-29,251.85479736328125,255.13800970162185,249.95149259719997,255.0428386548926,4400374
2016-12-30,255.47103881835938,258.04048227386266,251.61683007192488,252.18782718718774,3744173
2017-01-02,260.5623779296875,263.51250575270024,254.09115415969768,256.75576887860586,2622173
2017-01-03,260.70513916015625,264.27383501081295,258.8969766954599,261.89470444370846,2064823
2017-01-04,261.60919189453125,263.5124963521737,259.03974830198666,261.8471049517365,2741205
2017-01-05,273.60003662109375,274.9323440344761,262.18020900560464,262.94151922978784,5997054
2017-01-06,272.2201232910156,277.6921239053146,271.22090001307976,274.83716706307166,5651466
2017-01-09,270.9354553222656,275.0275491073582,268.93697943382136,272.50567600528365,2877279
2017-01-10,279.69061279296875,280.45195207901605,271.22091290029664,271.3160839413181,5779720
2017-01-11,281.3559875488281,285.25776766053264,280.26159324779604,281.5939006161013,3323800
2017-01-12,278.5962219238281,284.4013069935181,275.5509228256589,282.6407443599554,3420733
2017-01-13,279.8333740234375,280.8801974622124,276.50259065414315,280.2616292163401,1699998
2017-01-16,286.1142578125,288.3030755249123,278.26312634776485,280.45194406017714,3614730
2017-01-17,280.5946960449219,287.8272595803177,278.4534782968055,287.8272595803177,2231245
2017-01-18,277.7872619628906,286.01904740565504,276.026699644097,282.4027807849866,2613239
2017-01-19,281.070556640625,283.11660359769536,277.882515127822,277.9776861811544,2290542
2017-01-20,270.4120178222656,282.0221884688342,269.6982785376518,280.73745194810414,3279639
2017-01-23,272.41046142578125,275.3605892618736,270.41198585667854,271.3636381236682,2261781
2017-01-24,278.97686767578125,280.68985925173445,272.1725594967863,273.1242118027191,1945278
2017-01-25,289.9208679199219,291.30077537430975,280.214031867339,280.9753420918901,4477090
2017-01-27,289.2547607421875,294.01302277747845,287.4941979807045,290.25398415274793,3386640
2017-01-30,287.9700012207031,291.06287129700814,286.78043580673966,289.06439559312463,2241418
2017-01-31,279.1672668457031,291.1580941610992,278.358356411807,288.82653391789205,3859712
2017-02-01,289.873291015625,291.205598402506,279.4526869069215,281.26082043498303,3158512
2017-02-02,289.4450378417969,293.6799021439773,286.6376810149972,290.6822032425607,3018242
2017-02-03,288.8740234375,296.2017572415285,287.11349004180965,289.8256756696013,3352462
2017-02-06,294.2508850097656,295.96384742948635,287.9699744005869,291.0628441888372,2426463
2017-02-07,288.9692077636719,295.39286062588707,286.6852481099754,294.34603731399045,1803476
2017-02-08,290.77734375,292.06208014178327,284.5440329068496,291.25316989198467,1581009
2017-02-09,290.0635986328125,293.2040685312614,286.3045896129213,291.6814190994791,2032244
2017-02-10,296.2018127441406,298.5333727665276,290.3491562284649,290.8249824336764,5313049
2017-02-13,294.58392333984375,299.5800973295793,289.87326243193655,298.05747706164163,2291161
2017-02-14,292.1571960449219,300.62689396548797,290.4918048622554,295.01215235806444,6996004
2017-02-15,285.4481201171875,298.34299721572256,282.64073420436875,293.20408058406787,4562477
2017-02-16,284.16339111328125,288.35065555047385,279.78578459352906,285.4956985648256,2837571
2017-02-17,282.878662109375,287.87483696580637,281.49875457979635,285.59087712557704,2264046
2017-02-20,285.7811584472656,288.2554601004009,281.78423643108255,283.782711960235,1690844
2017-02-21,289.4450378417969,290.63460320284497,283.8778661436672,285.9715127959611,2559043
2017-02-22,285.7811584472656,291.681414001502,283.0689727742607,290.2539356295534,3507421
2017-02-23,282.878662109375,288.73131827562673,281.49875457979635,285.82879021397855,6593433
2017-02-27,282.3076171875,286.16182599363674,280.737396877794,282.6407012634062,2116155
2017-02-28,287.1611022949219,288.68375189347745,282.45041145235547,283.2593217742874,2570349
2017-03-01,287.87481689453125,290.2539476126679,286.5900804983129,288.3030720406451,1892520
2017-03-02,279.64306640625,290.92015326992197,277.8825036398326,289.06441945410666,2458242
2017-03-03,282.0221862792969,283.0214096531482,276.93084028015414,278.8341450243476,2871834
2017-03-06,288.49334716796875,290.1587384518503,282.1172951063795,283.44960232506094,1877927
2017-03-07,293.3468322753906,294.44122665225916,287.3514341815025,288.35065751644237,4069985
2017-03-08,291.681396484375,294.06052696140904,286.30456741470203,293.3467878182988,2786117
2017-03-09,286.3521728515625,291.6814315695782,285.2102075104957,291.6814315695782,2564963
2017-03-10,284.3536682128906,291.20557572925065,282.68827684842597,287.8272220067563,2684711
2017-03-14,294.2984619140625,296.1541954411213,289.3974585750094,290.872507963712,5102357
2017-03-15,295.29766845703125,298.6284511842584,293.10887999598737,293.10887999598737,4865596
2017-03-16,309.9530944824219,311.5233146080734,296.4396233117183,296.9154493523471,7051972
2017-03-17,309.66766357421875,312.99844674213284,305.7658831976659,310.9999710329595,6779619
2017-03-20,309.71527099609375,313.8549355125848,309.00153172881943,311.2378915325789,4103266
2017-03-21,310.0007629394531,311.4758125123377,304.57633275390015,309.28702365409754,2802311
2017-03-22,308.0022277832031,309.0966220014448,303.91013495251843,306.336836438277,2518171
2017-03-23,309.8580017089844,311.19030915074626,306.5272185835177,308.3353521860605,3911142
2017-03-24,307.6216125488281,311.95161898951034,306.1465630691559,311.3806508310076,4636734
2017-03-27,303.8625793457031,308.3353569428975,302.2923587993263,307.0030494805814,2353739
2017-03-28,305.3376770019531,307.38372384450525,304.0529404591932,305.527990055838,1760774
2017-03-29,305.4803771972656,306.43202946267763,301.4834260656861,305.62311922865297,4426029
2017-03-30,322.8956298828125,325.36993179468317,305.05214836757915,306.33688484510094,9728166
2017-03-31,323.18109130859375,326.13121892223137,319.75513759734105,325.46505076872216,3417463
2017-04-03,325.56024169921875,327.2732041385039,322.37220084187834,324.1327633191071,2441776
2017-04-05,340.8342590332031,341.8810823519608,326.46430376475183,327.2256430157223,5947873
2017-04-06,339.4067687988281,341.2625023012345,334.12511043370506,338.55028758314893,3524928
2017-04-07,330.3661193847656,336.2663757839804,328.8434697615367,335.2195523528776,4918075
2017-04-10,335.1243591308594,336.7421796938876,329.3192741626173,331.2225788051804,2222773
2017-04-11,317.6615905761719,338.64554547405635,314.56871997363345,335.4099328059804,9397306
2017-04-12,311.7612609863281,320.32613063407274,308.00222324630334,317.66148709616914,8100661
2017-04-13,304.9570007324219,309.8580044229678,302.91092498944334,309.8580044229678,5730306
2017-04-17,304.5287170410156,311.3806247912871,302.24475747163234,305.14728518908083,4219235
2017-04-18,303.91015625,319.04142143584846,302.7681619166022,306.0989448398698,9315409
2017-04-19,310.0483093261719,311.80887189869907,303.8149983457936,306.4320421843243,4403069
2017-04-20,316.3292541503906,317.09059350095856,308.3353797432502,311.61859216292254,4439900
2017-04-21,310.2386169433594,318.8034867362742,308.4780545663917,318.8034867362742,2517582
2017-04-24,314.9969177246094,318.04221676356997,311.428221526823,312.2847028058669,5048373
2017-04-25,315.3299560546875,316.99534737181733,310.7144371673609,316.4243502546631,4330049
2017-04-26,307.8595275878906,317.7567059739451,302.6254397927333,316.3768275259509,4078479
2017-04-27,306.90789794921875,312.99846747994076,305.6231614051921,309.42977099215915,2983463
2017-04-28,311.8564453125,312.5701844802502,306.05136093970754,309.09663063016905,1808460
2017-05-02,314.6162414550781,316.80503002572874,310.85720342926294,312.8556789740999,4233839
2017-05-03,311.6185607910156,316.2340512647367,308.24017766237205,314.6162597616369,3271643
2017-05-04,323.03839111328125,323.9424433905304,312.80812868998873,312.90327068813417,6728527
2017-05-05,328.2724304199219,329.6999086869304,319.8978738281997,322.9907434067183,8196507
2017-05-08,324.03759765625,329.93785334202335,321.6584669832966,326.89255446379406,2462230
2017-05-09,330.6991882324219,332.5073218704476,319.56484423479696,323.46662463819433,3459067
2017-05-10,334.8864440917969,335.9332674475085,329.3668722774975,329.3668722774975,3207734
2017-05-11,342.64239501953125,345.0215257419058,333.55412727690975,334.9816057103345,4604066
2017-05-12,340.64398193359375,342.97551284544915,336.31394616793216,342.97551284544915,2958586
2017-05-15,338.9785461425781,342.35690004388294,333.88720075045734,341.6431608499068,1530781
2017-05-16,337.3607177734375,340.8342426275606,334.1726769733601,337.0752337193918,1321254
2017-05-17,331.6983947753906,337.6462216006711,330.74674248334577,337.3607375299069,1239867
2017-05-18,331.0798645019531,342.16660916526087,325.6554632414884,327.6539100499022,3618961
2017-05-19,332.554931640625,335.45745974640323,328.6055510794138,332.17424745969464,1302961
2017-05-22,337.3132019042969,340.1205590349471,333.5065923369396,335.3622970757506,2939697
2017-05-23,315.6154479980469,338.4075299259609,312.6177493605479,337.64619073664466,6270500
2017-05-24,323.22869873046875,326.369168753942,312.23712625362106,317.28087183994,8363216
2017-05-25,324.2755126953125,329.50960020763597,315.2823870800168,328.2248638280048,5992900
2017-05-26,331.1750183105469,334.02997536494814,322.61014714734307,325.8457593339062,2754435
2017-05-29,311.9515686035156,331.50803805297414,309.38212517889406,330.9846119360576,3943111
2017-05-30,323.89483642578125,326.3215379515046,311.6185286894312,312.52258086629325,3680879
2017-05-31,322.610107421875,329.033760003284,320.2785478310335,324.98923800758206,12190256
2017-06-01,332.3170166015625,334.9340605984352,321.277843388147,321.277843388147,3447544
2017-06-02,340.5963439941406,342.0238224090717,333.55412295557164,334.98160137050274,3297747
2017-06-05,343.5940246582031,346.87723645549454,338.02688236854027,342.54723044306314,2830068
2017-06-06,343.9747314453125,350.92178153754554,339.78743814038637,345.40220987868554,5229905
2017-06-07,341.7383728027344,346.35389261818375,340.0253811068108,346.0208084793548,5435369
2017-06-08,341.7859191894531,344.3553920272249,333.5541325678858,341.88109022828235,4568139
2017-06-09,342.45208740234375,343.16582663034274,333.31621947553185,342.59482943951883,7152603
2017-06-12,339.5971374511719,342.3093523815858,336.456667358331,342.3093523815858,4963488
2017-06-13,342.0238037109375,345.5924995531679,338.2171948125584,341.6431486295238,5463098
2017-06-14,342.1190185546875,343.45132603131555,338.88340638512653,343.07067090115396,6005138
2017-06-15,342.59478759765625,348.68535579096834,340.4535701751709,342.07139051123005,3997432
2017-06-16,345.5924987792969,347.44823222994967,339.026104252721,344.0222784206558,5332597
2017-06-19,355.72760009765625,357.4405915761293,347.35307189886123,347.35307189886123,7328947
2017-06-20,357.4881896972656,359.43909438671335,352.20653091598786,357.44061869791597,4597214
2017-06-21,352.06378173828125,358.9632609473106,349.4467379003736,356.6317011839616,2797034
2017-06-22,351.5879821777344,355.7276467825501,349.73224842637677,352.11137936805284,1935079
2017-06-23,347.7813720703125,352.58720494734644,344.1650756199361,351.58798157041883,3011500
2017-06-27,349.9225769042969,354.7759806027864,347.78135914009573,350.1128899469511,2780694
2017-06-28,346.8772888183594,351.77829271477526,345.4973812651947,350.5887272524352,2394375
2017-06-29,346.8772888183594,350.87424038867215,344.8312420315596,349.2088487413961,3343365
2017-06-30,345.497314453125,348.1143579641908,343.1181839885198,346.401395646523,1386974
2017-07-03,350.2080078125,352.682309328295,342.1189641537874,347.2578801991337,2171316
2017-07-04,353.7291564941406,357.53576553236815,350.20803151693127,350.6838576467097,4186188
2017-07-05,354.87115478515625,356.3938043504859,353.8719314365376,356.3938043504859,1422559
2017-07-06,355.01385498046875,357.48815660219697,353.53880563169383,355.82276518939625,2318749
2017-07-07,353.6340026855469,356.8220437187788,352.11135318766196,354.1098288385032,3077926
2017-07-10,356.822021484375,358.5825549069115,354.34771983475696,356.6316794182037,860121
2017-07-11,354.6808166503906,358.63016780705647,353.72916436964596,357.8212575599989,2646484
2017-07-12,355.7752380371094,357.15511652391564,353.68159124330845,354.25258846362914,2035281
2017-07-13,357.7737121582031,359.62941681314004,354.2525868506948,357.6309410721792,2956936
2017-07-14,357.4405822753906,360.1527969308086,356.3461880227472,357.77366636327025,1737806
2017-07-17,362.8174133300781,365.148972914556,355.77519262403,355.77519262403,4784990
2017-07-18,363.43597412109375,365.52962060530245,360.1527914134601,361.1520146196702,3927479
2017-07-19,362.6271057128906,365.24414959861895,359.0584095050792,362.1037085525946,4847964
2017-07-20,361.62786865234375,364.0069993671618,358.8204827920093,363.5311732241982,4490409
2017-07-21,363.43597412109375,364.1973133163154,360.2955334369014,362.57949293832496,6613707
2017-07-24,369.6693420410156,371.4774755756363,362.6746919318635,364.95865160939076,4777031
2017-07-25,371.858154296875,374.3800272060104,366.5288953494545,371.239586080238,3297724
2017-07-26,374.0469055175781,375.28407086875063,369.2410732684331,373.7138504635335,3243876
2017-07-27,373.5235290527344,375.7599177739589,371.858137521926,375.18892058354277,2847871
2017-07-28,376.61639404296875,379.1858668446974,371.1443933714664,372.5718718075105,3203051
2017-07-31,378.0008239746094,380.0058859845072,375.61385232897806,378.0963086680021,1581010
2017-08-01,385.734619140625,386.9758327451009,378.5259764034043,379.4807650646435,3391013
2017-08-02,392.6568603515625,394.80513496746767,384.4456715476458,386.6894308629369,2997197
2017-08-03,388.9332275390625,393.27750496895646,384.4457084774103,393.27750496895646,2541125
2017-08-04,388.26483154296875,391.8452892833831,384.87534320384566,387.6442246955315,2770532
2017-08-07,395.5212097167969,402.44342762976436,390.03117482030547,393.1819658014175,3863466
2017-08-08,396.0463562011719,399.8655111467486,391.6065944045069,396.1895978219029,2154068
2017-08-09,379.2898254394531,398.6242973466877,377.1415507830937,392.9910496309132,3603960
2017-08-10,368.2142333984375,378.95560560456363,363.9654414307164,375.23193573400727,3177276
2017-08-11,365.44537353515625,368.0233146704875,361.91264370345624,363.05840179423427,6480493
2017-08-14,378.2872619628906,387.45320938193623,367.59361779022237,367.59361779022237,2746774
2017-08-16,379.57623291015625,386.593935625046,374.5158644968825,380.1968688703263,2644234
2017-08-17,371.69921875,383.2521675210614,370.50573290872995,380.53101397539814,2502761
2017-08-18,368.73944091796875,373.1314460246015,365.97053012747244,371.41283786442705,2554849
2017-08-21,358.9528503417969,371.1264071798203,357.71160745599974,369.5509823963916,1999552
2017-08-22,358.6664123535156,364.53835773535394,352.93767946628947,360.7669594006354,3245723
2017-08-23,367.59368896484375,368.7394471829878,361.0056520551201,361.0056520551201,3003871
2017-08-24,362.867431640625,370.12383154541357,361.86491516667076,369.4554969420569,2507753
2017-08-28,369.9806213378906,372.2243806109914,363.2971004363029,364.7292834866431,3245331
2017-08-29,365.9704895019531,370.31479547999845,361.1965461004779,370.31479547999845,3419877
2017-08-30,372.12884521484375,374.6590290981667,367.64132728001834,368.54838807679204,2979277
2017-08-31,375.18426513671875,379.71951187049535,370.839958677449,373.70432503562364,2775034
2017-09-01,377.04608154296875,378.57374941103546,373.99077494467633,377.09383846443893,1511368
2017-09-04,367.4504699707031,378.09635910271896,363.1061635134595,378.09635910271896,2425859
2017-09-05,372.65399169921875,375.2319326627233,364.87247017004006,366.87753212633953,2363336
2017-09-06,367.64141845703125,371.31736119131784,367.02081156008876,371.31736119131784,1825546
2017-09-07,370.1716003417969,373.22690677912755,368.0710534916375,369.2168116167862,1832093
2017-09-08,368.4529724121094,373.895279936554,365.3499089778545,371.50830806405025,1858507
2017-09-11,367.9278564453125,372.74952805375375,366.92531075928997,369.9806464626338,2402644
2017-09-12,371.46051025390625,372.3675711207454,367.5936279012487,369.6464176580649,2576054
2017-09-13,372.3675537109375,376.95052733224554,368.5961270887309,372.4152814857662,2116076
2017-09-14,384.8753662109375,387.2623381805689,372.5585966752077,373.17920355974354,5052114
2017-09-15,386.8326721191406,391.2247063770554,385.018579247218,387.07136931644203,6452962
2017-09-18,386.4029541015625,389.7447141671975,379.7194339702924,388.50347151726044,3698399
2017-09-19,388.5035095214844,390.0311772427814,383.9205354954315,387.16681119203884,4105917
2017-09-20,391.17694091796875,394.1845194867347,387.6919388627397,389.64927317480294,5238339
2017-09-21,391.6543884277344,395.95093814854545,387.6442636998404,388.5990525266873,4319190
2017-09-22,383.0612487792969,390.98598355519425,380.5787922624896,390.508589191879,4371220
2017-09-25,371.07861328125,383.01347173708484,365.6840630867802,382.0109552819299,4413073
2017-09-26,372.89276123046875,376.4254915123545,368.7394531822677,368.7394531822677,3115143
2017-09-27,355.70654296875,374.85007520171325,353.7015098712648,374.85007520171325,3009736
2017-09-28,355.22906494140625,358.04570279183554,347.2566039361751,355.70645921179533,3785886
2017-09-29,359.7166442871094,361.10109956325704,355.4200951184511,357.47288500479783,2109890
2017-10-03,366.3524475097656,368.3574805333347,358.1412586007543,360.4804735075315,3673873
2017-10-04,370.1238098144531,371.8901746228995,362.00810638879295,366.5433524207795,2084250
2017-10-05,368.4529724121094,371.55603584636424,366.829849021511,370.4580346125806,1853539
2017-10-06,371.6514892578125,374.5635830419486,369.7419119205855,370.8399130619235,3006087
2017-10-09,375.90032958984375,377.80990702410696,364.82477464354946,370.458022247058,4359490
2017-10-10,378.90789794921875,380.3400809860903,372.5585589799892,377.0938052634158,4067875
2017-10-11,379.0034484863281,383.10902891677864,376.186809702706,380.4833595597166,5121486
2017-10-12,385.4482116699219,387.9783959093325,374.99326370029064,379.14660039252107,4202243
2017-10-13,389.7447814941406,390.98599522065734,382.3451686419792,388.1216289553045,3245961
2017-10-16,388.4080505371094,392.22720552425045,385.40047181230386,390.6040821374196,4209209
2017-10-17,388.4558410644531,389.79253959802907,384.4934732500576,388.0739313602661,3291749
2017-10-18,388.5035095214844,388.69447891333584,384.1592326663268,388.69447891333584,3641132
2017-10-19,383.252197265625,387.9306562989355,379.05113260587353,386.6894425828181,137226
2017-10-23,388.6467590332031,394.2800361134334,381.96323761121965,384.97084556138503,4555429
2017-10-24,387.8351745605469,390.26987404625055,384.3979294753242,388.646721630556,3406694
2017-10-25,396.6669921875,398.76750992484955,386.88040763952375,390.3176237802484,2475241
2017-10-26,395.5689697265625,400.3906704242742,391.0337231381892,397.19212226595863,1542452
2017-10-27,412.5164794921875,419.15227314818935,395.6644634038889,397.66952566337324,5306544
2017-10-30,410.3681640625,416.76525989006007,408.4585866975971,416.76525989006007,1465328
2017-10-31,410.893310546875,413.3757669199758,406.35806435792017,410.79782585217157,3418248
2017-11-01,413.5190124511719,417.672349331182,409.93855464734247,412.4687390011472,3931939
2017-11-02,417.48138427734375,419.9160839541852,408.9360132413448,413.423532057381,3075833
2017-11-03,415.1898498535156,420.87082483247684,413.1847878630081,418.81803506465326,3097775
2017-11-06,417.7677917480469,423.25782687447423,411.17975542390184,414.37830345556216,4541407
2017-11-07,412.0390625,419.868341697882,408.9359991446433,417.7200670672504,3989010
2017-11-08,410.2727355957031,416.95625681419034,407.8380068119787,413.42352680071104,2723792
2017-11-09,413.8054504394531,417.48139306127155,408.8882940617256,411.1320535169531,3478532
2017-11-10,412.5164794921875,415.76278464461035,406.83550375112964,415.76278464461035,1506241
2017-11-13,394.66192626953125,413.9486410788988,392.8000765961014,413.42351893400297,4344820
2017-11-14,392.179443359375,398.9584486947978,388.31256092904334,394.6618997109459,2326922
2017-11-15,388.6944885253906,395.5212219542449,385.400455830443,391.4633699486793,1849192
2017-11-16,379.2420654296875,392.03622757940855,377.14151873350517,389.5537712487851,5321941
2017-11-17,382.82257080078125,386.68945368246955,378.096354711748,382.8702985843711,6515843
2017-11-20,380.57879638671875,387.5487425115171,379.1466132812528,382.82255574618335,4437937
2017-11-21,382.6793212890625,387.5010219837633,381.2471381567863,381.2471381567863,5418727
2017-11-22,395.7599182128906,397.81270810102296,383.49087752637075,384.3024537531688,5170814
2017-11-23,388.6944885253906,396.52373844166084,384.3501824249641,396.52373844166084,3903036
2017-11-24,386.30755615234375,392.41819867395617,383.6818869398051,392.41819867395617,1374660
2017-11-27,381.4381103515625,386.2120541607185,380.0059272088157,386.2120541607185,2993007
2017-11-28,379.0034484863281,385.40051634628225,377.33256798637956,381.5336331301101,6013556
2017-11-29,385.2095031738281,387.2622930006543,377.1892549812748,379.6239835889564,5205458
2017-11-30,380.0059509277344,383.2044993070815,378.09637328488145,383.2044993070815,5552149
2017-12-01,369.2645568847656,386.49848253220205,364.7770380095688,382.77481215589023,1836997
2017-12-04,370.60125732421875,371.60380302104,360.28955020558396,369.2645588662981,3650818
2017-12-05,371.2696228027344,371.6515324870347,361.9126752792514,370.60125900182805,5100915
2017-12-06,368.3097839355469,371.31736286338213,365.3022050077116,368.93039083528396,4212760
2017-12-07,372.0811767578125,373.32239044174133,366.92529434681103,369.55096333329385,6934180
2017-12-08,375.6138610839844,378.95562146575975,373.51334346957134,373.79976841858826,3282945
2017-12-11,374.0384826660156,378.0963347434389,367.1162644162936,378.0963347434389,3457130
2017-12-12,384.302490234375,387.26234132834475,371.8902358914014,373.7998134826281,6686699
2017-12-13,376.1867980957031,384.0638059238492,374.18173573006106,383.6341392962678,5035855
2017-12-14,377.23699951171875,380.8651847080134,368.7393863977804,379.57621420954337,3587939
2017-12-15,383.2044982910156,389.5538381090979,382.01101226739706,387.3578354807767,4643671
2017-12-18,386.30755615234375,395.7599594899144,357.13874069034574,377.90539718951493,9127457
2017-12-19,387.4532775878906,390.8427952598826,382.8225752874474,386.6894582144554,2700184
2017-12-20,386.1165771484375,389.69703507662746,382.4406345145942,385.73466746366546,4228842
2017-12-21,384.1114807128906,389.8879698059009,382.870267063332,386.68942184700614,3336146
2017-12-22,383.96832275390625,390.93829870644845,381.15171318373274,384.77989908823656,2449944
2017-12-26,386.259765625,387.50100844564497,382.1064579967754,385.49594630294104,3466595
2017-12-27,385.9256286621094,388.5990255364623,382.58386800024795,387.5965089930401,4355090
2017-12-28,380.67431640625,386.59398964202177,379.576285946581,385.9256549468347,4180605
2017-12-29,387.3100280761719,388.74221111784726,381.24711403884515,383.0134789511458,3574054
2018-01-01,381.5813293457031,389.2673964922257,380.0536614731525,388.3126077141117,2701537
2018-01-02,379.4329833984375,385.2094719048362,377.1414965885048,385.2094719048362,1322980
2018-01-03,389.2196044921875,392.32266774139447,379.4807773158412,380.10138413811484,4679468
2018-01-04,391.3201904296875,392.1317667267246,387.69197555406316,390.2221891515038,1990506
2018-01-05,404.63946533203125,407.6470732400139,391.65436149028517,393.2774849015831,5448214
2018-01-08,403.7801208496094,408.17215453888184,402.061512906686,404.83039420932374,3447843
2018-01-09,402.0615234375,406.3103156279487,400.2474307529355,403.7801314254372,2509904
2018-01-10,404.3052673339844,408.55405936308,399.8177490034672,402.92081213006134,4253925
2018-01-11,406.26263427734375,411.17979076829084,401.966084678641,403.87566227806445,4415043
2018-01-12,404.1620788574219,408.98377967839355,392.9433106941274,406.59680772875646,2581486
2018-01-15,401.58416748046875,408.5541139329551,400.53389399284777,406.31035446800144,1599208
2018-01-16,404.4007873535156,408.88830639937527,399.53138775045164,402.443481955252,2318100
2018-01-17,413.8054504394531,416.28790708911237,403.63695578422534,405.06913895081635,6715953
2018-01-18,397.43084716796875,418.34071654275107,390.8428101235637,418.1497762610515,8794103
2018-01-19,413.85321044921875,415.76278801892266,399.86553144086446,399.86553144086446,7588904
2018-01-22,418.24517822265625,423.30557581345744,412.9938403746301,414.3782956442452,7092514
2018-01-23,418.5793762207031,422.0166214993974,413.4235228715816,418.2451943353867,4659591
2018-01-24,428.46142578125,431.8986709019932,409.69983380023484,417.24265864380226,5201505
2018-01-25,416.7652587890625,429.6549059681057,415.14210637804774,429.6549059681057,6792843
2018-01-29,416.9084167480469,422.35072316713575,412.46865579449246,416.76520429235177,2126497
2018-01-30,408.8882751464844,416.4311003140296,407.50381982768846,415.3330990980051,2389618
2018-01-31,409.46112060546875,415.81045933490964,405.30778412782814,408.6495444209904,2734628
2018-02-01,409.3656921386719,413.42354448057125,395.71222414929997,411.51396690791273,1681704
2018-02-02,399.0539855957031,406.9309930966235,393.372980652024,405.30784050190334,4265914
2018-02-05,389.7447814941406,394.32775586356894,387.9306595491448,389.55381208798093,2936554
2018-02-06,386.4984436035156,391.79753822723995,369.5032168604196,377.14152625288307,2963450
2018-02-07,388.5989990234375,395.66442954175045,385.8778454140103,395.66442954175045,2592845
2018-02-08,386.7849426269531,397.33534704595434,382.96578748699375,389.79252147210286,2952821
2018-02-09,380.9606628417969,383.44311910392224,376.18671969841597,381.91545147047304,2936187
2018-02-12,385.1139831542969,387.78737954804046,381.9154355539653,385.49589276228375,1249277
2018-02-14,394.3277587890625,397.9559444302905,386.68944869145355,386.68944869145355,3001847
2018-02-15,393.0865173339844,404.83040662577594,391.03369832973846,402.4434348885957,3293138
2018-02-16,387.1191101074219,396.8102100864655,384.15925915665224,395.2825422598256,1740283
2018-02-19,376.0436096191406,389.0764721215322,371.07869574306545,389.0764721215322,2140756
2018-02-20,377.04608154296875,380.00593257400277,369.6942254557743,376.18677747275655,2045167
2018-02-21,377.7144470214844,380.72202584953,372.1289268334904,378.5737510955201,1800533
2018-02-22,385.734619140625,387.8351658504862,374.99324670168437,377.1415211894725,4726021
2018-02-23,388.1216735839844,390.7473429624738,383.82512369191073,386.7849750006858,1953157
2018-02-26,396.2850646972656,398.1469144415169,389.076421186854,389.076421186854,2299169
2018-02-27,391.8930358886719,398.1468902555357,391.1291874414495,398.1468902555357,1334518
2018-02-28,389.8879699707031,393.7071247559916,384.87532931501204,391.4633654920669,2823115
2018-03-01,387.7397155761719,395.0438436554662,386.68944212800926,389.8879902546608,1216685
2018-03-05,385.6869201660156,392.8478356600906,382.0109777181558,386.64170889855893,3665892
2018-03-06,386.9281005859375,395.0438041145753,377.28472938904747,388.31255578419297,3321338
2018-03-07,359.9076232910156,380.91297534298366,355.42010460659566,380.91297534298366,6951930
2018-03-08,370.4103088378906,375.2319803913456,352.9854140741704,361.8649378328752,11040375
2018-03-09,360.814697265625,375.8526215146798,356.9000571890961,374.2772257542522,5352078
2018-03-12,369.1213684082031,371.60382519984216,359.95538979022047,364.7293339518945,3693431
2018-03-13,367.7846374511719,373.7043102071371,363.91772553836927,369.50324554274624,2175696
2018-03-14,364.8248291015625,367.35501375207826,359.8121875883763,365.779617961217,3616289
2018-03-15,364.87249755859375,368.9303495522904,363.1061326278874,366.25695283510817,1818766
2018-03-16,353.7492370605469,364.9680050375008,350.8371429854951,360.8146680865497,4972566
2018-03-19,347.8294982910156,354.7039883200521,339.1886725456218,353.2718053254893,5253759
2018-03-20,353.2718505859375,354.9904587444623,343.86717522250035,347.8295428542068,1780257
2018-03-21,347.2566833496094,356.85229872369905,345.91995577655916,356.04072245087303,2296120
2018-03-22,342.05303955078125,348.4978630454575,338.09067241495524,348.4978630454575,3443184
2018-03-23,346.01544189453125,350.4074760320377,334.6057336590262,338.9500108756768,4518979
2018-03-26,348.6410827636719,352.0306000806865,335.6082230311398,347.9249912493807,3884338
2018-03-27,348.97528076171875,352.6989509805823,345.5380355066756,351.5054650682645,2631162
2018-03-28,338.0907287597656,348.0205267121882,335.1786053608127,348.0205267121882,4766456
2018-04-02,352.98541259765625,355.0859303653539,339.90479506501805,339.90479506501805,2978988
2018-04-03,349.83453369140625,354.22656703476827,346.30183338966367,351.8395955587928,2679172
2018-04-04,351.1712646484375,356.80454116749286,347.3043821517797,351.3622340394637,5611445
2018-04-05,358.9528503417969,362.6287638022214,354.7040286529974,355.1814230388022,3648555
2018-04-06,362.1513366699219,366.2569454993102,357.7115751109577,361.3397895977082,2037081
2018-04-09,360.28955078125,365.49313213251264,359.33476200437525,363.4403420898002,1571745
2018-04-10,369.7419128417969,372.8449760225221,361.4829966652804,361.8649063061098,3493681
2018-04-11,360.814697265625,370.6012828880257,358.52320987429005,370.45807038941285,2045552
2018-04-12,355.5155944824219,361.62623661347095,352.5557435498987,360.91014505582046,3609657
2018-04-13,365.7795715332031,369.4077570842311,355.515592594713,358.80959625971053,6485732
2018-04-16,369.9806213378906,371.4128043882308,362.1036145610194,364.4905863115864,2682231
2018-04-17,366.06597900390625,376.13901719597834,364.7292806615103,373.7997732434065,3770554
2018-04-18,367.5459289550781,370.171597931763,363.0106825408042,367.83235391558077,2568988
2018-04-19,369.0736083984375,373.03600532977566,366.11378635321785,369.7897000167021,2848405
2018-04-20,363.9176940917969,369.7419107799393,361.81717651002987,368.5484249478543,2178241
2018-04-23,368.8825988769531,371.93790505869515,358.57086402675156,364.2041403433403,3614484
2018-04-24,374.515869140625,376.66414372460565,369.5987131426371,369.74192562066804,3093161
2018-04-25,374.18170166015625,379.48079665384995,372.55857828363816,376.18676384323385,3205946
2018-04-26,379.1466064453125,380.4833048254123,370.5535079674487,371.07863010818244,3663748
2018-04-27,384.2547302246094,387.54873381052226,380.2923337448429,380.2923337448429,8210865
2018-04-30,388.88543701171875,392.70459192128766,384.20697807506474,387.4532539206304,2264144
2018-05-02,382.9657897949219,392.6091624090029,379.3375749073904,389.55382662348603,3047308
2018-05-03,379.0511474609375,387.9306715019892,375.75711449915053,381.6290888343222,3161687
2018-05-04,389.7925109863281,391.0814816389582,373.6088298609696,383.7773534578419,4782981
2018-05-07,393.7548828125,395.56897564743457,387.5965127303926,391.4633955926963,2582072
2018-05-08,394.13671875,396.85787206219555,391.55880703673745,394.42317281003056,1945992
2018-05-09,394.66192626953125,396.5237468051215,391.0814685420428,393.46844036036845,1408466
2018-05-10,392.22711181640625,395.6643563112016,390.6039888173593,395.1392342810638,1552936
2018-05-11,394.04132080078125,395.7599288608433,392.27495582148214,393.7071389174804,1442596
2018-05-14,391.4156799316406,395.2825629137032,388.980951010699,395.23483512887447,5517825
2018-05-15,390.6517639160156,393.3729173514755,379.4329974624238,380.96066510494836,3089340
2018-05-16,384.8753662109375,391.22470582258876,382.1542123379894,389.3151282468836,1897907
2018-05-17,379.910400390625,387.16680000371207,377.71439813698424,385.734617019728,1614257
2018-05-18,371.8902587890625,379.1466599100763,366.68664787744143,378.2395988432583,3895361
2018-05-21,366.3524475097656,374.8023044635373,364.25190064774887,371.7469980089599,1544488
2018-05-22,362.5810241699219,371.4605478005799,360.67144668910595,365.3976626092614,1861819
2018-05-23,357.3296813964844,365.7795674654922,356.6135898505996,362.6287471808956,1560605
2018-05-24,354.4653015136719,361.4830042196921,348.21144724311154,357.9980313253072,3299522
2018-05-25,362.7242431640625,364.72930538247664,349.93007964051753,354.7040234282463,2372618
2018-05-28,361.7694396972656,366.1137458501671,359.1915276394122,365.20668491224285,1807896
2018-05-29,360.76690673828125,366.49563878926523,356.3271452263363,362.6287271721483,3394813
2018-05-30,357.472900390625,361.81720666417516,353.27183573913305,357.09099072009667,3110433
2018-05-31,374.42041015625,379.6240206055004,352.5557531608437,358.5231829706075,11133305
2018-06-01,370.07611083984375,377.5234511431595,365.01571318024384,376.28223747188656,3219572
2018-06-04,361.435302734375,371.3651299533825,359.0483306409295,370.45806890273604,2481566
2018-06-05,356.7090759277344,362.19911113404044,354.7040137639503,361.6262320675536,2767220
2018-06-06,358.8096008300781,360.4327533612783,356.47038587374885,357.09099273408765,3927114
2018-06-07,362.867431640625,367.402677938888,359.5256712103259,360.91012647229957,1770108
2018-06-08,363.297119140625,365.44539382673906,358.14126572151923,363.774513515317,1232441
2018-06-11,365.0157165527344,370.1715989588011,362.9151988482622,366.63886903432416,2030226
2018-06-12,371.3172912597656,373.0836560475067,365.0634374072581,366.6388328144403,1920763
2018-06-13,365.5408630371094,374.2771738961481,364.34737715096094,373.4655976659993,2529140
2018-06-14,357.5206604003906,366.30469944981706,355.22914408173637,366.30469944981706,2398168
2018-06-15,356.08843994140625,358.9050489862397,353.0808323729201,353.0808323729201,7278768
2018-06-18,353.7969665527344,358.7618798046348,352.5080250253856,356.1362106909615,966982
2018-06-19,346.0632019042969,354.89499804115644,345.06065621146234,352.8421788720461,3037612
2018-06-20,349.1184997558594,350.1687732058581,341.0505523208007,346.5883154021172,4112085
2018-06-21,350.3119812011719,357.8548063834896,349.40494938521863,352.3170433731398,4844094
2018-06-22,349.26171875,350.7416588191669,344.86971373915827,348.40241468865446,2982451
2018-06-25,344.8219299316406,351.1235411198916,342.8168678529464,349.4526609106195,1716838
2018-06-26,346.4928283691406,349.9778014471058,340.28670155106784,344.6787355883489,1997309
2018-06-27,344.77423095703125,348.5456291189165,339.0932261157406,345.63353502316704,3186106
2018-06-28,345.44256591796875,347.9727794730417,341.95759272911397,343.43753280783375,9627099
2018-06-29,356.2793884277344,360.3372402985237,342.81686227590103,347.97274443376256,3241005
2018-07-02,346.3973388671875,356.99549957567547,342.91236583751595,354.226618092012,1732427
2018-07-03,346.349609375,348.9275505830303,343.9626375667643,346.1109121941764,1488048
2018-07-04,343.6761779785156,347.06566594957354,339.85702347012966,346.5405438598051,1616705
2018-07-05,345.53802490234375,346.97020795317235,339.52286774399914,345.01290277217544,1526982
2018-07-06,349.2139892578125,354.13114554829696,342.1485582555575,345.5380467012148,1549142
2018-07-09,350.3597106933594,353.1763197596765,349.0707401738676,350.4074384712586,1050376
2018-07-10,353.7015075683594,358.33220974109173,350.9325968558779,350.9325968558779,1656692
2018-07-11,356.6135559082031,361.19652971052324,351.3622184048695,353.17631098754464,2480112
2018-07-12,352.6512145996094,358.71412871390373,351.935123069681,357.47288591265794,1458875
2018-07-13,353.65374755859375,360.2417841132193,350.8848660081384,357.090992889915,3006407
2018-07-16,343.77166748046875,355.46782931746685,342.29175661745376,353.7492212741049,1340324
2018-07-17,350.12103271484375,352.5080044973615,344.48775599783045,344.7742100944361,1775116
2018-07-18,347.5908203125,358.4276780637944,345.39481792141794,349.3094574835478,2065237
2018-07-19,352.88995361328125,354.2266521333859,347.63861510456525,349.83461773489137,1537925
2018-07-20,353.3195495605469,359.8598580345879,350.31197095944447,352.8899121248688,1886770
2018-07-23,366.4001770019531,367.59366292052624,353.2718318976486,353.4628012997562,2517823
2018-07-24,374.85009765625,376.4732211722932,365.4454219241667,367.97560647700067,3937762
2018-07-25,380.72198486328125,383.2999259457039,373.5133420087794,374.75455563344923,4308866
2018-07-26,383.1689758300781,385.75991232826124,378.75483110683587,379.81036962821514,2388169
2018-07-27,378.70684814453125,386.1917598271389,375.34824181232506,386.1917598271389,2966414
2018-07-30,375.0123596191406,381.44170318546367,371.98961990367195,379.0426987629136,1649794
2018-07-31,383.6007995605469,385.2801026230383,370.55020990366904,374.00478206059574,2502908
2018-08-01,382.88104248046875,386.6714805547512,379.0906044061863,386.6714805547512,1774615
2018-08-02,383.0250549316406,388.25489648718786,378.0831114886699,381.5376838465262,2966243
2018-08-03,383.4088439941406,387.1992823881604,382.06540748344287,382.9290431485543,1632617
2018-08-06,381.2977600097656,389.9821441058256,379.3305588576738,387.1993048965985,2817990
2018-08-07,357.25970458984375,378.51490587453003,354.28496271936154,377.60327253698216,9635697
2018-08-08,359.4668273925781,361.33803326540357,354.71678693709464,359.85066224202524,3276532
2018-08-09,362.7294921875,365.60829768105157,356.54004866247453,360.81028852513225,1992284
2018-08-10,363.97698974609375,366.663892642761,360.81031518311113,362.0577859419283,1142258
2018-08-13,361.9137878417969,364.2648238021705,359.51478350864863,362.72945517201146,1438549
2018-08-14,358.0754089355469,363.40121654282274,356.01227090450044,362.2976510354211,1501909
2018-08-16,355.3405456542969,358.98705017624945,352.4617401665719,356.97188047789723,2376448
2018-08-17,358.9870300292969,363.7850389062329,356.0122586686521,356.0122586686521,1983257
2018-08-20,362.9693603515625,364.1688625338215,359.03498733680885,361.194091264875,1280487
2018-08-21,362.6814880371094,366.5678633561858,360.23448603811374,363.2572256512533,1592878
2018-08-23,368.9668884277344,370.02245625417305,357.4516669423434,364.36081154746705,2012760
2018-08-24,361.52996826171875,372.13355614780863,359.8506651576497,369.44668289518705,2085488
2018-08-27,363.35321044921875,366.85575111153344,360.37843905536914,362.7294751451993,2055581
2018-08-28,371.3179016113281,372.7093065507716,360.9541853432677,365.03249270097314,5128415
2018-08-29,370.3103332519531,377.4113808010874,367.76739430807226,367.76739430807226,3234342
2018-08-30,368.2471923828125,373.4770339298908,364.74465165422674,370.5982285171262,3566612
2018-08-31,367.67144775390625,378.0831338188056,365.8002416928968,368.48711519396284,3931829
2018-09-03,368.9189147949219,377.07552989750684,363.1613041342737,368.4870822814844,2744322
2018-09-04,358.651123046875,371.3178767653612,357.40365259364296,369.01480933675,2960605
2018-09-05,363.88104248046875,365.12851320327843,353.6132907106652,359.1789698682049,2276777
2018-09-06,369.2547607421875,371.84569731478615,359.51480833398347,366.08808651765395,1820623
2018-09-07,362.20172119140625,370.02247022184196,360.4744203325616,367.57546799299297,1859785
2018-09-10,356.9239196777344,367.4795400234859,355.6284513238109,360.4744289504707,3129554
2018-09-11,349.9188232421875,362.58557990084273,348.335485981037,358.7951407224205,2452935
2018-09-12,360.8582458496094,362.2017117998951,350.06272557946085,351.8859924306421,3711887
2018-09-14,364.7446594238281,370.3103382931744,360.90625212504483,361.5779558314977,2937705
2018-09-17,365.4163513183594,368.4870887720152,361.0981432468123,362.05774504048946,1401771
2018-09-18,364.2168273925781,372.3254737802898,361.8658207088702,368.10323199642664,2692099
2018-09-19,357.355712890625,366.6638622840295,356.0122761958871,366.5678962448218,2121141
2018-09-21,347.1359558105469,364.40878844244696,303.76194215433077,357.97944458223924,3241191
2018-09-24,331.8782958984375,351.2142667491293,324.8252166518586,349.6309296002378,3415863
2018-09-25,324.2974548339844,335.3328760379527,311.19886623801654,331.15860216037635,5028005
2018-09-26,324.8731689453125,330.96664606849805,317.24435241116674,326.74440411891317,3424347
2018-09-27,321.70648193359375,331.01463048493434,316.8125072239685,324.8731559479108,4896009
2018-09-28,315.6130065917969,327.2241935087282,313.30996827155354,321.7064835008831,4653499
2018-10-01,317.00445556640625,320.8908310821928,307.0725712336242,314.7493855144648,4159563
2018-10-03,316.4287109375,324.34542622251706,313.2140388739118,314.0776746844233,4438442
2018-10-04,304.2417297363281,316.09281746335665,301.31495604910305,311.5827067111619,4508937
2018-10-05,289.6078186035156,305.5372147297411,285.9613433882926,304.2897440731447,7177862
2018-10-08,292.0548095703125,293.254311803405,282.2188912589538,289.6078074439703,5915306
2018-10-09,305.8730163574219,310.91092486213233,290.27949003331804,291.7188924632353,5771005
2018-10-10,313.8857116699219,319.4513896341611,303.23412729104575,305.8250635102682,2734052
2018-10-11,300.83514404296875,311.7266295965244,298.5321057349907,307.0725553229665,2739752
2018-10-12,310.0953369140625,314.6054773948524,304.1937912994255,304.1937912994255,2428109
2018-10-15,308.2720947265625,313.2140384037555,302.4185175767553,312.83020352018485,1925052
2018-10-16,319.88323974609375,322.23424639313583,308.89578832009886,310.3351909024709,4764262
2018-10-17,301.218994140625,325.59287359727807,297.0927181833144,323.8656020999672,3323311
2018-10-19,302.6104431152344,307.3124862278968,293.01442480991363,301.26700640943426,2731598
2018-10-22,302.65838623046875,311.77460285960774,296.4689725109915,305.82508957773933,4606057
2018-10-23,306.11297607421875,307.74431085809596,298.4361616272164,304.5296389514691,3893139
2018-10-24,301.45892333984375,316.0928519416296,294.9816106800369,311.8706095462561,7675048
2018-10-25,293.2543029785156,300.25938409508336,286.63305670804226,299.2997823374866,4584103
2018-10-26,291.8148498535156,298.00426254831507,289.27191149279724,294.5976886121266,4704344
2018-10-29,313.21405029296875,314.7014507897611,290.75937197740166,292.7745417985466,5379930
2018-10-30,309.5675354003906,321.8504262846299,307.0725649532015,310.9109720151165,4301781
2018-10-31,305.9690246582031,311.8226012057156,300.5952489869667,311.4867347353781,6383757
2018-11-01,305.44122314453125,313.4059351838681,301.218981331425,309.6634942423586,5167082
2018-11-02,320.1231994628906,326.40858018940474,306.496840778963,308.70394271818486,7387791
2018-11-05,316.23675537109375,320.9388275280976,313.50191372166876,320.9388275280976,3085488
2018-11-06,312.44635009765625,323.8176372176611,310.095313987607,317.62819393020754,5044028
2018-11-07,313.0221252441406,315.7089986249315,311.2468560210679,315.7089986249315,301934
2018-11-09,323.9615783691406,325.16108063703234,312.97412588136314,314.74939509478753,3522988
2018-11-12,315.3731384277344,330.7747655095048,314.07767008856126,325.3050233150958,3573699
2018-11-13,320.60296630859375,321.4666020691484,311.5827152716578,314.413523002627,1738296
2018-11-14,318.5877990722656,323.3858080944383,316.1887945611793,321.75447331301035,2981090
2018-11-15,332.2141418457031,333.79747889666606,316.66858158145226,320.50698863092435,5293256
2018-11-16,333.41363525390625,337.20404454444383,328.18379407306406,332.022201021287,3619678
2018-11-19,336.3883972167969,337.7798315321679,328.56764845161877,334.1333564283802,2321979
2018-11-20,340.8985290527344,343.1056014115304,332.98181444419095,335.71668534772306,5778336
2018-11-21,346.6561584472656,348.19152722051655,338.3076108759611,340.8985475111173,3161864
2018-11-22,353.27734375,355.91624830363054,344.83286089226954,344.83286089226954,4446824
2018-11-26,354.1410217285156,355.43648997577907,341.61823033598694,353.56528409392917,3906643
2018-11-27,354.1410217285156,357.9314604363009,348.527374798244,353.56528409392917,4995025
2018-11-28,350.6384582519531,354.0930302577533,347.615718728648,353.3253606052288,2583045
2018-11-29,354.8607177734375,356.3481180665672,348.5273696094994,351.69404369146844,3425961
2018-11-30,350.8783874511719,359.46683515605673,348.9112155023188,354.8607290090467,4137466
2018-12-03,360.47442626953125,364.5527341000584,350.2546725040963,352.60570873205455,4303979
2018-12-04,358.6990661621094,360.4743349780431,355.6763269807719,359.3228306295281,2615507
2018-12-05,359.61077880859375,361.5299824313214,357.6436068091872,359.85067926143466,4847267
2018-12-06,349.2470703125,360.13852679980516,347.9516020868014,357.83548844563074,6200377
2018-12-07,358.36328125,359.46681739323395,349.05513266504374,350.0627027774049,3286454
2018-12-10,344.6409606933594,350.73443762811075,343.1535897032162,345.5525940645576,2917295
2018-12-11,341.3782958984375,348.8631772499267,332.98178124176474,332.98178124176474,6177739
2018-12-12,359.3228454589844,360.95415067455144,341.1863510530224,342.57778514354305,2845017
2018-12-13,356.06024169921875,361.24211492737686,355.05267150747875,359.7547145434709,2369770
2018-12-14,353.7092590332031,356.1562321147537,352.17389016735405,355.05269580904906,2380991
2018-12-17,356.3960876464844,362.34563026969255,354.23698368745715,354.23698368745715,3175781
2018-12-18,357.83551025390625,359.2269445968134,350.2546617872367,354.0930690396996,2687027
2018-12-19,360.6663513183594,362.10575405400425,356.9718784399262,358.7951160481316,1607147
2018-12-20,359.9945983886719,361.62593311260343,354.0930533563439,359.08299427742236,2746343
2018-12-21,346.51220703125,364.1688738456078,344.64097185491335,359.1789328985248,10909545
2018-12-24,346.51220703125,351.9339512065261,343.8253044886968,346.65614144064773,2268806
2018-12-26,361.3380126953125,363.20924774633494,343.057611807965,345.6485481425006,4519020
2018-12-27,368.4870910644531,370.21436258992856,358.55520658116194,363.9289825161298,5043675
2018-12-28,371.7497253417969,374.9643971758085,368.48708513246436,369.3987185413425,3282766
2018-12-31,372.0376281738281,374.196732215703,370.07042692039744,371.55782727563377,2062181
2019-01-01,373.2851257324219,375.1083634201854,368.5350847836335,370.6941889813146,1233249
2019-01-02,365.8961486816406,373.23712576015504,362.72947450697666,372.32549235107655,1506543
2019-01-03,362.825439453125,369.7345547093017,361.38603678083126,366.9517153998115,1902063
2019-01-04,366.7117919921875,368.43909266161575,360.66631286098993,363.35318596713984,1669709
2019-01-07,366.23199462890625,371.3179013719515,364.02492236240033,369.4466662833811,1260331
2019-01-08,363.44915771484375,367.5274650951423,360.5703525052212,367.5274650951423,2154121
2019-01-09,362.0577087402344,366.567848432215,358.2193019503682,366.567848432215,1166498
2019-01-10,364.8885498046875,366.375920739576,361.7218758792449,362.681477588133,1286641
2019-01-11,361.9137878417969,365.6082603717893,359.9466160025037,364.93652744461946,1829555
2019-01-14,359.3228454589844,361.76981792469394,357.35564452808563,361.76981792469394,927301
2019-01-15,369.5906066894531,370.4062740306618,359.8506548225341,359.8506548225341,1965520
2019-01-16,373.5729675292969,374.9164334716923,363.88101281590843,369.7345603446764,2847403
2019-01-17,378.5628662109375,379.4744995291355,370.8860527009565,375.3961923519581,4156932
2019-01-18,383.1689758300781,383.7927404096303,376.40379505164293,380.48210258247656,3617922
2019-01-21,380.1942443847656,386.43165607674115,376.2598711528827,381.4417150092716,2563705
2019-01-22,374.8204650878906,378.7548382844329,371.46185882238035,377.5073383864098,3328908
2019-01-23,369.63861083984375,376.1638911146791,368.10324216202315,374.24468758858376,3653992
2019-01-24,365.5603332519531,370.88611175866,362.3456612258194,370.40631083788554,3633336
2019-01-25,358.74713134765625,368.24718311371043,357.2117626425504,367.04768088858435,4760625
2019-01-28,312.9261169433594,360.1865001724485,280.29965948571413,359.80266535342014,15177384
2019-01-29,335.1408996582031,340.2747747010352,314.36552834234806,316.66856660617617,9816333
2019-01-30,324.4893493652344,334.949003339494,322.04237643971356,334.949003339494,7672859
2019-01-31,324.9691467285156,327.8959498165078,316.8605290141077,326.1686489896461,6403921
2019-02-01,324.7772521972656,332.7899040776153,319.8832769904458,326.1686572847291,3119675
2019-02-04,322.0903015136719,325.113040981374,315.75692450032676,323.6256700751979,4517829
2019-02-05,326.0726623535156,327.17622779182096,317.3882782454206,319.64334821083577,3262960
2019-02-06,317.00445556640625,327.99187843502585,305.96903503769784,325.11307307971066,6687853
2019-02-07,318.9236755371094,322.7620828749179,309.5675576512011,317.19637466426116,4871712
2019-02-08,318.1080017089844,322.90601078453466,314.74939535609917,319.54740443164945,2915806
2019-02-11,315.5170593261719,320.4590320114207,305.53720648841863,319.4994302138536,3783848
2019-02-12,313.5978088378906,316.6205774760023,310.19123467981103,315.51701214604105,4496913
2019-02-14,334.9969787597656,337.97175005927295,326.31256530016003,328.18380043759635,6612759
2019-02-15,336.00457763671875,338.64348269057444,333.2697065421417,333.5096070015831,7728519
2019-02-18,333.2696838378906,338.64345962023083,331.59038073620445,333.94141679245394,6875440
2019-02-19,325.8327941894531,334.4212424011632,323.91359050278936,333.46164055783134,3300497
2019-02-20,340.4187316894531,341.95410039545504,327.1762388302217,328.1838089860267,4885571
2019-02-21,341.3782958984375,344.7369017611066,336.6282558930607,337.875755641455,4089677
2019-02-22,339.98687744140625,344.11318240531716,338.45153811826964,339.2671761519158,1719606
2019-02-25,311.4387512207031,325.8327781626809,307.648341696816,315.708990927379,21795407
2019-02-26,310.4311828613281,313.30998826653365,302.99426889788054,310.9109837621957,14243781
2019-02-27,312.1104736328125,318.8756543527788,309.56753481603835,313.35794421169135,5738757
2019-02-28,312.686279296875,316.3807524017677,312.0145462651762,315.4211505191839,5059506
2019-03-01,319.7393493652344,321.2746889033676,313.7898061584324,315.5170777811945,4756894
2019-03-05,325.544921875,326.74442416635964,317.14840583548266,319.78731087647384,5098498
2019-03-06,323.4338073730469,335.09299383867443,320.5550016846896,328.6636494207862,7949482
2019-03-07,327.1282653808594,328.6636342004927,321.46662031289065,324.3454258679315,3047318
2019-03-08,328.3277587890625,329.0954578204164,324.4413831090711,327.1282565070005,2265000
2019-03-11,337.10809326171875,338.64346196512196,328.327742840477,329.3353422792989,2918059
2019-03-12,346.46417236328125,350.3985450799852,337.39595412320216,338.30755814182737,5386817
2019-03-13,352.3177795410156,354.4768834961985,343.3454972480889,346.84806709205185,3888377
2019-03-14,351.2142333984375,354.28497065023566,345.64855507486425,352.17383512903433,1775804
2019-03-15,352.2698059082031,354.0450749906849,346.8960302874696,351.4541385692551,3057825
2019-03-18,354.09307861328125,360.6183594050022,350.3026396351031,350.3026396351031,3037029
2019-03-19,350.9743347167969,356.97184556294854,347.855629076798,355.05264209218,1933040
2019-03-20,346.0324401855469,352.7016556113391,344.9768722715817,352.17388629671905,2925322
2019-03-22,346.17633056640625,347.375832751321,340.9464893262893,345.0727944132289,3229387
2019-03-25,346.7521057128906,348.3354427776629,338.88335947895547,344.40106966069527,3162063
2019-03-26,353.7092590332031,354.90876138390934,346.7521453991069,346.7521453991069,2657710
2019-03-27,351.50213623046875,356.68400950509323,349.4869958289188,352.3658012993886,2965654
2019-03-28,365.8961486816406,367.1916169475386,351.50212191549076,353.9491240365697,5909606
2019-04-01,367.5754699707031,370.8861080044252,363.4971621854022,365.56032955162766,2479521
2019-04-02,364.36077880859375,370.4062578313311,362.249643345408,367.52745271865234,1825681
2019-04-03,366.5679016113281,370.69417779515766,364.6486979379704,364.93656677508443,2701443
2019-04-04,362.9693603515625,366.6158352717412,359.56278586783554,366.5678668983394,1397625
2019-04-05,371.5098571777344,373.1891604460043,362.15373896880214,363.6891078138796,2443633
2019-04-08,364.5527038574219,372.6133528085867,359.9945954837887,372.6133528085867,2624528
2019-04-09,365.3204040527344,366.18403978524356,357.9314587401876,364.40877066108914,1542463
2019-04-10,367.95928955078125,369.83049532531857,360.04257539729485,363.11328331629977,2067637
2019-04-11,364.12091064453125,367.5274852824772,362.24967544160614,367.04768438785254,1621369
2019-04-12,370.07037353515625,371.36584163034536,362.0576938342503,363.88096041214834,2146541
2019-04-15,371.41387939453125,373.2851146910624,367.2876032082369,369.4467073420541,2070828
2019-04-16,379.6664123535156,380.53004803932254,370.502227697102,371.4138317547292,3728013
2019-04-18,374.7724609375,379.5225014303528,373.1891238681231,379.04270054358875,3218018
2019-04-22,375.2523193359375,375.972020776386,368.7270379897621,372.70938010329826,2279282
2019-04-23,375.10833740234375,375.87603641243925,369.974461920336,373.81286911664495,2424827
2019-04-24,375.92401123046875,378.08311531539164,370.50226682971805,372.03763559149684,1674322
2019-04-25,373.5249938964844,377.02753454621217,371.9896251873,374.2446952334718,5163069
2019-04-26,375.92401123046875,377.7952464846246,370.07043429884413,371.6537714375096,1681376
2019-04-30,376.93157958984375,378.03514510010524,369.25476510300604,375.34824245887813,2502107
2019-05-02,379.3305969238281,380.96193177124707,374.3886532880225,376.93159231569683,2139442
2019-05-03,371.6058044433594,382.30535886929,369.4946687274677,377.12351490313813,1863548
2019-05-06,364.456787109375,370.4542989383518,363.1613479820966,370.4063305576103,1648057
2019-05-07,356.8759460449219,368.43916668222045,355.14867431319976,365.60832932135355,1628805
2019-05-08,354.8607177734375,359.75469258761643,352.8455775129417,355.10061821251765,1688110
2019-05-09,349.1990966796875,355.7244066309808,346.5122232957408,354.9567076036221,1315271
2019-05-10,357.4996643066406,363.401239224224,349.19911400313043,349.19911400313043,3030255
2019-05-13,350.0147399902344,357.2597215235734,348.2874685458435,354.9566831694784,1520562
2019-05-14,355.5804138183594,358.69911948015886,347.3758306373599,348.2394663482986,3050760
2019-05-15,345.6005859375,359.85067866976743,344.5930157511139,356.01227143062323,2499138
2019-05-16,356.49200439453125,358.89100846178917,346.41618731204784,346.41618731204784,3157194
2019-05-17,352.2698059082031,357.7395182755131,347.3758311592365,353.90111130137785,3059404
2019-05-20,383.9366455078125,391.70942512424665,360.85820708318556,372.80525994591954,10973781
2019-05-21,371.941650390625,394.7801607095061,369.7345487578015,392.4771223278519,9115899
2019-05-22,370.3583068847656,377.55532000507026,363.11329610615945,373.28508050646764,4543570
2019-05-23,391.085693359375,413.20453193852325,376.30783181813945,382.8331414868705,23021274
2019-05-24,393.6766052246094,398.09077898900796,383.36088674523205,391.9493338442762,9272570
2019-05-27,395.73980712890625,400.4418504563227,389.2145260971518,392.7170670816189,5088602
2019-05-28,395.9796447753906,409.55800328642795,392.18923554385356,403.0327232899081,18296760
2019-05-29,390.1260986328125,396.26757355787004,387.96699459080025,395.64380896239936,2511011
2019-05-30,392.7649841308594,395.1639885032314,385.3760682347863,390.12607932125013,5598272
2019-05-31,399.5781555175781,400.8256553405405,390.8937715531777,392.28517649433627,4217665
2019-06-03,407.5908508300781,409.12621951534067,395.45189432563234,399.57817021284853,3852273
2019-06-04,408.3585205078125,412.4848256795229,400.537771958443,406.29538256431823,7683485
2019-06-06,409.0782165527344,412.1489538834496,403.80040689881355,410.85348565690657,4848580
2019-06-07,408.022705078125,410.1338115087051,402.50499461988335,409.0782436510533,2648848
2019-06-10,408.55047607421875,412.1489829098695,403.6085325435364,406.96713892347714,2374282
2019-06-11,409.0782165527344,410.5176191856218,406.05547688061495,407.54287717209826,1707108
2019-06-12,407.7827453613281,412.0529552636843,405.9115103726728,408.0706141512508,2329686
2019-06-13,407.7827453613281,409.0781842006996,405.43170953298875,406.8711120520408,2925612
2019-06-14,409.1741943359375,410.8534974558661,406.6312554684187,407.78278932168723,2745328
2019-06-17,405.7676086425781,409.12621479073874,405.04790732511515,408.7903483189784,2736051
2019-06-18,404.3761901855469,408.5024954710998,401.6893168758978,407.7347964649696,3509487
2019-06-19,391.2296447753906,407.68680891355245,384.51243253249015,406.3913406954774,5938743
2019-06-20,384.99224853515625,395.93170304651295,373.9568279881857,381.8735427284037,8383317
2019-06-21,385.75994873046875,391.1816933967257,381.58567477158965,385.90388315290085,4710025
2019-06-24,389.59832763671875,390.94176428886635,383.64878481113595,383.84071688346677,2582740
2019-06-25,389.2624206542969,390.7498208483073,386.3836155771769,387.6790837188248,2099347
2019-06-26,398.1867980957031,400.7297371331113,387.67914615797713,389.02258288672823,3327963
2019-06-27,390.0781555175781,401.40144573507183,388.3508838860027,398.47467178025664,8841636
2019-06-28,393.6286315917969,396.65137110934194,390.55789441811044,392.1892290325164,2148799
2019-07-01,396.55548095703125,397.27518237437613,391.99737198051366,395.35597859478975,1457022
2019-07-02,397.3231506347656,399.62621859735293,392.86100770552247,396.3155803646779,1671598
2019-07-03,398.1387939453125,402.5529682261917,397.27515815409623,397.27515815409623,2542307
2019-07-04,398.1387939453125,400.393864105789,396.6514228207024,399.1943618166764,1101623
2019-07-05,386.19171142578125,399.6741034414303,384.3684447890291,399.5781374155929,1670037
2019-07-08,381.7296142578125,388.11099015595926,379.9543742163929,384.8003519724805,1648021
2019-07-09,388.63873291015625,389.59833471981096,376.78764470397596,381.63365141356616,1952280
2019-07-10,388.63873291015625,392.28520807295484,386.0957939715159,390.5099681528722,2023029
2019-07-11,396.21954345703125,396.98724240217,387.5831279960824,391.7094329538124,1732979
2019-07-12,398.5225524902344,402.4569251019021,393.05284067035143,395.30791039890516,2818537
2019-07-15,392.5730895996094,399.3862680172307,391.61348783049993,396.8432999013131,2601603
2019-07-16,400.8736572265625,404.47216402392837,391.18167306204566,395.0200803125693,2111513
2019-07-17,400.201904296875,404.08830901515705,397.5629994436689,403.22467328377945,1698318
2019-07-18,395.73980712890625,402.3610542050416,394.15646989315815,399.8661127594871,1300071
2019-07-19,389.1184997558594,399.8180531400443,385.5199932846276,397.8028836592104,1894624
2019-07-22,390.7498779296875,392.95695043067104,380.48212660747515,387.4872082712264,1941825
2019-07-23,383.6007995605469,392.47711574800167,381.92149649805543,392.47711574800167,2835920
2019-07-24,365.4163513183594,384.36848674348255,362.7294780099525,383.8407174708492,4748109
2019-07-25,364.98455810546875,369.9744699987922,361.76988615142255,365.41636135364826,2998970
2019-07-26,366.4246826171875,369.0649758002409,362.1522257737782,365.4645760051681,2701597
2019-07-29,358.9359130859375,367.5288508881554,357.1597097446539,366.3287174548736,1888927
2019-07-30,358.55181884765625,364.74448879194165,356.29556249425843,361.57614875534244,2312161
2019-07-31,362.4882507324219,366.5687039582807,353.9433074841786,358.1197772342012,2429787
2019-08-01,356.2955627441406,362.77628225092525,351.6870335147948,361.0000791927439,1720133
2019-08-02,360.4720764160156,364.60052355384727,349.1427996445334,353.7993230535687,3029294
2019-08-05,353.17523193359375,357.1596686132044,344.8222924798461,357.1596686132044,2432675
2019-08-06,361.9122314453125,363.4964016366105,350.6789713613244,351.01501456557094,3719169
2019-08-07,357.3996887207031,364.4084553153894,351.0629791788597,364.4084553153894,3419644
2019-08-08,359.0318603515625,364.3604400472221,352.79116770253233,362.92028020513817,3397923
2019-08-09,361.5761413574219,365.32055113318995,359.31988505018745,362.63226444805576,2223023
2019-08-13,346.16644287109375,364.4084693229916,344.77430580089526,361.384139218624,2576776
2019-08-14,344.5342712402344,348.51870790864064,342.3740313151808,347.1265415702211,4506969
2019-08-16,343.0941162109375,344.2462266074124,336.0373264945265,341.84595998959435,4433448
2019-08-19,343.14208984375,348.90272939109934,342.2779997716732,343.33412288204613,2152462
2019-08-20,340.7898254394531,345.398325075518,337.9574994484568,343.1420688640613,1767899
2019-08-21,336.70941162109375,340.8378584684057,334.50114876079823,340.8378584684057,1459740
2019-08-22,331.2847900390625,334.8851900002179,327.204336749753,334.8851900002179,2171160
2019-08-23,335.4132385253906,340.02173837480797,326.1001930087058,332.5809124032706,2246560
2019-08-26,353.5112609863281,360.03997413051013,335.41324576000886,351.3990147513779,4974219
2019-08-27,357.2076721191406,359.31991849702416,352.6471654715498,355.52748545950186,3040184
2019-08-28,351.35101318359375,359.3198860438062,349.52678724921464,358.2157693415061,2186454
2019-08-29,351.591064453125,355.52747825006566,346.886518461432,352.35913804761844,1725632
2019-08-30,351.11102294921875,354.13535311700747,345.06233331351086,353.75131630683484,2313806
2019-09-03,346.88653564453125,352.50316564539,345.20634893573515,348.23070845167285,1638833
2019-09-04,349.81488037109375,351.1590238847892,342.42204709557205,346.88653736969286,1846644
2019-09-05,351.92706298828125,353.0792026298985,346.83850972141624,351.1109958172746,1642165
2019-09-06,351.15899658203125,353.9913228336398,349.2867769512895,353.31923647898157,2366109
2019-09-09,354.8074035644531,356.96764354386085,349.1427801451432,351.2070035987735,2954338
2019-09-11,358.455810546875,359.99198699080046,351.8790743745286,356.39158718478546,3341392
2019-09-12,357.59173583984375,361.192135800776,355.71951614010703,360.03999609322574,2625251
2019-09-13,359.27191162109375,361.96019845722316,355.6234888576279,361.4801451436194,2925109
2019-09-16,355.8155517578125,358.8878756425823,353.4152849883995,358.1198019964227,2561643
2019-09-17,350.7269287109375,358.35978788904066,348.32666221469475,355.815511263049,2609989
2019-09-18,351.73504638671875,353.6072366107289,349.6708231294182,350.4388966623258,1469778
2019-09-19,347.46258544921875,351.87908183155054,343.57416529637067,351.6870487844421,1317155
2019-09-20,365.5126037597656,369.44901748110937,346.5984915322741,347.9906578582033,6134710
2019-09-23,394.55584716796875,400.84453412703544,370.6971905940341,378.28202741569334,6695717
2019-09-24,397.3401794433594,400.84456317758,387.8351285957019,393.5957690246013,3112368
2019-09-25,398.2522277832031,401.2765871790332,392.77963744339536,392.9716411938398,2997555
2019-09-26,402.4287109375,403.82087735004046,395.5639540035328,395.75598706048,8639414
2019-09-27,392.2995910644531,403.72485457283796,389.89932439041723,401.32458789880206,3789544
2019-09-30,397.4361572265625,398.9723044177197,385.4348241698373,386.92297774881945,3152658
2019-10-01,387.9310302734375,401.22851152415643,385.57878686382355,398.6362414829415,2532760
2019-10-03,387.7870788574219,389.99534178251156,382.6985252172302,387.4030420487503,2619077
2019-10-04,378.85809326171875,391.0034366303583,377.27392313539707,389.32324997817136,1610595
2019-10-07,379.48211669921875,384.7627027633445,375.06562067647,380.2021966170541,1399825
2019-10-09,384.4747009277344,386.7789509151265,375.9297287201243,380.5382579950367,3905912
2019-10-10,383.9466857910156,385.578878995957,379.8182384610576,381.93045574377425,3034826
2019-10-11,392.7315979003906,393.88373755478875,380.1062018132001,385.24277804718827,2283201
2019-10-14,391.1954345703125,396.52401432607195,388.6511287138327,394.5077846643885,3313476
2019-10-15,397.2441101074219,397.9641900653205,391.1954501811246,392.53959357584307,2434978
2019-10-16,393.6437072753906,397.24410703705576,387.49903087550774,396.5240270847228,2008661
2019-10-17,392.82763671875,394.7958729650544,388.45916310644617,392.77964310547947,2478950
2019-10-18,404.8769836425781,406.89318415561013,391.723510894927,393.6437241836276,4047650
2019-10-22,403.9648742675781,411.7417440172473,400.4604908439994,404.68495425735995,2380735
2019-10-23,380.2982482910156,402.2846846215216,379.2421251205275,401.32457797564683,6752056
2019-10-24,383.2265930175781,385.434856062817,377.6579857385326,383.0825828690072,6433637
2019-10-25,383.0345458984375,386.87497235968215,381.01831614625837,386.87497235968215,3272059
2019-10-27,383.8506164550781,386.2028894033164,382.650483175391,386.2028894033164,110114
2019-10-29,383.0345458984375,385.00275273977394,382.2664430261114,385.00275273977394,2269051
2019-10-30,382.2184753417969,388.8432055767826,379.72219211263587,383.27459855030315,5590453
2019-10-31,380.01019287109375,384.0426524417841,377.945969474245,383.3225724684558,2529130
2019-11-01,374.2015686035156,381.4023685124992,372.3773718199324,380.2022351943353,3665336
2019-11-04,375.4017028808594,379.1941358959993,374.20156955962904,374.4415962238751,3146855
2019-11-05,374.4415588378906,377.2258620051213,371.0811858739608,376.07375171185015,1395899
2019-11-06,375.4017028808594,378.66605965458,373.00143623839864,374.4415962238751,2277683
2019-11-07,374.8736267089844,376.36178019122,372.56934747179315,374.92162031803934,1615593
2019-11-08,370.74517822265625,375.5937344007337,370.1211147581872,375.5937344007337,1206504
2019-11-11,372.42535400390625,373.62548728524143,367.24078408856406,370.745167410037,2300763
2019-11-13,356.00750732421875,376.1697454577939,354.6633639753392,375.40167191561346,5392849
2019-11-14,354.3753662109375,359.1758994045288,351.25501963510317,357.0636530792969,2662084
2019-11-15,351.6870422363281,356.1035385364285,350.9189686624536,354.3753583451465,2362065
2019-11-18,351.06298828125,352.7911978193594,349.57483470410784,351.68705173940225,1835202
2019-11-19,349.52679443359375,353.46323733586615,347.12652794441885,352.8391739087063,2758083
2019-11-20,352.07110595703125,362.05620885093134,349.478806387403,349.95885969288014,6385953
2019-11-21,357.25567626953125,361.2401128502458,353.3192332993766,353.3192332993766,6556285
2019-11-22,356.6316223144531,360.56803608914856,355.6715156766973,357.39969590460606,3679373
2019-11-25,359.7519836425781,364.0724636896861,356.67963055569356,357.15968389426115,3050808
2019-11-26,355.6235046386719,362.92032118927597,353.7513142126149,362.0082081329016,4348236
2019-11-27,358.0717468261719,359.4158901259497,352.5991278126372,357.15963389054065,1417796
2019-11-28,357.7357482910156,362.63229812956564,355.71951843983265,361.00010508333895,1649478
2019-11-29,366.8087463378906,369.5930791573121,356.007546159506,357.15968589858596,30111277
2019-12-02,362.68023681640625,368.0568391719228,360.85604029403254,365.8965995085557,3783084
2019-12-03,347.5105895996094,364.84050171082237,345.2063103592284,364.84050171082237,4189825
2019-12-04,353.17523193359375,355.57549852373626,343.09411225499525,347.0785489346059,4369308
2019-12-05,353.7032775878906,358.69584379743515,350.5829310319576,353.31924079487857,3179935
2019-12-06,351.54302978515625,356.4875729721678,348.9027366046995,355.86350953499465,2376977
2019-12-09,358.6958312988281,362.4402411754495,350.39091507629047,353.5592551334021,4988293
2019-12-10,352.2630920410156,360.8560574983636,351.4469956025877,358.9838379808011,2108098
2019-12-11,354.9513854980469,356.0555021152864,350.4388732187418,354.23130562157,1710192
2019-12-12,357.63970947265625,361.4801358831009,356.1035330484528,356.63160925996584,2012086
2019-12-13,361.9122314453125,365.7046353214343,357.68773853500954,357.68773853500954,2699035
2019-12-16,353.6552734375,365.27256920573103,352.31113005194817,362.2002163529312,3579883
2019-12-17,356.4396057128906,358.11979240648674,352.8871992692351,354.4713987347303,4226416
2019-12-18,359.5599060058594,360.8080328113296,354.3753364521821,357.25565612646136,3960881
2019-12-19,354.9034118652344,359.3199082474737,352.9352049829953,359.0798815886577,2769484
2019-12-20,357.44769287109375,362.92031247771433,355.4314923529879,355.4314923529879,10808900
2019-12-23,352.2630920410156,359.2718875297253,349.71881550955084,357.2076349795467,4275342
2019-12-24,353.89532470703125,357.1596815276341,351.39904150299486,353.31925484454126,2948878
2019-12-26,349.1427917480469,355.8155449595776,347.65463809949614,354.08733533854064,2503435
2019-12-27,349.1907958984375,353.22322619724144,348.326676484288,352.11910942376403,2146972
2019-12-30,351.35101318359375,356.19953967201633,349.238766996485,356.19953967201633,4732203
2019-12-31,351.3990173339844,353.9432939765135,350.3428942087473,351.3990173339844,2043206
2020-01-01,362.58428955078125,364.1204661314676,351.39905235100105,353.3192657518262,11377167
2020-01-02,367.8648376464844,369.3530204554144,361.4801346214303,362.8723009104087,5919760
2020-01-03,367.2407531738281,369.01695614070724,364.0724132978692,367.43278620272775,3684824
2020-01-06,365.0325622558594,372.52138245106073,359.79996926168815,372.52138245106073,12482680
2020-01-07,369.4490051269531,374.20154448056115,367.14475516464813,368.7289251824748,8091465
2020-01-08,370.2651062011719,372.1373258001791,363.16032318721113,363.8804031406557,4620991
2020-01-09,376.1697998046875,378.2820463010404,370.6491861848119,373.62552286598856,4186783
2020-01-10,376.4097900390625,378.57002994202895,374.44158318085573,376.1697633831773,2405154
2020-01-13,374.7776184082031,378.1859851294123,373.7694888947956,376.26577192306837,1516112
2020-01-14,373.6734924316406,376.9378489416547,370.6011396574347,375.40167255455174,1963128
2020-01-15,375.2096252441406,375.7856950299042,370.6011255582851,373.769465429795,1536571
2020-01-16,375.3537292480469,378.85811287255103,374.24958309363757,376.36182957148935,1340762
2020-01-17,372.1373596191406,376.74586001994413,370.60118305216247,375.30569998217663,1644832
2020-01-20,364.8885192871094,373.67351854280446,363.6883859789684,372.185335660632,1760945
2020-01-21,364.7925720214844,366.76077914237857,360.3280521860586,363.6884258169443,2005178
2020-01-22,368.29693603515625,369.6410795553312,363.88043935446893,364.7925524396579,1817459
2020-01-23,370.4571838378906,371.3212740260179,365.5606337049937,369.113040289678,1202104
2020-01-24,369.4010314941406,371.9453082421965,365.1285452058005,367.7208448661621,1572385
2020-01-27,366.0406799316406,370.8412134389408,364.64851349447105,368.3929530702702,1076027
2020-01-28,358.0717468261719,366.28064604634744,355.4314538337015,365.5125725322248,2220618
2020-01-29,368.0569152832031,372.2813789717929,358.8398849534689,362.44028513694855,3588224
2020-01-30,362.9203186035156,368.39293830250955,361.81620180112355,365.8006385924324,1526892
2020-01-31,354.6634216308594,366.32871258733064,353.55930474693747,364.88855248652845,2912256
2020-02-03,352.6951904296875,355.23946724043753,341.3179205512853,349.47882723113315,2857926
2020-02-04,357.63970947265625,361.0000825817953,351.7350597266233,355.3354594864151,3061868
2020-02-05,351.97509765625,357.6397209331519,346.69451117267323,357.15966761646314,3441871
2020-02-06,355.4315185546875,358.31183870731826,352.9832288448723,355.23948549112606,4172547
2020-02-07,354.8074035644531,358.79186963324247,352.55117635939786,355.4314963319415,2197903
2020-02-10,353.5592346191406,358.5518003650419,351.54300501790635,355.2874146772691,1537598
2020-02-11,359.27191162109375,363.30434187528783,354.327339050872,355.71950538037447,2836917
2020-02-12,359.1758728027344,363.78437260720904,356.7756063837107,361.9121823804469,1873710
2020-02-13,354.3753662109375,359.75196924778567,352.3591364096033,359.07988288063115,1602247
2020-02-14,352.2151184082031,357.15966162715546,351.39902192349166,355.5274686577326,1012713
2020-02-17,348.3266906738281,352.21514029551395,345.06233383225776,352.21514029551395,1979626
2020-02-18,351.97509765625,353.75130078802437,344.0542179308849,348.03865459937606,1693616
2020-02-19,356.487548828125,359.5119078882821,352.6951455513055,356.1995285843608,2057811
2020-02-20,356.0555419921875,359.5599252568278,355.2394455140889,356.19955212358644,1799254
2020-02-24,347.79864501953125,356.58361528629246,347.07856500913886,352.98321523433043,2070656
2020-02-25,344.1022033691406,350.1508925958242,341.41391657958917,347.8466132903475,2530137
2020-02-26,344.1022033691406,348.0386463325134,338.82161701099216,342.66204345328197,4164401
2020-02-27,339.5897521972656,346.35849272591076,337.4775057329387,344.39028570698025,1977795
2020-02-28,328.54852294921875,334.74119355566296,325.66820286246394,333.15702336797403,4299292
2020-03-02,327.0603332519531,337.04543682026866,324.80407670379213,332.29292635512667,2510491
2020-03-03,333.445068359375,335.12525520112274,328.35651421584936,330.2767277492754,3671071
2020-03-04,332.1488952636719,335.84528229225793,326.3402326613692,333.92506906177016,3490806
2020-03-05,335.22119140625,337.8614843819975,332.67691494419125,333.4449884534491,2709900
2020-03-06,327.7804260253906,329.508635689224,318.03534874646857,326.2442494242493,3966036
2020-03-09,309.0583190917969,321.34770156588905,304.2097923185068,321.34770156588905,3230309
2020-03-11,307.4261474609375,313.3307972374092,303.58572103069537,309.92240120049223,5634335
2020-03-12,276.1746520996094,289.85617087563855,272.67026893980983,276.7027282991116,9895066
2020-03-13,281.0711975097656,288.70405643802366,222.74472356025834,249.62770743822054,21079070
2020-03-16,253.74551391601562,268.7431090920673,244.62077658715634,265.0058413027527,7727458
2020-03-17,259.3271484375,275.05278222482457,257.2401119446249,257.2401119446249,9691217
2020-03-18,252.77476501464844,265.0058082429574,248.50361505566704,262.09365650402384,5581367
2020-03-19,250.78485107421875,256.4150002537359,233.9428979330853,240.7379198647517,8727962
2020-03-20,248.8919219970703,256.75473843733096,239.96132536164436,250.0567946637543,7028900
2020-03-23,201.71507263183594,228.89515901655375,197.05562628920427,228.1185821574532,5716748
2020-03-24,224.96376037597656,231.75878226435557,206.37452784898574,209.6749611271238,9694177
2020-03-25,248.1153564453125,258.69616945899713,215.79046626721623,215.79046626721623,11745146
2020-03-26,240.9320526123047,252.4835984106035,234.42824907852466,250.10532896167865,8701776
2020-03-27,243.94126892089844,251.99822575299254,236.8550294225031,251.41578942798486,4871435
2020-03-30,244.28103637695312,247.3873440157844,230.0600318915672,240.7379236671252,8946439
2020-03-31,243.94126892089844,251.99822575299254,239.8157202526786,247.53292009318972,6401278
2020-04-01,237.63162231445312,240.54377451239503,228.16712767114197,238.8450190635956,4034211
2020-04-03,237.63162231445312,245.39736150896485,231.9043807713175,238.79648023123548,7210403
2020-04-07,240.8350067138672,248.35806699647642,238.4082130743158,246.7563743071888,7360798
2020-04-08,243.5044708251953,248.3580579270571,235.64165379539025,240.73792025234513,6897792
2020-04-09,244.52371215820312,247.14466104162014,240.2040226018627,246.56222466486693,5290625
2020-04-13,255.15310668945312,257.72550219904196,240.25258679571706,244.6208156465483,6979344
2020-04-15,261.02587890625,271.21841066796776,257.2400873195431,257.2400873195431,7606664
2020-04-16,259.7640075683594,263.35564452523636,252.67775208099394,259.1815711466113,3267284
2020-04-17,260.2978820800781,267.8209424270396,255.88112946789207,266.9473026341172,3470146
2020-04-20,262.57904052734375,265.4911925479797,258.7446951839295,265.4911925479797,2234365
2020-04-21,257.43426513671875,261.70541575213895,253.26016256169362,258.25935122374034,2562044
2020-04-22,263.93804931640625,265.8309600542526,250.9304423679621,252.3865184358613,3229099
2020-04-23,269.4711608886719,271.5096733891962,260.63762646902944,265.4912135541138,3594086
2020-04-24,262.7246398925781,268.84017685648485,261.65684490294916,265.9280248614651,2515755
2020-04-27,263.21002197265625,268.9858024594821,261.60834415770415,265.2970584966208,1845577
2020-04-28,264.9573059082031,266.6560612282346,262.0936779477162,263.2099969475199,1808291
2020-04-29,279.22686767578125,284.6143672804394,264.7146596190047,265.97658045039555,4058322
2020-04-30,281.6051330566406,287.33235998286136,276.75154589476796,286.4101665725275,4675412
2020-05-04,258.550537109375,271.80082121901427,254.32791128350618,266.94723512581754,6359013
2020-05-05,255.39576721191406,263.7439432129832,253.4543323104536,263.7439432129832,4866839
2020-05-06,262.23931884765625,265.4912283000698,253.4543375852946,253.4543375852946,10547916
2020-05-07,274.130615234375,276.1691279029117,260.58912392527884,263.2585970420908,6505707
2020-05-08,276.7029724121094,278.450281439487,272.3347442795797,276.7515260546144,2594066
2020-05-11,281.2168273925781,284.6628621262861,276.8485993292592,276.8485993292592,3204070
2020-05-12,282.964111328125,284.22603205050854,276.89712780908286,280.53731792050814,4602740
2020-05-13,300.29144287109375,302.7667604678163,254.66772366476977,288.3030766867707,9559902
2020-05-14,299.36920166015625,302.3299071230226,292.28297740282545,292.28297740282545,5684066
2020-05-15,300.1943359375,302.8638086095392,296.4085442546692,299.95165660367826,3712050
2020-05-18,284.7113952636719,298.3499922059246,282.8185141499683,297.0395178201646,3625908
2020-05-19,309.85302734375,311.5032292634302,288.64284476310974,291.0210847831052,10540236
2020-05-20,314.269775390625,315.28901686663795,302.42701061512975,308.68815003619693,6985180
2020-05-21,307.8630065917969,312.71659342005773,306.1642512019056,310.04712066451424,4602568
2020-05-22,301.5047912597656,305.7759413410107,297.5733685253028,305.7759413410107,3428549
2020-05-26,306.3583984375,311.1634314962713,300.5340943973344,303.2520910998348,4031218
2020-05-27,317.0848083496094,318.8806413260054,303.8345227855089,303.8345227855089,6352246
2020-05-28,322.08404541015625,324.3652373945006,317.861448105456,319.85140707378724,5654879
2020-05-29,314.31829833984375,320.3367583771132,312.6195428029954,320.3367583771132,12299517
2020-06-01,319.70574951171875,326.50077062940056,316.4538406234685,316.4538406234685,2865749
2020-06-02,329.9953918457031,331.6455936506672,316.25971694212024,320.5308971995427,4668305
2020-06-03,329.6070556640625,334.8489529151925,326.98613666243926,333.9267596073977,5177337
2020-06-04,329.2673645019531,332.85900122290974,327.71421068729444,331.01464402847853,4625229
2020-06-05,331.16021728515625,336.9845213720965,327.3259015356194,330.14097591951867,2348630
2020-06-08,333.24725341796875,337.4698798027451,330.96609135138215,333.0531277229095,2771175
2020-06-09,335.916748046875,341.06156809678333,331.30584034709705,334.41214791020946,3387618
2020-06-10,336.4021301269531,339.5084379059067,330.43222356247486,335.91677138798826,2324983
2020-06-11,328.7334289550781,337.80964222115347,326.9375959092863,337.80964222115347,4260956
2020-06-12,335.188720703125,337.61551430689497,318.104117431741,320.9677161098223,3022904
2020-06-15,329.8012390136719,336.6933385278561,326.9861644582852,336.35358151063224,2474091
2020-06-16,330.82049560546875,336.83895565405317,326.06398601814016,336.83895565405317,2686016
2020-06-17,331.3058166503906,336.305034655946,327.6656266214575,331.0146132976529,2457982
2020-06-18,333.7326354980469,335.3828669534739,325.3359357813089,330.3836781899549,2502231
2020-06-19,338.68328857421875,344.50759286482935,331.499985873921,334.3150603562608,6917609
2020-06-22,339.36279296875,343.53686574242533,336.5477185662288,339.7510739856594,2515837
2020-06-23,345.2356262207031,346.7402559164117,336.59624756487915,339.75107901285566,2715717
2020-06-24,341.54693603515625,349.45827721964525,339.36282180253346,344.94444706368057,2841354
2020-06-25,333.9267883300781,341.20716888960015,332.17950884537055,339.55693744653075,5056963
2020-06-26,333.15020751953125,338.78035631938815,329.65561912268026,337.8096389660374,3979419
2020-06-29,332.6163024902344,333.97530088991977,329.1702676598954,331.35438175280007,3263757
2020-06-30,333.8297119140625,339.5569387175354,332.3736357967078,333.92678958000835,2828818
2020-07-01,333.7326354980469,336.8874670974645,331.3058419600333,335.77114799476715,1202080
2020-07-02,336.644775390625,339.3628018278301,334.8004182942015,335.8682133365341,1204040
2020-07-03,349.8465270996094,356.0591122163196,338.44059823435776,339.9452279015863,9300920
2020-07-06,348.9243469238281,355.2825334182115,345.6724380292284,354.4088937690205,3360559
2020-07-07,335.8197021484375,350.42898741982464,334.16947069051145,350.42898741982464,4348413
2020-07-08,330.6263427734375,339.41132313901073,329.3643924156798,338.7803627721035,3988463
2020-07-09,333.1016540527344,336.35356311295845,330.04390031285965,331.014617666721,3635224
2020-07-10,325.14178466796875,332.6648440480032,322.52083600212177,331.0146127215155,3368457
2020-07-13,322.4722900390625,329.70411595076604,321.792776098178,326.40368314634196,2187702
2020-07-14,311.017822265625,323.7342250359015,310.3383379184753,322.9576630323185,3146768
2020-07-15,305.9215393066406,314.99775163445526,303.7374254663401,311.16340659857394,3905249
2020-07-16,302.0872497558594,308.1542331649669,300.53409607833936,307.7173985099342,3122788
2020-07-17,303.8345031738281,309.5617290980037,301.5047876685292,302.8637859112919,3264266
2020-07-20,308.00860595703125,309.367633957885,301.26213809081725,306.74668524074457,4328735
2020-07-21,305.48480224609375,315.8229374643705,304.4170070952601,311.50323283670326,4264584
2020-07-22,302.86383056640625,309.31909538926675,300.0487560147766,306.9408555197625,3068805
2020-07-23,304.7082214355469,306.69821011175895,302.47558300500873,304.22286267899966,2831414
2020-07-24,300.3399658203125,304.7567478850486,296.40857209274867,304.7081942393589,2457668
2020-07-27,300.0002136230469,301.6019211016234,289.27379773771963,299.9516896005214,5465737
2020-07-28,309.2705383300781,310.62953662803756,299.02945302000785,300.82528595342694,4973488
2020-07-29,305.9215393066406,313.54167574092156,302.9123098685497,307.76589618032864,4000041
2020-07-30,303.3492126464844,312.3283493408203,301.01949661814865,308.5425570917815,2498353
2020-07-31,305.9701232910156,308.8337217246202,303.59185391278515,305.7759679697117,1944926
2020-08-03,302.2328796386719,310.1927448399072,299.61193071176126,301.89312261126565,2408531
2020-08-04,305.72747802734375,308.44547508488625,302.2328892219704,303.8345671174489,3182644
2020-08-05,317.5216369628906,319.17183861000177,304.2227980108317,307.1349499310833,8387003
2020-08-06,314.31829833984375,321.2103981569889,311.98858238552657,320.43383604686505,3281920
2020-08-07,317.0848083496094,318.73503965201473,312.13414406633507,314.4153357053277,2634656
2020-08-10,321.5986633300781,324.17108814371,316.16266957977354,319.36602515577044,3187734
2020-08-11,325.1903381347656,326.88909363248456,321.0162650470914,323.7342619938637,3504782
2020-08-12,331.2087707519531,337.5669575272605,322.03547997029096,326.16102869636103,10674205
2020-08-13,337.46990966796875,338.73186010527434,331.74268273788283,333.4899622677582,2707033
2020-08-14,337.90673828125,343.3912857543755,333.58703393242985,343.3912857543755,3376980
2020-08-17,346.98291015625,347.51679282078373,336.6447472293281,340.5761700621401,4507708
2020-08-18,346.98291015625,348.9728687683569,344.1192822764465,346.4489978677753,2151389
2020-08-19,346.2063903808594,355.47676027837065,345.0900711808724,349.4582999299974,3269069
2020-08-20,343.24566650390625,346.64317728452534,337.76111931140974,344.5561408726479,3533915
2020-08-21,343.97369384765625,348.8272805264042,342.6632195196059,347.41972853999044,1341709
2020-08-24,338.7803955078125,352.6616434168636,337.4213969807079,347.9051337600245,3488987
2020-08-25,335.96527099609375,341.69249726986277,331.01460673017954,341.5954196128955,3532971
2020-08-26,343.87664794921875,356.1562174557851,336.20798621331943,336.20798621331943,11568355
2020-08-27,340.28497314453125,346.98294691203444,339.3142557433214,345.5753948307025,2996658
2020-08-28,349.5068054199219,352.37043374205956,338.2950307413437,344.60469415545765,5406394
2020-08-31,345.33270263671875,367.2709210129194,341.69251251756856,354.311838263956,19379155
2020-09-01,338.5862121582031,354.6516026600027,331.40290943145067,346.54610656759655,6726316
2020-09-02,349.3611755371094,352.85576399388697,334.023852940735,342.61470758999656,5694675
2020-09-03,355.2825927734375,357.2240277066257,349.02145326432714,352.85579910695225,4285869
2020-09-04,342.6632080078125,352.7586620356624,340.81885105663804,352.7586620356624,7628188
2020-09-07,341.74102783203125,347.46828383944097,337.03307243033066,344.60465583573614,3344349
2020-09-08,335.4799499511719,345.526881283001,333.48996144400945,342.3720496334473,2339457
2020-09-09,333.7811584472656,336.1593981214393,325.53006117682486,334.31504112695274,3413201
2020-09-10,331.5970458984375,338.7318241997081,326.74345924776935,335.8681962262371,3892385
2020-09-11,332.470703125,333.82970153415295,323.6857226730263,331.0146270529197,4656343
2020-09-14,341.352783203125,343.2456940681999,333.39291793796747,334.89751812634825,4221864
2020-09-15,342.323486328125,346.351957626786,340.7218085375663,344.7017558156429,2042309
2020-09-16,343.1971130371094,345.67246009576616,338.73183685087633,341.93519231038147,1998091
2020-09-17,335.96527099609375,345.0900078961256,334.8974760173371,341.69249726986277,2433176
2020-09-18,347.3712158203125,349.26409691222096,336.9360041216206,338.4891578341215,4963124
2020-09-21,337.6640625,348.4875558732234,333.87827046404925,347.5168384473927,3086172
2020-09-22,322.56939697265625,338.149429828567,317.5702080270436,337.66407110328527,4670128
2020-09-23,315.0948791503906,325.53009137212575,310.77517479972244,322.812064833028,4281260
2020-09-24,304.5625305175781,313.4931408715735,302.96085301494276,312.1341130521846,6847625
2020-09-25,316.5994567871094,320.0455211431926,306.35840062622947,309.6588336811143,6282538
2020-09-28,329.6070556640625,333.15019759742233,318.2011271018912,318.2011271018912,4249775
2020-09-29,331.0146179199219,336.25648570999425,327.0346708412574,333.34433364618263,3490634
2020-09-30,331.7426452636719,336.4020765662989,320.33671671400646,330.57777262604424,2757175
2020-10-01,342.9544372558594,344.50759098299363,334.41213619253597,335.38285356900195,3004005
2020-10-05,340.0908203125,347.51680191465897,338.2464633220988,345.4782896099243,11896461
2020-10-06,352.2733459472656,353.8264997447338,344.4590825624262,345.57540167112546,7483578
2020-10-07,350.0892333984375,357.95205046565854,348.4875555719903,351.9335905811326,4024700
2020-10-08,349.215576171875,352.17625232041917,345.9151430167905,349.2641001911193,3036028
2020-10-09,346.740234375,351.83650024358474,344.7502461186164,350.42894829697053,1988867
2020-10-12,347.17706298828125,352.22480518414113,344.6531918903513,348.58461503057197,3626399
2020-10-13,339.65399169921875,348.1477684331715,338.197915687684,347.1770510921483,2413110
2020-10-14,338.7318420410156,340.9159561488555,334.6062931706513,338.87744372341626,2363379
2020-10-15,332.7619323730469,343.4883780460725,331.2573321644424,340.33354631117305,2855273
2020-10-16,339.70257568359375,344.36200748711843,331.93683626175596,334.2665521635183,2634960
2020-10-19,337.372802734375,342.2749431203042,334.7033300251076,342.2749431203042,2181974
2020-10-20,338.7318420410156,341.9837215690891,335.5284569084843,336.54772793317574,1999765
2020-10-21,344.9444274902344,349.60385907252453,339.3142489023616,339.9937629190864,4398526
2020-10-22,347.8565979003906,353.3896694918975,339.896703103415,340.28498415166973,4506437
2020-10-23,353.6808776855469,358.1947075057494,347.17705949372436,349.4582512251214,6357073
2020-10-26,353.0499267578125,362.9512263660803,349.7980175750018,355.2825649062799,7541562
2020-10-27,353.72943115234375,355.4767403282995,340.721823309752,349.6524356563379,5869559
2020-10-28,343.294189453125,359.165424260789,341.692511729183,352.37040272072,3863941
2020-10-29,332.66485595703125,340.2849636446391,331.160226252795,340.2849636446391,3346474
2020-10-30,349.31268310546875,352.07923378491944,333.1502433582882,335.0916782738401,12044256
2020-11-02,346.4490661621094,352.0792453769482,340.91599424498037,349.4582963050814,9364431
2020-11-03,343.294189453125,352.030645718928,337.0330802369986,351.399685357853,7971473
2020-11-04,350.5260314941406,358.68005108799684,339.36278227218673,356.8842181144594,17940352
2020-11-05,357.8549499511719,363.6792541292697,353.63232349726235,355.33107888254085,16920686
2020-11-06,360.2332458496094,364.89267768539685,355.0884256726512,357.85497628562604,7290106
2020-11-09,356.3017578125,364.98968912393553,355.28251654085216,364.0189718656272,7038841
2020-11-10,356.0105895996094,363.53364909353434,353.4867185542783,359.84493499770304,6850175
2020-11-11,360.7185974121094,361.54371313981596,354.55453590081754,356.0106120236135,4370366
2020-11-12,357.27252197265625,364.60145600937227,355.3796408448261,362.0775848816551,4759659
2020-11-13,354.7972106933594,359.5537200418878,352.0792138153272,356.738645498795,4156320
2020-11-14,355.379638671875,358.19471314852456,352.3704088696868,358.19471314852456,444529
2020-11-17,368.5328674316406,375.42496712919575,355.5252597571246,357.70937398088853,11192618
2020-11-18,379.6475830078125,383.62753029297056,370.8140486978139,370.8140486978139,15514329
2020-11-19,370.71697998046875,381.2007459815359,368.48434174473095,378.57979707528284,6894431
2020-11-20,364.8441162109375,371.44498223802907,362.0775658819572,369.8433045603906,5562369
2020-11-23,364.16461181640625,368.24163657951937,359.456626693844,364.8441258182394,4065424
2020-11-24,380.7638854980469,390.22837978384916,364.989728355043,366.9311630803358,19485370
2020-11-25,387.2677307128906,392.84935593776606,373.14377432601276,384.69530582313985,18238080
2020-11-26,398.1397399902344,400.90629053493745,384.06433753803924,389.06352627730587,12856261
2020-11-27,399.49871826171875,403.81842236981925,396.2468387999623,398.96483556248967,10593353
2020-12-01,411.3900451660156,413.5256354144479,399.93559105810454,402.8477434201781,9170159
2020-12-02,425.3683776855469,429.0570919659936,408.04106612366985,412.457818456095,13049398
2020-12-03,423.03863525390625,431.48388856700006,420.36916237750745,429.0570950430012,10810399
2020-12-04,440.4144592285156,444.8797351942138,426.1449027977832,426.82441677027197,10271034
2020-12-07,457.6932373046875,460.9936704187874,445.5592702499503,447.50070497870826,16140936
2020-12-08,449.7818908691406,460.79953873656086,444.1517124544875,458.85810403301343,9218366
2020-12-09,450.3157958984375,456.14010029796185,444.7341708488933,453.9559861481402,5811412
2020-12-10,457.2078857421875,460.21711554341096,443.6178424292562,450.31578642298365,4785102
2020-12-11,452.6455078125,461.09076096823253,449.1509489022116,457.9359294458183,4922448
2020-12-14,453.32501220703125,458.6154337279754,449.5392203853372,454.8781659252487,5943652
2020-12-15,461.81878662109375,465.6045784216278,447.9375401444878,455.7518030869228,10973876
2020-12-16,461.6246337890625,466.38117260467027,459.29491802415976,465.94433793827585,5452263
2020-12-17,454.05303955078125,464.77945439716603,451.9174495354924,464.00289236830235,6757703
2020-12-18,449.7333679199219,459.100814702988,445.0739361629951,454.0530722796967,5980780
2020-12-21,431.2412109375,453.3250320941193,414.6904908872818,445.55929278629714,8223842
2020-12-22,454.9266357421875,456.72246858916446,422.2620060282392,431.24114063918455,9462053
2020-12-23,456.9651794433594,462.7409593602499,448.95676153489904,453.4705911585156,7943560
2020-12-24,464.5367736816406,468.75940005791966,452.3542828493311,460.9936612965578,7679078
2020-12-28,469.3904113769531,478.5151791115339,465.94437627698284,465.94437627698284,8372924
2020-12-29,469.2447509765625,475.5058895990266,464.19703863945267,470.7979046279586,5866837
2020-12-30,471.1862487792969,473.3218390391533,464.1485471999713,469.8272502611818,3736356
2020-12-31,469.5845642089844,476.4281103494286,466.187053150108,471.18624206909413,4386328
2021-01-01,489.0959777832031,493.1244491496962,468.4196789716542,470.7979484992178,7815730
2021-01-04,484.2908935546875,495.9395020809527,480.69925703345507,492.15371023470516,9998803
2021-01-05,484.8247985839844,489.72690941537377,477.5929423832783,484.2908862602064,5135408
2021-01-06,482.25238037109375,490.16375068175904,475.16615537845917,487.1059672493211,5203982
2021-01-07,498.8031311035156,505.64673642993705,484.8733595873009,485.4557959740567,10295126
2021-01-08,501.86090087890625,511.90780237142707,499.43410735434674,504.77305310837767,7272250
2021-01-11,493.46417236328125,507.19981698458236,489.2415459525924,505.20985826034433,7156036
2021-01-12,496.2792663574219,505.40403353581365,487.8340132025934,492.1537174439372,6751375
2021-01-13,520.9354858398438,524.1873652398631,499.5311210275749,500.7931009718305,11045555
2021-01-14,521.2266845703125,526.5656299096626,514.577235280755,522.1974019047398,6066782
2021-01-15,512.490234375,525.1580838834243,508.6558890109322,521.0810591829963,5427713
2021-01-18,500.40484619140625,516.7128875251755,489.04744016056816,515.4509666879471,6258367
2021-01-19,517.1981811523438,519.3337711261777,500.8901418712294,500.8901418712294,6694907
2021-01-20,542.24267578125,546.0284970600196,513.5094665684452,513.5094665684452,14440729
2021-01-21,531.6134033203125,545.3975428856113,526.7598163612953,545.3975428856113,8870257
2021-01-22,520.1104736328125,541.1750572161885,516.1305552071539,533.4093164848351,6843849
2021-01-25,508.3161926269531,531.4192550072648,506.71448521017936,527.0995507071406,5816153
2021-01-27,503.65667724609375,520.3045036265837,497.492645725045,512.7814441058634,8920054
2021-01-28,503.89935302734375,512.490237129397,492.2022208014935,500.59894958383813,5707393
2021-01-29,494.774658203125,517.4894092439025,492.25078710172414,512.1019396587885,6781488
2021-02-01,526.8568115234375,529.4777600678334,485.45572484302147,499.23989264881874,10259084
2021-02-02,534.671142578125,538.6025362758096,524.1874063016695,532.6326596972186,7160471
2021-02-03,543.69873046875,545.8343203564791,526.1287712176454,533.4576749080935,7462289
2021-02-04,551.755859375,556.6094469513181,537.8260274822298,541.563325464732,6850462
2021-02-05,550.3482055664062,557.1432269192907,545.2034155345135,554.279598928141,5586868
2021-02-08,565.006103515625,576.6061893770827,554.3767351447011,555.3960359080766,8887710
2021-02-09,564.9089965820312,572.5291043892768,556.4152194252155,572.3835323296067,10917915
2021-02-10,559.958251953125,569.8110562674649,534.3798747448712,567.6269423379899,19987392
2021-02-11,574.51904296875,576.3149056245787,559.4243999451567,559.9582826409329,10595917
2021-02-12,598.5443115234375,603.4464816802194,568.9374314970199,574.9558910896724,24953701
2021-02-15,609.3677978515625,621.1620369930041,592.9141274220034,599.8547799616803,15146033
2021-02-16,617.9102172851562,624.6567158089736,609.6591184749367,611.3578741123349,15120148
2021-02-17,636.5479736328125,650.3806974212496,627.9571478212557,638.7320879151973,34868085
2021-02-18,644.6048583984375,650.3806386057826,630.0440978326365,641.450026942514,13189027
2021-02-19,634.3638305664062,656.8359624179908,610.2415265079869,645.4785568153495,17553743
2021-02-22,654.0694580078125,658.6318422354411,629.9956751817264,639.5086950991439,16739107
2021-02-23,642.6149291992188,662.7087915539686,639.9454563060195,660.087842681977,11247164
2021-02-24,645.7212524414062,651.351401739502,634.266798507786,647.1773286002874,3919187
2021-02-25,683.67626953125,690.519815517445,647.614152796443,649.7982669993493,18596690
2021-02-26,656.1079711914062,682.8512260283366,648.4392793679867,676.6871344556683,19909990
2021-03-01,672.610107421875,684.0160368254569,653.5840109105715,664.5531056363535,11600468
2021-03-02,699.40185546875,703.4788802162712,675.6192802307426,677.1724043022336,11486477
2021-03-03,708.4780883789062,732.8431312759436,702.2170083909009,710.5651545401678,19961472
2021-03-04,730.4163208007812,743.2783263740465,694.8880283477835,711.778534837491,30607959
2021-03-05,727.018798828125,738.7159314916545,709.1090511887695,730.4163096825544,17665200
2021-03-08,726.48486328125,745.3167436703778,722.4078387028588,740.3661090559706,15286852
2021-03-09,728.76611328125,737.1628427811158,717.0204560337486,733.4255451129907,8548163
2021-03-10,723.524169921875,736.8715337942695,721.2430077955659,735.3184096973636,5235249
2021-03-12,706.827880859375,730.0765146105366,701.8286626750523,727.0673144448328,10961076
2021-03-15,697.9943237304688,706.4881008479507,685.3749977273527,706.4881008479507,13403522
2021-03-16,696.3440551757812,714.1567537862738,693.3348551424301,709.9826811036666,14979009
2021-03-17,668.0962524414062,695.9558537498556,663.7765481495994,694.062942964919,8151544
2021-03-18,659.7481079101562,684.8411291265521,655.6225589395144,674.6485963755545,10925357
2021-03-19,666.15478515625,671.2510512721994,637.8583505466336,657.5639602599465,10373422
2021-03-22,700.7609252929688,704.9835223472874,661.0585593370089,665.9121464099678,22864950
2021-03-23,716.9232788085938,732.8915908833781,705.8085534284014,708.8663367451481,30612174
2021-03-24,686.1515502929688,728.523387254847,677.2209978741632,719.3015722263046,21213413
2021-03-25,668.0962524414062,691.4905181484811,663.1456173865461,690.1800733539264,16860086
2021-03-26,682.4628295898438,689.8888411092265,672.3188213060984,677.560718760708,12350673
2021-03-30,689.7431640625,696.97501978027,676.8811598673906,682.4627843294192,9109273
2021-03-31,681.8318481445312,698.8194007182701,678.1430750444999,684.3556893991913,7752226
2021-04-01,714.690673828125,720.272298785017,684.3557555841469,692.606853346509,15017049
2021-04-05,720.5149536132812,723.1844263279145,694.0629058046428,710.3224214301362,15622924
2021-04-06,811.0829467773438,827.7307746060575,721.2430593738292,733.8623861192663,64555516
2021-04-07,790.8919677734375,859.0848622025065,771.7202999446245,831.904776166721,97717880
2021-04-08,798.900390625,813.461151085966,782.3981954359052,794.046803804678,34025873
2021-04-09,799.4828491210938,812.4904863411231,793.1246618242747,800.5991978612201,21804785
2021-04-12,722.8447265625,786.1840361197864,713.4772800705816,786.1840361197864,28112240
2021-04-13,709.6428833007812,733.6196128990944,680.8125671136551,728.0379883219593,52812517
2021-04-15,728.3777465820312,732.4062473207896,703.7700852320378,714.3509281436461,26108614
2021-04-16,733.376953125,771.5746568983395,721.2429863294176,728.9116770433795,41791181
2021-04-19,699.8386840820312,709.4973335468561,686.7339998804388,694.0629040102709,22935238
2021-04-20,699.3533325195312,724.0581011337003,689.2093242774203,722.8932284543586,21315167
2021-04-22,716.1952514648438,723.087380222483,669.3096151467785,669.3096151467785,26840536
2021-04-23,704.1098022460938,725.0288084217093,699.0135361866569,714.8848003204912,18435449
2021-04-26,709.3517456054688,717.9911542322857,707.5559421005597,711.5358597725742,9390549
2021-04-27,727.2129516601562,735.3184181144744,706.0512652982881,713.4772769823613,20573107
2021-04-28,724.3978271484375,737.7451907977387,719.3986090642724,732.8916040161746,11156977
2021-04-29,724.8832397460938,743.4239189316387,721.6313600597132,731.1443790096152,13851910
2021-04-30,708.6722412109375,737.2113570818337,703.2847713750338,717.3601739767425,12600934
2021-05-03,739.104248046875,741.6280895740189,692.8495404888167,706.3425359747243,25953577
2021-05-04,746.2390747070312,759.1010815231199,737.7938206461339,757.0140152085215,31400296
2021-05-05,716.4864501953125,752.1117886834573,711.2446120697039,749.3937919611545,29426971
2021-05-06,719.107421875,731.629699752134,714.0596796591054,723.1844467127567,11926793
2021-05-07,745.268310546875,755.218164253297,723.4271682644853,725.8054378292569,20782117
2021-05-10,743.0357055664062,756.6742742860633,740.123553131694,751.7236388462097,9201326
2021-05-11,740.317626953125,766.5755199983486,728.3777558873094,729.0087458778362,12978165
2021-05-12,729.5911254882812,750.1703448455398,725.8053634294665,740.6573268094902,10615003
2021-05-14,712.0697631835938,736.4348063709792,706.1969345465646,735.7067682941271,10876267
2021-05-17,732.1151123046875,737.7452616625338,715.4187603227466,718.3309126714146,12271212
2021-05-18,753.1796875,757.1596053159661,734.9301521786872,742.5988436752745,9877934
2021-05-19,749.7821044921875,768.711092808428,746.772845159849,761.0424020478227,15666729
2021-05-20,743.2783813476562,756.6742706330829,738.7645213964865,753.7621182124296,6964023
2021-05-21,746.67578125,752.5486092403512,744.2004639108468,749.3937779213816,5274817
2021-05-24,744.1033935546875,757.0625060875001,724.7375700322707,747.161176991659,8354397
2021-05-25,741.6280517578125,753.9561738918453,736.7744650316488,750.3645078649072,4730725
2021-05-26,736.0950317382812,747.3553897261814,734.8331109007116,745.3653715519814,7375242
2021-05-27,729.3970947265625,742.5988279690793,727.5041839037301,736.0950093908832,7909776
2021-05-28,753.42236328125,761.9161408646338,731.9209483281566,732.8916657662576,13623565
2021-05-31,747.0155029296875,757.1109867726968,739.3953956548727,757.1109867726968,7820165
2021-06-01,774.8265991210938,778.3211578751814,741.9192573205812,750.4615581344837,17847137
2021-06-02,787.7371826171875,799.8711503099969,779.4375605648837,779.4375605648837,27748928
2021-06-03,801.133056640625,824.1390708205283,786.9606063303813,794.8719175745664,24105079
2021-06-04,809.4326782226562,817.2955246912987,798.9004181587226,806.4720020097988,14457348
2021-06-07,852.872314453125,872.4808184842146,811.180048029857,812.8788035406315,33684310
2021-06-08,848.6011352539062,861.802867764199,833.9918507099406,857.5317468922273,16422574
2021-06-09,827.6336059570312,874.6163503638558,806.9573378257537,853.503247566504,31225441
2021-06-10,821.9549560546875,838.6513071356093,818.6059691848694,833.4094094917298,11744190
2021-06-11,815.1599731445312,831.3224422772767,796.6678176962192,827.0512618269016,17460610
2021-06-14,745.94775390625,760.7511933835931,661.1555584659837,733.6681558209723,89771631
2021-06-15,739.5410766601562,779.3890759778108,732.8916857272185,779.3890759778108,45408426
2021-06-16,686.0059814453125,732.8916188549315,677.3665731000533,732.8916188549315,29440056
2021-06-17,627.9570922851562,684.0160205752189,619.6574113477988,662.999965750872,70812142
2021-06-18,674.0176391601562,683.9674930440879,619.4147824800434,624.3654770344418,76266975
2021-06-21,709.6428833007812,722.8446743710826,665.0384107000126,671.7363838917279,51759617
2021-06-22,721.1459350585938,739.346885170304,716.3893963969131,718.3308310754954,35597113
2021-06-23,697.6546020507812,734.8330663452222,694.5482945442621,727.0673272028685,31168761
2021-06-24,693.9400024414062,708.7004993206948,685.9243434820147,707.7229813905973,21503302
2021-06-25,696.1883544921875,702.8354651788097,690.6164897758401,698.9253930498595,12085421
2021-06-28,700.1472778320312,713.5392865622491,696.9703442851494,702.8354523717005,14139292
2021-06-29,695.0153198242188,706.7455361925599,693.0602837628285,701.3691870237369,9303151
2021-06-30,687.87939453125,701.466858261854,686.3153300107822,701.466858261854,9100756
2021-07-01,687.2928466796875,695.8461287409415,684.2625649003134,690.1276725994588,8035542
2021-07-02,694.4287719726562,708.0162356099783,689.1501512046281,689.1501512046281,17676086
2021-07-05,694.0866088867188,704.7904423783159,687.1951192676229,700.8803705759397,11105134
2021-07-06,696.6770629882812,715.4942837443105,691.2029266069321,695.9927884827424,14580124
2021-07-07,703.91064453125,706.7454704216384,690.1276654463026,700.7826348544961,8719991
2021-07-08,695.6995849609375,711.6331167129897,693.1580023177551,707.7230446431381,7804439
2021-07-09,712.1218872070312,720.4307904894744,692.4248749722888,696.4815986753738,14924156
2021-07-12,701.9067993164062,719.1111521923585,698.9742452689903,717.8892546726019,8664504
2021-07-13,688.1726684570312,704.6927464371653,686.2176324670965,703.8129563765092,12287372
2021-07-14,681.5744018554688,695.5040328722353,679.7170938547152,693.4512690086333,13812481
2021-07-15,683.3827514648438,690.5186799846675,679.8637108311171,683.9692980124374,7490612
2021-07-16,672.1414184570312,687.0974930453622,669.8442747982849,683.9694232078365,6941246
2021-07-19,658.553955078125,677.4200424519119,646.5304943957716,670.5774157604784,13618862
2021-07-20,657.4785766601562,665.5431000831923,645.1618738428864,646.1393918335575,11533588
2021-07-22,676.2468872070312,679.3749564932612,651.7112112046166,662.7571518020591,9740403
2021-07-23,664.7610473632812,684.2625417353299,661.9751451656851,684.2625417353299,8682097
2021-07-26,667.4492797851562,675.4160753660707,659.287028334227,664.7122413123453,5339116
2021-07-27,648.2899780273438,670.8706209546613,645.5040158071121,667.449307804282,7133113
2021-07-28,650.4404907226562,661.5352959810543,639.4922773641489,653.3730446760262,11132158
2021-07-29,644.8197631835938,655.914568456988,643.1579706751787,655.914568456988,4572153
2021-07-30,659.3358764648438,672.3368536456426,644.6731067880867,646.3837632503751,13440904
2021-08-02,676.4424438476562,679.3749977949727,662.7571920935129,666.6672640232681,8925708
2021-08-03,689.1990356445312,698.8764874524344,679.6193714318066,682.3075458603395,18429941
2021-08-04,679.081787109375,701.8579452669201,676.4424764968088,701.8579452669201,14045587
2021-08-05,677.9575805664062,684.7513424346458,668.6222958248362,679.3749935647093,5851411
2021-08-06,694.7220458984375,703.7152233192611,675.9048246323019,677.3711016140787,17504802
2021-08-09,684.1648559570312,700.8803894982908,678.4952039601479,697.9478355673357,7521213
2021-08-10,677.4199829101562,690.860855586945,667.8891822847969,685.9244015546083,5937282
2021-08-11,683.4317626953125,689.1502193738665,669.1599634892228,677.8110339557385,6297975
2021-08-12,688.2214965820312,694.4287713245811,684.2625608411851,685.2400787852439,5068665
2021-08-13,688.3192749023438,693.5489719674288,683.3338976570219,688.6125183490192,3390071
2021-08-16,691.0075073242188,700.3427924167124,686.2176451948523,688.1726812210485,6385995
2021-08-17,677.0778198242188,698.8275938227584,670.6261656718199,689.932144839063,7262774
2021-08-18,689.5411987304688,692.3759650408704,673.2166367266399,680.7924009812556,7354758
2021-08-20,671.7503662109375,690.5187233154512,665.4942272884455,674.4874046159168,6274741
2021-08-23,653.2752075195312,676.2468784115332,650.0494103481396,676.2468784115332,6636881
2021-08-24,679.7660522460938,686.2176472870251,653.4707937483993,657.869624820752,7640710
2021-08-25,704.5460815429688,708.7005329429793,679.7660247045612,682.7963065664428,21275432
2021-08-26,705.4746704101562,716.5206105917349,701.5645988653173,708.700467502057,14969643
2021-08-27,710.6555786132812,715.4943045955791,706.0123681615438,707.7230246437629,6751256
2021-08-30,713.588134765625,718.8667557920903,710.7533087212337,714.1746216961374,4757858
2021-08-31,731.4766845703125,737.0485489284916,711.7308096558162,715.8363970598936,15419587
2021-09-01,728.0065307617188,734.9468846990283,721.0172531940206,733.1873642309885,5320381
2021-09-02,736.9019165039062,743.5490865988188,727.2733881204539,728.2509061152394,5788915
2021-09-03,737.9282836914062,744.8686368891007,728.5440760903044,738.9546655498036,4491254
2021-09-06,734.3114624023438,747.8011975630463,730.450254743773,741.3496032531758,5260360
2021-09-07,728.7396850585938,738.1727578316476,724.9762645408481,736.9508603047217,3515903
2021-09-08,730.0592651367188,736.0710244606456,721.6526345392717,731.9654370928147,4036193
2021-09-09,732.84521484375,734.1159762388684,725.3183147393346,728.3485965017676,2829060
2021-09-13,728.3485717773438,735.7288797373456,723.8520132509614,731.183397585036,2514604
2021-09-14,738.4171142578125,745.6018476263919,728.6907983148855,730.9879417285227,5615411
2021-09-15,748.72998046875,752.4934011872355,736.6575964610055,741.4963228583214,7039338
2021-09-16,752.3466796875,755.3769613287797,742.9136080360694,751.7112691838649,4625316
2021-09-17,749.8540649414062,768.3291797705409,742.9137107196069,755.9146887246068,9701785
2021-09-20,732.0631713867188,758.5538823296994,729.3260735654727,742.7180805855859,5570433
2021-09-21,732.7474365234375,741.740613658238,717.5470442283843,737.0485393983737,7766479
2021-09-22,728.5441284179688,742.5226234047551,725.3183310614737,733.1384747925947,4343365
2021-09-23,737.5372924804688,742.9136411996769,733.6760846495362,737.4395645507583,3526253
2021-09-24,728.0553588867188,747.7035055242753,726.2958385053008,739.003571884263,4445517
2021-09-27,733.3828735351562,736.8530504743394,719.8442732104556,732.8452505721217,3803939
2021-09-28,722.0924682617188,739.8833055702273,716.5206044256809,737.0484798594316,3748173
2021-09-29,725.3182983398438,731.0367543200618,719.4531908060984,721.066119243062,2734053
2021-09-30,721.310546875,739.4923575781609,719.4532388334784,729.0329031788315,4356469
2021-10-01,718.4268798828125,721.6526774124084,705.7680096061752,719.306610301994,4008108
2021-10-04,727.4688110351562,730.6946080746673,719.5020165267517,722.2390546310958,3414151
2021-10-05,727.2244262695312,736.8529533569922,725.3182545036757,727.4199417747649,3270764
2021-10-06,707.7230224609375,732.16097213155,705.6213349240796,730.8902106812708,3615568
2021-10-07,719.599853515625,722.1902402520793,710.215645518373,713.5880943351517,3237419
2021-10-08,723.2655639648438,730.2059176300113,717.009425142722,723.0700484398471,2878232
2021-10-11,720.8706665039062,729.2284335347479,719.9420124642651,727.1756695843532,2118247
2021-10-12,720.3330078125,724.2919436136391,712.4639405126155,721.0661462817095,2152513
2021-10-13,741.9360961914062,747.4101726406785,722.4834658516392,723.9497427215827,9083125
2021-10-14,794.5265502929688,799.3164119471596,747.0680673977419,748.8764516773876,19754735
2021-10-18,792.3272094726562,811.2422187257326,788.8570324767578,802.4445566535011,8883845
2021-10-19,774.4386596679688,801.5647850144959,767.351653946804,796.6771948619685,5543852
2021-10-20,777.0289916992188,784.8491347897614,760.0201566121059,774.1941659637143,5467049
2021-10-21,761.82861328125,784.8492094234999,757.8696773977867,781.03686543915,4607499
2021-10-22,744.6731567382812,769.5998642745208,736.9508007895362,762.7572386763374,3860760
2021-10-25,735.1423950195312,748.3388879307123,721.9459021083502,747.8012649669234,2973109
2021-10-26,733.040771484375,741.4962663798971,723.4121833942256,735.093535417563,3093933
2021-10-27,729.0817260742188,739.5411798843352,726.9312343531329,736.7064136779221,3246881
2021-10-28,672.6300048828125,717.986856729257,665.8363035944308,708.065026743174,18160551
2021-10-29,677.4199829101562,693.6467580584027,671.554874833012,681.3300549615857,7612968
2021-11-01,688.5636596679688,691.1051824426019,674.487377489951,689.1501465658195,3233662
2021-11-02,686.5597534179688,698.9253801629609,684.8980205241768,691.1052360492494,3028354
2021-11-03,693.2557983398438,703.6174655856513,686.2176565960095,686.2176565960095,3036191
2021-11-04,697.6546020507812,700.3427765258058,696.970327524546,696.970327524546,453287
2021-11-08,714.0280151367188,718.5734379122855,693.1579706204691,700.8803864704751,3227351
2021-11-09,720.7728881835938,727.762165891797,711.4376030251636,714.5656726217644,3456614
2021-11-10,721.310546875,728.2997646881724,713.6858588417748,719.8442698936818,2751881
2021-11-11,718.5734252929688,724.8784280391511,712.1218306512238,718.4268333974062,2325810
2021-11-12,733.4317016601562,738.5148069030006,717.7425505870658,721.1149994274215,4585484
2021-11-15,732.9429321289062,739.4923141938162,723.9008912745867,736.9507914404886,2434426
2021-11-16,729.6683349609375,744.5754847046339,726.7357809129971,735.7778225608131,3378779
2021-11-17,719.0133666992188,728.2509239082316,716.5207076842064,727.6644369622163,2444025
2021-11-18,709.7268676757812,724.6340158253959,700.0494761502,722.8256315543965,2202581
2021-11-22,698.9253540039062,716.9117086574435,688.1726562499999,708.7005337801846,3557560
2021-11-23,712.85498046875,717.1071597781131,689.3456851949338,697.9478314085533,3487221
2021-11-24,745.8950805664062,754.9859858217316,715.5431593070796,719.111123789028,11647665
2021-11-25,745.30859375,756.8921579162089,738.5148318749444,747.6057371315471,6140941
2021-11-26,701.0270385742188,748.778767715429,697.2146946123104,733.1384801391276,7219931
2021-11-29,686.8041381835938,698.9253855179014,667.3027013809839,691.1052413442745,5930351
2021-11-30,668.4755859375,696.6281489304487,664.4189224873675,688.1725953075803,6190734
2021-12-01,692.0338745117188,695.0641564223583,667.4004091756457,679.3750045801153,5582125
2021-12-02,722.4835205078125,725.61158999959,686.5108705097782,694.0377709441597,8478638
2021-12-03,720.8706665039062,729.7171925384574,717.498217445717,722.3858074828132,5578503
2021-12-06,707.1853637695312,727.762104419934,705.2791918589421,722.3857557640446,3537411
2021-12-07,727.9576416015625,733.0896109258033,709.4825281691111,712.610597594574,3993342
2021-12-08,744.2822265625,747.2147805526391,731.378977073295,734.3115310634342,4621331
2021-12-09,752.4444580078125,758.3584297984384,742.9136577927086,749.4630401295262,4687479
2021-12-10,750.4404907226562,777.0778530347955,745.8461447398978,751.5646004903487,10049545
2021-12-13,741.3985595703125,761.2910275561746,733.2362482464274,757.5764709858693,4985928
2021-12-14,746.5304565429688,748.7787358538021,733.6272079089797,738.9058286065533,2919015
2021-12-15,728.7396850585938,749.4142150793657,726.247026036258,746.5305249832276,4673906
2021-12-16,728.3975830078125,739.4435248003911,722.7279307105377,735.0935576397436,3303620
2021-12-17,707.6741943359375,727.7621780499894,704.9860197360215,727.7621780499894,4973404
2021-12-20,685.9244384765625,700.8804529457399,670.0886338832702,700.8804529457399,4559002
2021-12-21,709.2870483398438,711.633115442753,685.9244035619608,694.0377911598279,6943546
2021-12-22,706.5988159179688,713.4903650946551,701.124739343524,710.6555392160919,3626585
2021-12-23,714.8588256835938,730.6946275373971,712.4638949048931,716.3251025281504,6641505
2021-12-24,706.1589965820312,718.3779710545681,697.3613349618048,716.0319040906566,3946754
2021-12-27,706.9409790039062,710.0690483129199,696.97028418397,700.8803559044972,2663285
2021-12-28,712.85498046875,722.2880527556331,708.8960446181427,710.7532929655703,3604123
2021-12-29,706.5011596679688,717.6937530992797,703.9107130105027,712.6106473856095,2396416
2021-12-30,707.9674072265625,709.6780637162366,700.3427788051791,706.6477817997136,3654532
2021-12-31,713.88134765625,718.4756939583718,708.7005144487341,708.7005144487341,2538092
2022-01-03,720.0396728515625,722.0436323091482,714.0768374308756,715.5431143044502,2377227
2022-01-04,722.6301879882812,730.2059525563018,716.1785929955399,726.2958805211945,4068551
2022-01-05,737.9282836914062,741.7405676887334,717.5469997582803,722.3857252769625,5409002
2022-01-06,723.1677856445312,732.0632350107755,713.6858493587378,732.0632350107755,5440633
2022-01-07,719.5509643554688,730.8902087707708,714.0768875087457,727.9576548179627,2590751
2022-01-10,722.2391967773438,726.2959206028293,717.5959859794118,720.5285401675793,2173107
2022-01-11,747.89892578125,751.6135415532535,712.1217942980351,722.0436249060118,8959781
2022-01-12,746.3838500976562,757.478715093317,737.0485652161714,752.200094076716,5775798
2022-01-13,754.8394165039062,758.5539729957773,742.9136848927715,745.846238912085,4049411
2022-01-14,762.5616455078125,777.1266852346243,746.4815247197992,751.7112213150014,9627761
2022-01-17,761.535400390625,771.6527476800223,756.5012183930576,765.8853675056046,3187871
2022-01-18,745.79736328125,772.2392130092919,742.9136732747619,762.4640330977819,4300929
2022-01-19,727.4688110351562,744.6242377269268,719.4531525658263,744.6242377269268,5843870
2022-01-20,721.4082641601562,734.8002723244481,718.475710240806,727.2733719988568,4741333
2022-01-21,707.625244140625,717.1560438335184,698.3876878903058,715.5431154049222,9244367
2022-01-24,686.6575317382812,708.9449302285936,673.5099026921765,707.625304792423,5349759
2022-01-25,695.1129760742188,696.823632451513,674.4873716188831,680.3524791981778,4482325
2022-01-27,693.1580200195312,696.2860896878897,675.464967316796,684.067114157557,4749083
2022-01-28,694.1843872070312,716.3251326944666,691.5939408073745,696.9702894638275,3543413
2022-01-31,700.196044921875,707.6252166013938,698.4853886333153,703.5196295762593,2152066
2022-02-01,722.1414794921875,727.5666928877584,704.4484261610181,704.7905336228321,6052108
2022-02-02,728.4464111328125,730.0592800031513,705.279223058184,707.6252900769929,6167378
2022-02-03,716.0318603515625,728.2508340776984,713.0015787326639,727.3221801419205,2689612
2022-02-04,710.6067504882812,724.4875185767185,707.7230603402134,718.4757587707967,2453595
2022-02-07,699.072021484375,713.4904119827082,697.3124413542073,712.4151063850543,2610637
2022-02-08,701.662353515625,706.7454586501265,687.1951001812433,702.8353869563498,3207780
2022-02-09,716.9605712890625,718.8667432744809,702.8842885722405,705.767978533467,3186942
2022-02-10,714.614501953125,724.8784406656619,711.6819480352574,720.3330178907443,4752601
2022-02-11,707.4297485351562,717.400443504015,703.2752972700451,711.5353358356228,3621116
2022-02-14,680.1080932617188,698.7297977166738,675.4648831388397,698.7297977166738,6219506
2022-02-15,704.3994140625,706.2078580758835,674.4873885235946,683.9693246136924,3319096
2022-02-16,724.0963745117188,733.9692813013701,705.8656420611245,708.6027398740183,9382605
2022-02-17,717.6936645507812,728.2508460917342,714.9077026974874,724.438502361104,3407347
2022-02-18,711.1443481445312,722.5813207276959,709.1893121358864,713.4904152200905,2151557
2022-02-21,695.1129760742188,710.4111555420628,693.597835215493,706.4522198586309,2805791
2022-02-22,689.6878051757812,695.1130180818981,669.5998224353144,682.3075562917511,6112926
2022-02-23,690.8119506835938,703.2264406438323,689.1501582276157,695.0152659572125,2978284
2022-02-24,640.1276245117188,672.532369372085,637.2928581711546,666.6672614996539,9547717
2022-02-25,679.5216674804688,687.1951599820815,655.1814452033999,659.3358967395646,5738223
2022-02-28,691.5939331054688,693.6956205129518,669.1110207924995,674.487369389079,4288186
2022-03-02,694.3309936523438,701.7601659311082,681.916503652838,687.1462605260468,4448558
2022-03-03,690.8119506835938,708.309486279114,687.1951223177502,702.639894073096,7533817
2022-03-04,684.4092407226562,694.7220435266863,673.5587552967731,684.1648612265277,7941457
2022-03-07,662.5616455078125,676.1491686920016,648.6320149109907,674.4873762671571,4890958
2022-03-08,673.3632202148438,676.4424256418372,655.5235175154745,664.3701027488183,3831397
2022-03-09,698.0455932617188,701.8579373996886,677.1267434601198,681.3300590077756,5351552
2022-03-10,713.9791870117188,721.0661926700052,704.3994626673871,711.5353919571373,5850213
2022-03-11,713.0504760742188,715.2987554124825,706.0611989105047,713.0993400388192,2864685
2022-03-14,714.125732421875,717.0094223311228,707.7230017283339,709.6291736793934,1905433
2022-03-15,705.083740234375,719.4532671494364,700.1472861355759,716.5207130713817,4228582
2022-03-16,707.5274658203125,713.0993299540534,704.7904275488313,709.6780171989619,2693057
2022-03-17,723.4609985351562,727.0778268207833,713.148196271932,714.076850241114,4957379
2022-03-21,718.6223754882812,733.5783888292156,709.0915750688769,724.3408318747386,6662688
2022-03-22,722.5324096679688,727.175619885872,706.794335026352,718.4756863492481,5010054
2022-03-23,717.2537841796875,734.1159685437075,715.3476122755106,731.1345507771539,4698808
2022-03-24,716.9605712890625,725.6115815097795,714.5656403157401,716.5206762673564,2914647
2022-03-25,726.540283203125,730.1082479141795,713.637033143009,720.430795453351,4003497
2022-03-28,720.4307250976562,732.8452149254182,710.2156506450227,730.2059045426719,5691095
2022-03-29,744.81982421875,749.65855007065,721.457121025999,724.340810950906,11423551
2022-03-30,750.1473388671875,758.5051058546718,744.9664457243709,751.5158282726966,6913983
2022-03-31,756.7943725585938,763.4414823674861,748.2899548685155,750.1472627497014,5468951
2022-04-01,768.0847778320312,772.9235039234133,757.0877001984196,757.0877001984196,6816743
2022-04-04,800.1472778320312,803.6663781257477,766.0319383774879,773.2166711915177,13743062
2022-04-05,828.9840698242188,841.5452110409852,807.4298113685817,821.1150624087271,21090646
2022-04-06,830.7435913085938,843.255868578556,821.1150635358865,833.7739326979901,8785541
2022-04-07,799.023193359375,846.5305416955825,795.3085774321898,830.8902545510914,11662093
2022-04-08,820.4307861328125,825.8071347439882,799.0231792788161,804.4972558177384,5777924
2022-04-11,835.3380126953125,840.6654978409675,820.4308628789465,821.1151374260612,6030153
2022-04-12,825.9049682617188,839.6879479661762,816.2275163582738,834.7026301146822,5597246
2022-04-13,821.6038208007812,835.6801028688577,817.6937490777556,830.7925132150756,2955807
2022-04-18,823.7544555664062,827.7133916541252,802.9333334662473,812.6595901314562,3969878
2022-04-19,800.8804931640625,831.1346874874054,788.857033581107,829.9127899756627,4472320
2022-04-20,809.0427856445312,817.156173002422,801.564749180286,807.0388260412101,3071216
2022-04-21,831.3790283203125,839.590203082488,813.5881894442402,814.2724639515818,5539106
2022-04-22,854.4973754882812,866.0809398136053,821.7993867647574,828.3976332023892,17864000
2022-04-25,840.2255859375,861.1444950268377,829.5706755229766,854.3018690189375,10145325
2022-04-26,889.0526123046875,892.4739252712257,845.9440927914927,848.48561570145,21010788
2022-04-27,867.3516845703125,903.8620166200716,860.2158153077385,893.5002903197238,20793885
2022-04-28,867.15625,880.0106363962741,857.0878258816282,878.7887388172734,8778304
2022-04-29,837.1463623046875,878.6908734953448,832.9429875597366,872.630250518469,11543840
2022-05-02,837.2930297851562,843.4513812438679,819.2089468106908,830.8902988267896,5760499
2022-05-04,794.5265502929688,844.7709950469241,787.6839248801009,841.1541668246737,7969164
2022-05-05,793.1091918945312,816.7162750566871,787.8794945490004,802.4445363655256,6597383
2022-05-06,793.1581420898438,802.4934272105481,772.4347482169467,779.9616488731407,6150326
2022-05-09,774.7807006835938,789.2968779897594,765.3965522605263,789.2968779897594,4768026
2022-05-10,751.8090209960938,785.8755568763239,747.850085286392,777.3222749330965,5344522
2022-05-11,742.81591796875,767.3027308121734,732.2098123578088,753.6663434055126,8985117
2022-05-12,697.2636108398438,741.9361975105562,689.443466465556,741.9361975105562,10570456
2022-05-13,690.0299682617188,719.3555077600839,686.0221087324978,710.6555738437172,7247809
2022-05-16,696.4815673828125,711.7797477806869,688.1726644736842,698.9253623560855,5606071
2022-05-17,728.0065307617188,730.4991897300221,699.2674776862015,703.8129602530212,4430294
2022-05-18,742.7181396484375,749.9517964719003,725.3183317624693,735.7289219797703,9020504
2022-05-19,716.3251342773438,730.5480083673425,713.5880959787843,727.2733471345418,4445667
2022-05-20,750.2939453125,755.4259149242996,728.3486538018309,733.0896520028914,5434279
2022-05-23,736.6087036132812,762.366339642809,734.3604240645454,757.4298258338658,4787481
2022-05-24,735.240234375,747.6058020644881,730.6947515204217,739.5901420215702,4653281
2022-05-25,691.9850463867188,727.2245598982577,689.5412512796361,718.4757614823084,7699306
2022-05-26,685.7288208007812,703.1286278421794,653.128622037731,695.9927589595956,13569693
2022-05-27,687.2928466796875,698.045544128121,681.3300110507405,698.045544128121,5815428
2022-05-30,718.1824951171875,720.4307746114689,694.0377882959876,697.9478603427257,5546106
2022-05-31,723.2166137695312,732.160926658649,711.6330502102758,714.6633319160424,6346866
2022-06-01,720.3330078125,726.9801180007406,712.659456036997,723.1677740956666,3196984
2022-06-02,731.6233520507812,734.995801051191,713.8325126879647,720.4307591249983,3536560
2022-06-03,723.2655639648438,741.4473741932578,722.1413944433344,740.9586152122471,2960614
2022-06-06,724.5851440429688,728.250836171348,708.993721591004,721.8969698154907,2753267
2022-06-07,718.0358276367188,725.8071075899717,697.3613579455703,722.3857946249011,2488075
2022-06-08,712.2195434570312,723.3632717793566,709.0426101688112,719.0133050367402,2839931
2022-06-09,718.9644165039062,720.4306933560556,706.843170660955,709.6779964402936,2604731
2022-06-10,710.0690307617188,715.6897587210457,702.0533720001739,709.6779997341475,3377686
2022-06-13,679.6193237304688,698.6320589231217,673.3143213080367,695.0152307405441,4535069
2022-06-14,688.8569946289062,705.5725297308071,677.957644302723,679.7660885267677,6144330
2022-06-15,687.9282836914062,697.2635685392796,685.8265961531318,694.9175611670975,2447673
2022-06-16,666.3740234375,700.9781243674231,661.7796769676137,695.943942533911,4301251
2022-06-17,653.91064453125,673.9497625046,648.0944007966368,661.77965209551,6103963
2022-06-20,648.2410278320312,658.7493453961474,638.4169250766071,655.914519583435,3507676
2022-06-21,673.6075439453125,676.0024746721799,652.1021506905877,655.4257353315004,3313116
2022-06-22,653.2752075195312,672.3856707332646,650.5870332662118,669.5020406282523,2964156
2022-06-23,660.117919921875,667.9380642352702,651.2225296305745,657.576396885208,2762533
2022-06-24,670.9683227539062,672.4834635941547,661.8773583864979,667.6447379676539,2740927
2022-06-27,672.2879638671875,682.9917972528449,669.5020616007519,682.3075227616094,2711512
2022-06-28,662.8060913085938,668.4268200065317,655.1814625726798,665.6897814427377,4596840
2022-06-29,662.5616455078125,669.0132996872743,652.0044637249185,659.8246072178711,3332554
2022-06-30,656.9409790039062,670.4796394940009,651.6134938169363,665.2498822446773,3502799
2022-07-01,662.659423828125,664.7121876011213,641.2517574504934,654.937008371693,3151179
2022-07-04,666.667236328125,668.9155156617421,657.9673027806531,664.5655488880062,1874921
2022-07-05,663.4903564453125,678.5930217953347,661.7308359409235,671.0172571361065,2472875
2022-07-06,678.7396240234375,680.645796125085,661.9263615447164,662.7572280096306,2634839
2022-07-07,687.7816162109375,691.1052011566492,679.3749855783185,685.2400933674838,2896584
2022-07-08,699.609619140625,701.6135190353017,690.6653059000687,693.9400268789927,3880791
2022-07-11,712.8060913085938,715.5431295985097,697.0191527671585,698.92532467614,3814715
2022-07-12,715.4453735351562,726.1980704150164,710.0201014699516,712.6105477652827,5846548
2022-07-13,710.4111328125,722.3857270704334,708.0650659906606,720.4795552355587,2373553
2022-07-14,713.0687866210938,719.3190030747364,705.2928728543856,717.5472933779489,2859869
2022-07-15,719.4174194335938,726.8487952077662,714.6927804600853,726.1105778776905,4127381
2022-07-18,728.1283569335938,730.8351537995179,721.090661051679,725.3723575944542,2403691
2022-07-19,737.2330322265625,739.989031546733,722.5178882596549,725.3723526018583,2864129
2022-07-20,731.8687133789062,745.0582215332612,730.2446711556971,745.0582215332612,2176017
2022-07-21,742.400634765625,745.0090269527572,729.5556639718781,735.9535481296195,2639283
2022-07-22,742.400634765625,752.9325483943952,739.743040100229,745.7472443555735,2854708
2022-07-25,738.1681518554688,745.3534554223626,734.3293975824373,745.107382970919,1592179
2022-07-26,737.3314208984375,741.6623197890307,733.2958569911451,738.1189007522022,1803260
2022-07-27,748.7000732421875,750.2257104430988,735.3136956868159,736.9377979151851,2539587
2022-07-28,752.4895629882812,756.5251271961619,745.7472017912341,751.6529406766882,2696358
2022-07-29,751.7021484375,763.4644238156554,746.9283067590892,756.9188724744077,3182798
2022-08-01,788.6622314453125,791.3690284955148,753.0309273510288,757.9031740566497,6459641
2022-08-02,789.6956787109375,797.66846197705,782.5103753300809,788.2684465142618,4393310
2022-08-03,794.5187377929688,797.1763322656084,782.854867628684,790.1878386467203,3326267
2022-08-04,794.5679931640625,807.6098338694497,783.986877120069,798.308282634124,4641779
2022-08-05,797.5208129882812,805.8380738400091,792.8454364234009,798.3574352904312,2807602
2022-08-08,789.0559692382812,810.070533157853,782.8548952247701,800.1292298677173,7519923
2022-08-10,778.1302490234375,795.3061171580091,766.0726995987028,790.3846684132195,5541103
2022-08-11,780.2957763671875,787.3334728051758,775.9156745318941,782.2151535844829,2140171
2022-08-12,775.96484375,787.1365690826455,773.1596418362311,781.03396027632,2281608
2022-08-16,811.2024536132812,813.0233656923704,778.7208905771454,779.8527877886967,6820860
2022-08-17,811.7930908203125,818.8799900788634,808.2496712291809,814.3522205165424,3694850
2022-08-18,819.9625854492188,823.3091947163664,807.5605583086699,811.7929923279822,3836669
2022-08-19,858.1038208007812,870.013763220803,820.8484765448895,824.0966208135206,24506694
2022-08-22,827.0494995117188,877.8880914086761,824.1950350782499,862.4347296256913,14693558
2022-08-23,819.4212646484375,843.7332349061161,793.4359897029472,822.6694089975533,13515300
2022-08-24,823.1615600585938,824.9825322616474,804.2631836001734,817.2066186946242,6558722
2022-08-25,803.1804809570312,829.1164932907559,799.5385966629256,827.295581181844,6287921
2022-08-26,824.5396118164062,831.7249156404098,804.804612519722,808.1019594565402,8513113
2022-08-29,823.260009765625,831.3311380353362,802.1961840914832,802.2945890406138,6652807
2022-08-30,828.919677734375,847.0797764534201,825.5238659147153,830.7405898308613,9490984
2022-09-01,824.6380004882812,833.2505364269373,818.2893191239583,828.575159774524,3888408
2022-09-02,838.5657348632812,847.3751408799346,824.8840821602078,828.7720390140697,8840020
2022-09-05,837.5321655273438,851.3122219158214,834.874571208596,841.5185269673262,5434684
2022-09-06,836.9907836914062,845.0619718380432,830.7897701423087,841.2724802458946,3380947
2022-09-07,861.1551513671875,864.9446429844593,831.8232679025366,833.6934425124746,8930248
2022-09-08,871.1456298828125,874.4430365860097,853.379211937885,866.7655284867914,7943521
2022-09-09,892.6032104492188,910.4680949371476,873.0650813072972,874.8367909902965,18369177
2022-09-12,923.7559814453125,927.2009957607719,896.6880118238462,900.3298961154453,12571292
2022-09-13,933.8941650390625,938.9140791444622,918.3423979676219,931.1381655706006,9651873
2022-09-14,932.9591064453125,943.7370922736309,924.2481653392424,926.2167450311258,8500355
2022-09-15,953.3339233398438,957.418750252732,935.4690985867968,939.9968078716857,8703534
2022-09-16,923.460693359375,961.1097778418015,911.6000134004289,955.0071691261259,10712402
2022-09-19,944.5244750976562,957.32024259314,920.6062447944315,928.0868833760221,7922869
2022-09-20,955.0072021484375,972.3306790278057,951.8082602190559,958.8951589701732,7539047
2022-09-21,918.2440185546875,960.7652917107727,902.6921909744383,958.69830707101,13178269
2022-09-22,931.7779541015625,938.5203151352097,913.4701279545721,919.2282592741121,8855564
2022-09-23,899.4440307617188,935.9119567907683,895.8514089434748,935.0753344693879,6646619
2022-09-26,849.8358154296875,895.605289949101,841.8138297360954,894.7194051214391,9880236
2022-09-27,830.9375,861.2536152412346,820.7008615711904,847.4735573973749,11598728
2022-09-28,814.1060791015625,833.6934703818981,810.4149923082542,822.7678775042186,7040943
2022-09-29,803.57421875,834.1856075756558,800.2768118660262,825.8191442548381,7476709
2022-09-30,807.7574462890625,817.4034742885917,788.4161277391073,809.57835838379,10406215
2022-10-03,772.0769653320312,821.2914567459475,761.0037047639001,808.1019490165046,12903551
2022-10-04,810.1196899414062,813.3186317205924,777.6873297340939,791.3689816817406,10445528
2022-10-06,811.1531982421875,821.8819810674731,809.3814886216097,819.814996522846,6175752
2022-10-07,804.0663452148438,813.0233581812436,793.6820399760807,808.1019092818414,6086925
2022-10-10,795.4046020507812,801.1627337067185,786.4475884654805,794.8140521725601,4642360
2022-10-11,784.8234252929688,807.7081624808674,782.7564408032835,801.2118740193307,6193388
2022-10-12,791.2705688476562,793.8296982149856,773.9962353512041,788.4161044887829,5628537
2022-10-13,772.4214477539062,798.99727328988,764.793201535247,794.321896575218,7491563
2022-10-14,767.8444213867188,793.9281001504114,766.0235093525955,791.3689707927873,4562526
2022-10-17,773.8486938476562,777.5397807935625,759.527288512797,769.8130694076945,4602870
2022-10-18,797.2255859375,802.1962377265609,778.081136101652,779.0162234860383,7372253
2022-10-19,792.4025268554688,810.5134840146346,788.5638325098404,801.2119329740646,5222275
2022-10-20,807.1668090820312,809.3322585784334,782.5595649780959,788.4161010900884,4481441
2022-10-21,789.0559692382812,811.251692973583,786.8413171123941,811.251692973583,5266210
2022-10-24,792.8455200195312,797.274824600646,789.4005053453309,795.3062447868172,665021
2022-10-25,787.7763061523438,799.9815235286015,784.5773643480153,794.0265823388771,4485050
2022-10-27,808.3480224609375,811.0548194920092,782.510414437072,792.3533127318778,7110289
2022-10-28,807.4129638671875,821.6851669030225,804.4600942735665,811.0548483812439,6898541
2022-10-31,810.6118774414062,817.9448486898026,806.6255156453589,811.0548198801412,4487537
2022-11-01,828.5751342773438,831.6264686760551,810.6118455866334,814.6966722509238,7769108
2022-11-02,820.30712890625,836.646315268031,815.9762298319973,836.646315268031,11859603
2022-11-03,820.7500610351562,824.6380179278004,810.5626851970728,812.0391199606377,6632872
2022-11-04,849.3436889648438,853.3792530977693,818.9291102391512,823.8505592189538,11128361
2022-11-07,839.5992431640625,855.3478807849593,832.2662717565754,853.5761710678654,7995787
2022-11-09,876.8053588867188,886.8451270573414,845.5049546528926,845.9970995624694,20088415
2022-11-10,879.4137573242188,883.8922640186333,862.5331627726368,879.9551047134278,9906420
2022-11-11,880.447265625,893.5383085374262,876.8053811862524,890.7823089889604,8777095
2022-11-14,880.9885864257812,893.2430066311846,871.096485805618,880.9393839503143,7653024
2022-11-15,892.6524658203125,901.1173342800322,880.9393928788954,884.7781472247469,10675723
2022-11-16,873.4095458984375,901.6094732122824,860.6630408174342,900.6251833943651,11504802
2022-11-17,876.8545532226562,883.5969744670385,866.6671777194988,872.0807716745893,5190475
2022-11-18,874.9352416992188,880.8409805967462,865.7812983470249,878.035718574651,5384458
2022-11-21,857.906982421875,874.0493594879769,855.3478529223557,871.0964900302472,6108453
2022-11-22,868.5864868164062,871.834630919734,856.8242124929477,857.906907168631,5466001
2022-11-23,859.8756103515625,873.5572636379273,853.0348437846664,871.5394814104153,5319949
2022-11-24,862.8777465820312,868.6358183445086,854.6588900454076,860.1709494143855,5111180
2022-11-25,865.7813720703125,867.1594019609245,858.3991978197938,863.2222423606478,5079099
2022-11-28,864.7970581054688,871.3426097893002,859.7772037853191,862.2379284670172,4168244
2022-11-29,864.4033203125,877.7896376539327,860.909103513756,864.2064503358914,3663099
2022-11-30,867.1593627929688,870.2598998686562,859.5803188895098,865.0923781267004,3797377
2022-12-01,876.5592651367188,882.4158014336597,868.1435994026634,870.8503963395765,4491806
2022-12-02,874.2461547851562,889.4041806608673,870.3581983160152,879.9550232338339,6279538
2022-12-05,879.1184692382812,882.4158160765428,864.747801943524,877.5927719693148,3966501
2022-12-06,882.3666381835938,888.1247097112091,872.0807973508244,879.7582460797396,4836193
2022-12-07,872.8189697265625,888.3215338914267,870.8995926242279,883.6953598714174,2867882
2022-12-08,878.8724365234375,884.3844356869657,873.409579761171,874.0493921981364,2822061
2022-12-09,876.7561645507812,897.6723234019786,868.3404985341443,881.9728886254702,6979639
2022-12-12,867.4546508789062,880.7917666092702,864.747853734961,878.0357669870558,3412185
2022-12-13,880.7425537109375,883.8922932746118,867.4546406160518,871.0473226314796,3821073
2022-12-14,886.4022216796875,894.2273380843452,877.6420779687711,883.1048746781901,4930906
2022-12-15,870.06298828125,892.7016538778538,866.5195089247079,886.1069001453258,3679459
2022-12-16,846.9322509765625,876.9530927318299,840.9773091354473,869.0787735829073,7791763
2022-12-19,878.8231811523438,881.9237182548477,846.0955431702303,846.9322256005069,5205837
2022-12-20,870.3582763671875,881.2346669008225,857.6117111385239,880.0535070974508,4023275
2022-12-21,844.1762084960938,878.9708304410458,838.1720044036373,873.065091378732,4660583
2022-12-22,843.4379272460938,860.5645331841642,832.2662023200635,851.1153754304895,5517570
2022-12-23,781.62451171875,840.5342927142655,777.7858175171674,839.5992053823463,9112806
2022-12-26,793.3868408203125,799.2433775851158,772.9628259374416,785.4633193508897,7205540
2022-12-27,804.3124389648438,808.2988006636962,785.5616701004172,797.3731477718508,4872234
2022-12-28,797.6192626953125,804.1648142839518,796.0936254301042,802.934451960996,3624974
2022-12-29,806.6746826171875,809.5783495030016,786.9888868845917,794.3218578102399,5308353
2022-12-30,805.2474975585938,813.7616287419565,802.7867729479437,809.5291944268954,3252956
2023-01-02,809.3814697265625,813.761571239266,803.4757310783186,810.0704845841136,2042294
2023-01-03,807.5606079101562,813.4171444492409,804.9522158144083,809.3323175995869,2166531
2023-01-04,797.2747802734375,809.0862584997107,793.8297657907744,807.9050986618263,3260112
2023-01-05,806.723876953125,808.6924565065258,784.4789520302085,801.261080707694,3119740
2023-01-06,793.4359741210938,811.4485253035357,790.8768447026616,807.0192212572856,2892006
2023-01-09,803.8203125,807.3637318521967,796.3888762335674,797.7177035478538,2040072
2023-01-10,783.8883666992188,807.7573927033827,768.8286857366005,804.1647111505954,4545808
2023-01-11,783.9376220703125,790.4831131849003,776.6538535305307,787.4318388399082,3618663
2023-01-12,780.4926147460938,786.8904984938085,773.7501935200404,784.1837015236215,2670641
2023-01-13,782.1658935546875,787.67789226291,773.6517629723802,783.1009207796986,4059998
2023-01-16,774.6852416992188,784.9710816813334,772.0769098873617,784.4789368025364,3601251
2023-01-17,772.4214477539062,779.0162016614231,765.8758963228657,775.9648671281892,2948618
2023-01-18,774.1439208984375,783.3470064170673,764.3994279335391,771.6831964200572,5585785
2023-01-19,763.8580932617188,771.6340067731776,759.625659103802,771.6340067731776,5086667
2023-01-20,762.2832641601562,774.2423494437951,760.3146845174552,763.8089013679929,3328697
2023-01-23,756.9680786132812,766.1219619791382,750.4225873166421,766.1219619791382,4283589
2023-01-24,749.241455078125,761.8403532982918,746.0917155040119,757.066571497415,3011438
2023-01-25,701.9462890625,745.0089674543523,694.9085930205191,741.1702132357661,17085455
2023-01-27,587.57177734375,688.8551564119825,528.5635949097939,688.0185341563239,64194046
2023-01-30,587.6210327148438,646.2846829721102,558.0431351269497,610.2596989668393,58256575
2023-01-31,603.025146484375,617.0512755873989,578.8607847756858,590.5738569694246,33272489
2023-02-01,487.37109375,619.1182909169911,452.28116800692754,617.1497112956334,46557720
2023-02-02,455.184814453125,525.6107352185578,417.38806339566065,501.98778082671254,115517458
2023-02-03,491.0129699707031,499.0349257878702,388.89290379616364,451.7890156541073,89662866
2023-02-06,536.8809204101562,540.0798624805265,469.2109919984791,490.17635416749425,38363919
2023-02-07,544.4598999023438,589.0482136160838,534.4693348972339,541.3593631555776,46650736
2023-02-08,589.8356323242188,595.4952983832329,554.1551289086945,555.1394186580882,31111885
2023-02-09,573.1519165039062,579.7466699257883,537.6190801196117,578.024162841968,22494005
2023-02-10,574.7760620117188,590.4754969183936,551.2023084134236,564.5886261586645,12527188
2023-02-13,545.0012817382812,586.7351337839985,528.9573697938388,578.6640053745011,19528545
2023-02-14,556.2221069335938,572.1184102333852,529.8431539694864,542.3436456577983,17976429
2023-02-15,560.110107421875,569.7561355972588,553.0724712877386,558.8797451526607,9259895
2023-02-16,568.132080078125,581.518397221651,564.2933258579985,570.8880794810531,9909820
2023-02-17,569.559326171875,576.7938322903967,560.1593103661845,569.9038035770302,8880620
2023-02-20,570.5928344726562,572.5122116833451,551.2023125343171,558.3876163788826,9507162
2023-02-21,574.037841796875,584.4712899811851,570.1006824705264,575.8095514784751,7702230
2023-02-22,538.5049438476562,574.3823202920106,531.516510060705,574.3331178155951,10994235
2023-02-23,543.1802978515625,549.3813716040926,525.266271692684,531.0243429471404,10711597
2023-02-24,550.1195678710938,557.0095961532267,534.6662067087684,548.2493933068604,8631548
2023-02-27,553.1708984375,562.9645945087234,544.4106946986341,550.218028872887,8484384
2023-02-28,583.1425170898438,604.7968931749833,543.278779296746,554.1551698151617,25360275
2023-03-01,592.640869140625,606.3225214971283,585.258695583436,588.6053049598745,18661166
2023-03-02,613.1141357421875,615.1811202758016,576.4000784231026,594.4618321601689,21080489
2023-03-03,673.89404296875,692.9400267764827,640.3297243759946,652.5841445352387,42832968
2023-03-06,679.898193359375,711.3954676083797,670.3997725631463,679.1599759941639,37435406
2023-03-08,700.8634643554688,703.7671309670212,671.2855710762357,689.0027855621187,20232587
2023-03-09,686.296142578125,705.3421283846646,675.2228810449534,702.6845936777345,17041388
2023-03-10,686.83740234375,690.7253590232626,669.9568685181272,674.0416350942987,12138642
2023-03-13,670.4982299804688,699.3871118473119,666.5118682688328,692.6447506854265,9693337
2023-03-14,644.2176513671875,673.795546798202,628.5674200689319,670.4982001150697,18147337
2023-03-15,668.67724609375,677.0437093248624,646.9244657233702,651.1568998132649,15514873
2023-03-16,668.9234008789062,681.4730972703059,664.5433588268605,676.1087653052091,12992236
2023-03-17,669.6615600585938,680.8824881217606,660.7537491356475,677.683546182627,7625895
2023-03-20,656.2752685546875,667.1024570872733,648.9422970332699,660.4585004877321,5250369
2023-03-21,654.3558959960938,663.805114829033,650.8124764814204,660.950650164895,5011027
2023-03-22,646.8260498046875,661.344323988921,643.8731804790807,659.3757444385164,4457720
2023-03-23,644.6605834960938,656.8657403449939,641.8061191918295,644.7097859683165,4491324
2023-03-24,627.9769287109375,650.2711180005468,623.9905668056941,647.8595958358512,6072701
2023-03-27,619.2167358398438,634.7193013587727,615.6733163231745,627.9769397508959,5621870
2023-03-28,584.0775756835938,617.9371078495985,562.5708080847083,612.8187890116327,19860622
2023-03-29,626.6481323242188,632.4554061644665,580.829393552328,584.0283354386935,17057169
2023-03-31,621.9727172851562,645.1035264186966,617.4941508599798,633.7841942895172,9466910
2023-04-03,617.9371337890625,628.9611917313791,612.3759323805562,628.5182492994104,6072184
2023-04-05,626.74658203125,629.7486541545012,615.2303784026976,617.0513507292043,6622367
2023-04-06,631.5203247070312,641.1171504554587,621.6282240277549,626.9926155639274,7094042
2023-04-10,641.7569580078125,646.6784070722896,632.8983496917538,635.85121913044,4254629
2023-04-11,643.67626953125,649.8772827050012,637.2291839293637,644.7097617141625,3798770
2023-04-12,647.4166870117188,651.5999191208784,639.7884402244275,645.694179672653,4271203
2023-04-13,651.25537109375,654.4543129481375,643.1349802326124,649.3359939658611,3306659
2023-04-17,654.2575073242188,656.2260871205448,647.6627529912689,652.584202482084,2731225
2023-04-18,648.2039794921875,660.8521383697363,640.8218066331702,657.5055293098045,2964854
2023-04-19,648.0564575195312,654.5527464614165,644.6114430644711,648.6470073955992,2683546
2023-04-20,655.6353759765625,667.8405928611314,650.8123922654843,652.5841017935595,5009410
2023-04-21,651.2060546875,660.0646621670377,648.3024480746731,657.5055329256819,1982614
2023-04-24,660.7537231445312,662.1809553534143,645.6941013925526,654.6511144392845,3357178
2023-04-25,660.9014282226562,671.7778189910642,658.3422385807291,664.3956451559975,4814190
2023-04-26,654.2575073242188,661.049071575771,651.6983175432223,660.4585216673883,3373385
2023-04-27,649.3851928710938,657.7024536620389,646.8752659067043,657.4071787385134,3197568
2023-04-28,670.5966186523438,672.269923302467,651.7475053112275,655.7338669260959,6162262
2023-05-02,670.7935180664062,675.1244173419559,662.0333145629787,673.0573726565094,5563089
2023-05-03,659.1296997070312,674.0908568581054,646.4323370425644,664.3956261952509,5645727
2023-05-04,669.0709838867188,671.285635911353,657.2103039478227,659.474158446637,5124811
2023-05-05,673.15576171875,682.7033239159183,666.8562834972688,672.0730069839109,5193692
2023-05-08,674.3369140625,679.7997704820366,667.9390303993785,673.9432341905383,3671007
2023-05-09,679.6521606445312,684.9673500153507,673.746421377526,674.3369712737118,4029312
2023-05-10,680.1442260742188,681.5222557726089,674.7798348518652,681.128515836989,1794579
2023-05-11,697.66455078125,702.7828694084437,681.374567714279,683.0970747471429,5979387
2023-05-12,689.0028076171875,700.8142843191964,684.1305614623534,700.8142843191964,4025355
2023-05-15,683.1463012695312,690.6761420230871,676.6992153062332,688.8059674339106,2616737
2023-05-16,676.2071533203125,687.8217619879949,674.533848494801,683.1463850181674,1403759
2023-05-17,673.8447875976562,681.0793538296181,671.827005479349,676.4531796544836,2295396
2023-05-18,654.5035400390625,678.8647135387079,650.9108580985002,678.8647135387079,4405410
2023-05-19,677.289794921875,683.2447963394799,649.1391303576513,653.5684345071728,6340270
2023-05-22,718.2362670898438,741.5639469758245,682.2604875154382,687.9201537709937,30204070
2023-05-23,722.5178833007812,773.3072707508229,718.5315218046551,732.6068532987233,39497528
2023-05-24,706.9661865234375,727.3902009618104,697.6154329251463,727.3902009618104,12809164
2023-05-25,713.1179809570312,715.5787055290017,694.5148791624214,705.7358072411199,7458008
2023-05-26,715.4309692382812,718.8759833078152,709.2791583998277,717.6456211401245,4507617
2023-05-29,725.9137573242188,728.3744819253178,716.6122063168075,719.5158733613613,4302323
2023-05-30,722.5178833007812,730.6874762594688,716.2184649088092,728.374419363623,4785799
2023-05-31,727.2424926757812,737.233058148493,709.9682187491069,724.4372907841,13649365
2023-06-01,720.5493774414062,733.2467406208732,717.547305394314,719.023740179076,3771760
2023-06-02,725.02783203125,732.3116004750899,722.4687026192419,726.405861761581,5554473
2023-06-05,727.193359375,732.3116788228906,723.4530698048717,726.4059394775447,5166097
2023-06-06,733.6896362304688,735.2644758698247,728.3744473141502,731.2289117462993,5492469
2023-06-07,732.0655517578125,739.2016529346114,730.293842101588,738.2173631171219,2129238
2023-06-08,724.8310546875,737.2330825123342,721.4844452357023,733.2467207169435,2141709
2023-06-09,723.40380859375,730.3430397458905,721.4844314470859,726.4058805019773,1335172
2023-06-12,730.4414672851562,734.8215690947194,722.0258011562964,723.6499034251484,4571836
2023-06-13,726.2581787109375,730.7367452004678,723.502179385574,729.3587154996462,3636359
2023-06-14,727.7346801757812,731.0812897128908,724.2404632062106,724.7818106111382,3900945
2023-06-15,727.88232421875,736.9378026069783,725.4215996608773,725.7168745925653,6448934
2023-06-16,735.658203125,737.9220575961198,729.1618545531097,729.3587245237029,6800269
2023-06-19,724.0928344726562,738.1189644920955,719.515862751589,738.1189644920955,5256363
2023-06-20,726.2090454101562,730.3430748301121,718.7284665178821,726.4059153970657,6753358
2023-06-21,737.676025390625,741.4163147307975,721.7797205995375,728.2760695257899,9312613
2023-06-22,733.8864135742188,746.0916305048089,729.3587047547011,743.1387612547899,10061086
2023-06-23,703.0781860351562,729.3587354827883,691.9557234067479,729.3587354827883,15398550
2023-06-26,713.0195922851562,714.8897069567843,694.0227500947598,698.8457943964605,5696079
2023-06-27,708.9347534179688,718.9745217468156,704.7515216206396,712.9703177095845,6935089
2023-06-28,744.615234375,747.0759588772307,710.460366268782,711.5923235703208,17910387
2023-06-30,727.63623046875,747.9618387524647,726.4058682258201,740.973345166854,6629272
2023-07-03,725.8153076171875,735.7074078884056,721.1891336371126,732.8037410228909,2808490
2023-07-04,730.0477905273438,739.2016740765501,723.4530365462907,728.423688251522,3263045
2023-07-05,731.0812377929688,735.1660644311429,722.5179046483975,729.3587306692559,2212779
2023-07-06,728.4236450195312,734.1817763205576,726.60273294368,730.7367620652751,1949877
2023-07-07,707.4090576171875,728.3744173444128,704.9483332342672,728.3252148720102,4248724
2023-07-10,708.787109375,718.5316030912727,696.8772260118097,710.6572841532861,5135483
2023-07-11,718.4331665039062,720.9430935396254,707.7535858686908,712.576630036373,2716491
2023-07-12,712.8226928710938,720.9430838087638,710.6572432724586,720.3524738766184,1349350
2023-07-13,705.9326782226562,717.7933586611072,703.7672285809964,713.5609244065761,1378288
2023-07-14,714.6928100585938,716.0216373535304,703.4719422225071,707.3598990038454,2043145
2023-07-17,719.5650634765625,731.1304689030434,718.6299761289521,718.7284411570749,2683898
2023-07-18,716.7106323242188,735.7566156692241,714.2006453067305,719.5158341862245,4464508
2023-07-19,719.90966796875,723.896030109836,717.5473481418826,720.4018129263233,1039827
2023-07-20,720.9430541992188,724.3880683949234,716.661357653075,721.9273439694201,1423489
2023-07-21,717.0059814453125,723.7975456316321,714.8897341540733,717.3504588758458,1491198
2023-07-24,723.748291015625,728.6205376290087,717.0059297941845,718.5315669965232,1919024
2023-07-25,737.4791870117188,740.1859841612446,721.6321440941002,726.0614485205971,3210148
2023-07-26,740.8257446289062,753.3754396234316,733.2959036016782,741.1210195546975,5868377
2023-07-27,736.9869995117188,746.9283026198613,730.2446383046288,742.0561160931304,2243079
2023-07-28,748.828369140625,753.8819702243687,736.3429057005359,743.1801876186913,3257195
2023-07-31,770.7769165039062,772.9073905545494,747.5401978258479,751.7515521974592,5854918
2023-08-01,758.3905639648438,773.8982809832677,754.6746631278562,771.8669339550793,2590545
2023-08-02,754.5260620117188,766.8628648641363,744.7160596278309,760.0255831444379,3017482
2023-08-03,766.3178100585938,772.4119115515439,746.5492662227657,754.5260544961892,4135776
2023-08-04,768.2005615234375,772.8083027243152,761.7596667799323,769.3896618798082,2758619
2023-08-07,784.2037353515625,787.4241827375473,764.1874041180256,769.9841852207355,4175164
2023-08-08,777.0692138671875,797.6800655773789,757.3501420912859,786.5323627975707,11993737
2023-08-09,783.9064331054688,799.5132169538268,776.8710182293833,785.4919204511746,7007648
2023-08-10,795.5000610351562,812.3454786276204,784.7982784253873,785.789185342591,8064730
2023-08-11,793.7659912109375,803.0805406275011,787.0278361232888,799.5628330908763,9040236
2023-08-14,779.9923706054688,786.9782519760126,764.0882668825457,773.8982691340537,17841454
2023-08-16,769.0428466796875,778.8528495106256,765.4260726615315,778.8528495106256,11481440
2023-08-17,802.2877807617188,806.2018145593391,769.7859866658853,770.9255537716206,14011644
2023-08-18,828.299072265625,841.8744479257738,796.9863790578947,799.6618396881986,22502392
2023-08-21,850.3468017578125,856.2426495765825,830.8754564923154,832.4608833800224,17432300
2023-08-22,846.72998046875,861.0981311028014,845.5904132953648,856.0445298994404,8037324
2023-08-23,818.1918334960938,854.607661807166,812.6427186082171,850.7431007331118,4748732
2023-08-24,814.8722534179688,836.7217986359254,812.7418399014034,826.4163428306271,4692796
2023-08-25,799.2654418945312,822.8490733345201,796.1936548482241,815.5163384444162,4442243
2023-08-28,800.1077880859375,816.507285176398,791.2391592395071,808.5800299805106,5067265
2023-08-29,816.0614013671875,823.2454767088284,792.7750881908344,802.1391709045914,5935085
2023-08-30,811.2554321289062,825.4253876723897,809.1744915021445,820.4708535326994,8592012
2023-08-31,784.9964599609375,803.5264311267415,780.5373789013667,796.5900828118534,9998925
2023-09-01,792.2301025390625,800.6528115716854,772.5606238725895,772.9074171112806,11900199
2023-09-04,793.7659912109375,804.3687075518787,788.3160030476663,800.2068863129851,12522148
2023-09-05,797.6304931640625,803.5264011074813,790.2482249229828,797.6800264112868,10483413
2023-09-06,799.71142578125,801.1482529258192,793.1714642351437,798.6709856007548,6729598
2023-09-07,802.5355224609375,805.5577764097511,797.7295877080893,802.3373289849162,9787939
2023-09-08,817.4982299804688,821.263664277074,802.7832860328845,803.5264662419576,11683222
2023-09-11,874.42578125,879.1325888917715,827.4072380798503,832.3617724396099,20638175
2023-09-12,850.9412841796875,881.411670774768,845.2931028611536,881.411670774768,8036897
2023-09-13,841.9735717773438,859.3144418425702,835.4831439346757,851.1889934874044,7180448
2023-09-14,842.0726318359375,850.0494199089492,833.3526636229531,846.2839859624506,6234825
2023-09-15,837.96044921875,846.8290176429828,833.848161366945,838.3072424437735,4013431
2023-09-18,823.6913452148438,840.3385687273651,820.6195580743757,840.3385687273651,2801202
2023-09-20,810.6113891601562,829.9836072390019,807.5891351675241,824.4345527108958,3016411
2023-09-21,823.542724609375,834.7400212926917,812.5436818880758,813.683249048641,6437320
2023-09-22,819.529541015625,831.0736306133476,814.6245397558154,826.317289580867,3156509
2023-09-25,818.1422729492188,824.1372473547087,811.5031848928257,821.1645267754421,2395763
2023-09-26,813.88134765625,823.4436233103401,811.5527406632593,818.5881553707194,1569635
2023-09-27,823.1464233398438,825.425497250626,814.0300672165537,818.290955046305,2463842
2023-09-28,815.6154174804688,833.6994677909094,811.7013837426073,825.6731463657349,5057959
2023-09-29,817.6468505859375,824.9299920898026,814.8227296402384,818.9845507053716,1468496
2023-10-03,823.8400268554688,829.1413546170371,816.7550182767766,818.489105364413,2453090
2023-10-04,817.1017456054688,837.7621892429161,811.8994847621059,823.3940402469614,4096647
2023-10-05,817.6964111328125,824.4345661640833,812.7914097308766,823.2949990019611,2083505
2023-10-06,823.1959228515625,828.8936376350672,818.8855019465399,822.4527426624097,1877058
2023-10-09,782.865966796875,811.3545395367914,777.86189915946,807.5891054967642,5994282
2023-10-10,812.0482177734375,816.2100389172402,793.2705196166289,793.2705196166289,7591327
2023-10-11,807.4404907226562,819.8764211245536,804.9632233884391,819.8764211245536,3281387
2023-10-12,807.5396118164062,815.7641272100108,805.1614110008334,811.1068525596065,2563606
2023-10-13,806.3504638671875,817.2999726629935,798.5222754176128,804.6163768481183,3801000
2023-10-16,798.3241577148438,811.0572870209102,795.9459569939476,811.0572870209102,2664794
2023-10-17,797.7791137695312,806.9945962401589,796.6891403814701,804.616395509644,2162192
2023-10-18,791.3382568359375,801.6932464385342,788.1674030170981,801.5941799367554,2271927
2023-10-19,785.6405029296875,790.0500506827685,780.2896420159686,789.5050639897263,2862500
2023-10-20,786.4332885742188,795.6982439348214,781.4787540540767,784.6000745136715,2434862
2023-10-23,764.4351806640625,788.5637407673272,762.8992869835952,786.433327107376,2002377
2023-10-25,762.1064453125,776.2268681319513,754.1296571491217,765.47555284394,2581498
2023-10-26,763.3450927734375,764.7819198491533,747.6392428772244,757.0528582613643,3855358
2023-10-27,775.2855834960938,779.2492110998976,766.0205676841077,767.8537817389616,2995404
2023-10-30,777.8619384765625,787.176487791785,772.7092103549534,778.7537789038222,3522068
2023-10-31,777.6141967773438,783.9064314569417,775.3846562322669,782.6182645713734,2825760
2023-11-01,762.1064453125,783.3118764053522,760.2237585579996,777.6141619343455,2693768
2023-11-02,767.2592163085938,776.3755720715795,765.0296757378712,769.8356105895238,1741799
2023-11-03,788.1673583984375,791.5364055102702,770.2319075401457,772.9073682184718,4310765
2023-11-06,795.2028198242188,798.9187208514347,792.0319055182957,794.2119128836277,2270316
2023-11-07,790.2977905273438,801.0491667420432,788.7618969195746,795.6982452593196,2394891
2023-11-08,811.2554321289062,816.3090327593289,792.7749955958005,794.7072760063103,5123208
2023-11-09,798.869140625,820.1736385949489,790.8427585900881,817.498177916645,4982049
2023-11-10,801.247314453125,811.35457717268,798.8691741239207,800.6527944908637,3903183
2023-11-13,802.4859008789062,820.4708846808197,800.1572939369105,802.6345611008019,1050882
2023-11-15,803.3777465820312,810.5618214049973,801.6931928033736,810.5618214049973,1694698
2023-11-16,806.2018432617188,810.9582448461628,800.7518552196884,806.9946171792317,1689762
2023-11-17,802.6841430664062,814.4759596742874,801.6932361407073,804.3191636858731,3218979
2023-11-20,796.292724609375,808.5799938053416,793.815457471491,802.6840859211467,3227659
2023-11-21,794.063232421875,807.490069508964,792.0318853414437,797.6800668549577,3643664
2023-11-22,784.6991577148438,797.6304799949618,781.3795834834485,796.6891063926212,3212329
2023-11-23,785.8882446289062,797.3828010510614,784.2532845186217,787.7709919463758,3776615
2023-11-24,788.3159790039062,795.6487143192671,777.8619232146957,788.6628327099949,4421350
2023-11-28,830.0827026367188,846.6308595722265,798.6709425519806,798.6709425519806,15929818
2023-11-29,827.9522705078125,842.2708876946534,825.7227299227384,842.2708876946534,8057644
2023-11-30,817.99365234375,831.3708955983117,815.5163850743868,831.3708955983117,5998210
2023-12-01,820.2727661132812,831.5691296041933,817.9936922104231,831.5691296041933,2932775
2023-12-04,870.660400390625,875.3176145890197,850.6936015096622,857.1344965705974,11064795
2023-12-05,1003.8877563476562,1014.9859862055004,871.9980721300493,875.9616997306404,46564412
2023-12-06,1008.6936645507812,1072.6566911756638,998.9331955531447,1035.497683398216,41008947
2023-12-07,1030.1964111328125,1049.1227092516883,1012.3600864418747,1019.6432281652773,14840081
2023-12-08,1013.648193359375,1045.4067464028817,983.2768736438546,1038.4703983224833,12202462
2023-12-11,1022.516845703125,1038.4704224668992,1006.4146087135381,1017.4632447476866,7889666
2023-12-12,1032.4754638671875,1038.9163591401214,1013.9455520045681,1027.6201165066186,4902289
2023-12-13,1053.8294677734375,1065.2248969030986,1019.4450473924114,1035.4976904778957,8151639
2023-12-14,1064.9276123046875,1079.9894699766903,1053.3340497926952,1070.1794673340646,8004131
2023-12-15,1068.74267578125,1076.6203371813783,1057.347246533587,1069.18853549812,11672787
2023-12-18,1084.3494873046875,1092.3758091377147,1062.9953948661532,1069.1885630953898,5448342
2023-12-19,1064.2340087890625,1089.0066812469086,1058.883087346105,1085.0430536536533,5993252
2023-12-20,1002.9464111328125,1073.9943852193217,995.8614028310567,1068.1976042307256,8467564
2023-12-21,1009.6846313476562,1018.652326994131,980.2546833452765,987.0919653741686,5352057
2023-12-22,1018.1567993164062,1041.3935168144912,1009.7340910008934,1024.597693910622,5252106
2023-12-26,1019.3954467773438,1031.5340559856281,1016.7695193687954,1024.6967743619607,2176775
2023-12-27,1015.0850219726562,1027.6200180721028,1008.7431938116407,1027.570424344471,2803997
2023-12-28,1007.7027587890625,1021.8231212799235,1005.4236850722278,1020.1882217041606,4865603
2023-12-29,1015.0354614257812,1025.4895776317146,1008.3468398336297,1012.5086609203333,2429250
2024-01-01,1038.32177734375,1048.3299129030938,1013.6977649197279,1017.2155328204377,3989711
2024-01-02,1068.593994140625,1073.053075061219,1021.7240507467017,1038.3217408400235,6344621
2024-01-03,1084.2998046875,1133.5974197509709,1053.0862393709303,1094.9520531685514,33060778
2024-01-04,1112.986572265625,1120.7156944042629,1093.5153486138552,1106.8429979218051,9771995
2024-01-05,1143.7542724609375,1149.4519870519277,1115.1666330095104,1118.8329401013266,10622789
2024-01-08,1158.221435546875,1171.251884682742,1141.5246794877485,1149.4519342064134,8760094
2024-01-09,1186.214599609375,1218.716393595945,1167.7837558683434,1171.2519299417752,14701104
2024-01-10,1203.3077392578125,1208.9063872926647,1186.1155291715734,1208.9063872926647,7036728
2024-01-11,1192.011474609375,1212.473727447531,1189.0883474726336,1209.8973935534045,3721202
2024-01-12,1196.1236572265625,1207.6677464410147,1190.1287432460574,1199.3936982779733,3912779
2024-01-15,1192.1600341796875,1204.2986433684946,1178.287337963908,1202.9609432826069,2825654
2024-01-16,1182.498779296875,1200.9792180237098,1176.0084113796224,1192.6555754889073,3173587
2024-01-17,1156.23974609375,1193.7455498190002,1148.9070104990935,1169.2701966296102,5268593
2024-01-18,1143.55615234375,1173.531085964285,1133.052442472104,1160.4015695850424,5918594
2024-01-19,1141.9705810546875,1156.1901914959356,1139.542907592203,1151.6815168252501,2732559
2024-01-23,1126.76025390625,1196.2228060000816,1119.9725655796494,1188.2460777331712,7201014
2024-01-24,1110.4102783203125,1136.3225186561372,1108.180737734329,1127.65208304398,18373913
2024-01-25,1135.876708984375,1145.2407314740765,1101.4921645222623,1111.946281448076,4305042
2024-01-29,1185.768798828125,1193.943780978919,1140.5338734016684,1144.4975011111444,6768033
2024-01-30,1176.5533447265625,1206.1318930381585,1170.261109776307,1189.0883418556887,4683729
2024-01-31,1196.668701171875,1203.2086622968059,1180.8141913124978,1184.9264789993358,5510242
2024-02-01,1207.766845703125,1228.2290972925998,1189.3855953629943,1202.5645845003933,7433628
2024-02-02,1249.9794921875,1275.7926659685045,1220.5000111680336,1221.8378322850706,10450227
2024-02-05,1247.10595703125,1279.5085650475528,1237.4940872965221,1257.956339460111,5611298
2024-02-06,1261.5235595703125,1272.9189890049738,1237.4940670667875,1254.4881447201064,4408002
2024-02-07,1244.2322998046875,1274.6530939015922,1240.7641255804656,1268.360859143996,3359763
2024-02-08,1233.877197265625,1253.0017484131938,1225.50408252275,1252.555888701798,3354609
2024-02-09,1259.9381103515625,1263.9017379106708,1220.8963547022827,1241.209945942713,3538164
2024-02-12,1237.989501953125,1268.1130956771954,1232.5891077731242,1266.37900861532,2204823
2024-02-13,1253.299072265625,1259.4426465475858,1215.4959505395022,1238.5840083052178,2245009
2024-02-14,1256.3212890625,1269.8967861696567,1237.2959249652697,1250.4749141600203,3382943
2024-02-15,1255.5286865234375,1265.9332093918822,1250.6236245949788,1263.406348311132,3382824
2024-02-16,1294.9666748046875,1299.0789626848837,1254.0422918821087,1258.253646261522,5476230
2024-02-19,1295.1153564453125,1314.9334950290204,1290.309482030827,1301.4571849841627,2700240
2024-02-20,1288.6744384765625,1300.9617083719008,1281.9362230938657,1299.0789610478841,1856718
2024-02-21,1279.2608642578125,1303.0426309055179,1269.797654561785,1292.9354284643712,2770510
2024-02-22,1299.029296875,1305.0243317489349,1269.351684867415,1284.215287734715,2556009
2024-02-23,1308.6907958984375,1319.8880931206024,1286.1972559088151,1300.1195473172274,2924829
2024-02-26,1325.9820556640625,1330.7879298037562,1304.7766243999224,1307.9970717356352,2802425
2024-02-27,1317.3612060546875,1327.0225488887756,1302.2994686872123,1324.6939417310855,2197456
2024-02-28,1287.6834716796875,1322.7615989094263,1283.3730510069504,1322.3652119711758,2121625
2024-02-29,1308.4925537109375,1317.8071027079097,1281.2922078509396,1288.1789623810819,2672239
2024-03-01,1310.0780029296875,1336.7334230294546,1300.4662542764636,1322.8607262745156,3301090
2024-03-04,1330.3916015625,1344.2148256203498,1324.2480270658891,1333.0175290826207,2170214
2024-03-05,1326.130859375,1342.6293638194713,1321.8699109779725,1331.8285745085257,1815438
2024-03-06,1312.7535400390625,1332.3734245392363,1292.1426276555221,1330.4906771933802,2758443
2024-03-07,1313.3974609375,1323.20746313121,1303.0425325421074,1317.7080025852608,1640786
2024-03-11,1314.8839111328125,1330.143902148465,1310.0285639117444,1318.8971326101569,2217673
2024-03-12,1289.4671630859375,1334.7019651005496,1281.6884473594084,1322.8606763443634,3139768
2024-03-13,1198.551513671875,1296.1062515781691,1177.2964876581068,1295.1153446580022,8670336
2024-03-14,1256.3212890625,1264.3972044901386,1184.8273320303401,1198.9973490854763,7195603
2024-03-15,1271.3336181640625,1277.1303996354898,1245.2232441966387,1262.217322598768,4024586
2024-03-18,1255.0826416015625,1258.501342945308,1216.0904797056896,1238.6336114337846,4858444
2024-03-19,1229.91357421875,1261.2758012430563,1225.9995404168606,1259.4922414306805,2311324
2024-03-20,1234.075439453125,1241.556713741577,1219.013582460712,1236.651773121733,2772098
2024-03-21,1250.9703369140625,1257.1635048875376,1239.9218220176324,1248.542663452585,3155563
2024-03-22,1269.9461669921875,1277.3779682046422,1243.637663276282,1250.970277037659,3076926
2024-03-26,1292.3406982421875,1302.0516340032007,1269.3517071218419,1269.946227054895,3610644
2024-03-27,1310.7716064453125,1330.7878760781507,1300.1688307611341,1303.0424847675117,4938400
2024-03-28,1329.6484375,1346.3451950491976,1302.0517037398902,1321.8698423051853,4188741
2024-04-01,1363.3887939453125,1369.185574973874,1337.9720084012833,1344.4624968187563,3251462
2024-04-02,1391.3819580078125,1411.9927491024328,1375.576920260978,1385.0897233388353,5769001
2024-04-03,1384.4949951171875,1389.2513963561678,1376.5677403590923,1387.1209224478682,2727582
2024-04-04,1354.4210205078125,1395.791382007772,1349.862873133412,1395.791382007772,4197697
2024-04-05,1363.0419921875,1369.3342266142822,1345.007414593523,1354.5696900724906,1853120
2024-04-08,1336.3865966796875,1369.3837234241817,1324.8425072598186,1369.3837234241817,14038860
2024-04-09,1344.165283203125,1352.4889258094217,1333.8598266886777,1343.818489961263,1935801
2024-04-10,1340.00341796875,1347.534286040862,1335.9406030053535,1346.642445659621,3984001
2024-04-12,1331.97705078125,1346.0480018042115,1328.80619698019,1337.7243593760302,2183230
2024-04-15,1303.587646484375,1322.8607376867706,1296.7007708168564,1307.9971338925372,3372368
2024-04-16,1292.4893798828125,1309.9789107118374,1282.629904695393,1290.1607728795857,2696593
2024-04-18,1283.7694091796875,1324.3469960273796,1279.260734658696,1303.9838120141037,6219274
2024-04-19,1298.0880126953125,1304.033453974833,1258.4517374985091,1268.3608062977098,3899281
2024-04-22,1309.087158203125,1318.8971612807486,1303.0426499505518,1309.087158203125,8903130
2024-04-23,1310.0780029296875,1326.3784941929302,1306.9071491983993,1309.0870960186205,3847872
2024-04-24,1308.4925537109375,1320.7798233903275,1306.0648802044218,1318.8970760994,2553035
2024-04-25,1318.451171875,1324.7928790151668,1304.8262025405147,1308.492509540943,6097087
2024-04-26,1312.5552978515625,1329.40071569449,1309.0871235897835,1327.8152887954548,2565490
2024-04-29,1305.2720947265625,1323.6038721055272,1295.1152991517306,1322.167105505896,2191564
2024-04-30,1312.8525390625,1322.5138810656601,1304.2811704266085,1311.5148389772019,2321071
2024-05-02,1326.626220703125,1336.436102352827,1294.6694728264536,1321.820225416985,7991511
2024-05-03,1308.2943115234375,1341.6878226847184,1298.5337826625469,1340.696915873282,3528822
2024-05-06,1278.22021484375,1310.474280490609,1245.5698832337964,1310.474280490609,4000668
2024-05-07,1275.9412841796875,1289.3185272269698,1253.4972188749623,1279.3598645743118,3474340
2024-05-08,1265.6358642578125,1281.936234716544,1257.5104758935238,1281.589441486419,1627418
2024-05-09,1233.2332763671875,1274.1081875031814,1228.7246014213924,1267.3699719499687,2591646
2024-05-10,1255.231201171875,1267.0724891635214,1234.4221581684337,1238.6335121096063,2022402
2024-05-13,1294.5208740234375,1301.0608357536687,1250.177787656357,1255.4791156891838,2495810
2024-05-14,1319.144775390625,1327.7161440387467,1273.5630592081134,1294.5207637753958,2989543
2024-05-15,1325.6846923828125,1341.6382683229447,1320.8788183984057,1325.6846923828125,2189768
2024-05-16,1332.8193359375,1354.3219666656078,1298.583455141964,1339.9042233007008,4822618
2024-05-17,1323.5543212890625,1331.0853106301365,1309.1366982159714,1317.906200243574,1945123
2024-05-21,1372.9014892578125,1386.0805992133048,1320.8788777918903,1331.7788535276075,4200578
2024-05-22,1365.6678466796875,1381.671017371011,1351.795150023982,1381.671017371011,1878562
2024-05-23,1430.2254638671875,1435.6259791010298,1357.4433997367112,1371.4151629708686,7821034
2024-05-24,1403.2232666015625,1431.8109070796468,1369.5820250185661,1421.951431600066,19100263
2024-05-27,1418.6318359375,1443.800894473385,1410.654987298739,1431.860418378904,5517078
2024-05-28,1387.76513671875,1424.9241460917976,1385.2878694272135,1424.9241460917976,4070886
2024-05-29,1397.1787109375,1414.8663746817738,1370.3251584867214,1393.215083388741,3214475
2024-05-30,1370.919677734375,1400.7955445601142,1361.15926909255,1397.1787102316364,3477661
2024-05-31,1424.32958984375,1437.8058993742857,1378.3514858922338,1378.3514858922338,8238969
2024-06-03,1569.546875,1606.6564095419903,1521.0420325102627,1534.9147285722456,23398347
2024-06-04,1237.593017578125,1543.8328169816089,1177.1972956188392,1543.8328169816089,52109624
2024-06-05,1342.282470703125,1355.560647435861,1150.046530935174,1269.351746612089,20879925
2024-06-06,1340.6473388671875,1391.233180605964,1332.5715450215157,1371.4150441300956,12153840
2024-06-07,1366.3118896484375,1372.4059909845823,1342.7283791304474,1345.3541855218457,5884018
2024-06-10,1371.4647216796875,1402.4800345839021,1368.6901340193601,1391.2332656385024,4843234
2024-06-11,1390.688232421875,1405.8987500176386,1371.464735440697,1378.3514899719598,4122878
2024-06-12,1381.2745361328125,1401.5881262777941,1377.955022423133,1398.9127262037975,3258265
2024-06-13,1391.67919921875,1398.1696880399163,1375.4284222209853,1390.8369525144044,2839159
2024-06-14,1423.7730712890625,1435.0184097770925,1388.693737762958,1402.1781826462716,5651491
2024-06-18,1438.00390625,1451.538036365905,1427.1069702234236,1439.9942230752595,5651898
2024-06-19,1441.387451171875,1444.969997116801,1413.5727009981988,1438.999046715492,4484742
2024-06-20,1462.2857666015625,1469.6499630037658,1437.1082106732888,1452.2346911306545,4905603
2024-06-21,1478.3077392578125,1491.6428855368783,1462.882784724998,1472.7845617849914,25891893
2024-06-24,1453.1800537109375,1472.4861509682707,1443.1786631984553,1467.7093420561873,3009931
2024-06-25,1449.099853515625,1461.788122459451,1430.0425468453147,1459.0514370009787,3343186
2024-06-26,1460.6934814453125,1467.3609938292868,1444.0245790060853,1451.8365477936857,3217949
2024-06-27,1478.3077392578125,1486.7665852919367,1451.9360427984843,1468.455647228092,7803408
2024-06-28,1470.943603515625,1486.766646336755,1438.0038848437825,1472.8344287673342,11534763
2024-07-01,1467.3609619140625,1484.179162036538,1464.4749784526905,1475.8198077440181,3372730
2024-07-02,1467.7093505859375,1482.3879370723641,1448.005287037499,1472.3368614690432,5368562
2024-07-03,1503.3360595703125,1506.6698159107152,1463.6790216706354,1472.6354472605935,4435563
2024-07-04,1496.369873046875,1512.6406877275601,1487.1148518262994,1507.3166148659561,2980840
2024-07-05,1493.185302734375,1502.191534424163,1486.6670884073235,1500.6987968940957,2111633
2024-07-08,1468.1572265625,1493.7825551958272,1461.8876800915598,1488.7569567167961,2177821
2024-07-09,1470.8441162109375,1496.6684281169682,1467.8586410088856,1472.8344330123055,2256634
2024-07-10,1480.5966796875,1487.2143857012602,1452.93122825638,1484.7762962729585,2082079
2024-07-11,1476.665771484375,1491.2448663791363,1470.744627580294,1487.7618119698423,1765496
2024-07-12,1479.501953125,1489.7521332951694,1473.9788968610833,1482.7860244554458,2018935
2024-07-15,1487.8115234375,1497.7133003196584,1478.1087296314424,1486.7665585897473,1913095
2024-07-16,1491.792236328125,1503.2862428697563,1486.0202690619988,1488.7569546403818,2170314
2024-07-18,1486.6671142578125,1496.9669790985133,1465.0721047264356,1482.7859723162937,3263419
2024-07-19,1462.186279296875,1494.9268933297992,1458.4046288017469,1485.3237119953674,2568243
2024-07-22,1460.24560546875,1467.8585912718831,1435.5657508556187,1462.882799437063,1721261
2024-07-23,1500.052001953125,1509.6553048858657,1412.1297809051043,1460.8925428954851,5987213
2024-07-24,1477.6112060546875,1506.222009379755,1472.8343972556543,1500.6988317983287,2201442
2024-07-25,1479.800537109375,1492.1902105667564,1459.7480711035266,1463.878002749086,2211808
2024-07-26,1535.2806396484375,1540.4057297645463,1482.7860334313218,1488.657492356205,4500728
2024-07-29,1541.2017822265625,1551.4519624496038,1532.5439526442526,1540.405728385495,1928637
2024-07-30,1538.763671875,1549.3621331024478,1528.5632983023443,1547.073220196865,2800881
2024-07-31,1562.2991943359375,1570.2604615251346,1539.5100427110012,1549.4616266974976,2622023
2024-08-01,1582.451171875,1597.1794434732692,1560.9059679765317,1573.2956416043264,7160588
2024-08-02,1580.3115234375,1591.9548280096474,1542.6944877009848,1572.300449805686,4313297
2024-08-05,1486.6173095703125,1555.8803079588502,1464.4253507644685,1532.54389272946,7147230
2024-08-06,1486.8660888671875,1532.2950925258015,1480.8951386771212,1517.5170151012455,3159971
2024-08-07,1536.3255615234375,1540.3558800903063,1506.8687761791136,1512.6407433969514,2258441
2024-08-08,1511.6456298828125,1548.4664911768639,1506.4708547250975,1530.5536397365145,2468123
2024-08-09,1526.3740234375,1536.0270114581187,1511.6456303238629,1534.0366946308325,1503033
2024-08-12,1494.130859375,1516.870204721846,1450.2940828725068,1492.7376133067207,9230512
2024-08-13,1476.2677001953125,1510.1030862607404,1472.33687305296,1498.559272957807,2485446
2024-08-14,1454.8717041015625,1480.7956277626452,1444.9699270909682,1480.7956277626452,2648057
2024-08-16,1486.21923828125,1489.9510822169516,1449.9955703288085,1464.0769642627536,1985315
2024-08-19,1489.2047119140625,1499.7036814342016,1482.7859889429067,1493.6829246323464,1343387
2024-08-20,1485.32373046875,1502.6891960968253,1479.1039904186803,1497.6635975446497,990643
2024-08-21,1496.2205810546875,1509.6552187961163,1485.3236457005783,1491.8418600134746,1551436
2024-08-22,1485.074951171875,1502.1916273167224,1483.1841258876736,1499.7037312794307,1442064
2024-08-23,1484.0797119140625,1495.7230161426176,1478.9048155508108,1485.7714325355475,1181075
2024-08-26,1475.3720703125,1489.7520599750515,1472.8343679112065,1488.2593224400064,1087057
2024-08-27,1471.1923828125,1489.6526195544263,1468.4556972376713,1477.7107188642647,910064
2024-08-28,1462.683837890625,1479.2034427295885,1459.8973458303828,1472.2373340582778,1225101
2024-08-29,1468.903564453125,1475.8198665509078,1445.5670277283143,1464.9229309627651,3359850
2024-08-30,1474.7252197265625,1479.8005031415455,1458.9021772733731,1473.779746383045,1996592
2024-09-02,1487.26416015625,1492.2399519265955,1471.640222589082,1482.785947562939,2054244
2024-09-03,1472.3865966796875,1490.8467113268573,1469.4508066369913,1487.2641655351101,882478
2024-09-04,1464.97265625,1468.0079379615238,1453.9762288182849,1464.8731647058657,1122071
2024-09-05,1458.454345703125,1469.6498769661343,1455.9166433584608,1469.6000704576943,959956
2024-09-06,1435.41650390625,1461.638903513423,1420.6384259265865,1458.5041302500283,3340767
2024-09-09,1428.9478759765625,1434.6202298882108,1404.1684091660104,1424.0715758444799,1621371
2024-09-10,1446.3631591796875,1456.911813313559,1428.0522213831673,1432.0328547528766,1542798
2024-09-11,1423.673583984375,1450.791650407999,1418.200212779607,1447.9056667496254,1637596
2024-09-12,1465.47021484375,1467.858619265872,1433.227058843339,1437.0087093016402,4003674
2024-09-13,1445.0694580078125,1468.505486427539,1442.979649707543,1465.818485916369,1683544
2024-09-16,1433.724609375,1454.0756708482766,1431.833905662941,1448.0549141419633,1673805
2024-09-17,1419.69287109375,1438.0038089429297,1413.2243418493701,1435.8145091750096,1321316
2024-09-18,1421.88232421875,1432.281680568454,1408.1988966642487,1423.076465668153,1421406
2024-09-19,1401.3819580078125,1431.0377258131823,1387.6985305182914,1426.0619339988111,2072872
2024-09-20,1431.7342529296875,1446.0148722698104,1402.377081945548,1412.0798757453908,4407151
2024-09-23,1449.099853515625,1451.8862240039496,1436.8593572369239,1440.9892886792038,1139915
2024-09-24,1449.597412109375,1458.7528201942011,1439.9941098864927,1449.0998329421716,1537307
2024-09-25,1445.517333984375,1456.9118486901318,1431.236714240351,1451.9360568571738,1227806
2024-09-26,1465.47021484375,1468.6049880553294,1440.989342845412,1449.7964702651482,2066994
2024-09-27,1449.6470947265625,1477.8101241351292,1445.417671812371,1477.8101241351292,2694100
2024-09-30,1441.1883544921875,1461.6389083203203,1437.008737780114,1449.6472009403392,2042408
2024-10-01,1460.3948974609375,1465.7189704062484,1440.9893093856474,1441.1882924664976,1687795
2024-10-03,1418.2996826171875,1461.887668499777,1407.3529403751877,1445.7163447331866,3967953
2024-10-04,1406.8553466796875,1439.3970984421135,1397.4013421135996,1417.9017018298148,2611371
2024-10-07,1348.6385498046875,1417.0060014628,1330.5267163931464,1403.1732760765417,4531821
2024-10-08,1411.6820068359375,1417.453852708936,1335.5025821886725,1335.5025821886725,3031170
2024-10-09,1401.332275390625,1426.012129944835,1397.550625013473,1417.8518799469293,1507508
2024-10-10,1410.33837890625,1423.1262610130175,1400.0385141782556,1410.1393958260082,1628495
2024-10-11,1401.4317626953125,1419.9416839248458,1398.396481100776,1408.3480647165782,1158809
2024-10-14,1403.471923828125,1419.0958619351316,1400.3371506086364,1411.1345948275011,762384
2024-10-15,1413.4234619140625,1417.8020614979448,1400.1878071847782,1409.094425881124,1018477
2024-10-16,1397.00341796875,1411.5327063904463,1385.260500194349,1411.1346187324618,1450465
2024-10-17,1387.9473876953125,1401.1830431577691,1380.8321022377156,1397.0034264218873,1418861
2024-10-18,1398.7945556640625,1403.7206623954062,1369.3378927325348,1382.27495131213,1290065
2024-10-21,1368.84033203125,1406.059279204585,1364.6607154869937,1403.073804107461,1644382
2024-10-22,1356.2515869140625,1380.3841778608582,1347.3449679192313,1368.0441895344725,2467299
2024-10-23,1333.9599609375,1364.163114026943,1328.7353796028524,1356.2018472312895,1916219
2024-10-24,1347.842529296875,1352.4202335324728,1329.7305739587534,1338.4880162628226,1115993
2024-10-25,1312.3153076171875,1361.3766643617064,1297.8358260702153,1353.4153973186556,2078274
2024-10-28,1345.653076171875,1357.4954848669988,1296.8406318507127,1320.4258362222392,2126411
2024-10-29,1366.0538330078125,1370.780835220676,1315.5993527169649,1358.0925661229896,3790528
2024-10-30,1389.4400634765625,1408.0495978278802,1351.4748689572286,1373.2687400120806,2526884
2024-10-31,1369.2880859375,1401.182959713025,1365.456750577893,1401.1331532037052,1891761
2024-11-01,1387.6488037109375,1391.1815429052085,1371.7262703843157,1379.7870285850604,243881
2024-11-04,1342.7174072265625,1388.2459018573686,1329.531559054799,1387.4497265835835,1700308
2024-11-05,1322.913818359375,1346.499145747973,1289.6258178768721,1343.4638639820716,4852958
2024-11-06,1363.366943359375,1375.3088435931797,1308.8322170332835,1323.5606092466924,3645515
2024-11-07,1346.548828125,1366.3026983827979,1343.4638613318755,1366.3026983827979,1292794
2024-11-08,1355.5052490234375,1360.6801456546918,1332.1190263356734,1346.5488233132298,1400491
2024-11-11,1341.3740234375,1351.375292408646,1332.566895947319,1348.539115281882,1269498
2024-11-12,1319.5799560546875,1348.2405647779076,1313.6090060272907,1341.5232459970864,1038042
2024-11-13,1281.66455078125,1322.814327067866,1278.629269014765,1315.599428537686,1437072
2024-11-14,1258.4276123046875,1290.3721728771102,1254.5464702210927,1283.7045386618838,2963013
2024-11-18,1273.106201171875,1282.6596976020135,1255.1933498106282,1257.8802289230962,1445637
2024-11-19,1283.406005859375,1315.0519688836516,1275.793020094156,1278.7784951801798,2631778
2024-11-21,1109.2532958984375,1155.0802657213978,990.8294504575306,1155.0802657213978,46926687
2024-11-22,1131.246337890625,1150.3036459961224,1048.8969783476743,1067.406900728538,27086168
2024-11-25,1161.15087890625,1185.6317514442414,1134.1819888692603,1179.2627133379492,10532688
2024-11-26,1123.384521484375,1168.7637196605704,1113.930516802697,1166.3754367138986,5802555
2024-11-27,1194.1402587890625,1225.7365376001294,1096.6645433006545,1096.6645433006545,24434211
2024-11-28,1161.9468994140625,1220.9598399002632,1157.5184932177458,1190.8562989254217,15602469
2024-11-29,1184.288330078125,1209.7145549023871,1163.2407051323448,1169.3111472177857,9412850
2024-12-02,1209.91357421875,1214.9888575234,1183.6413694026141,1196.0808488156242,6941125
2024-12-03,1282.410888671875,1303.159916890073,1214.0932406306904,1221.009542876991,16753958
2024-12-04,1263.4033203125,1294.7010015428618,1255.8898262468038,1294.7010015428618,4874025
2024-12-05,1270.8670654296875,1278.5795429211673,1248.127599126211,1267.8317837606774,4369917
2024-12-06,1252.9542236328125,1276.290639363173,1250.0184334851012,1272.8075849867434,2232531
2024-12-09,1260.71630859375,1271.3645756336844,1242.9527566634724,1251.710198576756,2849557
2024-12-10,1242.7039794921875,1266.7370777457922,1238.3750650006252,1266.7370777457922,2406907
2024-12-11,1227.826416015625,1252.2574805249199,1224.7911344682898,1248.028057553975,2595435
2024-12-12,1237.97705078125,1261.8608524040394,1217.5264970500177,1227.8264836832834,5457302
2024-12-13,1253.8497314453125,1255.8898546821154,1224.044787051507,1235.9368809030952,2818291
2024-12-16,1237.131103515625,1255.740515714168,1234.9416822997864,1251.9091804355608,1337624
2024-12-17,1225.9356689453125,1253.4020167513484,1223.0994917741286,1229.120127263958,2684726
2024-12-18,1204.19140625,1232.9017002620146,1201.4049142869824,1230.015716760166,1931870
2024-12-19,1199.1658935546875,1203.1465272262383,1179.2627251969334,1181.7506212416527,1541271
2024-12-20,1176.7249755859375,1210.0130962207697,1170.5052357228478,1199.1658456036826,3045185
2024-12-23,1186.02978515625,1193.1948767753609,1168.56470730064,1184.1886450019783,1540796
2024-12-24,1176.4761962890625,1197.2750308691445,1174.2868964298098,1192.1997473922984,1380778
2024-12-26,1237.92724609375,1242.95284461767,1176.8246173688412,1181.2530236678738,3827047
2024-12-27,1224.7413330078125,1244.8932895995006,1219.815347766005,1242.4053937239835,2595142
2024-12-30,1212.6004638671875,1252.7053944399036,1206.1319345154134,1227.7766288848113,8312636
2024-12-31,1225.139404296875,1230.8118797049412,1202.3005690560806,1216.083487726683,1717204
2025-01-01,1212.7994384765625,1225.836110108666,1200.5092570898958,1217.0786679941784,1937930
2025-01-02,1220.064208984375,1222.4526134609544,1202.25084917398,1217.874909077101,3772207
2025-01-03,1193.7423095703125,1231.6080138743773,1191.2046070537922,1228.5230471244,3040564
2025-01-06,1157.4189453125,1195.0856638401508,1152.4431536581394,1193.7422243893313,2298522
2025-01-07,1168.31591796875,1176.426482921717,1156.423824124584,1157.4189824874195,2010913
2025-01-08,1146.7210693359375,1177.8197692389635,1135.575222403115,1177.8197692389635,2900996
2025-01-09,1126.8675537109375,1151.099635675922,1124.4791493318746,1151.099635675922,1884725
2025-01-10,1106.8150634765625,1131.8931266753402,1100.9437264204669,1129.4052308111336,1902237
2025-01-13,1061.4857177734375,1101.0929486878645,1053.8229253060756,1095.5698925276747,2273302
2025-01-14,1111.69140625,1125.9222197300949,1069.8450690986786,1073.6265980695514,6277854
2025-01-15,1123.434326171875,1136.4210702206803,1113.0846546623472,1119.5531841708903,3135942
2025-01-16,1145.178466796875,1184.2384318820607,1139.8543939409944,1174.2370419118447,3997547
2025-01-17,1157.8668212890625,1167.967703544599,1139.9539697349558,1157.369242079226,2464355
2025-01-20,1143.138427734375,1166.32566749733,1140.9491278034889,1166.32566749733,1312101
2025-01-21,1100.8441162109375,1148.6615234346982,1098.6548164365663,1144.4321004547567,3134022
2025-01-22,1096.913330078125,1112.63688115588,1075.2188286892165,1110.099178681922,1906032
2025-01-23,1098.65478515625,1108.855157935101,1084.3742875617158,1096.913258096446,1968815
2025-01-24,1088.8525390625,1109.601566480652,1082.9810804686724,1098.8041226183802,2400140
2025-01-27,1076.7613525390625,1088.3051652944546,1062.3813627350407,1079.846319179314,2371555
2025-01-28,1075.4676513671875,1091.3405009868336,1056.1118687715277,1081.7371979784696,2404643
2025-01-29,1091.638916015625,1097.5103746441177,1069.2976593924873,1079.7468221878535,4603700
2025-01-30,1071.8353271484375,1113.0845913055975,1005.8562813251075,1098.55530399389,14097862
2025-01-31,1094.02734375,1103.8794360348106,1068.8001030438463,1079.7468452537926,4659891
2025-02-01,1078.8511962890625,1112.0895111185778,1057.8533783615644,1100.5456979835865,4919797
2025-02-03,1079.5975341796875,1088.7032575676337,1049.8920811095554,1078.7516738604343,3961203
2025-02-04,1119.6527099609375,1122.4392021184904,1086.46420107089,1094.6742580059347,4071098
2025-02-05,1138.8094482421875,1149.3084175620702,1118.1102271822895,1120.5483165795777,2979646
2025-02-06,1158.4141845703125,1163.7382577165608,1134.5800679932988,1150.0050231994053,6263278
2025-02-07,1140.551025390625,1169.9580048943376,1127.3154914717904,1154.3837515367961,4079540
2025-02-10,1138.66015625,1153.2392506393135,1121.7922705015083,1144.43212337701,2415627
2025-02-11,1134.580078125,1154.3837547655444,1108.656274450818,1138.660203307191,4901591
2025-02-12,1123.4840087890625,1138.6601741418744,1093.6292572753343,1134.4805575216703,2862155
2025-02-13,1106.1683349609375,1146.0741613091398,1100.6949639249692,1128.3106086973553,3763868
2025-02-14,1057.5548095703125,1114.5774359099241,1037.104376825795,1114.5774359099241,4565339
2025-02-17,1077.656982421875,1084.0260200449159,1034.9646656672435,1053.8228674739842,2518527
2025-02-18,1079.8961181640625,1082.6328036528314,1056.8083713348735,1077.6570118550699,1715308
2025-02-19,1077.607177734375,1086.4143046948939,1049.4442697682239,1056.4600631357303,1792268
2025-02-20,1106.3175048828125,1120.5483180825045,1068.8000831444137,1068.9990662255354,3714173
2025-02-21,1078.0052490234375,1113.6816504626277,1074.7709844867875,1106.3174546063979,2360177
2025-02-24,1065.217529296875,1078.0052898844838,1060.5402121328568,1078.0052898844838,1669749
2025-02-25,1075.119384765625,1086.115934000775,1062.5804128526872,1069.3972237973244,1665355
2025-02-27,1073.72607421875,1082.6824995445706,1063.9237885746827,1077.7565142070866,1819078
2025-02-28,1064.222412109375,1077.6570504444062,1054.0717235908846,1068.8001164313782,2849138
2025-03-03,1047.9515380859375,1075.7661650854695,1035.5617438705985,1069.7454085392976,2274285
2025-03-04,1052.8277587890625,1057.8533571962469,1031.4816601447883,1042.8761749960593,1788886
2025-03-05,1107.3126220703125,1113.2338870046535,1049.8920351832833,1051.6833687639366,3785743
2025-03-06,1130.6988525390625,1143.188138245011,1096.515188000347,1112.7860024947447,4020627
2025-03-07,1138.958740234375,1151.348413194356,1128.6090690198293,1130.6988772748598,2211623
2025-03-10,1137.3665771484375,1162.9919063425523,1131.445311689791,1140.4515439400245,2430740
2025-03-11,1129.5047607421875,1140.3520113746895,1118.9561062152559,1131.793673606775,2399428
2025-03-12,1122.8372802734375,1149.5572592308388,1099.6500407766541,1133.485426646705,2842848
2025-03-13,1113.78125,1133.9332079132257,1109.651439759247,1129.5048015561129,1358839
2025-03-17,1131.6444091796875,1142.9892393390442,1105.8199755765168,1109.4026430326385,1489537
2025-03-18,1131.6444091796875,1131.6444091796875,1131.6444091796875,1131.6444091796875,0
2025-03-19,1167.818359375,1178.7651015591712,1153.1895797751433,1154.3837212398807,2416781
2025-03-20,1171.7491455078125,1181.2031497916,1155.5778223908076,1179.2626396092755,1919013
2025-03-21,1183.0443115234375,1196.7277390262227,1166.3754089291353,1176.2771860576158,3127446
2025-03-24,1194.9862060546875,1204.9874746748596,1180.3076202597351,1190.2093973398676,2135192
2025-03-25,1176.7249755859375,1203.2459706580105,1168.8633215824275,1199.1658456036826,2090037
2025-03-26,1175.879150390625,1196.3793892959686,1167.3706188912965,1177.2723964574402,1676081
2025-03-27,1190.955810546875,1206.131976087581,1169.311115431442,1176.2772242042251,2004036
2025-03-28,1177.2225341796875,1199.1658246244915,1169.5100568843848,1191.90111999978,1670913
2025-04-01,1169.062255859375,1196.180320530299,1162.3947435962214,1173.2916787897027,1584541
2025-04-02,1189.6619873046875,1193.1450414898375,1161.698062285485,1176.6752438733452,1232853
2025-04-03,1194.090576171875,1199.962034967333,1164.584105619558,1164.584105619558,1300511
2025-04-04,1142.7900390625,1194.289482419312,1137.4659663156726,1190.2093575796541,1785093
2025-04-07,1105.272705078125,1113.5822534510019,1036.457477184288,1044.8665171016496,2192949
2025-04-08,1125.8724365234375,1150.0548343421056,1105.6707938016716,1129.5047889953614,2423486
2025-04-09,1126.3203125,1130.1018414880646,1106.616127819411,1128.3603143084927,1537177
2025-04-11,1158.9117431640625,1164.6339038645829,1142.441823338673,1157.3691990791608,3536245
2025-04-15,1204.9378662109375,1219.9647340905403,1173.2917797927466,1194.190106659284,3176522
2025-04-16,1226.9307861328125,1229.518173614694,1195.7822803706053,1204.1416350253176,1909731
2025-04-17,1253.302490234375,1276.2906245562544,1212.69997966847,1226.9307931187877,4280765
2025-04-21,1237.081298828125,1253.8994989431408,1203.544511614774,1253.3024282395018,6049182
2025-04-22,1227.229248046875,1249.5208197354552,1221.0593147709637,1243.5498695409763,2932537
2025-04-23,1233.1007080078125,1236.7828668525535,1210.908749315716,1234.095866374614,2580999
2025-04-24,1230.413818359375,1241.9576310184964,1225.6370096483563,1232.0060474366173,2133285
2025-04-25,1187.2239990234375,1237.3800078547386,1175.4810810365152,1230.3144073450105,3628854
2025-04-28,1204.0421142578125,1208.8188014593507,1178.3669801871156,1182.3476135947096,2646406
2025-04-29,1210.5106201171875,1217.9743076119755,1196.6778949976563,1206.131899157721,2381980
2025-04-30,1210.610107421875,1220.5616907134647,1198.0711367703298,1209.2168614651948,1824334
2025-05-02,1256.9844970703125,1288.7300729706208,1236.683242281326,1248.92373867037,10694521
2025-05-05,1340.577880859375,1370.3331418593707,1279.4751296861257,1283.754359476099,14191797
2025-05-06,1314.4052734375,1349.7333969096571,1308.6333060813158,1343.4638503496399,3604276
2025-05-07,1331.720947265625,1334.8060355469254,1292.4121897283621,1292.511802753668,3269847
2025-05-08,1326.6456298828125,1360.2820321698568,1310.0265333055384,1333.5122470928063,5077662
2025-05-09,1299.9754638671875,1318.4853857736734,1286.3417209273443,1293.7059173682228,2979366
2025-05-12,1355.5052490234375,1368.3428168372611,1338.9856436760253,1353.415440653582,3662785
2025-05-13,1362.57080078125,1385.160968819839,1340.5778249521143,1354.012463037518,3356599
2025-05-14,1365.1583251953125,1375.20940061785,1355.405724401586,1373.3185753848668,1557379
2025-05-15,1399.3916015625,1403.073760288198,1365.2577435723251,1368.939780818734,3706424
2025-05-16,1400.5859375,1418.0012092642976,1394.2168995303407,1404.0689918528594,2777119
2025-05-19,1391.530029296875,1403.770404641203,1385.2604828302783,1400.6854379192648,1317210
2025-05-20,1377.896240234375,1400.4864078820515,1374.7117820757692,1392.2265449066854,2970441
2025-05-21,1377.896240234375,1384.2652780308788,1363.5659355620646,1373.3185360766447,1993690
2025-05-22,1364.76025390625,1401.183027046398,1352.0221777959277,1373.4180833935823,3186493
2025-05-23,1388.64404296875,1391.7290096847053,1368.3427874983695,1376.4035461688645,1715309
2025-05-26,1393.420654296875,1403.7703252932338,1388.0468964627385,1389.0420547993251,1024835
2025-05-27,1397.4013671875,1412.129759999082,1378.6924622822778,1390.2362753479333,2571237
2025-05-28,1404.16845703125,1420.8871662027864,1396.207190088479,1398.1975068241718,2035398
2025-05-29,1431.634765625,1434.0231699401893,1403.6708405278534,1414.120003112428,1662886
2025-05-30,1425.8629150390625,1450.4432773918259,1421.88228168773,1435.018323155412,2575127
2025-06-02,1460.8924560546875,1474.8246729380428,1418.39924315217,1425.8629307682531,3164701
2025-06-03,1425.3653564453125,1464.8730944358679,1419.7923724895693,1462.8827777314712,3677200
2025-06-04,1429.2464599609375,1434.1227604661747,1416.2099090847878,1425.3654393450756,1446972
2025-06-05,1449.6470947265625,1460.5938363868227,1431.0376824958357,1436.8096494175065,2019939
2025-06-06,1464.5745849609375,1471.7397984081272,1446.6617335619108,1449.6472087950817,1269864
2025-06-09,1459.996826171875,1476.815026988015,1456.0161926759506,1474.8247102400528,1493331
2025-06-10,1466.6644287109375,1486.766578842527,1462.683795300382,1464.873095084471,2125187
2025-06-11,1449.3486328125,1468.8537120094504,1441.7854537131873,1466.6644122499329,2192673
2025-06-12,1438.800048828125,1458.5041120621972,1433.1275731176486,1452.732266287877,2192452
2025-06-13,1405.0,1423.800048828125,1397.0999755859375,1405.0,3380550
2025-06-16,1400.5999755859375,1411.199951171875,1375.0,1389.0,2823300
2025-06-17,1392.300048828125,1414.800048828125,1384.0,1400.5,1571621
2025-06-18,1372.5999755859375,1395.199951171875,1365.199951171875,1387.0,1732093
2025-06-19,1338.0,1372.5999755859375,1331.5999755859375,1370.5,2950283
2025-06-20,1349.300048828125,1356.699951171875,1334.5999755859375,1338.0,4541583
2025-06-23,1354.800048828125,1364.9000244140625,1335.699951171875,1341.0,3921155
2025-06-24,1389.5,1418.699951171875,1385.0999755859375,1395.0999755859375,7635176
2025-06-25,1393.0999755859375,1404.0,1385.5,1399.699951171875,1915989
2025-06-26,1429.300048828125,1433.0,1395.199951171875,1399.0,2877806
2025-06-27,1440.199951171875,1456.800048828125,1427.0,1434.9000244140625,2888390
2025-06-30,1450.199951171875,1453.5,1432.699951171875,1440.800048828125,1586196
2025-07-01,1447.0,1459.800048828125,1442.0,1450.300048828125,2134736
2025-07-02,1443.9000244140625,1458.0,1440.0,1458.0,1219600
2025-07-03,1431.0999755859375,1451.0999755859375,1426.699951171875,1444.0,978007
2025-07-04,1424.4000244140625,1439.9000244140625,1416.5999755859375,1432.0,608462
2025-07-07,1435.5999755859375,1437.800048828125,1417.0,1424.4000244140625,764520
2025-07-08,1448.5,1449.9000244140625,1430.0,1438.0,824935
2025-07-09,1443.0,1455.800048828125,1438.300048828125,1448.4000244140625,1008636
2025-07-10,1443.0999755859375,1450.199951171875,1437.199951171875,1444.0,1035509
2025-07-11,1431.699951171875,1453.9000244140625,1428.300048828125,1444.0,819864
2025-07-14,1433.0,1446.5,1426.0999755859375,1432.0,718442
2025-07-15,1445.0999755859375,1449.300048828125,1429.0,1434.4000244140625,735108
2025-07-16,1456.699951171875,1474.0,1442.9000244140625,1447.5,2488981
2025-07-17,1452.5,1464.0,1448.9000244140625,1455.0,1168071
2025-07-18,1443.0999755859375,1456.5,1429.0999755859375,1452.4000244140625,1147990
2025-07-21,1450.5,1453.0999755859375,1430.0,1442.0999755859375,815780
2025-07-22,1420.699951171875,1454.5,1417.0999755859375,1454.5,976668
2025-07-23,1420.800048828125,1438.5,1419.0,1430.0,740816
2025-07-24,1411.5999755859375,1426.0,1405.0,1423.199951171875,598011
2025-07-25,1396.300048828125,1416.699951171875,1390.0,1411.699951171875,744410
2025-07-28,1376.0,1404.0999755859375,1373.5,1396.300048828125,790020
2025-07-29,1395.9000244140625,1398.699951171875,1373.5999755859375,1376.0,782760
2025-07-30,1394.0,1403.0999755859375,1391.5,1398.800048828125,627316
2025-07-31,1373.0999755859375,1395.800048828125,1370.300048828125,1382.0999755859375,1412892
2025-08-01,1347.0999755859375,1375.9000244140625,1342.800048828125,1371.0,1239941
2025-08-04,1388.9000244140625,1397.0,1345.199951171875,1349.800048828125,1368323
2025-08-05,1358.0999755859375,1394.199951171875,1346.0,1392.0,3000067
2025-08-06,1367.0999755859375,1386.9000244140625,1358.0999755859375,1374.0,2293293
2025-08-07,1345.4000244140625,1357.9000244140625,1315.0,1351.0,2857406
2025-08-08,1325.0,1356.9000244140625,1317.699951171875,1345.4000244140625,1561061
2025-08-11,1339.4000244140625,1348.300048828125,1313.699951171875,1325.0,2053173
2025-08-12,1330.5,1349.5999755859375,1328.199951171875,1342.0,1260241
2025-08-13,1319.5999755859375,1339.300048828125,1316.5999755859375,1335.199951171875,1205658
2025-08-14,1300.300048828125,1329.0,1290.5,1324.800048828125,2298528
2025-08-18,1327.199951171875,1332.0,1295.0,1321.9000244140625,10225114
2025-08-19,1369.4000244140625,1371.699951171875,1325.0,1332.0,3150673
2025-08-20,1370.5999755859375,1374.5999755859375,1358.0,1369.4000244140625,1594619
2025-08-21,1361.800048828125,1377.800048828125,1355.300048828125,1371.0999755859375,1227167
2025-08-22,1341.199951171875,1364.0,1338.199951171875,1364.0,1210284
2025-08-25,1340.4000244140625,1348.9000244140625,1332.5,1341.300048828125,1214246
2025-08-26,1315.4000244140625,1339.9000244140625,1310.0,1335.199951171875,1652272
2025-08-27,1315.4000244140625,1315.4000244140625,1315.4000244140625,1315.4000244140625,0
2025-08-28,1315.4000244140625,1338.800048828125,1311.199951171875,1316.9000244140625,1785681
2025-08-29,1312.800048828125,1322.9000244140625,1303.0,1318.0,1592903
2025-09-01,1335.300048828125,1338.5,1316.0999755859375,1318.300048828125,983914
2025-09-02,1336.199951171875,1348.800048828125,1328.199951171875,1340.9000244140625,1495993
2025-09-03,1332.4000244140625,1344.800048828125,1327.5999755859375,1338.0,1774676
2025-09-04,1328.199951171875,1348.0,1326.0,1338.0,1350147
2025-09-05,1321.800048828125,1335.699951171875,1312.800048828125,1330.0,1135666
2025-09-08,1348.300048828125,1363.4000244140625,1321.9000244140625,1321.9000244140625,1445628
2025-09-09,1380.9000244140625,1385.0,1348.300048828125,1354.699951171875,3515252
2025-09-10,1389.0999755859375,1404.9000244140625,1385.0,1400.0,2553605
2025-09-11,1393.0999755859375,1423.0999755859375,1388.0,1404.9000244140625,4041646
2025-09-12,1393.0999755859375,1406.5,1391.0999755859375,1395.5,1466190
2025-09-15,1395.199951171875,1409.0,1392.199951171875,1393.0999755859375,1254831
2025-09-16,1408.199951171875,1412.5999755859375,1396.5999755859375,1400.0,1636246
2025-09-17,1406.0999755859375,1413.0999755859375,1396.199951171875,1410.0,1062568
2025-09-18,1412.800048828125,1415.0,1401.0,1410.0,1416920
2025-09-19,1427.800048828125,1460.0,1425.0,1447.800048828125,8069167
2025-09-22,1444.199951171875,1461.699951171875,1425.0,1433.0,5490489
2025-09-23,1441.5999755859375,1455.0,1423.0999755859375,1453.0,2550337
2025-09-24,1431.5999755859375,1452.4000244140625,1429.0999755859375,1445.0,2603193
2025-09-25,1407.199951171875,1439.9000244140625,1404.0999755859375,1431.699951171875,1970560
2025-09-26,1392.0,1416.699951171875,1390.300048828125,1407.199951171875,1899079
2025-09-29,1383.199951171875,1401.300048828125,1377.5999755859375,1393.5999755859375,1978395
2025-09-30,1403.5,1408.0,1387.199951171875,1389.699951171875,1999250
2025-10-01,1422.699951171875,1426.9000244140625,1392.699951171875,1406.0,1602493
2025-10-03,1419.0999755859375,1431.0,1412.5,1413.0,1576970
2025-10-06,1400.5,1419.0999755859375,1395.0,1419.0999755859375,1337954
