Price,Close,High,Low,Open,Volume
Ticker,COALINDIA.NS,COALINDIA.NS,COALINDIA.NS,COALINDIA.NS,COALINDIA.NS
Date,,,,,
2010-11-04,118.50731658935547,119.32031593899947,100.6732750151051,100.6732750151051,479716245
2010-11-08,114.425048828125,123.12584785951508,113.99260344328702,121.70742488569682,46932779
2010-11-09,112.79906463623047,115.34184594151174,112.43581468879744,114.21748779462375,23741956
2010-11-10,111.67466735839844,113.40444851672397,110.72328772131938,112.57415567227697,21057129
2010-11-11,113.6639404296875,116.569981854378,111.34603950768268,111.74388714914073,26548372
2010-11-12,110.75789642333984,115.1861429617883,110.01409256315728,114.16556775421981,15004107
2010-11-15,109.73733520507812,111.70927964784843,108.99352076388863,111.12116031203878,9917395
2010-11-16,110.03138732910156,112.0725377660494,109.35677893799377,110.70600627795686,12100114
2010-11-18,113.09310150146484,113.80231818302879,107.24644270429623,110.56762497701101,23983896
2010-11-19,115.39371490478516,117.60784358008999,113.50825948183547,114.25206338475132,51723739
2010-11-22,115.32452392578125,116.58726219107875,108.97622430323385,116.24130592344945,11494521
2010-11-23,110.75789642333984,114.99586068088284,109.84111443019634,114.33854588718076,13147667
2010-11-24,107.52318572998047,113.94067975326881,107.24642498537453,113.94067975326881,16243562
2010-11-25,108.353515625,110.13518842954163,107.62700529523838,108.63027643741003,6489260
2010-11-26,108.1805419921875,109.32219358820537,104.13284895585385,108.97623727938193,13657322
2010-11-29,109.82381439208984,110.60221594471302,106.62371912019452,107.73077277149945,6493219
2010-11-30,109.7546157836914,110.3600391962098,107.93834554613623,108.97621425331062,6050064
2010-12-01,111.03465270996094,111.57088062630683,108.97620898383458,109.66812142182718,5053942
2010-12-02,112.38391876220703,112.7644728464081,111.10387608564427,111.46713657600648,6143344
2010-12-03,111.38063049316406,112.67796656557513,110.04869668060577,110.04869668060577,2453815
2010-12-06,110.8443832397461,112.40118640479237,110.18706845938709,111.05195910663502,2895539
2010-12-07,110.70600128173828,111.65738098025322,109.75462158322334,110.87897940874099,3484977
2010-12-08,110.30816650390625,111.64010034796515,109.7546343217034,110.22167743036668,2877153
2010-12-09,108.353515625,110.70601420372996,106.90049496547675,110.01410161495666,5313081
2010-12-10,109.7719497680664,111.39794889743342,107.93838526707835,107.93838526707835,5799900
2010-12-13,111.7957763671875,112.2109281507835,109.66814723119198,110.01410353160584,2809522
2010-12-14,112.53958892822266,114.51154421484077,111.65740451764307,112.24553449652896,7075931
2010-12-15,113.42178344726562,114.16558743567549,111.74389315673692,112.64338171474965,5380352
2010-12-16,110.94816589355469,113.1276858941041,109.80650401318667,113.04119683761013,2893052
2010-12-20,109.32220458984375,111.74389899531498,108.99354184028705,111.74389899531498,2905355
2010-12-21,108.38812255859375,110.290882524439,107.66162265419842,110.290882524439,4427901
2010-12-22,108.64755249023438,110.60221368417983,108.18052001440326,109.01081287534878,5425074
2010-12-23,108.26702880859375,109.30489771339158,107.93836609897504,108.99352859575346,3326534
2010-12-24,107.99024963378906,108.59567311786512,107.28104348982761,108.28431458046126,1859093
2010-12-27,106.31238555908203,108.73408008714995,106.03562469326009,107.990276022222,5273320
2010-12-28,105.08419799804688,107.22913070703117,104.13281842769419,106.55451187950104,8055446
2010-12-29,107.33294677734375,107.7307944282241,105.27450247906226,105.89723018099352,5772875
2010-12-30,106.57182312011719,107.79997419447803,106.208573265273,107.59239832410393,2643251
2010-12-31,108.88971710205078,109.47784688217364,106.65829532435926,107.07344699947488,4960987
2011-01-03,109.7719497680664,110.01412344529139,108.82056976971876,109.14923253770263,2929118
2011-01-04,110.42925262451172,110.70601343499995,109.3394818585624,110.3254594022675,2716995
2011-01-05,107.17723846435547,110.70599632015914,106.6410105177783,110.70599632015914,8555905
2011-01-06,106.93507385253906,108.28430105121255,106.7274980009555,107.59238858443165,2763146
2011-01-07,106.93507385253906,108.45727916790779,104.53067380737684,107.2464323510412,2298583
2011-01-10,105.5685806274414,107.24647107680599,104.51341795768904,107.21187332942472,5413595
2011-01-11,106.91777801513672,108.2670158764101,105.86261564439441,105.86261564439441,2781948
2011-01-12,106.72749328613281,108.2496985342562,105.94909179539117,107.211829879934,1181115
2011-01-13,107.40214538574219,108.61299252399068,106.38157000326163,107.03888490961812,2070696
2011-01-14,107.41944122314453,109.14922288535298,106.53725679851799,107.40214762962222,2244505
2011-01-17,108.33621978759766,108.63028477193775,105.93182969178541,106.29507960566201,1707118
2011-01-18,107.64429473876953,108.61297866037273,106.5545345649953,108.45729411079877,844507
2011-01-19,107.03887176513672,108.18053383279471,106.53724148982683,107.59240392905441,1426048
2011-01-20,109.21839904785156,110.42924599712819,106.58912927501564,106.83129233022245,6121175
2011-01-21,108.68215942382812,109.47786517446056,107.93835555956649,109.47786517446056,2413133
2011-01-24,107.40214538574219,108.94164469829434,106.90050449108242,108.94164469829434,1097986
2011-01-25,107.24646759033203,109.21842299170582,106.74482666398698,107.59242393739761,2452476
2011-01-27,106.6583023071289,108.24970308893133,106.27775889739588,107.59238835841951,2455783
2011-01-28,105.5339584350586,107.14266357478385,104.84204587870286,106.22587099141431,4236476
2011-01-31,105.29180908203125,106.38156938860864,103.97716871916482,104.4788096109262,3673855
2011-02-01,106.6583023071289,107.1945408024055,104.99771661344154,105.689629078769,4863055
2011-02-02,108.11134338378906,108.94163638942689,106.74481178031861,107.28105037815124,3374631
2011-02-03,109.78926086425781,110.7060431727318,107.55783795845703,107.59243570849871,4211492
2011-02-04,106.60643768310547,110.04870728331628,106.20859002745145,109.78924004383553,1688679
2011-02-07,105.39559173583984,107.40214474475441,105.22261357426527,107.03888427079833,1799233
2011-02-08,104.27122497558594,106.3642668904511,102.47225858013168,106.17398459396432,3841730
2011-02-09,103.33715057373047,106.50264859310906,102.74902064324553,104.47880213555607,4490558
2011-02-10,102.9738998413086,105.17072465536359,101.45169409600452,103.8214970756111,2690945
2011-02-11,105.37828063964844,105.51666103437354,103.09496717456825,103.12956491268638,3292240
2011-02-14,104.75555419921875,106.20857475446348,103.82147860605924,105.86261848490497,1942474
2011-02-15,104.63447570800781,106.50263741202625,104.47879116694492,105.34368182230043,3035367
2011-02-16,104.16741943359375,105.32637487635799,103.9425500032654,105.25717940960499,1619527
2011-02-17,105.5339584350586,106.00100152214826,104.4787960097152,104.80745869708326,2752128
2011-02-18,105.8139419555664,106.81136340197828,105.02650565791832,106.35639379960863,1990388
2011-02-21,105.63896942138672,106.35640719974269,104.99151958124445,105.51647717915067,953044
2011-02-22,105.46397399902344,106.2164110184506,105.09649730561341,105.86643931822508,1436876
2011-02-23,105.2190170288086,105.83146766422692,104.64156570861535,105.83146766422692,2131294
2011-02-24,104.74654388427734,106.04144367319496,104.37907780703102,105.48148671906057,2899140
2011-02-25,102.41920471191406,106.04141354838676,101.14181028212465,105.02649786500426,1964843
2011-02-28,114.68572998046875,116.10311108863657,103.62662216121309,104.64153795177795,20923045
2011-03-01,118.50041961669922,118.95537855404869,112.21842333697147,113.74080236623887,7867356
2011-03-03,115.158203125,118.29045464283628,114.5107639145305,118.29045464283628,4387230
2011-03-04,113.47832489013672,117.22302639070085,113.12835318654339,116.43559005761587,1402888
2011-03-07,119.3403549194336,120.23277852134888,111.43099201745436,112.69089232861471,7183263
2011-03-08,118.0279541015625,120.56524888951306,117.36301001732971,120.04029134717847,3110206
2011-03-09,118.83285522460938,119.41031692203966,117.60795459660604,118.92034812660961,1603527
2011-03-10,116.99552154541016,118.92036567342807,115.40315476616486,118.92036567342807,1612997
2011-03-11,115.47315216064453,117.24050475119688,114.82570246103568,117.22301044051314,856545
2011-03-14,116.82054138183594,117.50299042334959,114.45823256468744,115.80562565571121,1128910
2011-03-15,118.44795227050781,120.00532027093959,112.04346233930005,115.14071470371034,4638465
2011-03-16,120.35526275634766,121.7551495245059,116.7155592951939,118.67540290667313,3717632
2011-03-17,120.02281951904297,121.6151867569822,118.46544091291646,119.69034207449758,1815524
2011-03-18,120.5302505493164,121.44017909937521,118.15044727712133,120.21527815745068,2926170
2011-03-21,121.49267578125,122.4550979741712,120.14528257510253,120.1627875686017,3943734
2011-03-22,125.98980712890625,129.9794822185973,121.58016174333687,121.61516104804144,9681241
2011-03-23,123.85498046875,127.31969810603957,123.20753069827893,126.33978163417797,2695567
2011-03-24,125.39486694335938,126.46228713106763,123.8549934630397,123.8549934630397,2324343
2011-03-25,125.32485961914062,126.68974702283175,124.78239711183691,125.98980366911445,2203586
2011-03-28,122.82254791259766,125.98978689435502,122.26259116812099,125.93729328587301,1128268
2011-03-29,121.17770385742188,123.19004117779784,119.21786015717186,123.19004117779784,6481785
2011-03-30,119.4803237915039,122.66506806564229,119.02536490103596,121.44016724330349,2449230
2011-03-31,121.26519775390625,122.1051277235032,119.48033989333207,119.83031160402156,3248352
2011-04-01,121.40519714355469,121.96515407594417,119.90032290052999,121.44019645438344,2169798
2011-04-04,124.57244873046875,126.32230748111284,120.86274604304523,121.56268954330288,2719239
2011-04-05,125.5523452758789,126.33978158771369,122.87506395169835,122.87506395169835,1328250
2011-04-06,128.24713134765625,128.7195845896227,124.16995257438998,125.55234503574917,4513558
2011-04-07,125.86731719970703,129.76949943899697,125.39485327829335,128.54459851399997,2485182
2011-04-08,124.32745361328125,127.2847189213779,123.01505966240214,127.03973444509808,2121665
2011-04-11,125.14988708496094,127.03973220484292,123.4000285146463,124.72991675596977,2751598
2011-04-13,123.85498046875,125.77982478727627,122.49009299712546,125.28986655134547,1432901
2011-04-15,125.0973892211914,125.55234816192748,122.6650816188309,124.23995427870176,2609120
2011-04-18,123.43505096435547,125.72736184912635,122.64761446008119,125.6573632210744,979661
2011-04-19,122.35011291503906,124.16995941318912,121.05521330573168,123.19004288959209,1488088
2011-04-20,128.28211975097656,129.10455536528897,122.84006419889585,123.01505004533303,4296720
2011-04-21,126.79474639892578,129.40203991337995,125.30736662980647,129.3845455999765,4895594
2011-04-25,127.44218444824219,127.84464974201279,125.81481828108134,127.03971915447157,1832622
2011-04-26,127.54721069335938,127.7396908869633,125.32488790762399,126.53228405714844,1277232
2011-04-27,129.78701782226562,131.9393418193348,125.79734224813677,125.98982242695101,3734876
2011-04-28,131.83438110351562,133.6192287361873,129.7520446250097,130.18950937425114,7546827
2011-04-29,133.18174743652344,134.1441697652549,131.06442258543038,131.8343647205317,3799109
2011-05-02,132.88427734375,134.02168552779742,126.68977311543713,126.68977311543713,1855839
2011-05-03,130.0145263671875,134.56415986052113,128.98210526389116,132.2893431138543,2031295
2011-05-04,130.08448791503906,131.16939166376747,126.44477361378235,129.83950344773908,2881731
2011-05-05,128.89454650878906,131.2218663826219,127.82713731394263,129.8219798685746,1537387
2011-05-06,129.40203857421875,130.50444731445248,127.9321531337145,129.29705133430653,2241153
2011-05-09,137.29388427734375,137.85384109522428,129.0170562727062,129.4895201715519,6109075
2011-05-10,135.1415557861328,138.71127102757671,134.7390905089817,137.18889215459953,3322937
2011-05-11,134.44163513183594,137.69637856094258,133.51421220278925,135.5440439222231,2854705
2011-05-12,133.63670349121094,137.60888465144316,133.11174591092356,135.0540846858711,2726810
2011-05-13,135.3865509033203,137.03141144410975,133.70668037705792,134.03915775587848,2281880
2011-05-16,136.10403442382812,137.62641392948157,135.08911831348985,135.78906193169445,1551570
2011-05-17,139.14874267578125,140.47863079313015,136.31396992007632,136.4889557607953,5674815
2011-05-18,130.7844696044922,139.84873734295485,129.62955622388765,139.84873734295485,8642834
2011-05-19,131.62437438964844,134.65162782390036,127.91467178592744,131.25689765213048,11416019
2011-05-20,127.72217559814453,130.74942865312707,126.91723428368317,130.1894717996515,5400664
2011-05-23,127.87965393066406,130.69693245524957,126.84724384897169,127.38969569865002,1974392
2011-05-24,129.7344970703125,131.3793574443131,125.72731733949952,128.43959767180604,3890213
2011-05-25,132.06179809570312,134.70407965768234,129.8394760859377,130.74940446949756,3824128
2011-05-26,136.12149047851562,136.7689295483276,132.90174672035104,132.9892396411676,5232851
2011-05-27,135.7540283203125,138.0638438129366,135.08908418705585,136.31398520947732,2737715
2011-05-30,138.22137451171875,138.9388124702416,136.4890097314716,136.4890097314716,2529091
2011-05-31,142.9459686279297,147.81057392128966,137.8888724597638,137.8888724597638,11708250
2011-06-01,145.04579162597656,145.79822872941864,141.77355372744157,145.2382718104769,4496698
2011-06-02,140.9510955810547,144.71329118005244,140.19865859731277,144.5383053382386,2842746
2011-06-03,137.06642150878906,142.87595417594474,136.52396961685648,140.8986161011169,2764367
2011-06-06,137.85385131835938,139.9186822246501,136.61145604804486,137.1889072204405,2009110
2011-06-07,141.09107971191406,141.49354500516358,137.64385655092153,138.23881267505595,1982013
2011-06-08,142.6659393310547,144.8182628175233,140.93358609182792,141.40603926961617,3290373
2011-06-09,142.56100463867188,143.97838605487163,141.9310490356901,142.78848415629403,1360848
2011-06-10,141.86102294921875,144.1708381785707,140.2511510814711,143.06841883981338,1845651
2011-06-13,138.6937713623047,141.75602353692284,138.2388124541909,141.7385292251831,1548256
2011-06-14,138.13385009765625,140.86362539847977,137.25892074735515,139.3587511880778,2432283
2011-06-15,136.5414581298828,139.0612586698819,135.99900626099563,138.1688244168332,2682187
2011-06-16,137.9763641357422,138.83379920591176,135.77154635572091,136.4889841799352,1462308
2011-06-17,138.4488067626953,140.89860866458224,137.53887820593673,138.06383575634106,3800502
2011-06-20,138.4488067626953,142.21100254059309,137.46887959376733,140.04117372680633,3967696
2011-06-21,136.4014434814453,139.91865410859563,135.8764860337938,138.9212435022871,2133725
2011-06-22,132.51681518554688,137.53891247165146,131.62439139964124,137.2064350014482,2533012
2011-06-23,131.62437438964844,133.96917865443126,131.23940333713486,132.51679806022497,2255855
2011-06-24,136.48895263671875,137.01391014685998,132.499277695703,132.499277695703,2896582
2011-06-27,139.21878051757812,142.99848244040564,134.9841301981734,142.99848244040564,2439080
2011-06-28,137.328857421875,140.58359979816268,137.06637871476886,139.28870057099135,1186089
2011-06-29,135.98150634765625,138.76378576950088,135.61404031697754,138.6237992187799,2091679
2011-06-30,137.4863739013672,137.8188405826104,136.2264737422598,136.48895249706186,1614539
2011-07-01,134.47662353515625,138.2388192488919,134.03915891728,137.48638224220247,2254393
2011-07-04,138.27381896972656,138.65878997067173,135.42155178866355,135.42155178866355,1683417
2011-07-05,138.36131286621094,138.85127110709064,136.94392108189732,138.23882063591884,882850
2011-07-06,137.24139404296875,140.25115266797098,136.9264216627415,139.27123622275548,1853087
2011-07-07,137.9763641357422,138.55381539429152,137.38140788130323,138.23884295147283,1111992
2011-07-08,126.917236328125,132.53428858587813,126.33978515254371,129.4895304887567,19402497
2011-07-11,124.8524398803711,128.43965083699004,104.64156839307907,104.64156839307907,8003993
2011-07-12,127.84467315673828,129.0170806291956,123.54002499968672,124.4149543552086,7031368
2011-07-13,128.8420867919922,129.66452247139085,127.949663176653,128.4396214493939,4671340
2011-07-14,129.9969940185547,131.41437515086255,128.2121361880378,128.2121361880378,3791759
2011-07-15,128.03712463378906,130.8018984106252,127.66964800934639,129.99696792328987,2338930
2011-07-18,129.1045379638672,130.50442454668013,127.73965068168197,128.92955214101556,1928820
2011-07-19,129.4370574951172,130.13700101470113,127.42471987631339,129.3845638672065,1751354
2011-07-20,128.474609375,130.74942535716596,128.28211853756676,130.5394402073699,1144234
2011-07-21,128.7545928955078,130.88942251102353,128.28212894022568,128.42212617163463,1786938
2011-07-22,129.12208557128906,130.1894951708695,128.50963498916803,129.50704596438982,1621371
2011-07-25,129.174560546875,129.9444919021906,128.52711074606506,129.73451742001575,1674691
2011-07-26,130.8719024658203,131.74683158865562,129.48951017962568,129.68199031453457,2173138
2011-07-27,139.62118530273438,140.14614274488483,131.1693619398826,131.18686692945954,8304568
2011-07-28,137.7838592529297,143.03343462684944,137.08391586974037,141.2660711761234,5536482
2011-07-29,135.87649536132812,138.23880403792558,134.7740867816401,136.4889457589645,1971794
2011-08-01,137.10140991210938,138.16881929725486,135.4390443803097,137.01391698938306,2027360
2011-08-02,139.0437774658203,139.4287485420036,136.48898786256044,136.8389596263106,2508279
2011-08-03,137.18893432617188,138.69380867038853,136.83896255493164,136.83896255493164,2524242
2011-08-04,137.94134521484375,142.26349790217296,137.55637420377397,139.18375117419225,4004932
2011-08-05,137.50390625,138.65881949878025,131.30941233128922,136.27900505541817,3203823
2011-08-08,137.27639770507812,139.86618611845975,132.35929965021754,133.37421543218335,4596727
2011-08-09,132.63925170898438,135.78899647252229,131.67682969790337,134.03913827055678,4161457
2011-08-10,133.4442138671875,136.20899902642165,133.04174852131462,136.12150609556713,2365785
2011-08-11,135.17657470703125,135.99901037205095,133.02425079921014,133.02425079921014,1581039
2011-08-12,134.8266143798828,137.81886851905298,133.374233778299,136.48898016393068,2785578
2011-08-16,135.45652770996094,138.3787932281405,135.15906034104083,136.5239476888487,3817965
2011-08-17,139.25375366210938,139.6387247134174,135.78903556091714,136.2789938624501,4815761
2011-08-18,136.55894470214844,141.42354859371133,135.87649569954,140.5136201503292,3881299
2011-08-19,137.69639587402344,139.44625470744452,134.49414566463022,134.73913017342545,4263628
2011-08-22,138.0288543701172,139.2712604755451,136.83895257077714,138.23883955359838,2422421
2011-08-23,137.328857421875,138.13379853183872,133.58416760866564,138.04630562947,5401601
2011-08-24,130.8543701171875,135.91146366199305,129.6644688949641,135.56149208602824,5263656
2011-08-25,131.1519317626953,132.06186057676035,126.56729905668017,130.92445222925198,5596203
2011-08-26,125.77986145019531,133.654226866697,124.93993127516013,131.93936720093942,5864875
2011-08-29,129.26202392578125,130.39943172547424,127.19719344085746,127.19719344085746,3603683
2011-08-30,131.4493865966797,132.60428905704526,129.52454204254386,131.02941624002503,2721134
2011-09-02,135.8415069580078,136.73394116004874,131.30938006006673,134.03915492213594,3519216
2011-09-05,133.3567352294922,135.42157716319974,132.8317775881002,134.12667737564996,1574228
2011-09-06,132.5518035888672,134.37166100596585,131.32690243359053,132.91926966333398,2150209
2011-09-07,136.92642211914062,137.53887256951379,132.81425480949233,133.16422649541983,3479610
2011-09-08,135.2974090576172,137.15415321546374,134.73687909014015,137.08408296032164,1874028
2011-09-09,133.49319458007812,137.83729358265708,133.00273489336675,136.26080914530098,2337246
2011-09-12,132.24951171875,133.6508310482202,129.74465555556563,132.91513626200475,2230973
2011-09-13,131.72401428222656,134.38652309213214,130.6730248065705,132.95016867049196,1863685
2011-09-14,132.35462951660156,134.07125454810088,131.61894529306747,132.4071875536139,2263022
2011-09-15,132.599853515625,133.9661378468949,131.86415866302767,133.66835532426992,1389227
2011-09-16,132.82757568359375,134.17634789862544,131.5663859410807,133.65085306351335,2933473
2011-09-19,131.8992156982422,132.7750405036754,131.49633842598706,132.10941578979032,683397
2011-09-20,132.5648193359375,133.37058444356168,130.70807532010704,132.2144894694624,2411501
2011-09-21,134.68429565429688,135.735285052485,133.19539400686367,134.00114826898778,3797201
2011-09-22,131.49632263183594,133.54575456863455,131.040887372981,133.10784221851603,1916877
2011-09-23,128.08056640625,130.81313434335888,127.74774884733847,130.39274503292006,3128059
2011-09-26,121.3893051147461,127.87040798523037,119.84785575946943,127.87040798523037,6521673
2011-09-27,125.47064208984375,125.85600708904222,123.00082075748595,123.98174012706454,4671317
2011-09-28,124.59479522705078,127.02959169161252,122.96576374305718,126.74932142789507,2221187
2011-09-29,122.84317779541016,124.19195005412921,120.7061632584914,124.19195005412921,2605432
2011-09-30,116.72990417480469,124.24447264848598,113.90974261547167,123.22851827500953,14757839
2011-10-03,117.9910888671875,119.00705398226641,113.27915881284966,115.60885017046532,8622229
2011-10-04,112.07054138183594,118.72680998727989,111.1772043454884,117.01019548517274,6097620
2011-10-05,113.75212097167969,114.83813509118633,110.19626399105917,112.77119085276992,6675945
2011-10-07,118.25382995605469,119.07710719560616,116.06426851640609,117.01016333482147,7803489
2011-10-10,120.39086151123047,120.86380898899652,115.90664330928594,119.46248946448642,10170568
2011-10-11,121.12654876708984,121.7921733610441,119.9179064768743,120.89883649695007,3946651
2011-10-12,118.39398956298828,122.31767788182299,116.414617148883,121.21414087625135,10114266
2011-10-13,116.32701873779297,119.33985749077178,114.99576962637403,119.07711011157976,5951310
2011-10-14,112.99887084960938,115.95916188726653,111.77271656983466,115.6789023283762,9162659
2011-10-17,112.5084228515625,113.71706504246609,111.4574333607656,113.48935279103702,6312019
2011-10-18,115.6263656616211,116.08180089295455,112.50843205543472,112.70111989257462,12213184
2011-10-19,117.30792999267578,118.5866315625665,116.30948797273878,116.62478263924085,4426087
2011-10-20,115.5037612915039,116.92259297470939,114.38270144192543,116.92259297470939,3657774
2011-10-21,115.10088348388672,116.79998562407202,114.73304136820185,115.92416088080331,1766269
2011-10-24,113.6995620727539,116.6773661521517,113.22662527194306,116.65985393405495,3643726
2011-10-25,113.47187042236328,114.13749519941733,112.2982629334612,113.57697582372242,3614659
2011-10-28,118.4815673828125,120.09307624642223,117.30796016944687,119.81281662437338,8671739
2011-10-31,116.30951690673828,119.02457340079617,116.0642817211099,119.02457340079617,3014703
2011-11-01,115.4336929321289,116.46717033198468,115.20598065335945,115.85409305541039,1928657
2011-11-02,114.17251586914062,115.25854073160346,113.85722108745023,113.96231578427356,3310414
2011-11-03,114.08492279052734,115.25853002169733,113.5243928467068,114.45277557766867,4108210
2011-11-04,114.3126449584961,115.60886989747104,114.0148730890092,115.25853998869081,3532695
2011-11-08,114.66297149658203,115.67893675515509,114.40022407272073,115.06585943281206,2300152
2011-11-09,114.2425765991211,115.71395568802534,113.69955886757134,115.25853111814963,3703073
2011-11-11,114.2425765991211,115.06585395963751,113.43681145620778,113.8572115908773,4015218
2011-11-14,113.19156646728516,114.52281550076518,111.8953418626723,114.24255592252231,2911632
2011-11-15,111.10714721679688,113.9973694528968,110.31890478876963,112.80624969990005,2426013
2011-11-16,109.18033599853516,111.14218602243974,107.21848597463057,111.0195683913415,3890690
2011-11-17,106.83309936523438,109.04017329520379,105.18654468075482,108.95259082669358,5484081
2011-11-18,104.27568054199219,106.46524216386847,103.20717874700411,106.46524216386847,6164620
2011-11-21,104.24064636230469,105.76458340318248,103.25972702330372,104.04796921432131,2590004
2011-11-22,105.99227142333984,106.83307145434836,104.39827518938449,105.04638742528002,3376746
2011-11-23,105.30915069580078,106.29006995877181,104.04796114968221,105.44928049176548,2565762
2011-11-24,106.55282592773438,107.18342609725373,104.43333452840685,105.83465398349122,3583744
2011-11-25,108.09429168701172,110.1086887111249,105.4142699583922,106.18500005280201,3004169
2011-11-28,112.98133850097656,113.64696285312691,108.95254658543786,109.40797096027364,3578208
2011-11-29,112.47341918945312,113.83971446262044,111.79028224409043,113.29669665909418,2912186
2011-11-30,114.61042022705078,115.50376785233279,111.47497415769459,112.43838134554285,3023017
2011-12-01,115.78401184082031,117.71082595617436,115.04831704035057,117.43056636133743,2920375
2011-12-02,117.23786926269531,117.36048683494545,114.3301361041672,115.60883777770745,1842887
2011-12-05,116.62480926513672,118.53411129514916,116.0993144705886,117.62325151302196,1295784
2011-12-07,113.38426208496094,116.65984855963912,112.21065486360958,116.6248134338398,5922728
2011-12-08,109.82842254638672,112.35080207752858,108.90005045895951,112.07053174561283,5099681
2011-12-09,110.72173309326172,111.58004541137466,107.11334029679058,108.26942440290183,2245578
2011-12-12,106.5002670288086,112.01796178441299,106.11490208223711,111.7552144150985,3270317
2011-12-13,107.90160369873047,108.53219321009237,105.20405932977438,106.32511922910616,2304900
2011-12-14,105.18653869628906,108.07675999269001,104.433331648198,107.04328264658038,2569313
2011-12-15,109.18033599853516,109.61824847301286,102.8743963660563,104.71362875886264,4955253
2011-12-16,105.3617172241211,110.35391828960314,104.45085734761369,110.02110060874965,3337493
2011-12-19,107.60382080078125,108.04173315199004,104.36326940183616,105.09896429011084,2949577
2011-12-20,105.79961395263672,108.63728785583525,105.13398938058238,107.51622806726694,2497383
2011-12-21,106.06236267089844,107.86655927007875,104.60849592364514,107.63884700456993,5048737
2011-12-22,105.08145904541016,106.14996097677408,102.85686201540864,106.06237850072064,3747650
2011-12-23,105.08145904541016,106.11492584810867,104.60851153647751,106.11492584810867,2340380
2011-12-26,107.21846008300781,107.51624263198721,105.6244633373239,105.79962828481531,1796032
2011-12-27,104.48588562011719,107.76147210219374,103.3998608652015,107.0257772236238,3212706
2011-12-28,104.9413070678711,105.72954926625135,103.61005785376094,103.87280525322103,1957155
2011-12-29,104.66106414794922,105.79963639391016,104.08302191516704,104.39831670657361,2925666
2011-12-30,105.32669067382812,105.90473291655822,104.03047635546683,105.44930828682443,1723569
2012-01-02,109.35546112060547,109.72331387979216,106.1499451143082,106.1499451143082,3499615
2012-01-03,114.6279296875,115.52126651675249,110.59913646553592,110.59913646553592,6951091
2012-01-04,114.45276641845703,115.8891102523266,112.71862938224278,114.87315582426572,3565108
2012-01-05,112.29822540283203,114.89067475950948,109.82840431903479,113.5068676215862,6830098
2012-01-06,111.42240142822266,113.08646816960726,110.6691944098396,110.6691944098396,2714233
2012-01-09,109.96852111816406,112.80619461154252,109.40799130483227,112.10553501768202,3237127
2012-01-10,111.42240142822266,112.56097340917002,110.47651727416658,111.03704715687662,3556640
2012-01-11,112.24566650390625,113.2791436970421,110.8268350812648,111.6501122548049,2652061
2012-01-12,114.08492279052734,114.83812989102707,111.4049013583579,112.70112618524166,4866674
2012-01-13,120.44342803955078,121.17912304534501,114.55788937563945,114.55788937563945,9030615
2012-01-16,119.3924331665039,121.49441269895097,118.76184358325811,120.32081601297797,3405645
2012-01-17,123.22853088378906,124.3671029530778,120.16314454339631,120.16314454339631,5299117
2012-01-18,119.04206848144531,125.52317014719502,117.88598435269053,123.70146149912028,7110166
2012-01-19,122.58040618896484,123.03584138570587,118.4114833226535,119.46247281960012,3572813
2012-01-20,120.7937240600586,123.2985909587591,117.74586087929083,123.2985909587591,3705887
2012-01-23,117.36050415039062,119.95294299934949,116.37958481009883,119.53255357831829,2654998
2012-01-24,115.5913314819336,118.3414120896283,115.03080161667467,116.48466827037714,4062908
2012-01-25,120.12809753417969,121.14405191110095,115.97668687707281,116.30950449473472,5152317
2012-01-27,119.7952651977539,121.91475596023137,118.79682324776746,120.96886133577776,3135118
2012-01-30,117.58818054199219,119.4624468760919,116.62477371234628,118.62165759937135,2829375
2012-01-31,114.6279296875,118.23632281851089,113.33170498307636,117.36049820504043,6397212
2012-02-01,111.05457305908203,114.55787189375339,110.59914848706258,114.55787189375339,10018128
2012-02-02,112.80622863769531,113.76963586984954,111.93040388119147,112.43838651645177,6184145
2012-02-03,114.68048858642578,115.4336956916937,113.31420418992734,113.85721122852944,3378677
2012-02-06,114.99578857421875,116.74743805745132,114.26009365301707,115.95919578999666,3120365
2012-02-07,114.15499114990234,117.34299512950294,113.68204368354513,117.34299512950294,1900153
2012-02-08,116.76494598388672,117.58822334898898,114.29512457979958,114.29512457979958,3911363
2012-02-09,116.76494598388672,117.83345854411546,116.08180912526795,116.65985129524371,3161155
2012-02-10,116.2569351196289,117.27288930395922,114.73299849752544,116.76490686618605,3588782
2012-02-13,117.92100524902344,119.23474191469612,116.79994568449621,117.36047546675982,4388141
2012-02-14,117.1327896118164,119.05960382178995,116.41460699154958,118.3414212015231,2450641
2012-02-15,119.0595703125,120.49592445755337,118.0786405760465,118.76178788016205,4463513
2012-02-16,112.12305450439453,119.02455622810349,111.7727246847386,118.77932107785728,16369724
2012-02-17,113.43681335449219,116.48468765380133,113.12151859382358,113.85721349619679,10576465
2012-02-21,114.2075424194336,115.22349694688403,112.1405982378166,113.85721253471141,5880975
2012-02-22,112.85877990722656,115.819071963582,112.10557272869971,114.55788213214002,3968025
2012-02-23,113.06897735595703,114.11996707576452,111.40491029959514,112.45590001940265,3360240
2012-02-24,114.78557586669922,115.80153031693197,112.35078976766778,112.80621430670422,4222023
2012-02-27,113.19156646728516,115.92413477441472,111.08958755681086,115.25851025767471,4789844
2012-02-28,115.7664794921875,116.11680927041628,113.33168325701091,113.48933593370042,2773113
2012-02-29,117.18533325195312,117.64075777435227,116.01172613196341,116.01172613196341,2881804
2012-03-01,117.18533325195312,118.58665263314239,115.9591787934125,116.97513320653104,2738044
2012-03-02,116.36207580566406,117.57071825438302,115.38115634816769,117.18535322064508,1871139
2012-03-05,114.85563659667969,115.9241382988359,113.97981202402119,115.57380846977249,1182214
2012-03-06,115.6613998413086,117.675796513677,113.8572032208224,114.55786293295053,2452725
2012-03-07,114.52283477783203,115.81905960063207,113.36675045896021,115.52127706661375,1867060
2012-03-09,117.72833251953125,118.32389749398958,115.25851154854944,115.25851154854944,2190819
2012-03-12,118.21880340576172,119.63763491672033,117.58820330772183,118.76181035656865,2081580
2012-03-13,120.28575897216797,121.10903627732515,118.77933416691425,119.53255191515052,3112273
2012-03-14,121.93230438232422,122.51035720849875,120.51347271550426,121.05647972596154,6289523
2012-03-15,122.6346206665039,123.03079931917785,121.03190243164167,122.74266439394972,2943615
2012-03-16,123.04881286621094,125.64197244626307,122.094389892728,122.63463055597016,5726497
2012-03-19,120.58170318603516,122.86872403167843,119.93341883208095,121.12194381140489,1523499
2012-03-20,117.61038970947266,120.74378999854211,117.2322256361684,119.78936701111623,3024480
2012-03-21,119.2671127319336,119.93341166163171,117.86248938819512,117.86248938819512,2308361
2012-03-22,121.96833801269531,124.09328253597562,118.70889023464224,119.10506894029028,6022192
2012-03-23,120.5997085571289,123.49899529454756,118.96097219105604,122.41851412663162,1996054
2012-03-26,119.55523681640625,121.24798392666962,118.34869740289834,120.29356116358618,1653792
2012-03-27,119.17708587646484,120.58170937629001,117.19620348175071,119.93342498905508,4081274
2012-03-28,119.42920684814453,119.96944752056567,118.16864527916188,119.5912724551361,1603380
2012-03-29,119.86140441894531,122.59862628965833,118.8529594624211,118.8529594624211,5451105
2012-03-30,123.85916137695312,125.69598164508295,119.7893531872263,120.00545162898686,2711580
2012-04-02,122.8867416381836,123.64306973913047,120.68976084329655,122.45454473087915,2427033
2012-04-03,123.64305877685547,125.08370035184348,122.65261769405123,123.49899681760127,1424419
2012-04-04,123.03080749511719,124.14730704822242,120.50968443575505,121.37406728643435,2287795
2012-04-09,121.17596435546875,123.28289378736821,121.01388778783532,121.15794974171918,892507
2012-04-10,120.0414810180664,121.66220314337544,119.21311632828747,121.41009740750702,873331
2012-04-11,119.23111724853516,121.23001441910436,118.31271246153385,118.85295315770523,1699275
2012-04-12,119.98741912841797,120.92383824231388,119.48319683361915,119.93339727383625,1201944
2012-04-13,122.05838012695312,124.11129918633382,120.76180024688244,121.87829989336623,1894838
2012-04-16,122.14838409423828,122.4185043646772,120.31156405700919,120.31156405700919,806031
2012-04-17,126.07416534423828,126.93855924613916,123.53503848327325,123.53503848327325,4635971
2012-04-18,125.35381317138672,127.46075354739894,124.75955075538897,127.3166915967362,1425875
2012-04-19,130.23399353027344,130.66617938465075,125.08369358363733,125.87605080349591,3178601
2012-04-20,130.54014587402344,131.31448856245743,128.2171068174979,130.0179088795414,2814624
2012-04-23,128.0010223388672,132.34096237668643,126.88452274032667,129.3336204066776,2317353
2012-04-24,128.25314331054688,130.9903650326714,127.08262180362472,128.82940225066127,2301413
2012-04-25,125.87610626220703,129.02751092542394,125.51594572926795,128.5773102592501,1822054
2012-04-26,129.441650390625,130.61217173429176,123.85916398236824,127.10060770329153,5184496
2012-04-27,126.50634765625,128.91942686924307,125.33582629003558,128.39718986321174,1031688
2012-04-30,126.90253448486328,127.82093921943884,125.73201304330941,126.59639590959661,745458
2012-05-02,124.5434799194336,128.0190370746131,123.62507516321787,127.33472342275462,2621232
2012-05-03,121.35604095458984,124.1292692062651,119.86136662750873,123.64305050897501,3406455
2012-05-04,118.78089904785156,122.0943792226549,118.34871314976209,121.3740584012823,1430057
2012-05-07,118.31271362304688,119.7173372486371,117.0881702312817,117.77247292157178,2982635
2012-05-08,120.54566192626953,121.98630318745603,117.77242310199726,117.80844133177104,3112575
2012-05-09,117.59239959716797,119.87942089937032,117.16020261410306,119.87942089937032,2775700
2012-05-10,115.71952819824219,119.08703002225934,115.25132409061317,118.11460356997846,1823505
2012-05-11,113.27043151855469,115.68351029079639,112.60413266431884,115.41339002485388,2240167
2012-05-14,113.84671020507812,115.34137373991899,113.09037112985031,113.45053154746131,2554750
2012-05-15,113.16239929199219,113.75666173912502,111.82980144829311,112.76622066349601,1867697
2012-05-16,111.07347869873047,113.63062004862428,110.71331825483625,112.18997827304743,2230341
2012-05-17,110.3711929321289,112.55015962599761,110.02903605037525,111.03748108413359,2066494
2012-05-18,109.16462707519531,110.13705362849053,108.44430622480301,109.48876925962705,2601032
2012-05-21,111.64971160888672,112.11791568043522,108.78643235017006,108.94850890867173,1855016
2012-05-22,110.19110870361328,113.41453856434009,109.88497008222357,112.91031606564147,1763845
2012-05-23,111.05543518066406,111.59567565244492,108.98451337217074,109.7768594693837,1096968
2012-05-24,111.55970001220703,112.40607927269147,109.8849561085738,110.92941922117761,888439
2012-05-25,112.92829895019531,113.19841927393958,110.67729625232646,111.10949316680691,1207744
2012-05-28,113.4505386352539,113.99077929542179,112.82025786505805,113.090378195142,976383
2012-05-29,115.9176254272461,116.69196807890782,114.20686354954606,114.89116610238146,2048507
2012-05-30,115.12527465820312,116.11571580118836,114.56703041046453,115.19731113781877,1288436
2012-05-31,115.82756042480469,117.32222354571549,113.81066044649606,113.81066044649606,4945117
2012-06-01,115.88162231445312,116.78202342023754,114.67508263445714,115.82760044635096,1725372
2012-06-04,115.28732299804688,116.16970920543714,113.48652136106152,115.88158534000786,1779732
2012-06-05,113.84671020507812,116.96209561916844,113.37849506744963,115.35937736431006,1820932
2012-06-06,115.97164154052734,116.51188210670992,114.17083965325207,114.17083965325207,2518829
2012-06-07,117.1421890258789,117.64641146909813,116.45788635356533,116.45788635356533,1102332
2012-06-08,118.02458190917969,118.67286631196619,115.89962649635002,116.6199473844348,1309159
2012-06-11,119.82536315917969,121.48209211885681,118.16862320828,118.49276535294628,1775891
2012-06-12,121.04991912841797,121.44609778790398,118.92497485273226,119.1050550623874,1185164
2012-06-13,120.0414810180664,122.7787028057223,119.75335703672381,121.19399892588741,1541990
2012-06-14,119.19507598876953,121.26599806659281,118.65483544672868,120.13148413532944,1016302
2012-06-15,122.34649658203125,122.77868248250657,119.9334174206224,119.9334174206224,2607870
2012-06-18,122.29242706298828,123.8951448153729,121.32000083504161,122.92270759620601,1920907
2012-06-19,123.89518737792969,124.30936967237272,120.50968154898688,122.02234875363416,1889552
2012-06-20,121.69821166992188,124.70555357162694,121.04992726806097,124.32738950241216,1968947
2012-06-21,123.13887023925781,123.80516934890804,120.56372491504573,121.08596202588059,1306288
2012-06-22,121.6261978149414,123.66110231736035,121.19400084485882,122.45456251783655,1307708
2012-06-25,121.24801635742188,124.25535838914323,120.72579028646334,122.940774911677,1341511
2012-06-26,122.02238464355469,122.45458168127361,120.67178263971712,121.37410007820355,977526
2012-06-27,123.46297454833984,124.05724797159495,122.04034763422837,122.45452987526785,1093934
2012-06-28,125.28180694580078,125.67798561442739,123.13884800497323,123.1928698708714,1551058
2012-06-29,124.90365600585938,127.49681598163735,123.55305414164711,126.05617399314427,2197837
2012-07-02,126.2002182006836,126.72245524437217,124.16531387708505,125.33583532770297,939971
2012-07-03,128.54122924804688,128.90138960513931,124.90360744316888,125.8220229484877,1721062
2012-07-04,127.40674591064453,129.17152973349425,126.88450891607616,128.57726725116635,1463831
2012-07-05,125.51591491699219,128.2711401193642,125.1917727151645,127.7128958268401,992871
2012-07-06,126.56036376953125,127.53280125683727,125.0837039148612,125.47988255751267,2194702
2012-07-09,126.25424194335938,127.10062120307528,124.79559651050569,125.69599763973012,1169024
2012-07-10,127.46074676513672,129.6577271173133,126.25420738399515,126.41628393938048,1487627
2012-07-11,127.31668090820312,127.74887771512971,126.14615979660013,126.48831651801878,747301
2012-07-12,127.6228256225586,128.12704792775443,126.50632630955373,126.66840286786257,1078046
2012-07-13,127.53282928466797,128.57729248758247,127.13665055494849,127.85697152126548,1002438
2012-07-16,126.25424194335938,128.52325938373977,125.94811435240285,127.13663944648921,1105616
2012-07-17,127.60482788085938,128.00100652704387,126.75845971687569,127.4967841551833,1404550
2012-07-18,129.76577758789062,130.34203638112538,128.03701219940862,128.03701219940862,3132440
2012-07-19,129.585693359375,130.95430932451472,129.02744919688215,130.63016719818913,1221959
2012-07-20,130.0178985595703,130.81025580046673,129.29757779192727,129.36961426518064,973638
2012-07-23,128.1450653076172,129.54969965384473,127.7849049093482,129.2975829785672,705880
2012-07-24,128.25314331054688,128.8113876327428,127.04660355901287,127.85696460226666,871978
2012-07-25,126.41631317138672,127.8569549169296,124.61551098945813,127.13663404415816,1403757
2012-07-26,125.6059341430664,126.70441891972816,124.68752955872445,126.41629500850554,2974750
2012-07-27,127.46074676513672,127.67684517524324,126.07412720744333,126.5963641159323,1257600
2012-07-30,128.1450653076172,129.3336012166387,126.81247842875578,127.67686118635673,1155127
2012-07-31,129.4236602783203,130.16198480645588,127.8929783614139,128.2171205691021,1652469
2012-08-01,125.78602600097656,129.18954634795776,124.32738070439817,128.57726924079782,2658429
2012-08-02,124.88563537597656,126.41631728036849,123.6250738076538,126.27225529937652,2215158
2012-08-03,123.89518737792969,124.2553478063539,120.67174714704336,124.03924935105456,3796470
2012-08-06,123.69709014892578,125.11971709247167,122.86871465848499,124.14729063572312,1030665
2012-08-07,124.07527923583984,124.61551992917441,122.47256078245726,123.30093644030529,1818651
2012-08-08,124.3274154663086,126.59642233789394,123.84119656776123,124.25537896606944,2484555
2012-08-09,126.99259185791016,127.76693471856535,124.6335340372222,124.93967265410244,3254288
2012-08-10,125.55191802978516,127.42474552089179,125.02968105166728,127.02857787263483,1096183
2012-08-13,125.20976257324219,126.23622192551746,124.50745637837629,126.05614172305594,982115
2012-08-14,127.40674591064453,128.2171068386981,126.05614436388858,126.05614436388858,2594238
2012-08-16,127.35273742675781,127.73090150309017,125.58795341849904,127.13663895832876,1322951
2012-08-17,126.02015686035156,128.37921473212018,125.64199273151617,127.85697761017967,3018095
2012-08-21,126.93856048583984,127.33472820498424,124.5074773432576,126.0381593219205,805617
2012-08-22,128.1270751953125,128.72133771687723,125.78603235969891,125.78603235969891,1228381
2012-08-23,129.3336181640625,129.78381872089145,127.33472109700729,127.91098000799323,2822248
2012-08-24,132.19686889648438,133.88962715342032,129.02746180958394,129.02746180958394,4474419
2012-08-27,131.3685302734375,133.2053508524763,130.45012547953067,132.14287307886042,2562249
2012-08-28,129.4596710205078,131.6386372265368,128.79337202645152,130.4681158284896,1088810
2012-08-29,129.585693359375,130.36004692771417,128.4692050343893,129.38760955751545,768280
2012-08-30,129.9098663330078,131.81871213963328,128.5952720227894,129.20754912593836,1876595
2012-08-31,126.578369140625,129.4776557846547,125.84003377159794,129.4776557846547,1690335
2012-09-03,129.9818878173828,130.72022324152115,125.82203954088654,126.92052437838909,1238762
2012-09-04,129.89186096191406,130.82828030757724,128.0730551297644,130.10795942494778,1335023
2012-09-05,129.36959838867188,130.23398100552015,127.94696065067689,128.66728132992068,1999234
2012-09-06,129.2073211669922,130.32537694992752,128.26959660689985,129.8384804469426,772575
2012-09-07,130.27127075195312,130.848321819805,129.08107815978553,130.19913386519985,813793
2012-09-10,132.25497436523438,133.35499084722355,129.8926278287851,130.19919322744474,1683054
2012-09-11,132.25497436523438,132.57956849053048,130.9205183976799,130.9205183976799,790047
2012-09-12,135.84352111816406,136.1500864279865,132.11066224260423,132.11066224260423,3049221
2012-09-13,137.05174255371094,137.57470755291564,135.28449860103797,136.5648460038558,1739163
2012-09-14,138.2058868408203,138.945240629742,137.46652204535164,138.31408119793915,2034569
2012-09-17,134.99594116210938,139.30586153987645,134.3828216440478,138.13370865960565,3702194
2012-09-18,135.44677734375,136.63697002080409,133.44510516883523,135.2484174008465,3027806
2012-09-20,131.4614715576172,134.92383350365358,130.59588382274438,133.44511516136723,2711969
2012-09-21,134.38284301757812,135.60909325527953,130.48768160738217,131.67787440211376,4354579
2012-09-24,133.35494995117188,134.2566061374543,132.3631281462612,133.84184649307343,1163086
2012-09-25,132.95822143554688,134.50907670796317,131.6418055810455,132.4532961633944,1178093
2012-09-26,129.1712646484375,133.066426025441,128.75650499890975,132.1827985493009,2996497
2012-09-27,128.97291564941406,130.7581884682159,126.77287213928646,129.11717845196173,4214312
2012-09-28,129.45980834960938,133.44512455881505,128.1614211525928,129.83849957073897,2636688
2012-10-01,128.97291564941406,130.30736033116298,128.43192188495055,129.83850347124644,843310
2012-10-03,131.7139434814453,132.3631315496428,128.73847799020675,128.97290640335888,1712977
2012-10-04,130.4516143798828,132.63361783007792,129.94667813763252,132.20081848144758,1838271
2012-10-05,131.08277893066406,133.51725059957124,104.3757164626517,130.59588239557362,6833999
2012-10-08,128.9007568359375,131.64179364464167,128.55813411393976,131.29915991609948,1100145
2012-10-09,128.59420776367188,130.3794915106266,128.1794480971049,129.8384977699186,1272596
2012-10-10,127.40402221679688,128.75650652907711,127.3138565959782,128.03518156252764,639630
2012-10-11,129.38768005371094,129.80243975361907,127.36796772473392,128.03519559321919,1000450
2012-10-12,129.58599853515625,130.55979143744509,128.03515458644475,128.75647940101626,1107958
2012-10-15,128.5581512451172,129.40569930642522,127.58435810221339,129.40569930642522,978551
2012-10-16,127.74666595458984,129.6762015855556,127.31386653824356,128.08928873652982,839257
2012-10-17,127.5302505493164,128.86469507346527,127.15154835498949,128.2155070353977,1006622
2012-10-18,129.58599853515625,130.43355739358643,126.79086487869161,127.54825813530034,1398223
2012-10-19,127.656494140625,129.69423503020363,127.31386036874234,128.82864724600293,1193960
2012-10-22,129.0630645751953,129.36962987002894,126.30399893478224,126.30399893478224,1077651
2012-10-23,129.31552124023438,130.48767424076226,127.78270577800562,128.61223604384458,1394940
2012-10-25,128.52206420898438,130.09094804277083,128.08926487326937,129.11715504068425,1540244
2012-10-29,126.26795196533203,128.77454990541983,125.90728944101319,127.71060206260735,904286
2012-10-30,124.98756408691406,126.52037945578004,124.62690164718087,126.26792235189333,844118
2012-10-31,124.89740753173828,125.99743465660025,123.63508890115715,125.11380721257547,1238573
2012-11-01,125.45642852783203,126.08758778058872,124.28427562985532,124.60886961567854,846349
2012-11-02,126.44822692871094,127.07938606525671,125.16786893350721,125.16786893350721,1715884
2012-11-05,127.29582977294922,128.03518347207108,125.9794028841266,125.9974426124867,1271314
2012-11-06,126.9171371459961,128.32371875672,125.51055553527216,126.95320559889598,1830106
2012-11-07,125.63675689697266,126.95317253587973,125.36626008048997,126.43020762139572,2822027
2012-11-08,125.92530822753906,126.48434170004661,124.55479514589672,124.96955481482432,1800464
2012-11-09,125.00560760498047,126.8810457445595,124.55477954163774,126.23185773596379,2114860
2012-11-12,124.30229187011719,125.79903860365968,123.43670432596971,124.87935390172976,4073157
2012-11-15,125.65482330322266,126.37614836352421,124.1580760044063,124.42857290201938,3944091
2012-11-16,126.64664459228516,127.74667190736369,124.75316631899348,126.05155362198857,2884881
2012-11-19,126.6646499633789,127.1695751646472,125.94332510255454,126.59251307467892,2124504
2012-11-20,127.69252014160156,128.16138787222562,126.15970491970373,126.95316661365632,2029773
2012-11-21,127.96305084228516,128.21551899538673,126.59253774228058,127.81878804331825,1601145
2012-11-22,128.32366943359375,128.72040024991017,126.59249442526685,128.39580631166666,803077
2012-11-23,129.1352081298828,129.4778419191956,127.83683189080487,128.28766003119205,999152
2012-11-26,130.0008087158203,130.52376276178597,128.63028454665402,128.75651862897212,1152147
2012-11-27,131.02867126464844,132.36312680948748,130.01882074882897,130.55981445513478,1148482
2012-11-29,133.40908813476562,134.7074756434824,131.04675260307502,131.60577520781138,2727957
2012-11-30,132.20079040527344,134.68936962156837,129.5318910063135,134.52706714866486,1913806
2012-12-03,132.05654907226562,135.19431667597595,130.88439615231718,132.11064623649287,2009230
2012-12-04,131.44342041015625,133.210664027031,130.41553033500622,132.36310515781804,2002423
2012-12-05,130.4516143798828,132.63361783007792,130.2532434257003,131.8221273063045,957128
2012-12-06,130.70408630371094,132.8680612789596,129.1893104249644,130.7401547546076,4403668
2012-12-07,130.90243530273438,134.16642593978077,130.12700226155684,131.60572044768583,3397863
2012-12-10,130.830322265625,132.65166349344463,130.55982538981738,131.24508194055417,894152
2012-12-11,128.82864379882812,131.9664008084143,128.07125038046402,131.10081304737486,934577
2012-12-12,128.5400848388672,129.94666608160077,128.10729653693417,129.44174089274046,1333281
2012-12-13,127.54828643798828,128.97290766550466,126.7007273914866,128.57617672814797,1239115
2012-12-14,127.71057891845703,128.5400981714433,126.6826887091168,127.3138480122939,1882922
2012-12-17,126.88106536865234,128.0351897919305,126.14171163303574,127.34993323097306,2604658
2012-12-18,127.00727844238281,128.19747112077823,125.76299960481936,127.3138437234791,3208233
2012-12-19,128.81057739257812,129.4958337695374,127.1515281070419,127.1515281070419,2694436
2012-12-20,128.576171875,130.00079304874362,127.38599011439929,128.9188056276356,2359658
2012-12-21,127.16960144042969,127.85485799849177,126.23187672629653,127.85485799849177,2572795
2012-12-24,127.80074310302734,128.1794342780779,126.64661884465811,127.18761252704157,445971
2012-12-26,128.07122802734375,128.34172484336605,127.0433379251502,127.80073121132142,825470
2012-12-27,127.33190155029297,128.26962632766117,126.62861622217699,128.07126633919057,2472434
2012-12-28,127.45811462402344,128.21550801190065,126.43022438380045,127.96303988042655,1362203
2012-12-31,127.96305084228516,128.21551899538673,126.95320024297084,127.34993119503933,781161
2013-01-01,129.82044982910156,130.0729069334638,128.32369189615426,128.4138575062574,931122
2013-01-02,129.36961364746094,130.90242892287378,128.97288278663362,130.23520124873832,2259736
2013-01-03,130.0008087158203,130.74016247339605,129.15324959916623,129.5139121163342,2027014
2013-01-04,131.20899963378906,131.53360465571757,129.04502485583842,130.46964598727388,1535946
2013-01-07,129.91062927246094,131.64180476816384,129.31552737717678,131.35327918772848,1000153
2013-01-08,129.92868041992188,130.55983986679172,128.7565271614493,130.0909829660216,886068
2013-01-09,131.1729736328125,133.78777711622988,129.69425497881178,130.01884907199548,3174415
2013-01-10,131.87625122070312,134.3107232857888,131.20902334229618,132.07462221511972,1889875
2013-01-11,130.07290649414062,133.35493689211822,129.47781567077874,132.00245274513932,1310539
2013-01-14,129.53192138671875,130.63194850280908,128.86469362885165,130.19914914458587,1242363
2013-01-15,128.05323791503906,130.03688200107516,127.56635226279577,129.8024535376714,1104566
2013-01-16,127.16960144042969,129.40570236708209,126.7548417610668,127.67452674602563,1893031
2013-01-17,127.15154266357422,128.26959846268542,126.3400521490403,127.49417639455079,1437686
2013-01-18,127.96305084228516,129.38767212263008,127.36795991745542,127.36795991745542,1430944
2013-01-21,126.80894470214844,128.16142915714886,126.28597964359628,127.49420129137265,1395513
2013-01-22,126.3941650390625,127.78270672162883,125.69086883093426,126.0515312952985,2106194
2013-01-23,126.41221618652344,127.60239812745826,126.19581646820431,127.60239812745826,1525211
2013-01-24,123.94166564941406,128.28765536872422,123.52690597664112,125.87121222145329,2244498
2013-01-25,123.00389862060547,124.4285194048137,121.9579799341633,124.4285194048137,2178501
2013-01-28,123.43673706054688,123.67116547746814,121.54325899022439,123.20230864362561,1729721
2013-01-29,125.38426208496094,125.60066169335033,122.71536293226835,122.80552851855217,2242187
2013-01-30,126.32205200195312,127.24173705716439,125.09580159282244,125.33023003762659,2914324
2013-01-31,127.44010925292969,127.99913178091792,125.25809430695443,126.23188755643723,2978332
2013-02-01,128.6483154296875,129.51390321005752,125.97940418094005,127.04336293603903,1952958
2013-02-04,126.43024444580078,128.88275623349512,125.69089066801939,128.792590601739,2098181
2013-02-05,126.0154800415039,127.3138672916802,124.51873281148042,125.2220291155686,1840821
2013-02-06,123.47282409667969,128.03520307538025,122.84166464489965,127.20568362708828,1067866
2013-02-07,123.99578094482422,124.75317450514954,122.3367420112658,123.49085557345654,982217
2013-02-08,122.17440032958984,124.42854055707306,120.1005913203053,123.38262169282967,2935771
2013-02-11,122.06622314453125,123.23837622744222,121.0563615768652,122.9859080838893,2575836
2013-02-12,124.46460723876953,125.22200054578293,121.72357055967255,122.75146069015192,2557673
2013-02-13,125.38426208496094,125.76296415127771,122.98585969111978,124.46457750748256,1750962
2013-02-14,126.55643463134766,127.51218779511896,124.91542510524278,127.38596475968245,3190078
2013-02-15,126.17776489257812,126.91711853917298,124.50068664079463,126.59252452375438,2005414
2013-02-18,123.7433090209961,126.26794658362451,123.16624680537177,125.54662156573067,1564363
2013-02-19,122.19244384765625,123.74329911591697,121.34489582471033,123.38263663583942,1147864
2013-02-20,123.56295013427734,123.88754411843172,122.44489440526222,122.98588804770078,1864313
2013-02-21,122.73343658447266,123.38263564733833,121.56128353361153,122.96787599988114,2103633
2013-02-22,119.6317138671875,122.6252071689901,119.05465186743676,122.37273910455473,2323286
2013-02-25,117.50384521484375,120.4432535731269,117.07105679255643,120.10061977475442,2234113
2013-02-26,113.46441650390625,117.48580088706625,112.9775199627736,117.30546965009454,1783812
2013-02-27,112.34634399414062,114.9250780995995,112.07584717874542,114.9250780995995,3096188
2013-02-28,111.7332534790039,116.49400353700517,110.03814609957662,112.88737804050346,6550159
2013-03-01,113.24801635742188,115.1595230589259,111.94962925519972,111.94962925519972,1982201
2013-03-04,114.0053939819336,114.45622201017079,110.9577921084326,113.24800069318636,2460519
2013-03-05,114.7447509765625,115.01524780159284,112.95947853528862,113.6808034020362,1121331
2013-03-06,114.33000183105469,116.42183973323202,113.98736808540987,115.05132676374274,1387621
2013-03-07,112.8873519897461,114.51033308864021,112.52668952332517,114.04147628491101,1508269
2013-03-08,115.8989028930664,116.1333313295341,112.81523174607162,113.06769991245012,3730472
2013-03-11,115.55623626708984,118.11694163046354,115.28573945419565,115.61033342835998,1694709
2013-03-12,115.10546112060547,116.72844274350572,113.78904489445162,115.93499166512805,1065793
2013-03-13,115.06935119628906,116.6743035143281,113.87916950432488,114.34802629048178,1431325
2013-03-14,115.12345886230469,115.71854970566521,114.22180273401767,114.70868823805704,1589111
2013-03-15,115.41199493408203,116.45791393686305,114.00541344713201,116.16938835214606,1966212
2013-03-18,112.43647766113281,115.02144267540744,111.56243535831466,114.9284584856941,4966365
2013-03-19,110.7813949584961,112.21335412588304,108.23362522181213,112.04597800024365,4898937
2013-03-20,110.79996490478516,111.46945792164593,109.7771387559735,110.53961596818078,2619937
2013-03-21,110.89293670654297,111.72979437113293,110.07468268930901,110.5581959108287,2180014
2013-03-22,110.35367584228516,112.97582628242223,109.29365347371026,110.87438519947256,1569103
2013-03-25,110.61399841308594,111.7670047252992,109.34941560478525,110.96734290171274,1815688
2013-03-26,112.08314514160156,113.44071204845302,109.90731282071432,109.90731282071432,2049384
2013-03-28,114.96566009521484,115.30040092455128,111.6926096457005,111.76700154137956,1954665
2013-04-01,113.4778823852539,116.99267717137636,113.32910998462448,114.96562909276139,989906
2013-04-02,114.89125061035156,115.26318733058619,113.36630778726806,113.62666803167545,1129788
2013-04-03,112.21331787109375,114.98423974589554,111.35785656732149,114.25896992054578,1310408
2013-04-04,115.57935333251953,116.78814785651208,111.58103298392875,111.99016570832508,4561472
2013-04-05,115.02142333984375,116.97409099557271,113.9985974249381,116.08144519450376,2585164
2013-04-08,114.89125061035156,115.91407659099677,114.20316540779595,114.90985425672805,780879
2013-04-09,113.99866485595703,116.60222327028558,113.1432144886375,115.33764002487735,1790726
2013-04-10,114.79827880859375,115.59794057320136,112.88280676296834,114.22178137031153,1376413
2013-04-11,113.68248748779297,116.23025699116144,113.29195836454709,115.26321898287277,1481388
2013-04-12,111.54383850097656,114.46354450585385,111.20909766775077,113.16176577061262,2308935
2013-04-15,109.33084106445312,111.43228198658039,108.94030056349096,111.2463135624875,2366725
2013-04-16,109.64695739746094,110.26066216043583,108.60553896136297,108.60553896136297,2062215
2013-04-17,110.40943908691406,112.19473115007443,109.90732214708456,110.09329054327252,2143002
2013-04-18,111.43226623535156,111.65543058284055,109.72135470541625,110.46522829663941,2370066
2013-04-22,116.23027038574219,116.75097972694785,111.6368478299752,111.6368478299752,5301898
2013-04-23,115.96992492675781,117.94119737591737,114.66814573132962,117.16012758853769,2266794
2013-04-25,117.94114685058594,118.46185603556553,116.24882781114106,116.39761159308576,3417233
2013-04-26,118.64781951904297,120.61907969181189,117.19726850977824,117.19726850977824,2154596
2013-04-29,116.58360290527344,119.8008541870973,116.13727417285148,119.05698053346813,1361563
2013-04-30,118.72220611572266,119.20571931372548,116.04425717904009,116.99269127920252,2252928
2013-05-02,118.01554107666016,120.0240088597367,117.19728693411994,119.39171176497405,1430676
2013-05-03,118.55486297607422,119.00119170634623,116.89973956447751,118.9453921021039,1577249
2013-05-06,117.69941711425781,119.01978835103247,117.27168066938206,117.73660171762829,867052
2013-05-07,115.28182983398438,117.4948472549377,114.8355010790196,117.4948472549377,3570510
2013-05-08,116.13724517822266,116.78813446264824,115.54214413376903,116.52777420863468,1429302
2013-05-09,114.87266540527344,116.41620061940257,114.48212501455563,116.13724806200784,1546402
2013-05-10,111.46946716308594,115.41198829214731,110.68839758729823,115.30041178872509,2637865
2013-05-13,110.39080810546875,113.16174106286313,109.81431076026405,113.03156094764059,1982939
2013-05-14,109.64695739746094,111.93437765812806,109.36800481451223,111.00453571496571,1730499
2013-05-15,111.63681030273438,112.1389271721343,109.9073067308978,109.9073067308978,2373288
2013-05-16,111.06033325195312,112.5108845345073,110.61400454165465,111.20910570518242,2310647
2013-05-17,110.65119171142578,111.58103365858061,110.13048249114101,111.1347049837024,1472277
2013-05-20,112.06456756591797,113.58951091016999,111.59964650673209,111.95299105195808,1497496
2013-05-21,114.37056732177734,114.90988022825431,113.06878850673273,113.36633340992731,2690361
2013-05-22,115.28182983398438,116.99273024325527,114.96568124510196,114.96568124510196,3015493
2013-05-23,114.59370422363281,115.48635006999432,113.83122714710555,114.9284449971924,3558706
2013-05-24,115.356201171875,116.88114438706307,114.74250769581211,116.02569425080702,8813985
2013-05-27,116.71375274658203,117.06709721487702,116.24883178861985,116.50919206532241,2356166
2013-05-28,120.28435516357422,121.99526666126272,119.01977235245143,121.99526666126272,5561014
2013-05-29,121.77210235595703,122.29281159003939,120.50751954443984,121.21419717288092,3055647
2013-05-30,121.88369750976562,122.55317922934783,120.60051097152059,121.25140039079635,3032019
2013-05-31,120.76788330078125,121.99527019850993,120.13558620158143,120.91665575041347,4512959
2013-06-03,121.30718231201172,122.9995015241828,120.32155208437916,120.97244146968879,1489728
2013-06-04,120.87943267822266,121.97665053046809,119.01974909855768,121.25136939415565,2561931
2013-06-05,120.34014129638672,120.8980464694819,118.68502942657024,120.1913688536833,1676990
2013-06-06,120.2471694946289,121.0282390875882,118.29450118753616,119.01978252755785,2308221
2013-06-07,118.90821075439453,120.32156618791839,118.27591359430619,119.01978726471063,2348565
2013-06-10,119.00117492675781,120.3587418765477,118.66642275094948,119.03835952352806,2130996
2013-06-11,116.00704956054688,118.74078646021428,114.37053041978353,118.64780228914128,3408678
2013-06-12,112.7154312133789,115.11442786915094,111.41365254603795,113.81264920180998,2536722
2013-06-13,111.17188262939453,112.58524896675208,109.94449600145967,111.58101528890876,2400040
2013-06-14,111.93436431884766,112.69683008113346,110.42801374007149,112.36208929160819,2962607
2013-06-17,112.2877197265625,112.88282088769056,110.26067093943983,112.6968524842512,2441271
2013-06-18,112.7154312133789,113.31053230285661,111.85998120079853,111.85998120079853,1833002
2013-06-19,111.41365814208984,112.95720486281029,110.46522389134743,112.36210374344202,4827143
2013-06-20,110.05607604980469,110.59538884812127,109.08903828244814,110.44661642636063,4313673
2013-06-21,111.06033325195312,111.80420686871021,109.1262573081405,110.09329528004682,3559191
2013-06-24,110.4652328491211,111.85999589014536,108.97748560536189,110.46523284912111,3581590
2013-06-25,109.42379760742188,112.1389313723802,108.23359545393909,110.5024119242981,3088565
2013-06-26,107.28518676757812,110.2978661115693,106.59710133877815,109.72136854589486,2881059
2013-06-27,106.85745239257812,108.41959170176771,106.0763940885952,107.86168642714456,2487855
2013-06-28,112.52947998046875,115.26321786859538,107.50833292699123,107.52693657829658,5272321
2013-07-01,113.44074249267578,114.55655307457096,112.75265703038465,113.03160967585845,1909587
2013-07-02,111.37648010253906,112.97580381381557,110.11188589294134,112.88281961314577,1901758
2013-07-03,110.61399841308594,111.50664443361525,108.60554202924249,110.7627708580725,2753000
2013-07-04,111.39507293701172,112.32491494817208,109.90732571915512,111.58104133924378,830571
2013-07-05,110.40943908691406,112.12035060196533,109.81433794899057,111.7112178602298,1361439
2013-07-08,107.8616714477539,110.07469993666746,105.74162715836428,109.72135543823242,2252731
2013-07-09,108.38235473632812,108.97745574087078,105.85318965528133,107.86164561383114,2174450
2013-07-10,107.82445526123047,108.69850884283426,107.15497369055123,108.41955629661655,1141011
2013-07-11,111.0045394897461,112.6410590952408,108.97747944447683,108.97747944447683,3410504
2013-07-12,111.56246948242188,111.91580270104272,109.18206441716792,111.61825774319226,2000153
2013-07-15,108.71710205078125,110.65117759435444,108.4939490924221,110.37222504579725,1176893
2013-07-16,109.51679992675781,109.72136063515529,107.00622642069918,107.48973974088095,1666772
2013-07-17,108.3079605102539,109.94447955286637,106.9317903206672,109.33078633071246,2254708
2013-07-18,108.27082061767578,109.40522348368326,106.67148533292013,108.04765623484802,1969919
2013-07-19,110.4652328491211,110.79997370884479,108.27080793469841,108.27080793469841,2723333
2013-07-22,111.65543365478516,112.17614291284546,109.60978122264001,109.94452207777802,1295646
2013-07-23,111.0417251586914,112.8642245273215,110.20486737332008,112.32491163650481,1800511
2013-07-24,110.96733093261719,112.32489779143161,109.72134055785538,110.7999548559295,1126011
2013-07-25,109.4795913696289,111.43225942728955,108.6055376832208,110.46522154765951,2350957
2013-07-26,104.97916412353516,110.05609928578241,102.78473922508736,110.05609928578241,3757318
2013-07-29,101.66893768310547,104.88618908527985,101.07383646781844,104.66302471072078,2076463
2013-07-30,102.2082290649414,103.08228282331744,100.42293694832645,101.35277895710725,2070660
2013-07-31,104.71878814697266,105.92758259283823,101.91067020528234,102.46857533414338,2161051
2013-08-01,100.46011352539062,106.37390529065874,99.67904411851937,104.14228489994562,2096002
2013-08-02,94.69509887695312,100.88784349804794,93.1887539034882,100.79485931049213,2608617
2013-08-05,97.8565902709961,100.59032846588637,92.33332562226106,92.79824669790185,5429449
2013-08-06,95.51338958740234,97.81940286437431,93.91406548765974,96.77798410416237,3768708
2013-08-07,97.63340759277344,99.60466804392637,93.8396534613724,94.88107761075632,1697887
2013-08-08,100.10679626464844,100.75768572196164,95.95970284960372,97.44745018060533,1880161
2013-08-12,102.04085540771484,103.4728142463796,99.95800721971243,101.78049512773599,1090893
2013-08-13,99.93939971923828,101.76188735003625,98.99095428696653,101.25977051537565,1223862
2013-08-14,100.70187377929688,101.16679471087257,99.73483597149767,100.05098447509089,1229805
2013-08-16,96.07127380371094,100.86926774922861,95.79232119527902,99.8650338186294,1845309
2013-08-19,95.60635375976562,96.31304278878575,93.09578593370917,95.21582464424255,1816295
2013-08-20,97.6891860961914,98.52604379207644,93.54209356226067,95.17861300853629,2242515
2013-08-21,96.87096405029297,98.6004682563529,95.23443271276994,98.15413946418977,2890647
2013-08-22,99.62327575683594,100.62749832266573,93.8396572884973,95.23441463568663,2482706
2013-08-23,100.32994079589844,101.48294701955977,98.56324118966853,99.62326322352828,2044341
2013-08-26,100.88783264160156,103.78893444091426,99.40008580080377,100.42291175385225,2376648
2013-08-27,96.81517028808594,100.29278256452785,94.88110522328178,99.86505740071821,1969084
2013-08-28,94.43476867675781,95.92251615130496,90.90136842470834,95.55057928266817,2763694
2013-08-29,93.09576416015625,96.27582431984578,92.25890652209607,94.88106158974547,4701564
2013-08-30,93.50491333007812,95.02985654674293,88.59534849090434,93.28175464552342,3474788
2013-09-02,95.9782943725586,96.48041136282144,93.98843573866621,94.39756852149563,1913808
2013-09-03,97.11271667480469,99.19556536647528,96.33164699660169,96.75937211661861,3933612
2013-09-04,98.5446548461914,100.16257076600881,96.23864225953544,97.33586030573348,1882267
2013-09-05,105.40690612792969,111.32070005939164,99.77206484748588,100.51593858353424,3236777
2013-09-06,104.7459716796875,106.42658334639363,102.31001429334017,106.12445427892527,2502019
2013-09-10,108.84368133544922,109.41018208176388,105.95451830885477,106.35107574656733,2526163
2013-09-11,110.67533874511719,111.2418393935832,107.21968709457151,107.61624446378885,1907571
2013-09-12,107.61625671386719,113.14907803859548,107.03086572852547,110.27880545454428,2976934
2013-09-13,110.65645599365234,111.31737339293183,107.10638769690516,107.63511931123179,1463029
2013-09-16,109.3534927368164,112.54478400762902,107.3518619267401,110.84528223570173,2249367
2013-09-17,110.92082977294922,111.41179238342794,108.86253950685798,108.86253950685798,2572697
2013-09-18,112.31818389892578,113.18682507201476,109.99553373208336,109.99553373208336,1981623
2013-09-19,112.33709716796875,115.18847950956834,111.5439938564121,113.8666444988028,3184840
2013-09-20,113.9421615600586,114.81079122558467,110.16549079605909,111.88387138348506,3193597
2013-09-23,115.09406280517578,116.47254558371715,112.5448095683097,112.5448095683097,4569833
2013-09-24,112.1671371459961,115.52837228399439,111.90276554589526,113.30013853130919,3802287
2013-09-25,111.4306869506836,114.05547822872474,111.03414105710289,111.41180820355562,2803764
2013-09-26,114.75414276123047,115.16957884780423,111.18518430107632,111.43066559412486,3688717
2013-09-27,115.906005859375,116.69910890459991,113.71554175873743,113.86660626128437,2226646
2013-09-30,111.20409393310547,116.07599773181376,110.65647197015755,114.73527247012578,2298688
2013-10-01,112.35597229003906,112.9035942441682,110.73200822511703,111.41180445566899,1994423
2013-10-03,114.1876220703125,118.88956940035773,112.1671012742489,112.1671012742489,3969487
2013-10-04,117.09565734863281,117.64327914908661,113.80996112235906,114.18762815012498,2240607
2013-10-07,113.20572662353516,115.79274886982085,112.58257813987908,115.24512689981262,6371754
2013-10-08,111.92163848876953,114.05545512896624,111.1285353367494,113.67778805900278,2545544
2013-10-09,111.88389587402344,112.67699921316456,109.95779105767703,111.97831266379055,2253222
2013-10-10,111.0152359008789,113.0168666907215,110.59979983351046,111.41178170012647,1270541
2013-10-11,106.70985412597656,112.31821389783087,106.01117908283108,112.16714933513691,3440986
2013-10-14,107.72953033447266,108.69257674041539,106.59652913901809,107.25744650303325,1184284
2013-10-15,107.04974365234375,108.46599527135261,105.5390752587343,108.0127901430757,1501343
2013-10-17,107.23857879638672,108.27716333243895,106.18110398984233,106.84202142187556,871980
2013-10-18,108.05057525634766,108.73037152455993,106.59655440576859,106.59655440576859,1518954
2013-10-21,108.7303695678711,109.31576056236804,106.59655248747947,107.25746999625923,1936086
2013-10-22,110.6375732421875,111.01524031381062,107.7673011927549,108.05055149647224,2562561
2013-10-23,109.46681213378906,110.65646120340436,108.39045858490461,109.52345989415448,1849940
2013-10-24,105.482421875,109.52346466418315,104.99145922980316,108.4093420513704,2591299
2013-10-25,105.35022735595703,106.38881173506027,104.31164297685379,105.48240160200146,2533958
2013-10-28,104.44384002685547,105.78456525153614,103.89622960450939,105.55796266879571,1676949
2013-10-29,106.18111419677734,107.04975553481263,103.8584635888868,103.8584635888868,1516155
2013-10-30,106.59654235839844,107.57847915466238,105.76567010183227,106.12445846841437,1131324
2013-10-31,108.74925231933594,109.75006788688756,106.12446121294941,106.12446121294941,2379392
2013-11-01,110.29769134521484,111.56287865784738,108.20164318173221,108.20164318173221,2450234
2013-11-05,111.9405517578125,112.5070525374831,109.18358590694407,109.18358590694407,1611993
2013-11-06,112.84689331054688,113.82882980103123,111.77055159694952,111.82719934101011,1987170
2013-11-07,111.77059173583984,113.86663969718562,110.93971943962944,112.9224718721675,1344544
2013-11-08,110.0144271850586,111.77058850928495,109.33463098086412,110.8830684742913,1597712
2013-11-11,109.24021911621094,110.9963689939672,108.80590421479604,110.08997017243038,1447723
2013-11-12,107.52181243896484,109.52344316945455,107.1252551259922,108.65481357520058,756369
2013-11-13,107.67288970947266,108.80589097995014,105.93561878964356,108.01278778551892,1049512
2013-11-14,103.65076446533203,105.91676759570485,102.46110360149595,105.55797915653399,5182174
2013-11-18,102.25337219238281,104.8403942556252,102.02676961649921,102.61216056465565,3993288
2013-11-19,101.0448226928711,102.9142793499727,100.25173104487368,102.34777872969762,2458816
2013-11-20,102.91427612304688,103.85844379390052,100.7426904800835,101.02594078133959,6013211
2013-11-21,101.66796875,104.33051669250231,101.3091804624932,103.48076587781226,2489905
2013-11-22,101.15814208984375,102.64992032351516,100.83712272737475,102.34779123265378,956725
2013-11-25,101.91346740722656,102.47996804703828,101.403614526299,101.403614526299,1531911
2013-11-26,99.34532928466797,102.91428810625338,98.98655244325863,101.40361965698727,3548246
2013-11-27,100.3272476196289,100.98816494456122,98.5522194336722,98.66551493632436,1951682
2013-11-28,101.93233489990234,102.34777096167007,100.45943570407468,100.45943570407468,2730214
2013-11-29,102.7065658569336,103.6884910334628,102.1211749742502,102.64990657518541,1280472
2013-12-02,103.4618911743164,103.97173246264128,101.59243469884683,101.59243469884683,1009491
2013-12-03,102.1211929321289,103.74516855866368,101.78129480929165,103.46191820205155,1384676
2013-12-04,102.64993286132812,103.17867612314608,101.2148022162185,102.34780373356423,1476382
2013-12-05,105.7279052734375,107.10638783142622,103.1031144170941,103.85844858864792,4271398
2013-12-06,109.3534927368164,110.65644870548759,105.5012956357383,105.70900790878025,5332278
2013-12-09,109.75005340576172,112.88468549252434,109.33461732155016,112.88468549252434,4016879
2013-12-10,107.95613861083984,110.90193726524203,106.7098303143737,109.61787148064325,2579166
2013-12-11,109.1080322265625,109.56123739555932,104.23612852453475,105.0858795722891,3451979
2013-12-12,106.12444305419922,108.73034344331587,105.74677599706685,108.73034344331587,2016537
2013-12-13,106.91754913330078,108.91917998121194,106.12444598631335,106.12444598631335,9743906
2013-12-16,108.33381652832031,109.6556514587065,106.50212867683082,108.31492625688037,5203337
2013-12-17,105.1613998413086,108.73034672359044,104.68931600565088,108.69257771164096,4366436
2013-12-18,106.89867401123047,107.04975008005079,104.48160674142173,104.48160674142173,1838948
2013-12-19,106.12444305419922,107.5218157757826,105.16139666870522,107.23856548293331,1496366
2013-12-20,107.40853881835938,107.74843695985517,106.16224179104577,106.42660188977042,3838775
2013-12-23,107.10639190673828,108.314919711917,106.42658421118284,108.314919711917,2013300
2013-12-24,106.95533752441406,108.25828222831032,106.50213235102369,107.44630019101503,1174702
2013-12-26,106.53986358642578,107.82392908833579,105.86005606742714,106.87976158318398,2907958
2013-12-27,106.91754913330078,107.29521620086774,105.91673370934521,107.29521620086774,1029256
2013-12-30,109.42904663085938,109.99554730366798,106.86091485765472,106.87979360322072,2221007
2013-12-31,109.5234146118164,110.73195345220799,109.25904313876808,110.25986976853636,1708561
2014-01-01,110.35433197021484,111.41179524711195,109.73117203064784,111.2984997265463,1265974
2014-01-02,106.93643951416016,110.27879573096634,106.42658661236167,110.05219316066862,1485831
2014-01-03,104.84037017822266,107.42739164733554,104.23610062313683,106.50210281059633,2570514
2014-01-06,104.34942626953125,105.80344706499027,103.48079645691233,105.40690117781347,5415257
2014-01-07,103.99063873291016,105.36912134868297,103.48078584064206,104.9536852318169,3143007
2014-01-08,109.07026672363281,110.16551066309445,104.61379902863644,105.36913331765186,8932578
2014-01-09,111.6572494506836,112.16710222041836,109.33459963909466,110.27876716620256,4352671
2014-01-10,109.12688446044922,112.07268245566212,108.16382669339264,112.07268245566212,2878673
2014-01-13,109.61785888671875,110.58090523315288,108.99471057282118,108.99471057282118,2773085
2014-01-14,109.1080322265625,111.71393313457862,108.16386439572432,111.03413690656963,5805721
2014-01-15,111.48735809326172,116.26484569860044,110.86419801498843,113.67782316532195,18564061
2014-01-16,114.30094146728516,114.7541465814502,110.48650158709796,112.2615415045121,15021903
2014-01-17,113.61176300048828,117.05770801796632,113.23584427523362,114.86483391593484,6900162
2014-01-20,112.54666137695312,114.69776396705305,111.94100531659338,113.75796075077568,4551231
2014-01-21,109.85253143310547,112.77636306820713,109.58103533065346,112.75548365528557,3477115
2014-01-22,109.35131072998047,110.8549982945753,108.89186161729234,109.81077258956442,2853129
2014-01-23,108.22354888916016,109.7272363741749,107.97293218384185,108.80831270363946,2805631
2014-01-24,107.7223129272461,109.16334938852576,107.36727366536176,107.76408450162569,2902163
2014-01-27,104.0048828125,107.09578842702639,103.58719252008032,106.92871485943775,3926853
2014-01-28,104.06754302978516,105.94714951225049,103.4201281179171,103.58720170031235,1869607
2014-01-29,104.71492767333984,106.09330655284961,104.15104974998113,104.15104974998113,1727528
2014-01-30,102.814453125,105.04909852572138,102.39676287241264,103.5871826416656,5510037
2014-01-31,103.35746002197266,103.58719095401995,102.08350337466305,102.77269617080495,2028867
2014-02-03,102.64740753173828,104.02578701539957,102.08352298777936,102.75183012332703,3314634
2014-02-04,104.13019561767578,104.86115366059687,101.49874538847023,101.49874538847023,5352922
2014-02-05,106.59455108642578,106.845167787124,103.50364576953419,103.50364576953419,3346367
2014-02-06,111.64861297607422,112.44223474988088,105.88449188915119,105.88449188915119,5588845
2014-02-07,112.60928344726562,112.90165894686133,109.76898236401952,112.35866677125955,2628212
2014-02-10,112.77635192871094,113.27758525826243,111.66947546841887,112.77635192871094,1400555
2014-02-11,112.77635192871094,113.04784800434588,111.1055911593967,112.77635192871094,1921146
2014-02-12,112.73458862304688,112.90166216284543,110.68790908000298,112.46309252751246,3412799
2014-02-13,108.76657104492188,112.17074505004891,108.36977283701427,112.17074505004891,2162133
2014-02-14,108.93362426757812,109.66458228671573,107.24198366490387,109.26778415303593,1941733
2014-02-17,107.03311920166016,109.01714775271532,106.71985153570408,108.99626834040917,2521574
2014-02-18,106.55278015136719,107.24196648102902,105.7382791046523,106.51100857901618,2316373
2014-02-19,106.42749786376953,107.5134889028542,105.96803594920958,107.0122681526139,1218899
2014-02-20,104.86115264892578,107.05402038308452,104.52699912926744,106.00980099100565,2174766
2014-02-21,104.94469451904297,105.75918938091895,104.63142677421,105.48769321810983,1022484
2014-02-24,105.2579574584961,106.55279996073787,104.90291814784804,104.94468972796486,1189950
2014-02-25,102.814453125,105.63386232996469,102.50118543555948,105.46678877830873,2237742
2014-02-26,101.91643524169922,102.68916486155864,100.37098237542868,102.33412555006683,3702994
2014-02-28,101.91643524169922,103.37835132098589,101.33167135936387,101.99997202868308,2362184
2014-03-03,102.06263732910156,102.56386446339755,100.53806376103398,101.93732895216537,2380690
2014-03-04,103.23214721679688,103.58718649407903,102.04173377671982,102.12527055565454,2575377
2014-03-05,105.06998443603516,105.32059476381247,103.31568664780414,103.46187441231238,2684429
2014-03-06,107.38816833496094,107.61789287907362,105.25794546078039,105.25794546078039,3405827
2014-03-07,110.6043930053711,111.10562649432994,107.45083614912171,107.45083614912171,3649357
2014-03-10,108.0982437133789,110.47908350390396,107.38817785695471,109.53928033610138,3309344
2014-03-11,106.82430267333984,108.91275433850778,106.32307554838928,107.36729500752456,1988654
2014-03-12,108.80830383300781,109.03802835846574,105.67562713915922,106.0933173650057,1671339
2014-03-13,110.7297134399414,111.85746972769303,108.59949012276907,108.80833529608209,2857175
2014-03-14,110.3746566772461,111.79480108227617,109.22600840529746,111.31445980884043,1600297
2014-03-18,113.06876373291016,113.40291085767355,110.89676918126086,110.89676918126086,3009481
2014-03-19,109.91519165039062,115.15721217030104,109.66457493981123,113.2776059612987,4703870
2014-03-20,108.78742980957031,110.06137996275321,106.97047468775122,109.85253483948422,4293614
2014-03-21,109.87340545654297,110.27021625774309,107.78495439105541,108.78742110000441,2527055
2014-03-24,112.75547790527344,113.61173774170159,110.31198761402355,110.31198761402355,5301925
2014-03-25,114.65597534179688,114.84394105586931,111.8992171011397,112.10806222926684,2123909
2014-03-26,117.26653289794922,117.78864568912442,114.029433592663,114.84393464565403,4019330
2014-03-27,116.95328521728516,118.97908574274958,115.49136915206908,116.9115136374711,4437037
2014-03-28,119.60559844970703,120.25301319954555,115.13630794451143,117.454496340847,2001799
2014-03-31,120.60807037353516,121.96556380631087,118.72846408199953,118.72846408199953,2176837
2014-04-01,121.33902740478516,121.96556283028319,117.78865999362965,120.9213371211198,3559789
2014-04-02,119.83533477783203,121.54786741797989,119.04172582173288,121.3390222849593,1461584
2014-04-03,117.16213989257812,120.33658901302213,116.64002696970567,119.89800650967075,3742894
2014-04-04,117.66337585449219,118.87467531147269,114.88572484928625,117.37098751281857,11061864
2014-04-07,118.62403869628906,119.35499668121338,115.51224103313871,117.80953755718656,2242868
2014-04-09,120.35746765136719,120.71250698599961,118.41521014024529,119.25059081142868,3023751
2014-04-10,122.02822875976562,122.59211326111274,118.79112866513658,121.00489508766651,4462459
2014-04-11,122.40415954589844,122.8009705017213,120.10686247868937,121.13020899829652,2898928
2014-04-15,122.29973602294922,123.19778052173746,119.08352780142594,121.54789845087848,4382242
2014-04-16,121.00486755371094,123.42746584549069,119.60560270117672,122.17439512624712,1850340
2014-04-17,121.50611877441406,121.96558070315481,119.60563280399728,121.25550201811022,2279947
2014-04-21,123.67809295654297,124.2628567920677,121.15105914507113,121.50609842814187,2138227
2014-04-22,124.88939666748047,125.64123409046609,123.23951492378376,124.26286123269378,4237705
2014-04-23,126.24690246582031,126.8734379619286,124.07490764721932,125.01471089138175,4370472
2014-04-24,126.24690246582031,126.24690246582031,126.24690246582031,126.24690246582031,0
2014-04-25,125.28620147705078,127.12403611408438,124.97293377482134,126.03803886364325,2409633
2014-04-28,123.51100158691406,125.09821930403412,122.84269469400792,124.53433496480413,3350917
2014-04-29,123.92871856689453,124.8894011694393,122.00734061490846,123.4274851022385,1368878
2014-04-30,121.90292358398438,125.2026745935338,120.77515461065494,123.51103388043671,2778923
2014-05-02,123.34393310546875,124.30462838608061,121.96556029676356,121.96556029676356,1361657
2014-05-05,123.82429504394531,124.99382279000552,122.61298297143732,123.21863900769132,1556958
2014-05-06,123.82429504394531,124.57613248828453,123.32306158312157,124.0540196111333,815026
2014-05-07,123.38568878173828,124.47168590613705,122.6338514824051,123.0097701320717,1585768
2014-05-08,122.696533203125,124.26287192486703,122.36238604124557,123.38571969131206,2029447
2014-05-09,128.92010498046875,129.48398941925439,122.59209965984246,122.59209965984246,4673033
2014-05-12,138.27639770507812,140.80343219799394,129.06632975799988,129.06632975799988,8237761
2014-05-13,138.6940460205078,143.058914345275,135.74933478018795,139.9053579745241,4950353
2014-05-14,143.39306640625,144.41641267945414,136.73091416360705,138.6731713942987,6846395
2014-05-15,142.160888671875,144.24934006195133,138.08840846122615,143.22599378205567,4092349
2014-05-16,144.27020263671875,152.624007221901,142.03555736080364,149.5331020747624,14234067
2014-05-19,162.46066284179688,164.67441654503835,145.43978148679292,146.08719641503404,11585955
2014-05-20,153.08352661132812,163.44224309499947,150.57738429299806,162.89925069145423,11520726
2014-05-21,154.9213409423828,156.46680026308707,148.4262614056688,152.87466087351035,12136258
2014-05-22,162.85743713378906,167.6608753393711,158.76407750083396,158.93115106295335,14514099
2014-05-23,166.19895935058594,167.07611148526271,162.60682040427366,166.44957606719296,5290632
2014-05-26,167.5147247314453,174.09334833155933,162.06387027582474,170.29237600456824,8404997
2014-05-27,164.17315673828125,169.95816956992215,160.915177706957,168.70509875065966,6135493
2014-05-28,158.8893585205078,164.5699481112916,158.11662905740846,164.1522578876589,7118340
2014-05-29,156.0281982421875,160.35129516870165,154.83779114744948,158.3046153559589,8459707
2014-05-30,154.9213409423828,159.70390032256714,154.12773186427685,155.33903127263832,4130201
2014-06-02,155.94464111328125,157.239483302537,153.12523222000056,154.92129500881455,4652528
2014-06-03,164.3193817138672,164.94591724105294,156.23707086379156,157.1977663202818,8792311
2014-06-04,163.04541015625,165.40535778742364,161.01960966427225,164.56997719253766,6610785
2014-06-05,163.71372985839844,166.03190608995206,161.8967743744497,163.73460927612882,9603148
2014-06-06,163.1707000732422,165.90657896719577,162.48151368283544,164.5699650155197,7053744
2014-06-09,172.5896453857422,175.11666672390558,163.4213377596376,164.15229581990434,10844180
2014-06-10,175.59698486328125,176.85005565832878,168.78863864228111,173.7591502465906,11167893
2014-06-11,168.8721923828125,176.97539484138008,167.70266457791465,176.26531619397255,7166116
2014-06-12,164.94586181640625,169.5822257090623,163.52571764802437,169.5822257090623,5334343
2014-06-13,162.6277313232422,169.3734275531048,161.2493455963733,165.82305977455636,4402493
2014-06-16,162.6277313232422,164.27760046631167,158.0122455629909,162.48153715945193,3627210
2014-06-17,167.26409912109375,167.8488630385173,161.81323262168434,162.35623770328272,5177391
2014-06-18,164.61175537109375,168.53804177508692,162.92010195049198,167.82796314220764,4239276
2014-06-19,160.87339782714844,166.24072010867948,160.12156047315355,165.4053396056208,4308309
2014-06-20,161.3746795654297,164.90415559992442,159.14003350100953,159.26533551524298,3825862
2014-06-23,162.02206420898438,162.8992163850524,160.10068628685835,160.3304235991289,1701418
2014-06-24,163.5257568359375,164.9667935083462,161.22846012432151,161.64615043552442,2885722
2014-06-25,166.17807006835938,167.18052412836974,163.90165308577974,164.5281884666481,3068966
2014-06-26,162.18914794921875,168.35008023728898,161.52085362735255,166.70021110319828,4248179
2014-06-27,159.07733154296875,163.83899776220457,158.72229228715804,163.06626826353292,3787517
2014-06-30,160.78988647460938,161.2702277713977,159.14000468684026,159.9753852888709,3441503
2014-07-01,160.58102416992188,163.88077464606556,160.22598490260688,162.3562077596018,4739271
2014-07-02,164.38197326660156,164.71613307505336,161.14487421354215,162.06379775316796,4498375
2014-07-03,165.44712829589844,167.78619649582174,164.1940574116784,165.19651156967518,5264060
2014-07-04,164.6326141357422,165.96922807223308,162.16824414055137,165.96922807223308,2548987
2014-07-07,165.71861267089844,166.99256288063745,163.73458391176354,164.6326154323087,2867565
2014-07-08,157.63633728027344,166.24076113461024,155.7358512655591,165.61422560269588,4326868
2014-07-09,152.7493133544922,160.3930390216083,151.6215447001141,158.0957428897884,5650039
2014-07-10,154.50364685058594,158.72232163283815,149.11544427085056,152.89553656887384,5572244
2014-07-11,151.49624633789062,156.63383089240398,149.28248054647506,156.13259753479076,3400029
2014-07-14,149.6375732421875,153.12529033887287,147.11055163301876,151.53805930393605,2915555
2014-07-15,152.22723388671875,153.52206361029565,149.3242812229271,150.78619726287187,4477265
2014-07-16,152.58224487304688,154.0650529246876,149.9925729432337,152.6657880227065,3625393
2014-07-17,157.34393310546875,157.76162338422296,151.43360546358014,151.43360546358014,3299444
2014-07-18,156.8844757080078,157.46923956550313,152.77022379597554,157.00977769643677,4824302
2014-07-21,158.0749053955078,159.32797634514515,156.65474812173468,156.65474812173468,2435981
2014-07-22,161.8758544921875,162.39796731501988,158.3463794579778,158.3463794579778,4662386
2014-07-23,160.7272491455078,164.36116046028883,159.7665663940546,162.85747258014158,4292684
2014-07-24,160.91513061523438,161.81316189018503,160.393017926671,160.49744046438366,3722152
2014-07-25,157.46925354003906,161.47908323526565,156.36237672103363,160.49750841580905,9210428
2014-07-28,152.18545532226562,157.59453677364482,151.6215708976473,157.57365735850536,4071310
2014-07-30,153.41766357421875,153.79359509437728,151.70514330193274,152.4569808484535,2970292
2014-07-31,153.58470153808594,155.2763418583636,152.66577794009925,153.4176152498017,5715183
2014-08-01,149.9508056640625,155.9864351133658,148.7395064406678,152.03925699643105,4885489
2014-08-04,150.13876342773438,151.72598125747868,148.0920710329395,150.36848796336497,3099856
2014-08-05,150.8279571533203,153.52205171286917,147.6535085917841,150.47291787889736,4498302
2014-08-06,150.32669067382812,152.8119523012822,149.74192698116025,150.72350143683087,2376739
2014-08-07,151.62155151367188,153.29231241189416,148.82302191039193,148.82302191039193,2559482
2014-08-08,148.55152893066406,150.55644969873376,146.85988858447823,150.11786730561178,1974951
2014-08-11,149.2825164794922,150.4520570131391,148.80217516518047,149.53313321862345,876052
2014-08-12,152.28985595703125,153.08346482146086,149.80459406240004,149.80459406240004,2424914
2014-08-13,147.465576171875,153.85624631382697,144.98032618353105,153.37590495027294,3476487
2014-08-14,148.88571166992188,149.19897939310428,146.7763680190225,147.44467504452425,3036124
2014-08-18,151.9139404296875,152.77020029498928,148.0711852483218,148.28003036150702,2080416
2014-08-19,154.23216247558594,155.38081094358287,152.54052164874966,152.8746688315896,2420419
2014-08-20,153.14614868164062,154.796030494875,152.47784164032177,153.96064987995058,1387438
2014-08-21,152.122802734375,154.6498237907389,151.64244872224856,152.56137242286937,2526710
2014-08-22,149.1363067626953,152.6657946656246,148.80215964330714,152.4987211059305,2120692
2014-08-25,149.8046112060547,151.203876145175,148.82303653252876,150.15965048118898,1627688
2014-08-26,148.94837951660156,152.45697586381388,146.60931103616076,149.9508337948197,3083141
2014-08-27,149.76283264160156,151.83040445857108,147.88322653413644,148.99011588382612,2097073
2014-08-28,148.739501953125,150.70263849818548,148.28004012448704,149.76283542697394,2450725
2014-09-01,152.56137084960938,153.16702683880405,149.32427126279356,149.32427126279356,2942078
2014-09-02,151.78863525390625,153.71001296535215,150.9950263233011,153.20877956344629,2148461
2014-09-03,157.09329223632812,158.30459130910347,151.78862141296477,152.03923809106507,3815885
2014-09-04,158.3254852294922,159.68297855113,155.17192891952232,157.09330663183482,4419097
2014-09-05,154.6707000732422,158.30461047849883,153.48029301518133,157.88692021338406,2666350
2014-09-08,156.508544921875,156.86357144400037,151.28741669185376,152.03925405821877,2372603
2014-09-09,158.9937744140625,159.72473227479026,156.21613709267572,156.63382729880587,2653533
2014-09-10,156.0699462890625,160.76896120792364,155.4225315545547,159.97535234878362,3659862
2014-09-11,150.6818084716797,156.717439717122,150.4103122670565,155.96558936558952,4488229
2014-09-12,149.40782165527344,151.62157509090005,148.32182435317705,150.68177193951018,2692129
2014-09-15,146.96429443359375,149.32424143415355,146.60925522625985,148.38443851603648,1849463
2014-09-16,143.87344360351562,147.36114776661506,143.10071392034658,146.6928534159909,3746048
2014-09-17,141.7432098388672,145.94099237311087,140.51101832047098,143.68546723908594,5056125
2014-09-18,144.06134033203125,145.14733734789766,141.74316493501615,141.95201002472535,2647582
2014-09-19,144.4373016357422,146.02453243480863,143.07980815139538,144.08227507581478,2449184
2014-09-22,143.2677764892578,145.48153003595996,142.32797329071312,142.9753881731741,1706520
2014-09-23,139.98890686035156,144.10315902239944,139.15352622833765,144.10315902239944,3741412
2014-09-24,146.75550842285156,147.40292337277282,140.03069117427486,140.0724627590532,8121925
2014-09-25,144.83407592773438,150.45201418071812,143.45570337526883,149.95078084515254,7173650
2014-09-26,145.39797973632812,146.71370148496376,140.13507999489065,144.1031374016014,3281595
2014-09-29,143.47659301757812,145.06381078189702,142.47413902185596,144.7714352710457,1695859
2014-09-30,142.57862854003906,146.08722554631024,141.3882082842774,142.7665815823803,4288540
2014-10-01,143.93605041503906,145.1682288992409,142.64120820116946,142.76651016671752,3408001
2014-10-07,142.662109375,145.3144451901041,141.63877584187344,142.5159279751931,3866590
2014-10-08,142.7247772216797,143.64368821173468,141.2419690437312,141.2419690437312,2646998
2014-10-09,143.4139404296875,144.31197185858935,141.78495111148743,142.0146756350807,2162932
2014-10-10,140.03067016601562,142.57858349246476,139.29971215620048,142.1191216226303,2372747
2014-10-13,142.34886169433594,143.26778553413018,138.40169565939127,139.80096083716532,2888612
2014-10-14,143.76902770996094,145.1474008059052,141.80587790965416,142.4324134527012,2210131
2014-10-15,143.76902770996094,143.76902770996094,143.76902770996094,143.76902770996094,0
2014-10-16,145.60682678222656,146.73458283296696,142.26530471147848,143.30953035858724,3072011
2014-10-17,146.46307373046875,148.1338346177335,144.60435989152307,145.81565898541123,1801616
2014-10-20,150.91151428222656,152.95820713949226,147.25672381839146,148.2800702470243,2002057
2014-10-21,148.3009490966797,151.20390203844192,147.02699866721426,151.20390203844192,3201012
2014-10-22,147.465576171875,149.11545818897162,146.60931603453514,149.11545818897162,6261947
2014-10-27,148.90658569335938,150.07611338546053,145.27267513728765,147.23582456356013,2375296
2014-10-28,148.96922302246094,149.53310740142626,145.35620496004563,145.35620496004563,1610475
2014-10-29,149.8672637939453,150.36849721675935,148.00854974037543,149.05277541549182,1915279
2014-10-30,150.32669067382812,151.62153275916643,149.01096917860227,149.5330818947151,2565256
2014-10-31,154.775146484375,155.35992314314333,150.36851860728163,150.36851860728163,2705137
2014-11-03,150.0343475341797,156.6338485893182,149.5331141199358,155.38077780060365,3332454
2014-11-05,145.81570434570312,151.1830279150849,144.01962818503446,150.78621698216213,6256926
2014-11-07,143.91517639160156,145.29356192079578,142.70387716671843,144.52083237749082,3604629
2014-11-10,145.81570434570312,147.67441876285693,141.6388008281917,142.4324099471393,4328207
2014-11-11,144.353759765625,147.21494066260618,143.74810377576856,147.0269749424727,4602542
2014-11-12,144.47903442382812,146.02449322828312,143.85249913773444,145.81564813291857,2513692
2014-11-13,144.9803009033203,145.69036674179094,144.1031487528369,144.93852932531712,1249146
2014-11-14,148.82305908203125,149.658439739796,144.1031634644193,144.1031634644193,3269054
2014-11-17,147.9040985107422,148.90655241521074,146.85987303798476,148.07117203700477,1525940
2014-11-18,147.27760314941406,150.03436169414283,146.2751489732117,147.88324643964842,2309766
2014-11-19,144.9594268798828,148.23829858653747,143.68547644619736,147.52823265921512,2692674
2014-11-20,144.83407592773438,147.36109652288565,143.7063072961584,145.0220416152948,3031965
2014-11-21,144.89674377441406,145.35620559434986,143.49747890106653,144.1866780044176,2195792
2014-11-24,145.0638427734375,146.14984015284196,143.8943149783231,145.14738593604437,3715247
2014-11-25,145.3770751953125,146.1080330764061,142.43236425880733,144.52081534764613,2205505
2014-11-26,146.00364685058594,146.98522165595435,144.93854162901624,144.93854162901624,1762676
2014-11-27,145.83657836914062,146.7763816258116,144.6043995251994,145.16827128168399,2790178
2014-11-28,148.28004455566406,149.40781337357794,144.7296772916552,146.2333647999086,2812968
2014-12-01,147.77882385253906,148.40535930597872,146.58841668852088,148.28005731404934,3707445
2014-12-02,148.5933074951172,149.61665371365882,145.6903551381974,146.83900333387294,1793479
2014-12-03,149.1571807861328,150.1596347692889,147.61172186638393,148.59329643720312,2969992
2014-12-04,148.6351318359375,149.53316364925567,146.60933084047133,149.32431844862822,1688563
2014-12-05,148.9274444580078,150.15963571913383,148.28002970874135,148.4471032491752,1215587
2014-12-08,152.28985595703125,153.68912073601953,149.1154077524189,149.345132273448,4844333
2014-12-09,150.76536560058594,152.24816152629313,148.84398707583975,152.0184368888682,3800573
2014-12-10,150.38938903808594,152.24811599188953,149.76285358132918,151.51715795900668,2148878
2014-12-11,151.9139404296875,152.54047576924316,148.34268134608376,150.3684814933592,2425895
2014-12-12,152.18545532226562,154.04416941102772,151.39184634353035,152.03926117560223,3222397
2014-12-15,157.49012756347656,158.24197777570964,150.7653237154775,151.2038934457742,2993299
2014-12-16,153.1879425048828,159.09825866428048,151.9348714005484,157.21865200777884,4518753
2014-12-17,153.39675903320312,155.3599084953545,149.992585718401,152.45695588051504,2365837
2014-12-18,153.52206420898438,154.94222142227161,151.41273329902546,154.5871821189498,3216002
2014-12-19,157.05152893066406,158.53432417154423,153.29231680200456,155.38076798459318,3499013
2014-12-22,163.04541015625,163.6928250185281,157.90781184956347,157.90781184956347,3682646
2014-12-23,160.2468719482422,164.29847272698723,159.28618941153965,163.90166186575604,2507930
2014-12-24,157.40660095214844,162.8156829930532,156.02821523653205,160.7272313756621,5158783
2014-12-26,158.03314208984375,159.7247828616778,157.4274860003786,159.7247828616778,1081330
2014-12-29,161.60438537597656,162.25181303260365,158.05401758748982,158.05401758748982,1640127
2014-12-30,159.7874298095703,162.27269235887047,159.16089431783723,161.60438528497573,1023792
2014-12-31,160.33042907714844,162.48153163814555,158.38817167249854,159.93361818133,1432057
2015-01-01,158.74317932128906,160.1633364127091,158.11664392691972,159.9753706956402,540225
2015-01-02,159.4532470703125,161.47904725765082,158.70140974673478,158.931134277024,969551
2015-01-05,158.82675170898438,161.2284711628349,157.4692581046341,159.14001946383445,1857013
2015-01-06,158.70143127441406,159.59946285130846,156.09086695385125,156.2161689424798,4644316
2015-01-07,156.508544921875,160.5810249412916,155.61050066879528,158.72229819264598,2628276
2015-01-08,158.4925994873047,160.81077570059333,157.59455508782258,160.68547370140368,1779075
2015-01-09,156.65475463867188,159.9753978921104,155.75672297011914,159.55770755818847,1442177
2015-01-12,149.470458984375,156.59207267062942,148.69772947005333,156.59207267062942,3794388
2015-01-13,150.86973571777344,151.37095641056285,149.55400112532345,149.74196685192942,1654914
2015-01-14,151.7051239013672,152.41518977185382,150.4938118191375,151.99749946678057,1186130
2015-01-15,153.89801025390625,155.27638327161347,151.24567405617503,153.71004450290184,2278050
2015-01-16,158.3254852294922,158.97291276948718,152.20632557518073,153.39674534507287,2086327
2015-01-19,158.38816833496094,160.35130511511986,156.25794523572765,158.30462517542375,1720402
2015-01-20,159.68299865722656,160.66457342430547,158.26285416823194,160.66457342430547,1371798
2015-01-21,163.6719512939453,164.36113775931275,159.16088827655548,159.80831590824354,2579948
2015-01-22,165.57241821289062,166.0736516287898,163.33777274959093,164.8205808359371,1632779
2015-01-23,164.86231994628906,167.07607281229485,163.14978765058447,166.24069244823337,1892706
2015-01-27,159.82919311523438,164.86236895299362,158.30462604701054,163.6928284475163,2619631
2015-01-28,160.30947875976562,162.35617074703117,158.93110632664877,159.72471508350066,2589117
2015-01-29,156.6129913330078,158.59702036251224,152.12282037149782,152.45696753033974,11218814
2015-01-30,150.7235565185547,152.12282165847515,150.3893966099887,151.2038978435401,14790368
2015-02-02,148.32180786132812,149.1154167737704,146.25423605940455,147.96676860534498,25950717
2015-02-03,148.96922302246094,150.34760847625333,147.6952728765977,148.3009160824611,7690620
2015-02-04,152.89553833007812,154.04418672354706,149.15721757038114,149.19898915225036,15177656
2015-02-05,154.50364685058594,156.61299061516053,152.9790797316499,153.0417307302835,9382752
2015-02-06,152.03927612304688,154.64984061691788,149.9925961092314,154.12772771814366,3576894
2015-02-09,150.64002990722656,151.3709880572309,149.533152972314,150.76534466679502,2498414
2015-02-10,153.7726287841797,154.1276679670866,149.55395564816828,149.55395564816828,5296191
2015-02-11,155.4225616455078,157.42746996696275,154.1277191789074,154.1277191789074,27184800
2015-02-12,154.02325439453125,156.50851607267128,152.45691621424788,155.52694159698183,4759855
2015-02-13,157.8242950439453,158.68055512876148,151.62159104281434,151.74689304409077,16984215
2015-02-16,157.49012756347656,160.33042934264023,156.6756391005117,157.7407443008876,4307836
2015-02-18,158.86849975585938,160.68545501418603,157.51100635262273,157.7198514915822,5508230
2015-02-19,160.37220764160156,162.89922904468975,156.98891341206314,158.9102914835082,6011878
2015-02-20,159.87095642089844,160.81075956119113,157.59453927120893,159.39061514301693,5970211
2015-02-23,160.47662353515625,161.5626081526691,159.64124290820988,160.74811968953446,4701758
2015-02-24,160.47662353515625,163.0036448329103,159.89184689877638,161.64615131412245,4510109
2015-02-25,161.4790496826172,162.8156508053712,160.33040152013297,161.9802703235645,3296025
2015-02-26,160.53927612304688,161.62527349821406,158.09578521564498,161.04049685604156,10641810
2015-02-27,165.0921173095703,166.2407658171005,160.78991163467103,161.3955550177752,24773100
2015-03-02,164.8832244873047,166.32426093370336,161.27020641143935,164.90410390083147,8425861
2015-03-03,167.35177612304688,168.3876715573836,164.42042275105783,164.64082546252038,5328335
2015-03-04,163.78121948242188,168.3876406884628,163.09797658306604,168.3876406884628,4497793
2015-03-05,160.4310760498047,165.39013511018362,159.57150043174886,163.97955292986347,4971903
2015-03-09,157.49972534179688,162.72327073884784,156.97076706314851,159.5274323740571,4555473
2015-03-10,163.40658569335938,163.89146092649995,157.8744692245574,158.24915654751447,4533632
2015-03-11,162.78941345214844,163.40655171566686,161.3347611505681,162.65717722557275,3136497
2015-03-12,160.76174926757812,164.08982495696827,160.01237463903152,163.0318945919665,2979075
2015-03-13,160.93801879882812,162.877559441362,160.23272762364027,161.75351129975436,2770431
2015-03-16,160.6294403076172,161.77553671870206,159.15273993866032,161.77553671870206,2446877
2015-03-17,159.48333740234375,162.3926548036114,158.53560878549757,162.216335390388,2003857
2015-03-18,160.69557189941406,161.2245436573412,159.15275329982228,159.6596901729652,1296884
2015-03-19,161.04824829101562,162.87758792775247,160.01235295744019,161.55517178760834,2412424
2015-03-20,162.3265380859375,163.53875255908434,160.2767963036237,161.3126913620474,2118984
2015-03-23,162.65716552734375,163.25225540875965,160.05641679067497,162.2163602007114,2544068
2015-03-24,163.1199951171875,164.420376126998,161.57717657444087,162.0179818723685,1960112
2015-03-25,159.48333740234375,163.71507058125044,158.733976533067,163.71507058125044,1851588
2015-03-26,155.2957000732422,158.68990622622718,154.28185327549863,158.1829828273554,3834991
2015-03-27,153.40025329589844,156.24345302670372,152.69496208453558,155.67039803208533,2344094
2015-03-30,158.38131713867188,158.66785130613428,152.80513355061174,154.70060415145474,2451097
2015-03-31,159.96829223632812,161.3127569060269,158.49159131493454,158.68995914479132,3477225
2015-04-01,160.01234436035156,160.56335105580732,157.80831757852852,159.9682611342527,1428949
2015-04-06,159.0205535888672,160.71765712844189,158.11690786831747,160.4752060786091,1248881
2015-04-07,158.51361083984375,159.74786047231788,157.10302830074866,159.02053431559875,1859700
2015-04-08,167.66033935546875,168.69623475307688,160.93805689420586,161.00417501483756,6874570
2015-04-09,170.56968688964844,171.64965225073442,167.02119468298255,168.98278446167035,3309241
2015-04-10,171.47325134277344,172.00222305174688,169.2251417581004,169.24719009315476,3579563
2015-04-13,172.94996643066406,174.42666691271447,169.18107295089564,171.64958538252029,2909461
2015-04-15,170.12879943847656,172.66342974248207,169.2692237805423,172.66342974248207,4149634
2015-04-16,169.11495971679688,170.17288980302547,168.21131418429783,170.1288200325121,2034424
2015-04-17,167.68235778808594,169.77618326724763,167.08726785617756,168.40968394827968,2106426
2015-04-20,164.0016326904297,168.71825553503825,163.3404246347731,168.32153339210677,3400318
2015-04-21,165.03753662109375,166.9330078843611,164.00164125599932,164.00164125599932,1820148
2015-04-22,167.15342712402344,167.9027882956814,164.61879586077762,164.97143482952086,2165103
2015-04-23,169.37945556640625,170.10678170270924,167.90275495493557,168.3876435299081,2812629
2015-04-24,165.85304260253906,169.6439719810599,164.92734851150394,169.26928467607974,2896474
2015-04-27,166.4701690673828,167.50606452530477,163.4065793796901,166.31588447538348,2202533
2015-04-28,164.1559295654297,166.62444251537946,163.45063822939926,166.1836371118996,3455021
2015-04-29,163.51675415039062,165.3240453698183,162.9436991093301,163.53878903753017,2453973
2015-04-30,159.90213012695312,163.27428814075338,158.33727661897134,162.3045245063389,4879254
2015-05-04,163.00985717773438,163.7151486191273,160.05646860460487,161.33480177520215,1970167
2015-05-05,160.6294403076172,162.61306405484922,159.35110769430733,162.61306405484922,2200905
2015-05-06,155.64837646484375,160.4531522341399,155.22960598880232,159.63765962160838,3280440
2015-05-07,159.04257202148438,159.61562707353454,155.3838928335623,155.95693443330015,2921296
2015-05-08,160.32090759277344,161.31271960810656,157.9846312186019,159.70376935471702,2285680
2015-05-11,163.9575653076172,165.25793309799536,160.89396255744762,160.89396255744762,3000387
2015-05-12,162.74534606933594,166.0073030784787,161.77556888582575,164.83917155219063,4880073
2015-05-13,162.63511657714844,164.26608807325414,160.89393030660509,163.1861231877875,2227226
2015-05-14,163.18614196777344,163.7591835278616,160.27682403832358,162.63513529372275,2518413
2015-05-15,161.73147583007812,163.6710166269159,160.71762893355037,163.516745520457,2370660
2015-05-18,161.3788604736328,162.59107532996637,160.54133289971955,162.15026992766326,1902932
2015-05-19,160.2988739013672,161.51108869753804,159.92418663754276,161.33476923583027,3367308
2015-05-20,159.28501892089844,160.98212224090886,158.42544309124153,160.4972336562899,3619042
2015-05-21,164.7289581298828,165.25791645747591,160.23273835763007,160.23273835763007,3494856
2015-05-22,165.19180297851562,165.9852472183017,162.74533869558232,165.941177445667,1724948
2015-05-25,163.05392456054688,166.0073262988171,161.59927203412366,164.861229499534,1558758
2015-05-26,165.30201721191406,165.91914205237603,162.15026144086943,162.65718493652344,1825840
2015-05-27,168.8504638671875,169.26923428083757,163.9795707095614,164.81709808455145,2478570
2015-05-28,168.98275756835938,171.0325000459734,166.35995998312066,168.80643809382624,3353352
2015-05-29,172.37693786621094,173.5671177689804,167.92481430560588,168.3656196840668,6003508
2015-06-01,172.70753479003906,174.75729047734805,171.91409052239896,172.79570124302666,2859251
2015-06-02,169.048828125,173.43484612611624,168.60802283653845,172.79567307692307,2191899
2015-06-03,170.70188903808594,173.10428381928895,168.123174789527,168.38766071671745,4210717
2015-06-04,171.27491760253906,172.31081289115136,168.93865457061517,170.59167467404586,2843287
2015-06-05,178.68043518066406,180.61997585508882,172.81771648359702,172.81771648359702,9218970
2015-06-08,176.74090576171875,182.47137515927537,176.05764941600788,179.12125189793383,6610246
2015-06-09,176.89520263671875,178.08538260435634,174.18425210189233,175.85932070272722,3662673
2015-06-10,178.48208618164062,179.31961366864675,176.87314932065036,177.0715171120282,4448352
2015-06-11,176.36622619628906,180.28939118691105,175.88133761265894,179.0992113409382,3080462
2015-06-12,174.6029815673828,176.76292484131594,173.50096832024244,176.36620276280743,3609449
2015-06-15,173.80958557128906,175.88137659125994,172.77370351361853,175.3744530083396,4389850
2015-06-16,175.15403747558594,175.660961021446,173.412850674247,174.11814204133293,5719136
2015-06-17,175.4845733642578,177.51228021221633,174.88948358409593,175.88129540026281,4690179
2015-06-18,173.9197998046875,177.3360423346292,173.06023717499494,177.3360423346292,2862686
2015-06-19,173.52301025390625,176.01355760316386,172.61936473546317,174.99971075552966,2788874
2015-06-22,176.18991088867188,177.99720213478244,174.36055785047193,174.36055785047193,3765670
2015-06-23,183.11048889160156,185.02799432251084,176.18985488826706,176.49841047626467,6294096
2015-06-24,181.7440643310547,185.79947946543683,180.17921051363535,184.65338271421462,5522329
2015-06-25,181.32528686523438,182.53750160081387,180.31142646954436,181.12691907303295,6149596
2015-06-26,181.34735107421875,183.37505874114618,179.84861530381644,181.34735107421875,2521061
2015-06-29,179.71636962890625,182.60363966084395,176.05767668320317,180.17920992485207,2017827
2015-06-30,185.6892547607422,186.28434467714402,180.48775698160338,180.64202809314565,9240034
2015-07-01,187.56265258789062,189.23770732408528,186.01983405896556,186.26227158972978,7247029
2015-07-02,186.9235076904297,188.42225667758908,184.91784868160173,187.98145131720383,4018078
2015-07-03,184.0362548828125,187.12189268923092,182.9342413805202,186.923524877893,2469598
2015-07-06,185.02804565429688,186.28434359220353,182.3611786678398,182.9342202418897,4931673
2015-07-07,189.0614471435547,189.85490499274977,184.7856425234301,185.46888556228228,5529091
2015-07-08,183.88194274902344,188.57651687488752,182.71381130208994,188.33407932163553,5123404
2015-07-09,183.88194274902344,186.32842042891826,183.57338708600378,185.13824064385472,2934615
2015-07-10,185.11622619628906,187.34228800221382,184.5652194668708,185.57906646807533,3748152
2015-07-13,185.11622619628906,186.01987185160993,183.41912277921824,185.9978369633583,2023481
2015-07-14,191.37562561035156,191.9486805936142,185.18231628984447,185.7553578207964,6061876
2015-07-15,192.47767639160156,194.30701612227838,192.01483609970845,193.51357177837212,3890009
2015-07-16,193.2049560546875,194.483302176251,192.63191455022184,193.24903927479485,2685433
2015-07-17,189.6124267578125,193.27111939137745,189.10550327399733,193.2490710515432,1939162
2015-07-20,187.54063415527344,190.42790370318193,186.85737781828504,190.42790370318193,3351240
2015-07-21,188.9512481689453,190.6483517944571,187.011706933638,188.9953314031757,3572121
2015-07-22,190.58224487304688,191.15528659478616,187.89332885469264,187.89332885469264,3028536
2015-07-23,190.20755004882812,192.63198000310055,189.63450834965323,191.57404962260824,3970346
2015-07-24,187.8051300048828,191.66217714635874,187.34228972883082,189.7667193606157,4240548
2015-07-27,186.7251739501953,188.06962506677272,185.02807043501596,187.98147205635735,6244014
2015-07-28,185.51290893554688,188.42222653920254,184.03620852399416,187.32021331450795,4224368
2015-07-29,185.204345703125,186.90144881323556,184.34478343209182,185.71126911203848,5348695
2015-07-30,185.29251098632812,186.90144764469423,183.90397697848644,185.8655524967675,7044484
2015-07-31,193.53564453125,195.1886651147158,186.98969378257817,187.56273553725327,5559406
2015-08-03,190.29568481445312,195.03434257194775,188.92918546834102,194.395169400477,2794167
2015-08-04,195.453125,195.93801366353344,190.07530682460535,191.7503620779236,4990892
2015-08-05,193.29312133789062,197.08404955516187,192.45559397010405,196.15835574768832,3410332
2015-08-06,190.16342163085938,193.91026703357434,189.74466462782516,192.6539691198488,4162278
2015-08-07,182.80198669433594,191.35360791870397,181.67792496404067,189.89894217108278,7480783
2015-08-10,179.82655334472656,184.2786767523447,178.8567761645117,184.21255863831007,5571855
2015-08-11,173.10426330566406,180.73019034668496,172.06836806077564,180.50978767553048,8619915
2015-08-12,163.7151336669922,174.02997801682136,159.65973179091543,174.02997801682136,14392544
2015-08-13,166.2056427001953,167.02113524332975,160.89394390560585,163.93549796294826,7986914
2015-08-14,166.42608642578125,168.34359275644852,164.64082979686148,166.1836488177156,2980717
2015-08-17,167.43991088867188,168.29947322925426,165.03751640762823,167.48399411308128,2719119
2015-08-18,160.51925659179688,169.09292555377286,158.51359774167835,167.77050957726104,7856857
2015-08-19,156.7724151611328,161.07026718996187,156.26549171486138,160.2768229655641,4342672
2015-08-20,154.21572875976562,159.26294110711234,153.51043762651142,156.9487134042001,4973865
2015-08-21,153.686767578125,155.62630823824884,152.29823355169034,153.3561635979115,3733692
2015-08-24,148.37509155273438,151.59296540144277,146.545751941419,149.873827133608,9826523
2015-08-25,155.8687744140625,156.48589921345604,150.11625652651887,150.35870754034926,8086602
2015-08-26,157.87445068359375,159.90215820588847,154.14965313998576,155.47206933465887,4958051
2015-08-27,159.5054473876953,161.5111067114053,156.41980938056355,159.9682877078394,11449981
2015-08-28,157.6099395751953,161.7755553038622,156.35365515280432,161.7755553038622,4320791
2015-08-31,161.48899841308594,162.19428947029027,154.85487164202732,156.9046267197198,4502846
2015-09-01,156.35366821289062,161.1143607698999,152.62885750089694,159.57154199371755,3454778
2015-09-02,151.79132080078125,158.3372827592506,150.7774604521947,157.3675056349176,4050972
2015-09-03,152.21006774902344,154.92103116001508,149.6974855602281,152.6288381733112,3216240
2015-09-04,153.1798095703125,153.9732535627034,148.99216010004497,152.07779655182105,3506413
2015-09-07,148.74978637695312,155.11941628272513,148.11061317133016,155.11941628272513,3456022
2015-09-08,148.7056884765625,150.09422264759775,147.66979320688765,148.99220926545678,5328867
2015-09-09,149.4109649658203,151.54885995404348,148.7717918864211,151.54885995404348,6479310
2015-09-10,149.14646911621094,150.09419777735346,147.27304667699286,148.46321286111038,3799294
2015-09-11,147.16287231445312,150.18239172477277,146.7881850675121,149.8738225914538,1813830
2015-09-14,149.56524658203125,150.07218348522255,145.92860252457652,147.66978899967637,2800185
2015-09-15,149.01425170898438,150.18239671514218,148.17672418654692,149.87382757156982,3505826
2015-09-16,148.74978637695312,150.13832068497172,148.19877963152408,149.8297515266062,8157111
2015-09-18,151.35049438476562,152.0778204005673,149.16850288505108,150.3145992944738,6337365
2015-09-21,150.84361267089844,151.41665430773168,149.21262731635275,150.755446210318,3328761
2015-09-22,142.64462280273438,151.9676538433428,142.04953285284182,151.6370498103261,3776365
2015-09-23,144.4959716796875,145.46574871873648,139.9997656997672,141.4985010264073,3327509
2015-09-24,140.35240173339844,144.62821842999904,139.29447172719816,144.27556612639236,5936377
2015-09-28,136.14271545410156,141.71889963901614,135.56966051014734,141.71889963901614,7962444
2015-09-29,139.02999877929688,139.8234564468965,132.5942382528851,135.2611185782098,7414233
2015-09-30,144.40786743164062,145.06907560353247,139.3826880157256,140.1761324410699,7806132
2015-10-01,144.7384490966797,145.62005985596835,143.04134569458648,145.26740748086533,2815897
2015-10-05,145.3555908203125,146.87637493764475,142.68872334464106,145.46579217802312,3601833
2015-10-06,151.06402587890625,151.6591024461249,145.11315258820667,146.78820783725573,4666670
2015-10-07,152.62884521484375,153.79697664660344,149.6974924665227,151.17419300960506,3319321
2015-10-08,152.60675048828125,153.70876337900452,151.35045310239556,152.69490344815563,2394780
2015-10-09,148.04446411132812,153.73084984524948,147.47140914446143,153.40024586708765,3407835
2015-10-12,147.40530395507812,149.8738165654418,146.34737382272553,148.5514005369232,2260848
2015-10-13,150.02810668945312,150.6672663888858,146.1269765701937,146.34737924978677,1960525
2015-10-14,147.55958557128906,149.82973035115435,147.2730647946226,149.82973035115435,1985322
2015-10-15,150.4909210205078,151.37253158706298,146.78815933143798,148.22077650209013,2765986
2015-10-16,149.25669860839844,151.1080730616873,147.77999795182532,151.06400328723515,2787049
2015-10-19,148.90403747558594,150.05013404238605,147.93427380545606,149.25668981661514,1741503
2015-10-20,147.64773559570312,149.21258897657194,147.2289651940178,148.99218633406593,1736696
2015-10-21,148.6615753173828,149.74155359534896,147.16284010990807,147.7138466900318,7302126
2015-10-23,150.7113494873047,151.5488769785848,149.21261395780684,149.8738219960246,2219876
2015-10-26,146.96449279785156,151.94560104625657,146.39145125575612,151.81335137725003,3866037
2015-10-27,146.4796142578125,147.71387732465092,144.6282398360227,147.00858606535925,3829306
2015-10-28,145.553955078125,147.66981571339133,144.23153881800508,145.81842756829792,3432045
2015-10-29,141.85110473632812,146.3473230544664,141.3882646678316,145.5318307626473,7634777
2015-10-30,141.01364135742188,143.92295961748758,140.50671785015058,141.5426132055476,3556422
2015-11-02,143.26173400878906,143.70253934420072,139.53692354363605,141.05770733173077,2024779
2015-11-03,143.63641357421875,144.56210741967823,143.17355992533373,144.0992537707932,1681515
2015-11-04,145.66415405273438,146.06087623382447,143.32787729331295,144.1874532292695,2142185
2015-11-05,148.59548950195312,149.63138478810524,144.73844260310844,145.86249088984692,3740920
2015-11-06,150.84361267089844,152.07786240514537,146.78819762583595,149.34486355491023,3849776
2015-11-09,149.69749450683594,150.31461928558136,146.56777393682054,147.66978727469137,2613167
2015-11-10,143.72457885742188,148.88200682871198,142.60053059685663,148.37508336712986,2215348
2015-11-13,148.8599395751953,150.5349941585544,145.00289360480775,145.95062220992693,6657788
2015-11-16,145.79635620117188,148.52935450257155,143.98905174071794,147.42734122818626,4014192
2015-11-17,146.50167846679688,147.4494073933618,145.487817967891,145.90658848192155,1859904
2015-11-18,147.6918182373047,149.69749053033857,144.4739447571245,146.83225592798522,6900525
2015-11-19,147.09674072265625,148.41915668317526,145.48779054217616,147.89018491804333,3658468
2015-11-20,146.92044067382812,148.81591204565277,146.3033157781023,147.0967736031616,1647969
2015-11-23,146.435546875,147.22899114696298,145.75229049140378,147.22899114696298,2979816
2015-11-24,146.52371215820312,148.33101698729251,145.77435105016048,146.7000316276065,4012527
2015-11-26,148.0224609375,150.55709221007578,146.19312105732124,146.32537076032253,5909688
2015-11-27,148.3309783935547,149.32279028474488,147.3391665023645,148.74974879520332,2109945
2015-11-30,145.7082061767578,148.66160746582503,145.26740081733357,148.0665175401399,4387003
2015-12-01,150.5570831298828,151.19625635838744,145.95067464457958,145.95067464457958,3623167
2015-12-02,149.14646911621094,152.76106433931653,148.77178193790542,151.813335678174,2168133
2015-12-03,147.58163452148438,150.31463323393547,147.3171620577028,148.7718144177514,1780516
2015-12-04,147.7799835205078,149.2787189179494,146.34736623059985,147.22897687054322,2023873
2015-12-07,144.3858184814453,148.99224077387103,143.48217269791425,148.1767480081665,2915052
2015-12-08,140.17611694335938,144.14336553609596,139.66919342475012,143.21767150732813,3247712
2015-12-09,135.59173583984375,142.82094128868508,134.88644455042478,139.29449829390273,3961414
2015-12-10,137.06846618652344,137.619473023658,135.7019665399666,136.56152913450734,3494488
2015-12-11,135.65782165527344,137.53124405018787,134.996613751186,137.11247366334212,1918941
2015-12-14,139.36061096191406,140.02181899758878,134.44563392052765,134.88643927764414,2456429
2015-12-15,138.65530395507812,140.3744554144639,137.77369334095636,140.35240707772462,1937912
2015-12-16,139.6471405029297,140.79323719370166,137.53128003712973,139.69122373186568,2194038
2015-12-17,139.31649780273438,140.50667739215626,138.2365329812232,139.51486555174102,4540387
2015-12-18,139.4487762451172,140.50670640286464,138.63328365082643,139.53692924441424,3328948
2015-12-21,140.74916076660156,142.93115290740874,139.29450830760572,139.44879289018127,2328659
2015-12-22,140.6610107421875,141.89526052436082,139.51491397170443,140.8152953280376,1619130
2015-12-23,142.1597442626953,142.73278591290637,140.8152931474929,141.2781334455623,1438759
2015-12-24,142.07154846191406,144.76046358936446,141.67482636659105,143.54824896613206,1548582
2015-12-28,143.48211669921875,144.0772065096313,141.983381457953,142.35806863134678,2159124
2015-12-29,141.82913208007812,143.9229576508019,140.8814031964236,143.50418715573204,2318395
2015-12-30,141.9833984375,143.23969630920735,141.18994077795858,141.93931521436255,2583837
2015-12-31,145.37759399414062,146.34737111134513,142.38012309929059,142.38012309929059,4739203
2016-01-01,147.25103759765625,147.66980810604642,143.39399037100577,145.465781119389,1001091
2016-01-04,145.553955078125,148.59550978593805,144.36377506309154,146.76616998323493,1402242
2016-01-05,143.6143798828125,146.74410060695362,142.95317184752824,146.74410060695362,3789711
2016-01-06,144.5400390625,145.90653803058962,143.04130390007955,143.3498729565964,3950971
2016-01-07,143.87887573242188,145.35557647042324,142.93114684013565,144.05519519688931,2845034
2016-01-08,141.54261779785156,145.24538049792787,139.73531295248296,144.5841723924745,3587538
2016-01-11,139.2724609375,140.61691192450533,137.09046899222935,140.61691192450533,3136079
2016-01-12,139.29449462890625,140.0438691265056,137.61943963138222,139.2724597416936,2704456
2016-01-13,139.86753845214844,141.27812101638833,138.1484002004458,140.1761075919235,1860750
2016-01-14,140.4626007080078,141.87318299423563,136.91412356152642,138.47897693492413,1469470
2016-01-15,140.4185333251953,141.49851177103892,139.82345688800717,141.01362321469463,1925285
2016-01-18,137.0243377685547,142.42420299199568,136.38516466730465,139.07407983637827,1736472
2016-01-19,136.14271545410156,137.53124941640135,133.12319655049106,137.13452734893139,3268371
2016-01-20,131.4261016845703,139.5369167720743,128.71515169381007,134.7982596463604,3609992
2016-01-21,127.04011535644531,133.18934230989646,126.29074083270841,133.16730742191524,4600455
2016-01-22,131.99917602539062,133.38771027775687,127.48092089396377,128.27436519465516,8008963
2016-01-25,134.4015655517578,135.01869042947848,131.99918416128918,133.12323256526923,3162445
2016-01-27,134.02685546875,134.6660285794295,131.40407182148658,134.31338969566153,3860574
2016-01-28,135.15093994140625,138.30269589851125,132.72651021250803,133.34363508940126,8121506
2016-01-29,141.0356903076172,143.04134945682623,134.48972755726592,134.86441483028108,4782044
2016-02-01,144.82656860351562,145.46574163708723,137.37696210104792,141.80706321319946,3208370
2016-02-02,140.5948486328125,146.61183797993732,139.51487032206543,144.36372837433314,3045611
2016-02-03,139.84548950195312,142.95316166551657,138.76551107365353,139.7352881705883,4106124
2016-02-04,142.1597442626953,142.55646643994245,140.1100018033238,140.15408503464315,3572599
2016-02-05,143.8127899169922,148.63961537329345,140.17614465472343,142.55649159047252,6271759
2016-02-08,142.53436279296875,145.3555133564305,141.85110666790004,144.14329906763538,2378719
2016-02-09,136.31906127929688,142.38013514377653,135.79008945201733,141.23403848621243,3673347
2016-02-10,138.3026885986328,139.404702053602,133.16730858893894,134.48972473490198,3126063
2016-02-11,134.48973083496094,138.30269487163662,130.36819763597302,137.48720218750853,4387964
2016-02-12,133.4978790283203,137.13452251449277,132.4619839508881,136.25291197239036,4767172
2016-02-15,142.9311065673828,145.7963407776773,135.06272993018922,135.56965329231795,5228881
2016-02-16,140.13201904296875,144.0111142211636,138.19247818002722,143.70254509310647,2434947
2016-02-17,137.88392639160156,140.61692530510263,135.1068576991033,140.19815478612128,2497160
2016-02-18,139.99977111816406,140.66097909247625,138.41286928935267,138.7655081613949,1809851
2016-02-19,137.64151000976562,139.71330112983003,136.69378092594212,139.29453054631205,3183958
2016-02-22,138.3688201904297,139.29451427321447,136.7378481896317,137.79577851896548,2820180
2016-02-23,132.72647094726562,138.41285630234597,132.10934625293999,138.36877308439927,3468668
2016-02-24,130.1477813720703,132.6603772824474,129.02373309508218,132.6603772824474,2928473
2016-02-25,131.97708129882812,135.72392570066165,130.12570743048332,130.47834622855626,14688967
2016-02-26,137.28878784179688,137.90591244446503,132.90277062755976,133.14520811179486,6359697
2016-02-29,137.09048461914062,140.0438862925042,134.99665888942707,139.73531711983142,6433602
2016-03-01,140.10997009277344,140.55077540157416,136.4512779583411,137.39902013411105,3958446
2016-03-02,137.09048461914062,141.05773337017683,136.60559597021788,140.17612253661324,4195722
2016-03-03,138.45700073242188,139.75736879673397,136.64969561606887,138.76555648984314,4070260
2016-03-04,143.32781982421875,144.363714819492,138.65528163120254,138.89773258243702,6405159
2016-03-08,142.84295654296875,146.78816948204403,142.0935955809633,146.34736416828412,13626475
2016-03-09,142.1597442626953,143.7466464239974,141.93934155841205,142.82095237554506,6614341
2016-03-10,141.80709838867188,143.746639401144,141.10180707896032,143.26175078494774,8652210
2016-03-11,140.5727996826172,143.54823529258357,139.60303614779156,142.38010400283645,11276463
2016-03-14,143.0804901123047,144.1896352660995,140.81395818629113,141.2479708674811,9036862
2016-03-15,142.57412719726562,144.04496672893885,142.35712821890274,143.99673982815247,4471379
2016-03-16,142.57412719726562,143.17692666513565,141.53731505588593,142.93580687798766,3600579
2016-03-17,141.8989715576172,143.8038234516453,141.51318584791144,143.32158395612237,3428625
2016-03-18,143.58682250976562,144.0931681382003,141.68197044702035,142.74290331785264,4585864
2016-03-21,143.03224182128906,143.9484939482903,142.2606556607894,143.3456945598971,2804720
2016-03-22,141.97132873535156,144.52720732730089,141.5614221509387,142.98403479190569,5604065
2016-03-23,143.7073974609375,143.94851725533505,142.21245179231585,142.7188121906213,2712299
2016-03-28,141.53732299804688,143.9485210048279,140.9104174029977,143.9485210048279,4199915
2016-03-29,142.33299255371094,143.41803148262304,141.32028661003653,141.75431395502724,2231442
2016-03-30,143.15280151367188,143.49036034066594,142.4535483373281,142.55000212605896,3076806
2016-03-31,140.78985595703125,143.6350666304405,140.33172245405848,143.6350666304405,8788685
2016-04-01,138.4027557373047,141.65787281475,137.7517293784589,140.81395357244935,4021684
2016-04-04,137.43826293945312,139.3431149265549,136.95602342036733,139.0778743609884,3745464
2016-04-05,132.73641967773438,137.41414861939342,132.18184720735988,137.1971349620906,4975193
2016-04-06,132.90521240234375,134.97883641647874,132.13362624006726,133.09810526371737,6518559
2016-04-07,135.6298828125,135.87100260416668,133.24279098828634,133.67681838671368,3137807
2016-04-08,134.83419799804688,136.47380972988998,134.25550457890932,135.87101021694875,3567115
2016-04-11,135.2440948486328,136.28090699270027,133.6768162281078,135.12353495474628,6696441
2016-04-12,132.32652282714844,135.26818687546148,131.00036413229097,135.2440807859043,9281615
2016-04-13,133.79737854003906,134.2072704132339,132.61588567188497,133.21868515221172,9314286
2016-04-18,133.00164794921875,134.3278065715857,132.23007652417596,133.4356752717823,7530454
2016-04-20,134.3760223388672,135.99152747025644,133.17042369108123,133.9661158552639,8438851
2016-04-21,138.76438903808594,139.24662844395243,134.93057987473574,135.02703364262055,6341547
2016-04-22,138.78854370117188,139.19845028299181,137.43827877883024,139.19845028299181,3616133
2016-04-25,138.8608856201172,140.2834834759772,138.30629835895513,139.17433838721968,2987563
2016-04-26,139.02964782714844,139.801234003048,138.16162257725034,138.45096923281045,1972410
2016-04-27,140.28347778320312,141.5373035175155,138.90909216514498,139.36722561009194,2654547
2016-04-28,137.46237182617188,141.60963471806656,136.78723942906868,140.5969287640205,5733507
2016-04-29,138.90908813476562,139.68067431170778,137.07658384171245,137.43826348245574,3886257
2016-05-02,139.19845581054688,139.36724261173805,138.20987052994556,139.22257662030816,1741094
2016-05-03,134.61715698242188,139.48777900244087,133.82146473008586,139.36721912430565,4658529
2016-05-04,135.0029296875,135.72628880770426,131.36201328573785,133.96610317511738,6641861
2016-05-05,135.8950958251953,136.5461221443896,135.02707054412477,135.26819031295355,2845968
2016-05-06,135.9433135986328,136.20855415661282,133.82146271870164,135.62986086354897,3358599
2016-05-09,137.7276153564453,138.1616279984241,136.06388305927996,136.06388305927996,2147251
2016-05-10,137.39004516601562,138.25808518807173,136.47379296227572,138.25808518807173,3178150
2016-05-11,136.85958862304688,137.14893531801,133.41157852642914,135.84689726585236,4069757
2016-05-12,136.8837127685547,137.36595236631828,135.9915665693351,136.98015185803663,3368917
2016-05-13,135.726318359375,136.76313038072357,134.32781198239368,136.76313038072357,2846180
2016-05-16,136.4014434814453,136.9077890621713,134.85827121777717,135.94331007657408,4442240
2016-05-17,136.8837127685547,137.39005845949262,135.89511276306854,136.8354858654214,1736009
2016-05-18,136.9319305419922,137.58294218214033,135.6057717365616,137.58294218214033,2782932
2016-05-19,135.17172241210938,137.14890725352188,134.7377098168679,136.9560144019458,1489126
2016-05-20,134.54483032226562,135.55753628955318,134.08669687710756,135.31641652195057,4355684
2016-05-23,135.26820373535156,135.75044332086085,134.15905857539394,135.5093235281062,2035863
2016-05-24,134.81004333496094,135.70218933344185,134.06257801332578,135.70218933344185,2073509
2016-05-25,135.50933837890625,135.7504581980858,133.91795345903557,135.21999165253362,2075737
2016-05-26,135.4369659423828,135.8468724589959,134.42426005333323,135.50929892371886,4619836
2016-05-27,135.65399169921875,137.19716428438608,135.1235399200529,136.11212519953594,4543846
2016-05-30,141.07916259765625,142.718788703151,139.1260984711689,139.487778103243,17863356
2016-05-31,140.52459716796875,142.3812223159533,138.8367588001251,141.73019600214278,7041001
2016-06-01,143.32159423828125,144.4307392708435,139.39133029437986,140.8380488847389,5843470
2016-06-02,148.21630859375,149.25312054269358,143.08046102408625,143.610912683931,9888554
2016-06-03,148.9879150390625,150.4105128832099,148.55388767011206,149.49426068046048,6459723
2016-06-06,147.46884155273438,148.77089416307885,146.6008162903597,148.57800129552697,5184081
2016-06-07,148.4333038330078,149.25311682343528,147.10714528288037,148.09574503213474,2708323
2016-06-08,147.9510955810547,148.50568286519868,146.60083065906633,148.312775261957,1673081
2016-06-09,150.9409637451172,151.61609610285723,147.27594059580912,147.9510729535492,2240051
2016-06-10,147.87875366210938,152.33946945731745,147.63763388939543,151.27855128744588,2251748
2016-06-13,148.77088928222656,149.71126221626622,146.86603732528752,147.0830509921527,2418196
2016-06-14,148.93966674804688,149.66302597002206,147.8787340024375,149.49423920820496,2102212
2016-06-15,149.37368774414062,149.88003334130633,147.01071709606427,149.08434109571087,2353608
2016-06-16,148.31272888183594,149.2531016448236,147.32414394989857,149.0360880174328,1665463
2016-06-17,151.03741455078125,151.66432000271269,148.52976330949286,148.52976330949286,3608513
2016-06-20,150.62750244140625,151.03740893710224,149.42190375805384,149.49423673569882,1683234
2016-06-21,150.9409637451172,151.90544274668343,150.241710582269,150.9409637451172,1174461
2016-06-22,153.11105346679688,153.5450661080706,150.45873600516734,150.94097554364544,2935707
2016-06-23,153.1351318359375,153.7861580383884,152.43589346179257,153.11102575009048,1565312
2016-06-24,150.57933044433594,151.42324983033302,147.34831890837552,148.6503718477712,3080388
2016-06-27,148.57803344726562,150.699884883062,147.83055318817426,147.83055318817426,1728920
2016-06-28,151.0856170654297,151.5437504395486,149.44600584333003,149.85591232805004,2634505
2016-06-29,149.9765167236328,151.73668833346318,149.3013842219316,151.51968934190822,1902427
2016-06-30,150.9409637451172,151.61609610285723,150.241710582269,151.4232032459003,3314387
2016-07-01,149.54248046875,151.61610455094768,149.27723989847104,150.94097215558907,2225864
2016-07-04,153.3280487060547,153.8343942738487,150.21759817023155,150.69983765071385,2699220
2016-07-05,155.2570343017578,155.9562728430242,152.86994256117117,153.3280760360017,2816887
2016-07-07,152.17066955566406,157.13774527547,151.76077775081018,156.65550577161204,3939302
2016-07-08,150.3140869140625,151.8813655901577,149.49427371985274,151.08565848886644,2294810
2016-07-11,154.75064086914062,155.57045384367223,151.73664422274578,151.9054309783,2536047
2016-07-12,152.89402770996094,154.96766639168013,151.0856295835218,154.96766639168013,3413443
2016-07-13,156.2696990966797,156.9689522360566,152.9904764881381,153.83439558618144,3400480
2016-07-14,156.5590362548828,157.9816485350488,155.03998491370336,156.7278230076317,4310790
2016-07-15,153.76206970214844,156.7278397259132,152.8699236711215,156.5590529551597,2109207
2016-07-18,155.11236572265625,156.24563173570118,153.7862068113193,154.1478865144112,1986754
2016-07-19,153.81028747558594,156.10092499728887,153.35215408453297,155.25700591034567,1617036
2016-07-20,158.77735900878906,159.11493255322745,154.07552377618254,154.2684166372408,3246139
2016-07-21,160.7545623779297,161.93604048535673,157.54767220522248,159.13905688738285,6355171
2016-07-22,159.8383026123047,160.94744767586715,158.99438341100802,160.58576801816858,2004989
2016-07-25,160.94741821289062,161.26087091549226,159.0425664776664,159.62125971076193,1492185
2016-07-26,157.90931701660156,161.16443337063043,157.59584959427076,161.06797959194705,1692026
2016-07-27,156.9930877685547,159.52484553753075,156.12506242019074,157.81290093284144,1919050
2016-07-28,159.11495971679688,160.65811758548742,157.25833433899288,157.28244043194724,3253199
2016-07-29,158.17457580566406,161.0680131679628,157.62000325458015,159.1390549264303,3182206
2016-08-01,157.42709350585938,159.862397138144,157.08951996304796,158.80146433226406,1461407
2016-08-02,155.78746032714844,158.6567911603784,155.28111475271078,157.69231218675907,2335301
2016-08-03,157.2823944091797,158.46388695391326,155.32933051426437,156.10091658122627,1603751
2016-08-04,156.00453186035156,158.48806319545113,154.63014586969283,158.36750327902118,1808553
2016-08-05,158.84970092773438,159.331940465898,156.703743812976,156.8966366848849,2101931
2016-08-08,160.07943725585938,160.34466314276526,158.07813119057485,159.13906417176705,2076712
2016-08-09,162.58705139160156,162.75583816713134,160.5857603249029,161.06799984539813,3267563
2016-08-10,162.97286987304688,163.96145511274844,161.3091374565128,163.18986885121402,3121860
2016-08-11,162.90049743652344,163.2862978671211,160.75454048865163,162.58704470445022,3452229
2016-08-12,162.97286987304688,163.7685622265608,161.8637100230962,162.6111901926511,1889296
2016-08-16,162.90049743652344,164.1302169932776,161.64668650823054,162.5147117227074,2665923
2016-08-17,167.7229461669922,168.75977319894764,162.92467042853502,162.97289733740513,5810868
2016-08-18,163.5032958984375,167.9399051664313,163.04517720543936,167.8675721850928,4975745
2016-08-19,161.14036560058594,164.15436321662557,160.15178026923903,163.9855764067703,9764483
2016-08-22,161.50201416015625,162.5629470030583,159.6212829539048,160.05529558353476,7488064
2016-08-23,162.34600830078125,162.75591503014093,160.36882238964984,161.8396624518476,2257353
2016-08-24,161.04388427734375,162.37004288065035,160.39285801963698,162.32181598808293,7665307
2016-08-25,159.7659454345703,162.37005058902503,158.82558721037907,161.30911776930037,3658893
2016-08-26,160.73045349121094,161.21269309330492,158.8979488899677,159.83832200076483,2682815
2016-08-29,160.99566650390625,161.26089235287796,159.3801611704709,160.58575996903727,1292318
2016-08-30,161.3814697265625,162.08072299224324,160.29643069023405,161.5984834205417,1531387
2016-08-31,160.82684326171875,162.2253346075953,159.66947162088223,161.0679629667588,3834244
2016-09-01,162.9969482421875,163.47918773402827,160.39285792960348,161.11621716736468,2860233
2016-09-02,160.24819946289062,162.58706426584882,159.83830761143875,162.5147312754034,3458571
2016-09-06,158.58448791503906,160.94745890010327,156.800195592579,160.85100509794393,2989741
2016-09-07,159.6212921142578,160.29642454540254,157.74056080007486,158.65681300782725,2982805
2016-09-08,160.3687286376953,160.58574228425113,158.56033063899878,159.62126335161298,2998354
2016-09-09,160.19998168945312,160.58576743622038,159.40427467197347,160.58576743622038,2194843
2016-09-12,159.3560791015625,160.58578417474544,157.9334664181055,158.02992022324253,2607009
2016-09-14,156.4143524169922,157.9575096677502,155.0399671829016,156.0526728667988,6425242
2016-09-15,156.12503051757812,157.64408192520378,155.18465765168654,156.89661662333776,2277264
2016-09-16,156.5108184814453,157.69231110271943,155.42577964358256,156.82428591914166,4151279
2016-09-19,158.31919860839844,158.704998981555,156.24557495100734,156.24557495100734,2730095
2016-09-20,158.77735900878906,159.3319315031247,157.76465309225588,158.56034534210983,2955423
2016-09-21,159.6212921142578,160.0794255765256,157.9575597689518,158.80147898707853,3433714
2016-09-22,157.90931701660156,160.85096594829963,157.52351661864842,160.75452688639663,2589917
2016-09-23,158.3674774169922,159.11495760686344,157.76467793328197,157.76467793328197,3605797
2016-09-26,160.32057189941406,161.11626435061538,158.24693264716004,158.58450627702032,3256853
2016-09-27,160.46522521972656,162.6111973039694,160.10354552351382,161.79138410584,3058963
2016-09-28,158.3916015625,161.88783864165802,157.98169496158664,160.4652259434247,1620533
2016-09-29,158.0057830810547,160.32054171401523,155.54635847212663,159.28371492471072,4747212
2016-09-30,155.42578125,158.56033792511212,152.82169095557083,157.28240622399957,4445950
2016-10-03,158.1262969970703,158.51209734879757,155.03996776714538,155.81155375382127,3104019
2016-10-04,154.84713745117188,158.65682732192812,154.00321815690629,158.17458772520493,5945963
2016-10-05,154.91943359375,156.05269931981536,153.71383488874028,155.32934009680952,5316324
2016-10-06,153.6173858642578,155.76335751236368,152.96637431681094,155.76335751236368,3130353
2016-10-07,153.7379608154297,154.17198817866765,152.21890919444579,153.9308684065501,2038680
2016-10-10,153.78616333007812,155.16054875659287,153.4244837292469,154.3166296879867,1976384
2016-10-13,152.1465606689453,153.7861720085507,150.45872243648475,153.35215940641714,3543786
2016-10-14,150.965087890625,153.44863339014435,150.62752902976985,152.3877004748089,2066659
2016-10-17,150.0970458984375,152.5805764052882,149.32545974724982,151.80899025410054,5164144
2016-10-18,150.72396850585938,151.76079533269848,150.2658497541891,150.41051573539372,3335691
2016-10-19,150.72396850585938,151.85723441457375,150.28995584546206,150.45874263472308,3410851
2016-10-20,150.74810791015625,151.73669324283415,150.55521500582705,150.57932110007374,1993881
2016-10-21,151.0856170654297,151.51964435323936,150.60337760500153,150.74805827319824,3009896
2016-10-24,154.91943359375,155.57045983781146,150.86862488827353,151.3749704576652,2802733
2016-10-25,154.14784240722656,156.19736013830737,153.3762563180518,156.19736013830737,2235089
2016-10-26,153.97909545898438,155.08825534791848,152.82172338439676,153.81032337562831,1967319
2016-10-27,152.53236389160156,154.43721600222992,152.07424514883112,154.31665611464035,2363687
2016-10-28,156.63143920898438,157.69237237159362,152.24306997757745,152.8699756629822,3058160
2016-11-01,159.16311645507812,159.76591573678465,155.9080003338629,157.45117238174333,5375999
2016-11-02,158.15045166015625,158.7773571303744,155.78746631060682,157.2341848266011,3362257
2016-11-03,157.6923370361328,159.62129528733934,156.84841780122997,158.0781227996607,2183816
2016-11-04,152.33953857421875,157.6924029004355,150.60347247966337,157.6924029004355,3382028
2016-11-07,153.97909545898438,155.52226803629077,152.7011634866942,153.78620256601715,2877174
2016-11-08,152.89402770996094,155.3052252118798,152.1706684593853,153.97906658582443,1759612
2016-11-09,152.89402770996094,154.79887962318946,139.5118815743114,145.2023165089088,4814661
2016-11-10,160.68222045898438,162.6593907976419,154.31665265044057,155.18467793488617,5022605
2016-11-11,156.2696990966797,160.10350888593177,154.99176740585602,159.06669693740622,2674065
2016-11-15,151.25440979003906,158.63268265588303,150.45871759228223,155.7633518663691,3886233
2016-11-16,150.965087890625,153.01460601409948,149.03612965676666,153.01460601409948,3380097
2016-11-17,147.9752197265625,150.79632424457066,145.63635479396484,149.8559511663065,4774690
2016-11-18,147.9028778076172,149.18080968848744,146.60082511886134,148.1439975857732,2226399
2016-11-21,145.03355407714844,149.6630570010227,144.33430079754413,147.90288547262028,2929466
2016-11-22,146.31146240234375,147.05894246275503,144.11727854837437,145.63633004087484,2497312
2016-11-23,146.6249237060547,148.0234301212141,145.70867153931005,147.56529667945048,1537222
2016-11-24,144.84066772460938,146.84195913398156,143.99674841924167,146.60083933244792,3596361
2016-11-25,146.7213592529297,147.2035987245909,145.10585407950842,145.82921328700024,1621974
2016-11-28,147.03485107421875,147.4206515842307,145.68458608113855,147.03485107421875,1677056
2016-11-29,148.72264099121094,151.42318481016216,147.56526927359752,147.75816210706978,3068122
2016-11-30,148.81915283203125,149.8318589988693,147.1071933146469,149.8077381872865,3289134
2016-12-01,147.70997619628906,149.638934499691,147.25185742930145,149.10848273968261,1906398
2016-12-02,147.49295043945312,150.31405438935562,146.8419241868939,148.60209537582716,3374258
2016-12-05,147.2518310546875,148.11985624903082,145.58809892928466,147.13127118231864,2694582
2016-12-06,147.420654296875,149.25315892360103,146.86606697332704,147.83054619092704,3262885
2016-12-07,147.2277374267578,148.5297901753986,146.74549784826624,147.8787638010782,1896374
2016-12-08,150.5069580078125,151.2544233814325,147.80641373680157,148.43331922972274,2985532
2016-12-09,147.7823028564453,151.0615256184328,147.51706229743723,150.916859652997,2583377
2016-12-12,147.2277374267578,149.34960334554785,146.9142846440951,147.51708411720955,1861391
2016-12-13,147.54119873046875,148.45745094776947,146.16681304612595,146.16681304612595,4145409
2016-12-14,140.8139190673828,144.14136832116702,140.35578570425292,143.22511631168732,7916342
2016-12-15,139.9217987060547,141.681970072608,139.51189215628077,139.84946571886698,2606624
2016-12-16,139.00555419921875,141.0550723443937,138.4509816444693,140.88628555378727,4139183
2016-12-19,138.57154846191406,139.7530266216485,138.16164186903302,139.10201495171398,2396882
2016-12-20,140.1387939453125,141.10327289233214,139.4636616257549,139.84944731785043,2428442
2016-12-21,140.910400390625,142.01954545312125,139.43956095399489,140.62105372138768,2448452
2016-12-22,138.71620178222656,140.7657198426602,138.42685511269113,140.33170719674848,1586040
2016-12-23,138.81268310546875,139.36725574726506,137.92053682947338,139.36725574726506,1478235
2016-12-26,137.43826293945312,139.0778743609884,136.28089103700364,139.0778743609884,2446568
2016-12-27,139.34310913085938,139.97001459288316,136.232658475416,136.232658475416,3419419
2016-12-28,142.35711669921875,142.9357953114764,139.2225597199461,139.84946522908754,3946048
2016-12-29,144.02085876464844,145.49169842749845,141.15154187175744,141.15154187175744,7139986
2016-12-30,144.67184448242188,145.29874992179995,142.7911134475066,143.70736551920572,3733367
2017-01-02,144.6959686279297,145.94979437994508,143.2251439121777,144.6959686279297,1729563
2017-01-03,147.2277374267578,148.1922165837409,144.4307537582204,145.15411312595774,1459916
2017-01-04,147.63763427734375,149.49425947547644,147.30007542472703,147.5653012886961,1954806
2017-01-05,148.6744384765625,150.16938393541085,147.85464012071694,148.09575988128015,1845973
2017-01-06,147.66175842285156,149.7594887249709,147.08306506702206,149.01202329740923,940177
2017-01-09,144.67184448242188,147.54117528470232,144.47895163313484,147.49294839318532,1947858
2017-01-10,144.96119689941406,146.23912863331506,144.23783764813635,145.1781958447284,1455309
2017-01-11,152.79759216308594,153.352164657958,145.443439612665,145.443439612665,7657690
2017-01-12,151.03741455078125,153.66561094810444,149.73536203765434,153.35215822213874,2316891
2017-01-13,151.90542602539062,153.97904976378712,151.20617293951412,152.38766547309027,3458448
2017-01-16,151.32676696777344,153.83441854869753,149.66304932764592,153.83441854869753,3866192
2017-01-17,148.0475616455078,152.12249227458193,147.5894281250373,151.6884648481214,3759649
2017-01-18,148.8673553466797,149.39780707958928,146.86604943571228,146.98660932351595,3680888
2017-01-19,148.21630859375,149.71125393995712,147.85462898015703,149.01200080029827,2434032
2017-01-20,146.4561767578125,148.69858802107586,145.8533772399038,148.04756159837743,3784930
2017-01-23,146.31146240234375,147.66174184206326,145.9015558810578,146.55258215406704,1855848
2017-01-24,149.2290496826172,149.85595527412173,146.4079450872776,146.84195778268725,2508724
2017-01-25,152.96640014648438,153.83442550084135,148.28867034955712,149.39781549310035,5594608
2017-01-27,153.2316131591797,154.50954499118686,152.38769396790175,153.35217304364795,2607499
2017-01-30,151.76080322265625,153.1351742659033,151.13388293234829,152.67705549041568,1713746
2017-01-31,149.10850524902344,151.59203649620918,146.1186135406844,151.13390294327806,17232981
2017-02-01,150.965087890625,151.27855537705372,147.70997087098905,149.4942631240214,3168177
2017-02-02,154.53366088867188,155.66691199324447,148.89145258809432,150.16938437950208,3723534
2017-02-03,157.2823944091797,157.64407399836995,154.53363836140184,154.53363836140184,3778609
2017-02-06,156.75196838378906,158.656820596817,155.47403644999824,157.21010186797065,1934568
2017-02-07,151.92958068847656,157.4512300168217,149.7595024799752,157.2101102158771,5669911
2017-02-08,155.16058349609375,155.52226317790283,150.9409872083212,150.9409872083212,4346528
2017-02-09,155.35345458984375,156.72784013127438,153.44861736293277,155.32934850115169,2390829
2017-02-10,156.4867401123047,156.84841978898953,154.9917945053173,156.24562032784814,2168081
2017-02-13,154.75064086914062,155.03998749055063,151.80897719890316,153.3521493685695,4142829
2017-02-14,154.4130859375,154.65420567524328,152.02599464712932,153.83439268020382,2050709
2017-02-15,154.2925567626953,155.66692776781665,152.99050403314652,154.7747963341158,2649600
2017-02-16,153.49685668945312,153.8344302915402,152.2912577059771,153.11107090145458,2703863
2017-02-17,152.5082550048828,154.31665328557312,149.97649741191637,154.31665328557312,4292500
2017-02-20,154.2684326171875,154.750672178177,151.47144905016174,152.50826116293248,2429373
2017-02-21,154.123779296875,154.99180469125102,152.91818029536125,154.557791994063,1678198
2017-02-22,158.34336853027344,158.9943949045495,154.5818909882251,155.42581025052786,3479768
2017-02-23,158.02992248535156,160.10354687442089,156.96898948079516,158.9461747801314,9869639
2017-02-27,159.11495971679688,160.24821098777207,158.0299206317304,159.13906580975123,5619203
2017-02-28,155.23291015625,159.81418593893488,154.36488484203358,159.13905350379062,5247380
2017-03-01,154.4130859375,156.48670979537974,153.64149983336537,155.76335058214994,4131446
2017-03-02,154.9917755126953,157.3788669730156,153.520950894458,153.520950894458,4008179
2017-03-03,154.91943359375,156.43848501870605,154.55775398224708,155.28111320525292,2402666
2017-03-06,155.71514892578125,158.12634669396238,154.60600383913123,156.72785493177398,4040938
2017-03-07,155.6669158935547,157.33064817475946,154.94355659160178,156.72784875646536,4787611
2017-03-08,154.4130859375,157.06540305267592,153.97905863613744,156.727829533123,4290085
2017-03-09,153.40040588378906,154.26843119887636,153.1351652976133,154.00320532948393,4365909
2017-03-10,152.53236389160156,154.31665611464035,152.02601825043865,154.09964243026587,5243694
2017-03-14,151.1995391845703,154.8135580400959,150.66127073866627,154.8135580400959,9137462
2017-03-15,150.04611206054688,152.22477946629428,149.68726646546824,151.99409077743607,6245963
2017-03-16,149.6616668701172,151.48148899119835,149.27719608587554,151.02012717893965,8597054
2017-03-17,148.27752685546875,151.0200875251004,147.73927415652375,150.68688272841294,9065938
2017-03-20,149.58474731445312,149.89232704418635,147.66239355881422,148.66202376940842,7075100
2017-03-21,149.8154296875,151.12262392839477,149.1746451293841,150.19990042236955,6910712
2017-03-22,149.76419067382812,150.35370944427126,148.40573029563558,149.174671903385,4830714
2017-03-23,151.68650817871094,152.224776561056,149.84104563552697,149.86668640277384,11221222
2017-03-24,152.6861572265625,153.78830360691435,151.55837007578305,152.7630482495349,9643952
2017-03-27,149.43096923828125,150.43059947541042,148.8927164300765,150.43059947541042,5001302
2017-03-28,148.84146118164062,149.89234174680658,148.45699039280095,149.6360278875801,5418025
2017-03-29,150.76380920410156,151.02012305326048,148.76456430949324,148.91834636132626,5756051
2017-03-30,148.40573120117188,151.4814976509371,148.1494173303581,151.4814976509371,7141482
2017-03-31,150.02049255371094,150.81507487137796,148.4569843339027,148.6620322840841,7016938
2017-04-03,151.22515869140625,151.3533156055515,149.1746480650821,150.0204805696099,3252869
2017-04-05,148.68765258789062,152.14788943397747,148.5594956676652,152.14788943397747,7897483
2017-04-06,146.81654357910156,148.55947431482042,146.4833387632389,148.55947431482042,8564973
2017-04-07,145.53500366210938,146.7140567809707,143.5870246228167,146.7140567809707,11862350
2017-04-10,146.9959716796875,147.9443359161291,145.97071642821626,146.04760744324588,5200102
2017-04-11,148.09812927246094,148.8670707698716,146.68840319387473,146.86782600543484,4064823
2017-04-12,148.6620330810547,149.61039745540293,147.63677768049567,147.76493460556554,4747753
2017-04-13,149.20028686523438,149.45660071701738,147.91871760631926,148.09814043139858,3847263
2017-04-17,146.50897216796875,149.17464213386432,146.20140810157258,149.17464213386432,1515055
2017-04-18,143.15126037597656,145.84255533380602,142.86932144757952,145.07361391728332,4906059
2017-04-19,144.91983032226562,145.27866025959847,141.53648499737423,142.76678812165665,3993645
2017-04-20,143.22816467285156,145.5862550310588,142.56175497438534,145.53498913637188,3833330
2017-04-21,141.9978485107422,144.40720454457852,141.69026881474028,144.02273383561442,3533868
2017-04-24,142.0747528076172,143.25380581183984,141.6390161678861,143.25380581183984,4077534
2017-04-25,142.66427612304688,142.9718558578011,142.07475742385844,142.51049407774732,2431359
2017-04-26,141.81842041015625,143.8945715473541,141.48521560368823,142.97183249388198,2868393
2017-04-27,140.53688049316406,142.459234363609,139.99862766710183,141.92098153754677,2586925
2017-04-28,141.81842041015625,142.63862768741396,140.53685142823878,140.53685142823878,2235812
2017-05-02,140.74191284179688,142.86933007124418,140.383082878919,142.86933007124418,2101731
2017-05-03,143.30503845214844,143.63825890544732,140.9725891439729,142.20289224767157,2622769
2017-05-04,143.66387939453125,144.35592975684116,143.0230949190873,143.53572249944247,2230934
2017-05-05,142.76683044433594,145.81697185870922,142.53614169582926,144.56102759534195,5125398
2017-05-08,143.0743865966797,144.0483760460963,142.61302482002498,144.0483760460963,1671179
2017-05-09,142.58737182617188,143.61262708380266,141.48522555304953,143.22815636219113,2466355
2017-05-10,142.7924346923828,143.17690545423,142.0491339393048,142.3567136776136,1433509
2017-05-11,140.56251525878906,143.53574952704432,140.33182654652995,143.48448363052506,4892432
2017-05-12,141.7928009033203,142.53610155577636,140.76754567718518,140.76754567718518,2692014
2017-05-15,142.38232421875,142.76679494121288,142.12601040377476,142.12601040377476,2531633
2017-05-16,141.4595947265625,142.3566930408244,140.71627843708424,142.20289537188765,2258317
2017-05-17,141.66465759277344,142.51049010666188,140.97260711989935,141.07513891001207,2146326
2017-05-18,141.71592712402344,142.7155417045747,140.97261073702072,140.97261073702072,1619249
2017-05-19,141.6134033203125,145.40684520350052,141.35708946814904,142.71554975578417,4250348
2017-05-22,140.38304138183594,142.38228546566523,140.20361863135713,142.17723759832498,1557880
2017-05-23,137.30731201171875,140.87006460669414,136.94846641779444,140.4087028746154,2984399
2017-05-24,134.18028259277344,138.53761746207076,133.7958118690119,137.53798732262928,3021594
2017-05-25,136.0770263671875,136.4871222609196,134.69292534856947,135.2311781646123,4127507
2017-05-26,137.51235961914062,138.0249872412064,136.30768157845537,136.35894746949265,1843278
2017-05-29,137.02536010742188,138.92208860807185,136.23079353356124,138.40946097483172,3299175
2017-05-30,137.23043823242188,137.69180002244502,133.0268849363098,133.18066698493237,4782782
2017-05-31,134.59042358398438,137.84561326583264,134.30848454965445,137.38425137140226,3555129
2017-06-01,136.0257568359375,136.41022759259977,134.69292175067733,134.82107866956474,1289229
2017-06-02,137.79434204101562,138.5376585852604,136.02578557323076,136.02578557323076,2602919
2017-06-05,135.61566162109375,137.33296766957676,135.17994055979133,137.10229457432672,3033579
2017-06-06,134.46221923828125,136.00010210708732,134.30843720906205,135.8463200778681,1340588
2017-06-07,135.5387420654297,135.8463217718571,134.5647526985377,134.82106651320157,1618299
2017-06-08,134.7698211669922,135.7181855546567,134.35972525867268,135.6412945273663,1404808
2017-06-09,134.05215454101562,135.5900377671076,133.7958406700003,135.33372389609227,1744203
2017-06-12,133.43699645996094,134.56478376249046,133.334480296922,134.28284475893676,1675846
2017-06-13,132.79620361328125,133.48825415892694,132.51426462705646,133.2832062012947,1732288
2017-06-14,131.77093505859375,133.15503601204983,131.28394816323313,133.0268790957726,1887257
2017-06-15,130.30995178222656,131.71968569282984,129.69480014437622,131.64277902722267,3324587
2017-06-16,131.07887268066406,131.84782188470206,130.1817744017087,130.66876904586923,3283821
2017-06-19,130.18179321289062,131.71968402111455,128.92585700528642,131.36083840001848,2412135
2017-06-20,129.9767608642578,130.72006949895385,129.69481405190322,130.43812268659926,1052345
2017-06-21,128.3876190185547,130.07929216581653,128.20820399846977,130.05365921378188,3289233
2017-06-22,125.95262908935547,129.00276245530182,125.6963152296612,128.41324370683625,3230390
2017-06-23,125.5425033569336,127.02912817598094,124.61977988133917,125.95260702501828,3623117
2017-06-27,125.2605972290039,126.41400969769794,125.08117438281992,125.64506805190192,2074212
2017-06-28,125.978271484375,126.72158016879887,125.36311973940622,126.1064284238301,3526585
2017-06-29,125.67066955566406,127.02913756775169,125.38873059620803,126.51650990026445,2498353
2017-06-30,125.20928955078125,126.05512195013411,124.82481885615245,125.43997040314328,2375289
2017-07-03,127.5674057006836,127.90061057535536,124.36348259007849,125.77320875874473,2347837
2017-07-04,126.49085998535156,128.41321348056965,126.20891324163762,128.41321348056965,1760337
2017-07-05,126.87535095214844,127.64429247307055,126.23456635138001,127.54176850136314,1260907
2017-07-06,128.90020751953125,129.59225790333625,126.67028216897047,126.87533007865089,2797532
2017-07-07,128.72079467773438,129.66915105324782,128.18253412834756,128.18253412834756,1762982
2017-07-10,132.66802978515625,132.94998437962244,129.9254765462964,129.9254765462964,717269
2017-07-11,130.46371459960938,133.23190030707724,130.0792439279013,132.77053862985787,1813885
2017-07-12,129.9254913330078,131.61716433779233,129.74607632803372,130.72006584668762,2640999
2017-07-13,130.02796936035156,131.1301232388983,129.1052460675268,130.3099160651926,2303738
2017-07-14,128.3876190185547,130.36123899403995,127.18294849371456,130.1818161518763,2907464
2017-07-17,126.6190185546875,128.66952897662574,126.13202389389247,128.54137207525463,4445325
2017-07-18,127.38799285888672,127.79809661359259,125.97826657976422,127.38799285888672,5338825
2017-07-19,130.56626892089844,131.5658913354635,127.15729796756484,127.15729796756484,4270908
2017-07-20,130.8738250732422,132.5142317940923,130.33556454022423,130.56624539092442,3923545
2017-07-21,134.4878692626953,134.79544898645787,130.2586910823851,130.72005284595164,7715255
2017-07-24,134.0777587890625,135.97448739684054,133.33445806537466,134.82107515690504,3359835
2017-07-25,132.41172790527344,134.48787946505337,132.12978892952648,134.3084566422345,1812135
2017-07-26,133.6164093017578,134.25719393839023,132.28357412873117,132.46299695581948,2199360
2017-07-27,130.8481903076172,134.41095826023576,130.46371962111098,134.10337858220032,1950819
2017-07-28,128.95147705078125,131.5402480495283,128.15690268968984,130.30993709046132,2641938
2017-07-31,127.695556640625,129.3615965800603,127.13166307075436,129.18217376544393,3580763
2017-08-01,128.90020751953125,129.95109565631515,127.8749523269765,128.10563318088606,5248187
2017-08-02,128.5926513671875,129.89984563975412,127.6442870693673,129.15653709874553,3701093
2017-08-03,123.92772674560547,129.07963587483295,123.59452192248312,128.97711191557045,9661464
2017-08-04,127.746826171875,128.25945389152304,122.23607818565861,124.05590815482479,6573068
2017-08-07,128.92584228515625,129.79730764672414,127.43922536378027,128.0543769235884,3336900
2017-08-08,125.61940002441406,128.64389985789308,124.67103579723204,127.33669786061508,3335671
2017-08-09,124.31218719482422,125.7475459722106,123.59451171716907,125.54249024854053,1801736
2017-08-10,122.49237060546875,124.18404334862703,121.74906210649708,123.64578277279345,2764860
2017-08-11,120.92884826660156,123.23567247719693,119.80106910583692,121.49274175802213,3335287
2017-08-14,122.08230590820312,123.49203234050145,121.05705032107709,121.28773908584394,3086137
2017-08-16,121.97975158691406,122.9793739714168,120.21118770324344,121.49275686852323,7864893
2017-08-17,126.59342193603516,127.82373323548238,121.5184103142918,122.72308083961535,20945037
2017-08-18,124.74795532226562,127.0804051257502,123.90211491453691,126.36272946653618,3442524
2017-08-21,122.23607635498047,127.84934823664322,121.77471454303816,125.08116172083308,6555861
2017-08-22,123.31258392333984,124.59415306030643,122.28732861376659,123.31258392333986,3428907
2017-08-23,123.59451293945312,124.31218842420573,122.77430568081348,124.2096644723948,3693013
2017-08-24,123.69705200195312,124.46599346758224,122.82558657198886,124.26093771683489,3835139
2017-08-28,124.87610626220703,125.23494407461155,123.82521795138994,124.05589884350158,2231233
2017-08-29,122.133544921875,124.31221256476258,122.00538800170513,124.31221256476258,3051560
2017-08-30,123.95336151123047,124.26093339353478,122.5948936093034,123.51762490036998,3263209
2017-08-31,121.69778442382812,123.79956063170619,120.90321793209299,123.79956063170619,8401866
2017-09-01,122.33856201171875,123.23566022666098,122.03099017412683,122.03099017412683,2197715
2017-09-04,126.36272430419922,126.72156211914651,122.49238371951307,122.51801666816881,8269444
2017-09-05,130.13055419921875,130.56628308253192,125.38874763076855,126.36273720248367,9538135
2017-09-06,131.13014221191406,132.02723269372004,128.69516110137607,128.95147490248533,4237130
2017-09-07,129.84857177734375,132.71928162492856,129.00273154974604,132.6167654921048,5398987
2017-09-08,130.7200469970703,131.15578361589132,128.95148321976063,129.84858158150524,3749501
2017-09-11,131.77093505859375,133.07814499111447,130.84821151905956,131.48899610044575,3525110
2017-09-12,132.02723693847656,132.41170765250143,129.899835449703,131.28393627785385,3752410
2017-09-13,131.41209411621094,133.12939977988745,130.7713095882834,131.74529894190255,3956139
2017-09-14,130.74566650390625,132.36044808230935,130.23303892131662,131.0276132387458,5756534
2017-09-15,133.18069458007812,134.41101380060365,130.82261142169523,130.82261142169523,8591867
2017-09-18,135.61566162109375,135.8463503605008,133.33447757700597,134.02652815107012,4114253
2017-09-19,132.53988647460938,134.79546088520394,131.7965856910709,134.30845830924466,5364164
2017-09-20,131.51463317871094,132.61679527418875,129.79733503776623,132.5398886021089,3310089
2017-09-21,130.23306274414062,131.4377330903444,127.38797757591692,130.9763713104498,4473641
2017-09-22,130.1049041748047,130.43810903138248,127.13166212520298,129.95111430943126,5178307
2017-09-25,131.77093505859375,132.10415555623842,128.28507319351482,130.412474874886,5684406
2017-09-26,133.48826599121094,134.2315825031907,130.10492745791342,132.00164861140914,4587866
2017-09-27,133.71893310546875,134.2571859103923,130.87384792452903,134.18029488742542,5990467
2017-09-28,137.28167724609375,138.5376212355859,132.74493509745807,133.2831878677237,15893278
2017-09-29,138.8451690673828,139.63973547800668,137.0253319567578,138.4094325398162,4839652
2017-10-03,139.4347381591797,140.61377564330434,137.97374604595996,139.9473658730002,2925990
2017-10-04,138.4094696044922,139.3578339139465,137.74305989739173,138.99898829064333,2861280
2017-10-05,140.0754852294922,140.43433079057715,137.92244315128653,138.40944560645156,3173461
2017-10-06,141.84408569335938,142.76680926216727,140.1780457288996,140.2036708553061,7954834
2017-10-09,144.22781372070312,144.53539348488232,141.8953481828211,141.99787998559972,7166260
2017-10-10,146.4320831298828,146.73966284458876,144.22779052210612,144.22779052210612,8451221
2017-10-11,145.04803466796875,146.8678570049568,143.92024730939482,146.61154311838618,17103406
2017-10-12,144.76605224609375,145.4581027359593,143.61263997770288,144.50973840867357,5889501
2017-10-13,147.25228881835938,148.14938718365832,144.86857343368146,144.86857343368146,5084089
2017-10-16,149.02085876464844,149.43095461226932,146.99597336215515,147.27791230187526,5476361
2017-10-17,148.68765258789062,149.17465514240942,147.7649290199296,149.17465514240942,3950516
2017-10-18,148.6620330810547,149.4053495041223,147.79055973291716,148.6620330810547,3633204
2017-10-19,146.50897216796875,148.68763962181384,146.04761042422055,148.66201449766547,543143
2017-10-23,148.5851287841797,149.379695390985,146.86782301279086,146.86782301279086,13204235
2017-10-24,148.50820922851562,149.66162122949743,147.6367361256688,148.1749888017997,3062378
2017-10-25,148.22628784179688,149.5334977884666,147.40608043991384,149.17465216134434,2442011
2017-10-26,150.37933349609375,151.2251660417334,148.14939995274898,148.14939995274898,8702312
2017-10-27,148.22628784179688,150.84069209098135,147.58550325347497,150.71253517331695,2507100
2017-10-30,148.09812927246094,149.12338460234182,146.1501504033492,148.22628618869604,2210701
2017-10-31,146.8422088623047,147.7905575786736,145.253059885771,147.12414783568641,2596941
2017-11-01,146.89344787597656,148.66201953849284,144.33030960807153,146.8678227509593,3609151
2017-11-02,149.2771759033203,149.86669456395552,145.91945545508653,147.0728676518679,4090974
2017-11-03,146.89344787597656,149.68727484565485,146.12450639560507,149.27717898045185,4371428
2017-11-06,146.79092407226562,148.38007284427655,145.534980128865,146.86781508745975,4414386
2017-11-07,145.91946411132812,147.5342381537829,145.12489747518285,146.91909433216705,4584351
2017-11-08,147.66238403320312,148.1493865442107,144.81730691605372,145.20177764237954,13609387
2017-11-09,145.20181274414062,147.38048072000151,143.56139765759406,147.07290093575432,3805782
2017-11-10,145.76568603515625,147.35483499486344,142.51049709146614,145.22741757691463,3527154
2017-11-13,140.9469451904297,143.6894899520334,140.45994278079223,141.587729600926,5406841
2017-11-14,140.53688049316406,141.17766511664573,139.0502632955178,140.63941229058346,2798791
2017-11-15,139.61415100097656,140.53687456218674,138.51200462393237,140.4599835394451,2600287
2017-11-16,137.5636444091797,139.89609415235807,136.43585722803405,139.69104620419222,2776035
2017-11-17,139.84481811523438,140.1523978372608,137.7686823688264,139.17840842097254,3366492
2017-11-20,142.6898956298828,143.66388494133247,138.435077162167,139.9473348402632,3090470
2017-11-21,140.35743713378906,144.56098990646106,139.99860718363396,143.02310703511574,2880586
2017-11-22,139.33218383789062,141.74153996107495,138.9733538827093,141.22891233011265,1531611
2017-11-23,138.64015197753906,140.51123974121165,137.79430385327586,139.17840474374827,1490892
2017-11-24,139.17840576171875,139.8704562120167,138.6145122228036,138.79393502757034,876297
2017-11-27,139.2553253173828,139.639796130321,138.076287748702,138.84522937457837,887044
2017-11-28,140.63938903808594,141.69026938918708,138.1787671042478,139.43471101628373,7236470
2017-11-29,141.6389923095703,144.61224162255425,140.71626893487132,141.94657198252065,5209745
2017-11-30,141.3826904296875,142.664259471451,139.69102555222102,141.1263766213348,7343947
2017-12-01,139.4603271484375,141.6646351331506,138.40944686508573,141.07511654385198,1987545
2017-12-04,136.30770874023438,140.25494847436113,135.92323794707227,139.94736871100014,2398989
2017-12-05,135.97447204589844,136.5383655394811,134.87232582544087,135.84631514481842,1277351
2017-12-06,135.8976287841797,137.30735519139284,134.9236391225732,134.9236391225732,1779062
2017-12-07,134.7185516357422,136.8203283085724,134.30845573847782,136.35896651311106,1932289
2017-12-08,135.76942443847656,136.15389514258166,134.4878554247929,135.79504956108903,2408884
2017-12-11,138.3325653076172,138.6145042387583,136.0001002683052,136.1795230627374,2354885
2017-12-12,135.02610778808594,138.30692132542188,134.56474607323685,138.20440519109596,2169686
2017-12-13,134.89797973632812,135.82071900751615,133.79583328066352,135.76945310731298,1498753
2017-12-14,134.7441864013672,135.66690995116406,134.41098154417136,134.9492343408604,1822161
2017-12-15,138.92210388183594,139.20404285345418,135.23117825904743,135.33371005462982,9186533
2017-12-18,137.20477294921875,140.79316612144495,134.4622121816153,138.3838258065847,4251230
2017-12-19,137.17913818359375,139.38343043391322,136.5896196184294,138.1018615339248,3864780
2017-12-20,138.12753295898438,139.43472726947365,137.46110759657105,139.43472726947365,3597976
2017-12-21,137.3329620361328,139.12715904276726,136.79470919180503,139.12715904276726,2744760
2017-12-22,136.30770874023438,137.74307575453346,136.00012897687338,137.46112111972064,3505383
2017-12-26,135.20555114746094,137.23043674932202,134.8210803859042,137.23043674932202,4580600
2017-12-27,134.59042358398438,135.89763386972263,134.10343655703642,134.97489443670287,6400825
2017-12-28,134.89797973632812,136.282080821032,134.3597268945857,134.71855690769522,6346822
2017-12-29,134.7954559326172,135.56439745957073,134.20592157996182,134.87234695648146,2800172
2018-01-01,136.69216918945312,137.02537405614757,134.61603332114848,134.82108126648697,3079260
2018-01-02,138.43508911132812,138.87082573789507,136.8715810535837,137.38420869797912,5659389
2018-01-03,139.35781860351562,140.1780259065581,138.25567237324904,138.92208200713495,9240120
2018-01-04,142.407958984375,143.4588550834171,139.53725657761314,139.89608655638096,6919578
2018-01-05,142.89495849609375,143.86894790947838,142.51048775574552,142.76680158264435,3344950
2018-01-08,147.35484313964844,148.9696173153162,143.0231326842027,143.0231326842027,4891781
2018-01-09,155.86444091796875,159.42720957612633,152.07099918871836,153.63452300996138,27639107
2018-01-10,158.0430908203125,158.81203225922576,156.35142591236473,156.86405353830693,15300218
2018-01-11,157.94061279296875,158.9146023884536,155.30058301115332,157.88934688917325,4703627
2018-01-12,158.40194702148438,159.32467055229716,156.96659583040787,158.40194702148438,5119534
2018-01-15,156.81277465820312,159.14523954953597,156.0950991701593,158.5300801916971,2643125
2018-01-16,149.48220825195312,156.8127765253643,148.96958066236766,156.8127765253643,4069770
2018-01-17,149.14903259277344,151.19954335180574,146.76530132007395,150.19991309911526,4360706
2018-01-18,145.09925842285156,150.6100059774021,142.56176079585404,150.35369213765554,3784420
2018-01-19,145.58624267578125,146.56023201555615,143.79204602308675,145.09924018381713,2574759
2018-01-22,146.12451171875,148.5082429100618,145.4324768765292,147.17540783336665,3025790
2018-01-23,150.2511749267578,150.78942772876078,146.20141941620423,146.20141941620423,3974425
2018-01-24,150.9944610595703,153.01934644099026,147.12412873890855,149.9435806833824,3073618
2018-01-25,153.48068237304688,155.14672187832775,150.99443567479747,150.99443567479747,6919878
2018-01-29,154.6853790283203,156.86404633857833,152.22477279439593,153.01933932047592,3557035
2018-01-30,156.81277465820312,157.6329819206042,151.32766890144097,153.27564746101027,3085086
2018-01-31,153.55760192871094,156.12074010574938,152.76303535149057,155.58248734623285,5198298
2018-02-01,151.53277587890625,154.3778538186817,149.1490598152892,153.83960090385665,4533542
2018-02-02,148.84146118164062,152.5323713680079,146.63715260579914,149.73855968893326,6393201
2018-02-05,151.12261962890625,151.73777904485775,146.0988750938664,150.19989614913283,7795465
2018-02-06,148.84146118164062,149.68729378825668,143.58702706749807,147.12415519599202,4674661
2018-02-07,152.55801391601562,153.63453526612747,148.84146291397568,149.43098166822654,7223510
2018-02-08,153.7882843017578,155.12111922787037,152.09661943209977,152.5579811561744,3286814
2018-02-09,153.86520385742188,156.06951239447662,150.91759452818332,151.27644018244874,4731060
2018-02-12,154.12149047851562,156.35142374934517,152.27602792182384,155.78753023977916,4512970
2018-02-14,157.35107421875,158.63264343166,153.78830554919807,153.78830554919807,5725179
2018-02-15,157.94061279296875,159.83732608014296,156.17204079904718,157.63303301435317,5219503
2018-02-16,155.58250427246094,159.14527298380887,155.12114247923205,157.94059478070992,1931615
2018-02-19,156.55648803710938,157.5817433820075,154.326554533125,155.32618475206266,2935183
2018-02-20,159.11961364746094,159.86292997060448,154.81354467280957,156.35142756691033,8602002
2018-02-21,159.19651794433594,159.93983432949082,156.42833163284885,159.42720665535782,5399556
2018-02-22,159.70913696289062,161.47770860046214,157.12037360648142,157.12037360648142,7815886
2018-02-23,159.401611328125,160.88822873219044,158.0687759973857,159.29907951646888,3195456
2018-02-26,160.99070739746094,162.19538550508355,158.4019440198469,159.55535623358364,3171308
2018-02-27,158.40194702148438,162.47734317824268,157.47922349067156,160.78566251287964,6667601
2018-02-28,158.47885131835938,159.83731160303313,156.3514494788715,157.37670488529034,3731061
2018-03-01,160.40122985839844,161.04201458589617,157.88935685543905,159.32470838737058,2535090
2018-03-05,156.76153564453125,159.6578945030449,155.8131869678374,159.1452668316839,3593849
2018-03-06,157.37672424316406,158.63266852817495,154.3522235510358,157.32545833770604,3693197
2018-03-07,157.35107421875,158.37632958907798,155.27492270734257,156.86407166018205,4794848
2018-03-08,156.60775756835938,158.27379754249085,154.890451696962,157.88932677922975,2236174
2018-03-09,155.86444091796875,157.6330126837905,154.86482632158916,156.3514434749792,2136347
2018-03-12,152.58363342285156,157.32543969902514,151.73780083755452,156.55649814072672,6796993
2018-03-13,151.14825439453125,153.09623306076236,148.66200734968012,152.50671443630978,6306692
2018-03-14,150.2511749267578,150.91758464772866,149.0208716334973,149.17465367859668,4406927
2018-03-15,151.4814453125,153.2243759030013,149.7385147219987,150.71250396573603,4487868
2018-03-16,151.04713439941406,152.78454648824888,149.9612456303869,152.1873043514144,11016304
2018-03-19,147.84376525878906,151.75297187765264,146.1063529821215,151.75297187765264,3588096
2018-03-20,146.730712890625,148.38668655637898,145.6991219233022,146.10633019219384,1804554
2018-03-21,147.08360290527344,147.97945765807702,146.07915266816562,147.08360290527344,2739537
2018-03-22,146.26919555664062,148.4681299801543,145.50907682738162,146.59496546042178,3383841
2018-03-23,146.5678253173828,147.57225905051843,143.88024431470942,144.77609912581866,3980861
2018-03-26,148.46812438964844,149.03820927278997,145.53621193536347,146.59495994044914,2277261
2018-03-27,149.96124267578125,150.2869960445931,147.8166057714682,148.8210561768977,1888128
2018-03-28,153.81613159179688,155.14635191045647,148.14237293335515,149.14682331996067,6983849
2018-04-02,150.6670684814453,153.9247348269901,149.39114584890405,153.84329648222104,2520975
2018-04-03,151.45431518554688,151.8072256575269,149.39111695743827,149.96121839926266,1641179
2018-04-04,149.0653533935547,151.42716445134153,148.33239183195303,151.37286670657778,2946453
2018-04-05,150.82994079589844,151.75295286143503,149.55403476971492,149.93408589072905,1527043
2018-04-06,149.74403381347656,151.3728667406834,149.03821283942509,150.77564125618386,1527251
2018-04-09,149.01109313964844,150.04268415761575,148.49528934599093,150.04268415761575,1254956
2018-04-10,152.5130615234375,152.81169085151916,148.3595406436243,149.8526375759938,2351145
2018-04-11,153.8704376220703,154.92918581588245,150.96568180641074,154.0061737202848,2997141
2018-04-12,152.83883666992188,153.5175171169464,151.53577352550417,152.8659772600641,1342136
2018-04-13,154.7391357421875,155.01060791015627,152.0244140625,153.38177490234375,1836917
2018-04-16,155.3363800048828,155.71643110376328,153.84328306010724,154.52196348955067,1222199
2018-04-17,156.1508026123047,157.6710402058302,154.983475541989,155.41782440603998,2999531
2018-04-18,154.79342651367188,156.612293270962,153.59894240070196,155.82501739159383,1433406
2018-04-19,153.76185607910156,155.96077420516906,152.94743950361763,154.87488543785716,2332176
2018-04-20,158.56687927246094,160.1414310285727,153.35462714652343,153.7889759672364,2436310
2018-04-23,157.3452606201172,158.53974477699737,156.69373736401113,158.53974477699737,1181306
2018-04-24,157.72532653808594,159.59849108856577,155.90645973401854,156.91091004993748,1829965
2018-04-25,157.96966552734375,159.51704367198283,156.23223697666734,157.50815951519408,1612503
2018-04-26,157.88819885253906,159.0555423754934,156.50369748861732,157.72532218714076,2781512
2018-04-27,155.6892547607422,158.6754479645228,153.38174183054812,157.45382347206709,2211983
2018-04-30,154.7391357421875,156.36796875000002,153.49037039726974,156.09649658203125,1710033
2018-05-02,152.29586791992188,153.89756014610435,151.50859209972828,153.7075263375048,2440058
2018-05-03,150.36846923828125,153.00173651597063,149.90696315055703,151.07429038231874,2411190
2018-05-04,147.30081176757812,150.63993314370265,146.8121651125728,150.2870060218142,2313612
2018-05-07,145.18333435058594,148.65817531888715,144.04314775662883,148.65817531888715,7181257
2018-05-08,145.5905303955078,147.68086954671125,144.77611383550757,145.536232644305,3920562
2018-05-09,145.1561737060547,146.45923681799894,144.80326319626616,145.6176797123996,3216449
2018-05-10,146.24208068847656,148.19668388557844,145.40050690825362,145.94345132026254,3974135
2018-05-11,147.13790893554688,147.84372991524856,146.32349246542393,147.6808532489622,1778138
2018-05-14,146.6221160888672,148.22380856002002,144.80326575945057,147.13791985262063,2415819
2018-05-15,143.06581115722656,147.2736291324391,142.33283309928854,146.62208939886227,3867561
2018-05-16,143.06581115722656,143.88022753952578,139.69955014931904,143.33728328465963,2942029
2018-05-17,147.4093780517578,148.44096891209998,143.93453783144176,144.36888664547683,3850511
2018-05-18,144.8575439453125,149.0653625995147,144.3145996028348,147.40938898269627,1855482
2018-05-21,146.730712890625,147.40939333877776,143.66308057884393,145.23761590468894,1798554
2018-05-22,151.5086212158203,151.9701272484392,147.4093978123144,148.06093769005255,3295864
2018-05-23,149.96124267578125,151.9701269172929,149.17396670600877,150.47702988929825,2640683
2018-05-24,152.07872009277344,152.8388388906158,149.03822833205695,150.39558924582795,2006694
2018-05-25,149.6354522705078,153.81611343545418,147.97946221526598,152.07870161849357,4274746
2018-05-28,154.6305389404297,156.2593719344764,150.23270311198038,150.39557978364664,3113235
2018-05-29,153.3003692626953,155.82505764941698,150.1241409061456,155.47214706965585,5934011
2018-05-30,156.9380340576172,158.81119841019301,150.74847271549902,152.5673393273991,9094869
2018-05-31,160.84727478027344,164.75648099760906,157.4538723587487,158.59405888625056,11797649
2018-06-01,159.97854614257812,162.7204249956234,157.5081560283284,159.08269129726483,3034848
2018-06-04,158.86553955078125,161.71599773685026,158.2139996233689,160.27719834727563,1557911
2018-06-05,154.8748779296875,160.03284932436597,154.06046139368564,159.5713433067622,2305088
2018-06-06,157.80682373046875,158.67553828903533,154.4405775988823,155.0378033241293,5630857
2018-06-07,156.8566131591797,157.99679956267644,155.98789891987997,156.9109109058883,2392349
2018-06-08,157.39956665039062,159.4084674101327,155.8250313202574,156.7480433599977,2039196
2018-06-11,156.3136444091797,159.86993914615203,155.36349198293678,157.45383063453986,1745576
2018-06-12,153.9518585205078,157.34526059131207,153.6532457660155,156.31366967565677,2079573
2018-06-13,154.19619750976562,156.20509825999076,154.0061636707962,154.25049525937789,2546696
2018-06-14,153.76185607910156,155.79789751781132,151.10141534370933,154.087609453817,1535853
2018-06-15,151.5086212158203,155.55356343730418,150.66706406231032,155.55356343730418,4279134
2018-06-18,148.87535095214844,151.50861785704058,147.24651786325992,151.48147726663123,2113771
2018-06-19,148.19667053222656,149.52687428018055,147.30079907765608,147.87090060050522,1987334
2018-06-20,146.92074584960938,148.766753343654,145.210474444382,148.2781067377814,3006367
2018-06-21,145.34622192382812,148.16952285087697,144.58608651140335,146.97505511728448,2506852
2018-06-22,143.79881286621094,145.34620756095308,142.82150310510443,145.02043764058422,2527709
2018-06-25,140.62257385253906,144.2874478815145,139.75385965772773,143.33729535548383,4317400
2018-06-26,143.9617156982422,146.7035950760622,140.1882617622951,140.2425429510969,10472162
2018-06-27,144.36891174316406,145.4819576978113,141.6270491680525,143.88026510008996,4723986
2018-06-28,141.5184326171875,144.8846940033088,140.43254398545102,144.8846940033088,4384958
2018-06-29,143.52734375,143.98884976623634,140.6225881329973,140.6225881329973,1958214
2018-07-02,141.46412658691406,143.33729099469625,140.40539517458274,142.87578503936712,4878924
2018-07-03,141.62704467773438,142.63149509347525,140.78547094807146,142.52289958985827,2691217
2018-07-04,143.52734375,144.9390023887566,140.94835806030218,141.7356174344966,3032831
2018-07-05,146.75787353515625,147.5451495903328,141.43702472228776,143.60880245314823,3044656
2018-07-06,147.24652099609375,147.6537292769797,145.07474349803545,146.5949811189373,2709932
2018-07-09,147.21937561035156,148.87536602667544,146.05204842565198,147.81661778395446,2201363
2018-07-10,151.18284606933594,151.86152644032535,146.89357286920696,147.27364050469902,3000636
2018-07-11,143.7716522216797,150.88422627167947,143.20156730186565,150.39557968764657,4356413
2018-07-12,144.0159912109375,147.27365736462505,143.7988167812277,144.96614383909636,3818705
2018-07-13,145.4004669189453,146.94786138146253,144.58605052491984,144.85752265626166,3573660
2018-07-16,141.7899169921875,145.50908919020964,141.21983203914377,145.34621250915345,1565561
2018-07-17,143.7445068359375,144.85753604961073,141.84420174084485,141.97993781906575,2595243
2018-07-18,142.33285522460938,145.78055509281523,141.1383876198328,144.4231942446512,4114829
2018-07-19,141.81704711914062,143.31014383181812,141.16550738041656,142.52286802830517,2026082
2018-07-20,143.06581115722656,143.8259298001704,140.40538762225125,142.088518126205,1742907
2018-07-23,142.08851623535156,144.5589059343801,141.81704411153115,142.52286500572686,1628803
2018-07-24,144.77610778808594,145.18331605107664,142.30571762034776,142.79436422206726,1788316
2018-07-25,143.69020080566406,144.69465104045167,142.52287391414094,144.53177438371617,1739791
2018-07-26,143.93453979492188,144.80325400418772,142.82149401858752,143.6902082278534,5067703
2018-07-27,142.33285522460938,144.911840836121,140.97549437644534,144.6403686664882,1894632
2018-07-30,142.5228729248047,144.74894777768955,141.92563090534614,142.7400473220593,2942350
2018-07-31,141.76275634765625,143.36443204928835,141.3555481332735,143.2286959778274,2740402
2018-08-01,146.94789123535156,147.78946495509146,142.03425128754844,142.25142572287422,5612544
2018-08-02,148.52239990234375,149.28253514335063,147.21933695530166,149.03820359169208,4956127
2018-08-03,151.6172332763672,153.30036433654584,148.57674113045562,148.76677499632805,4085402
2018-08-06,153.73468017578125,155.06490038130386,151.07425633408164,151.40002623842855,3484913
2018-08-07,149.52687072753906,156.7751811164004,148.25094819073107,153.73468944148576,7450244
2018-08-08,149.8526153564453,151.72577967613842,149.173935033273,149.5811432271764,2520870
2018-08-09,152.07872009277344,154.1961998043868,149.85264488031956,151.1285674531337,2927225
2018-08-10,149.74403381347656,151.86152987432175,147.9523242212872,151.48146223023534,3772563
2018-08-13,151.5086212158203,154.54911302968597,149.85264749981135,152.02442499980862,11139623
2018-08-14,153.4632110595703,154.11475088118144,150.39557891895538,152.02441190363723,4627652
2018-08-16,153.49038696289062,155.4449735277396,152.0244304699059,152.0244304699059,5176282
2018-08-17,152.78453063964844,155.60784777399056,152.56735622224042,154.7391335350125,2099688
2018-08-20,154.2233428955078,157.8339362401587,152.9745774623298,153.9247301173753,3933773
2018-08-21,158.2139892578125,158.86552914253855,154.7391485344179,155.36353125849428,9141975
2018-08-23,156.9380340576172,159.4898787452793,155.90644326215485,158.37684962347544,2519637
2018-08-24,157.99679565429688,159.40845418707036,156.25936721867635,156.28652437603185,2713583
2018-08-27,159.1641387939453,160.41292078688565,157.15525456601958,157.99681171200442,2254135
2018-08-28,160.00567626953125,162.74753809001598,157.58956774187536,160.16855291594567,5513680
2018-08-29,155.4449462890625,159.81565784079962,154.90200198966744,158.91980306066682,4002186
2018-08-30,155.0648956298828,157.7524599773663,154.52195132905644,155.52640159945426,3861403
2018-08-31,155.25494384765625,157.72533401778654,154.7391400862966,155.4178205252716,3716997
2018-09-03,156.1779327392578,157.3452597313654,155.36351624671585,156.0964944038728,1649749
2018-09-04,151.8072509765625,156.85662705005046,151.26430660008648,156.36798042509153,2288405
2018-09-05,150.7213897705078,151.9973126022925,147.68089739267097,151.97015543689685,3826466
2018-09-06,154.00616455078125,154.68484500144513,150.585621707174,151.2100044079154,2999616
2018-09-07,155.58071899414062,156.09652282774582,153.65327290522455,154.52198730265746,2997117
2018-09-10,151.8072509765625,155.4721255177756,151.29144719117133,155.2820916721395,1481435
2018-09-11,153.70753479003906,156.36795854870002,149.74403145466286,153.5446415582771,4990180
2018-09-12,152.865966796875,156.1507898772461,151.61720148756262,154.41336142404603,2444610
2018-09-14,150.5856170654297,155.2277845771389,150.39558323123214,153.6532492940025,2742349
2018-09-17,149.28256225585938,151.01997431101395,148.3595501923401,150.66706378179094,2919286
2018-09-18,148.33236694335938,149.85260412559214,145.8891179630508,149.09248553447574,6420009
2018-09-19,152.37733459472656,153.08317221950318,149.30970220867238,149.30970220867238,4919007
2018-09-21,149.4454345703125,155.41782250954387,148.54957969329715,153.7618488450412,6865912
2018-09-24,152.64881896972656,154.19621386641063,149.66262468710244,149.85265854623003,3100325
2018-09-25,149.4454345703125,155.25494582984902,148.30524810440804,152.64880296930357,3583776
2018-09-26,147.97946166992188,150.39557042176403,146.7035558261519,150.39557042176403,2300500
2018-09-27,149.98837280273438,150.93852539062502,147.1107744500041,148.11520821601152,8043170
2018-09-28,144.5589141845703,149.7440254177251,143.55446395524058,149.7440254177251,5726123
2018-10-01,148.115234375,148.7667743209335,142.68579005671776,144.55895497426476,2087868
2018-10-03,150.25987243652344,152.56738628604546,145.97061471245817,148.2238308045922,2987093
2018-10-04,148.38670349121094,150.82995338340004,145.83487465653383,147.46370791799322,3688374
2018-10-05,142.79437255859375,148.8481991079498,141.8713604808562,148.7667607644665,4049564
2018-10-08,145.4547882080078,148.196667120073,142.522892028715,142.7943642040078,3474214
2018-10-09,148.7396240234375,150.77566550996374,145.7805704352801,146.5406892763803,4336163
2018-10-10,148.06092834472656,150.28698688624127,146.75784867149824,147.40938850811241,3200859
2018-10-11,144.74896240234375,149.0382193165276,143.9073887451054,145.50908115420543,3417428
2018-10-12,151.26429748535156,151.97011850450073,145.78055629950822,146.32350064326803,2924606
2018-10-15,149.66262817382812,152.48594582546045,148.08809264745005,151.64437202095996,1601283
2018-10-16,150.06985473632812,151.12860312672368,148.9839657489895,150.50422027287416,1333617
2018-10-17,151.97012329101562,154.11476014415385,150.50418345830016,151.80724661049624,3081043
2018-10-19,149.3911590576172,152.67598285475103,149.01110789197602,151.56293681333568,3796642
2018-10-22,149.58116149902344,152.377321458185,148.82104275808814,150.66705014874412,2396693
2018-10-23,150.5856170654297,152.48592226871241,148.9296268752469,149.03822237174447,2496068
2018-10-24,150.53134155273438,152.13303423126047,148.54959771902082,152.02443871872183,4457722
2018-10-25,153.21890258789062,154.16905520281006,148.82105002782274,149.20110113218252,4386393
2018-10-26,152.62168884277344,154.0333477325066,149.74407330421167,153.7075777472836,3061111
2018-10-29,156.0421905517578,157.01950024617685,150.58560689296306,152.83882245363245,2467759
2018-10-30,149.7711944580078,155.49925042432668,149.30968847068382,155.36351434389877,2757658
2018-10-31,144.50465393066406,145.45480666475362,143.22873123101692,143.88027116213212,17306128
2018-11-01,141.76275634765625,144.4231800344214,141.21981206181258,143.85309516202338,10473803
2018-11-02,142.00709533691406,143.60878787861108,140.56829605010938,140.62259380174015,38131025
2018-11-05,143.52734375,144.0159903562839,142.14282570129097,142.2242806101273,4885178
2018-11-06,144.36891174316406,144.77612004061714,143.4459162105459,143.88026510008996,3082375
2018-11-07,144.93899536132812,145.12901262114167,144.36889387384952,144.6946637853593,791919
2018-11-09,145.75341796875,147.59942545227102,144.72181044414276,145.91629464666343,10993780
2018-11-12,143.2830047607422,147.35508721833818,142.90295367297412,146.5949684734561,4675510
2018-11-13,144.17886352539062,145.8891514597695,143.41874475974802,145.23761162102076,6900299
2018-11-14,144.2874755859375,144.96615609198614,143.20158677625972,144.96615609198614,2565400
2018-11-15,142.8758087158203,144.6946756827373,142.305723750813,144.2874674022043,1915858
2018-11-16,143.1472930908203,144.3146202805352,141.87137038931158,143.33732695178526,3068376
2018-11-19,143.41873168945312,143.71736099222542,142.60431524991128,143.60876550588188,3190105
2018-11-20,141.9528045654297,144.2060202664444,141.70847298427,143.3373060070777,4253683
2018-11-21,141.6813201904297,142.90294485230382,141.30125255677532,141.97993292448317,4772956
2018-11-22,139.34666442871094,141.92565009704234,139.04805166327438,141.7084756704206,2679794
2018-11-26,136.14329528808594,140.3511139859231,134.21584119536783,139.5095568740943,9857080
2018-11-27,136.76768493652344,138.01645865767375,135.81753227896812,137.09345487584045,4368734
2018-11-28,134.5687713623047,137.7721399729288,134.2430014120459,137.09345948045132,8248590
2018-11-29,134.05294799804688,136.06184859036222,130.84957985488762,135.73607868764276,18393945
2018-11-30,132.96705627441406,134.86736133182112,129.7908370778372,134.1072426227273,12789209
2018-12-03,135.19317626953125,136.71342247889478,133.21143222041428,133.56434282050074,6676768
2018-12-04,136.9577178955078,137.90787054691373,134.75879153103372,135.13885093466135,4526954
2018-12-05,133.1842498779297,137.0662986422508,132.47842057041495,136.55050316991543,3578109
2018-12-06,130.6324462890625,133.3743093081415,130.1980890445125,132.7499264648152,4379973
2018-12-07,128.54208374023438,131.63686509204018,128.4063476433598,131.36539289829102,6098755
2018-12-10,129.3022003173828,129.8180041042639,123.98135204028758,127.45619274590166,17424227
2018-12-11,131.44683837890625,132.50557826834415,126.91324946903072,126.91324946903072,8502316
2018-12-12,134.10723876953125,134.5144469844185,130.1980415635482,131.1210451936915,9121577
2018-12-13,132.77703857421875,135.19313920426805,131.93547319934592,135.19313920426805,6797383
2018-12-14,134.18869018554688,135.95325928881655,131.392530151158,132.77703987373502,7521713
2018-12-17,136.5233612060547,137.74498604773981,133.67290324212271,135.24744689776554,9686146
2018-12-18,136.7405242919922,137.82641288423457,135.22027860591834,137.09343477060196,6477964
2018-12-19,136.27903747558594,137.52781118906987,135.73609310317326,137.2020412517528,5294565
2018-12-20,136.0347137451172,138.17934235259403,134.65020394280285,134.97597387911455,8601671
2018-12-21,137.22918701171875,137.5549569416397,134.18869528136815,136.22473663169038,12802364
2018-12-24,134.81309509277344,137.9078764909505,134.0529679680819,137.9078764909505,4368190
2018-12-26,134.13441467285156,135.95327342843177,133.56432140018427,134.8130951677712,5069728
2018-12-27,135.84469604492188,137.90788655584183,132.3970038518306,135.46463659717534,26011475
2018-12-28,135.48126220703125,136.06836801380663,134.05543625683455,135.81674514525827,10583895
2018-12-31,134.6145477294922,136.6554294640328,134.25110584204805,135.70488192372486,3549194
2019-01-01,135.03390502929688,135.5650925973592,134.33497177345166,134.75433172695878,2227003
2019-01-02,132.35000610351562,135.0059526058266,131.98656420543327,134.69842025181046,3897893
2019-01-03,131.3994598388672,133.46830069165222,130.39299418478512,133.46830069165222,5664136
2019-01-04,132.23818969726562,132.9091640062626,130.70053632869278,130.89624107927162,2885669
2019-01-07,131.11988830566406,133.07690156395756,130.56074166043734,133.07690156395756,7347326
2019-01-08,130.44894409179688,131.4833605046442,129.8059201825,131.11991851427402,4206563
2019-01-09,130.08547973632812,131.31560933394493,129.6102101480687,130.95215885032115,2954253
2019-01-10,130.2812042236328,130.81239197653312,129.75001647073253,130.7285233694079,2292058
2019-01-11,129.86181640625,130.7005364260966,129.4424563963267,130.67257738572147,2446815
2019-01-14,129.10696411132812,130.0016022059359,128.0725478795829,129.94568412555998,2273231
2019-01-15,130.08547973632812,130.61667594070892,129.19085011212707,129.44246442731168,2323323
2019-01-16,129.74996948242188,130.50481226889556,129.47039618404642,130.16932942998503,2050899
2019-01-17,129.74996948242188,130.1413703937675,128.82737247864293,130.1413703937675,3220136
2019-01-18,128.6037139892578,130.02953948117084,128.3800587689929,129.80587572900617,2944908
2019-01-21,128.04458618164062,129.30266617687508,127.56930810401387,128.85534713885596,1904575
2019-01-22,127.34564971923828,128.79943442407333,126.25531545656239,127.7370506684167,4564028
2019-01-23,126.11550903320312,127.48541640663133,125.94776335786715,127.37358880037382,2328748
2019-01-24,125.16497802734375,126.50692654254867,124.68969997342919,126.19939418600987,2838220
2019-01-25,123.54344177246094,126.47896147494527,123.06817227310357,125.38862729183113,3432012
2019-01-28,125.91983032226562,127.20586938950683,121.92193498278448,123.71120264803686,3917992
2019-01-29,124.43807983398438,126.28326535443358,123.65526946039067,126.03164255426763,3850399
2019-01-30,125.91983032226562,127.48544272882442,123.31980167937247,124.13056265701326,7349253
2019-01-31,125.61226654052734,127.20583758901752,124.71763719750227,126.6466910501647,15389786
2019-02-01,124.80152130126953,126.75853443086977,124.54990703384382,125.44454502013542,2820146
2019-02-04,124.18648529052734,125.36068823956882,123.04023285092136,124.8574596231084,3417620
2019-02-05,120.99934387207031,124.91337081751308,120.60794288390636,124.1305688411852,5557034
2019-02-06,122.98430633544922,123.40366633104536,120.97138347572829,121.05525206208713,3707342
2019-02-07,125.3607177734375,125.61233214094581,123.09617140205562,123.45962196125967,3111207
2019-02-08,122.2574234008789,126.17145032836794,121.67032618727684,125.19294359649568,2962142
2019-02-11,122.34127044677734,123.20794933116281,119.74123379362096,121.72620581091682,4580373
2019-02-12,124.71765899658203,125.19292851853861,122.648818147599,122.90043242768198,7857592
2019-02-14,121.4466323852539,122.84449879975246,118.20358059723738,121.33480477847392,14953813
2019-02-15,122.98430633544922,123.85098536606144,120.0487863662762,122.95634729602928,11511255
2019-02-18,120.30040740966797,121.89397889514024,120.10471118654598,121.89397889514024,3651021
2019-02-19,119.79716491699219,122.42515235931626,119.40576398420359,120.35631154437606,5288764
2019-02-20,120.18856048583984,120.99932135298259,119.40575865519857,120.10469190823544,6637981
2019-02-21,119.48963928222656,120.60793259985506,119.21006595281942,120.24449068438616,4081685
2019-02-22,120.18856048583984,121.27889465419734,119.3498405821956,120.13265094473692,5229408
2019-02-25,119.85308074951172,121.167070180133,118.93048371245393,120.77566925466921,9386982
2019-02-26,123.09616088867188,124.13058585018454,119.09826480220408,119.26601054351734,11886116
2019-02-27,123.8230209350586,125.47250180620047,122.7886047767699,123.85097997326112,8604781
2019-02-28,127.6531982421875,128.54782787756804,124.21444078535382,124.9692922722422,32625237
2019-03-01,130.08547973632812,130.28118449919492,126.70264893858717,127.93277000430223,9526492
2019-03-05,134.8381805419922,135.31345849906663,130.1133941313591,130.5047949908857,9391114
2019-03-06,135.7328338623047,137.6618878791995,133.07688757663652,134.83819591121443,9535153
2019-03-07,131.3994598388672,135.8726329397648,130.4768712995673,135.8726329397648,7181084
2019-03-08,131.34353637695312,132.7973209878965,128.38006614463814,130.33707929603872,12803612
2019-03-11,136.09628295898438,136.99092095758996,131.53924145009404,132.35000233713646,19931174
2019-03-12,135.84469604492188,138.0533239171282,134.86618926959864,136.99094854525234,9766818
2019-03-13,133.44032287597656,135.3134672611531,130.72846718430384,135.3134672611531,17949230
2019-03-14,135.98443603515625,136.48767303738524,133.356449018735,134.6983972942142,13627811
2019-03-15,136.62747192382812,137.6339289547434,133.07688768419985,133.55216569583192,16465364
2019-03-18,136.54360961914062,137.3264200448156,135.31348870096656,136.40382295725948,5518089
2019-03-19,135.81671142578125,138.61244454308346,134.95004098493789,136.7393084736312,10839789
2019-03-20,132.51776123046875,136.76727934935394,131.95861455861024,136.76727934935394,20268896
2019-03-22,132.97640991210938,134.03701423716956,131.85848106137232,133.4063832199182,14139706
2019-03-25,135.9862060546875,137.27612581674302,132.63241992204007,133.5783575817495,7458064
2019-03-26,135.55621337890625,139.1679899447515,134.3236270597828,136.0148532003802,7475564
2019-03-27,134.4096221923828,136.50216370633024,133.9223244751988,135.52755077630766,4777913
2019-03-28,135.35560607910156,136.24421061831748,133.43505506348134,134.38099287844074,20584925
2019-04-01,135.5275421142578,136.5021549819894,132.71838751903314,136.5021549819894,13985622
2019-04-02,135.5275421142578,137.30476808124595,135.04024442821873,136.9894526680285,7356923
2019-04-03,134.20901489257812,135.8429083302164,133.5783838302988,135.58492607667668,5120392
2019-04-04,134.6102752685547,135.0402484590966,133.32035569692894,134.72493303646715,3948463
2019-04-05,134.552978515625,135.41292513001693,133.97968077269704,134.72496958806923,3044309
2019-04-08,133.54971313476562,135.41293087837616,132.77576639765599,134.72497530722435,4374595
2019-04-09,136.67417907714844,137.30481009655662,133.17706807704022,133.57837474946845,9383394
2019-04-10,137.6201171875,139.25401041411249,136.67417071625493,136.96081957157244,8657560
2019-04-11,138.1360626220703,138.50871133140836,136.78881843614002,137.6487648837742,3347291
2019-04-12,138.05006408691406,138.7380194586311,137.27610882634042,138.7380194586311,3442878
2019-04-15,143.3244171142578,144.44234581818338,139.45465785217286,139.88463110351563,15659370
2019-04-16,144.24166870117188,147.1654897381817,142.20646062622006,144.47098422462005,71315879
2019-04-18,144.15567016601562,144.98694988106593,143.09507492537443,144.3276611841221,7981706
2019-04-22,144.49966430664062,144.75764648149763,142.7224382170438,144.15568224161308,4703770
2019-04-23,146.47755432128906,146.8215364215662,143.89771481269491,143.89771481269491,7446838
2019-04-24,145.6176300048828,148.08280335709557,145.27364785219618,146.7642255167323,14221692
2019-04-25,144.2703399658203,146.3055482295943,142.34979822223542,146.10489931491801,20305140
2019-04-26,143.61105346679688,146.47754155994653,143.32440465748192,145.33094632268666,2428140
2019-04-30,144.5570068359375,145.33096220479854,141.37521170308924,143.61106916095477,6190464
2019-05-02,144.67164611816406,146.13354793178513,143.58237548022228,144.24167293819866,5411707
2019-05-03,144.52833557128906,146.76419282218347,144.06969571915423,145.0729665685246,5010129
2019-05-06,144.09835815429688,145.15895348690964,142.20647428672046,143.38173613989878,3270067
2019-05-07,142.636474609375,146.33424315701888,142.005843617696,144.4710255654016,4320204
2019-05-08,142.8084259033203,144.5283185858276,142.49311049529533,143.0950746837382,4215463
2019-05-09,138.91004943847656,143.6970805009732,138.25075176368614,142.80847596841636,6993406
2019-05-10,138.3080291748047,140.42922828719503,137.59140726198189,138.73800232249837,5294698
2019-05-13,138.7953643798828,139.25399550101164,136.2155249583075,138.594706703518,3539800
2019-05-14,138.6233367919922,139.31129204015625,136.90344429766927,138.16469704394098,3301180
2019-05-15,134.78228759765625,138.96735364881607,133.83634118025415,138.59471365724542,5134147
2019-05-16,133.09103393554688,135.69953975716822,131.6004654287826,134.810926730309,4788978
2019-05-17,135.38424682617188,136.44485105831964,133.2057225890498,133.63569585919157,7517604
2019-05-20,136.27284240722656,139.253988279097,135.1835804292944,138.68069065959008,6976701
2019-05-21,135.9862060546875,138.42272116079235,134.43830408978653,137.41945023474918,5817365
2019-05-22,138.3080291748047,138.73800232249837,135.92884792336335,136.24415456674453,3916767
2019-05-23,139.97061157226562,140.45791805239475,137.4194388918999,139.31132280298743,4979182
2019-05-24,140.40060424804688,141.00256858697372,138.3940622835098,140.31461309155534,2407824
2019-05-27,139.94195556640625,141.2891997538346,139.36865793401265,140.40058667405899,1947123
2019-05-28,143.7257080078125,144.3563388732502,140.14259797197838,140.400580144993,13294021
2019-05-29,143.7257080078125,144.24168110166895,141.86249078917876,143.26706817366028,3325742
2019-05-30,145.01564025878906,146.33422661645594,142.8084495330555,144.44234260309287,16592348
2019-05-31,145.3309783935547,150.74864908341223,144.58568957530392,149.6307114821214,22235393
2019-06-03,149.57334899902344,150.14664663220915,145.15895897305893,146.19089646235875,6895062
2019-06-04,151.006591796875,151.43656501810509,147.96812136511113,148.36941920753276,6111033
2019-06-06,154.30303955078125,155.62163447698558,151.1499028731869,151.29322726762302,11211307
2019-06-07,152.23916625976562,154.61836522718232,151.12124646962954,154.27438317804283,4860923
2019-06-10,148.6560821533203,153.64377899199482,147.73881985735625,153.07048130918886,4916941
2019-06-11,148.34075927734375,150.4619674710692,147.65279513460715,149.2866968518654,4303321
2019-06-12,147.3374786376953,148.42674054483547,146.420199006968,148.31209152577813,3093642
2019-06-13,146.53488159179688,148.31210779079993,145.38828630155692,146.76419715071373,3433631
2019-06-14,146.27687072753906,147.2801414698345,145.3022666131603,146.39153723920558,2805760
2019-06-17,146.36288452148438,147.71012868334023,143.7257119633999,146.19089348546538,5008880
2019-06-18,149.25804138183594,149.5733480798884,146.33421997142472,146.44887774779176,4171426
2019-06-19,147.36614990234375,150.5479622701838,146.2768878962768,149.34403373899178,2982858
2019-06-20,149.25804138183594,149.6306813419857,146.76419319367182,146.76419319367182,3042607
2019-06-21,145.76092529296875,152.1245326102,144.4136723368525,149.05738673027287,20185830
2019-06-24,147.19418334960938,148.05412989303457,145.24497468364376,146.70687680920366,2633348
2019-06-25,148.11143493652344,148.4840748685299,145.93290235877112,146.19088452306997,2590646
2019-06-26,149.22935485839844,150.92058973786303,147.4234709589565,147.85344414909287,4030718
2019-06-27,148.71340942382812,150.03200453850326,147.91079619939674,148.62741827400623,13174124
2019-06-28,145.50294494628906,149.5160197381659,145.04430507790008,148.74208190917605,4626498
2019-07-01,142.89442443847656,146.99349871160297,142.17780245031972,145.76091239110397,4839632
2019-07-02,144.87232971191406,145.04432077465137,141.6618677814096,142.34982328452992,3955456
2019-07-03,143.86903381347656,145.70358442016428,143.49639386524356,144.87230463330252,2828456
2019-07-04,143.95504760742188,144.95831852414634,143.0091012086705,144.0983720240968,2555817
2019-07-05,138.68072509765625,145.1589915563735,138.07876944595458,144.18438711075737,4271783
2019-07-08,133.234375,138.42272066272028,132.11644629314006,138.39405402965656,4588708
2019-07-09,131.629150390625,134.8396121392815,130.82652839258964,133.2917101579803,9158261
2019-07-10,133.77902221679688,134.43831107474838,131.88713805125386,132.66108470000188,5900374
2019-07-11,134.66758728027344,135.15489368345877,133.34900994991523,134.7249205328221,4033341
2019-07-12,132.57505798339844,135.4988789775142,131.4571295142929,134.66759053460046,6741721
2019-07-15,132.0877685546875,132.83305721254277,130.85518216703156,132.43175062687533,3265924
2019-07-16,133.46372985839844,133.95102774068187,131.48585419398051,131.54317872539784,3739400
2019-07-17,131.85845947265625,134.2376412205317,131.28516182277514,133.00505477241848,5404435
2019-07-18,126.2974853515625,132.37443573691505,125.8388454409364,131.85847130485362,8729774
2019-07-19,127.2147445678711,128.44733975953335,124.6349051523618,127.27207783179134,19100281
2019-07-22,126.92810821533203,127.93137919771826,124.03296180728047,127.73073024993826,5607789
2019-07-23,125.0075454711914,127.78803362790612,124.40558123179468,127.27206927861023,4983571
2019-07-24,124.31959533691406,125.81016393547704,123.48830676998796,125.20819967067207,4877895
2019-07-25,119.84789276123047,124.7782480133716,119.30326166477343,124.7782480133716,19251346
2019-07-26,120.76514434814453,122.08373066950564,117.81266500173341,119.8192067414223,10490177
2019-07-29,117.75532531738281,121.88307509791775,117.23936096872959,120.7651377627903,11715160
2019-07-30,114.40153503417969,118.55794253261844,113.51292202632739,117.86998717899395,10527314
2019-07-31,117.21070861816406,118.09932176939263,112.96830929645314,114.20089580608003,10992207
2019-08-01,116.06410217285156,117.66933726883725,114.94617355616013,117.66933726883725,6018424
2019-08-02,113.05429077148438,115.26149014387121,111.99369540575933,115.17549025076208,6376599
2019-08-05,115.00350952148438,116.32208708878258,110.70377724248313,112.36633689123252,8942376
2019-08-06,117.5833511352539,119.10258640372746,113.82824979028803,113.82824979028803,12536563
2019-08-07,118.1566390991211,119.8765319026144,115.66279103492494,117.06736840821236,9270695
2019-08-08,121.453125,122.28440494114112,117.44004097589766,118.18532101068207,8622272
2019-08-09,119.0166015625,122.68570320597733,118.67261945624911,122.62836993899273,7027377
2019-08-13,116.80941009521484,121.2238007762412,116.09278794739143,119.18859212685696,6907370
2019-08-14,114.94617462158203,119.53255565386462,112.1656776216297,119.53255565386462,16687905
2019-08-16,115.77745056152344,116.2934236590932,114.48753093933996,114.65952197186323,12556891
2019-08-19,114.05756378173828,116.43675423754682,113.8282482247622,116.207429932743,5848151
2019-08-20,111.96501159667969,114.37285952124593,111.44903856067003,114.31552626796943,7496337
2019-08-21,108.23860168457031,112.05102768526838,107.83729506573287,111.79304548371776,10788976
2019-08-22,103.6808853149414,108.03794228244672,101.87499243716078,107.77996008500035,13370852
2019-08-23,107.77994537353516,108.58255848888818,103.27955585747753,103.68087116298092,11447263
2019-08-26,108.2099380493164,110.01582225802791,104.65549415169924,109.49985784063276,8851543
2019-08-27,109.9871597290039,111.36307061586014,108.35325789651257,108.92655555734068,11357212
2019-08-28,106.0887222290039,110.41712084222651,105.601415771713,108.35324599088827,10791130
2019-08-29,108.35324096679688,109.09852955899098,104.39749122428259,105.08544656022072,31069292
2019-08-30,105.91675567626953,109.1845509895169,104.42617807831081,108.78324432786005,11880019
2019-09-03,103.79554748535156,106.46137821804236,103.22224980108874,104.9134762200984,7054535
2019-09-04,104.4261703491211,105.14279245897734,102.67761939933465,103.79554814114469,6030798
2019-09-05,111.70704650878906,112.59565083546909,105.37210595882979,105.42943047303272,29083353
2019-09-06,113.85692596435547,114.3728903918036,110.53179757683256,112.45233961040377,16095238
2019-09-09,114.2868881225586,114.71686135289504,112.82497738984911,113.57026607199784,5382211
2019-09-11,112.76763916015625,116.37941588547794,112.1083504018079,114.54486526640534,8755389
2019-09-12,113.34092712402344,114.20087347359544,112.02234097178105,113.28360261608128,6446408
2019-09-13,113.62760925292969,114.43023133010094,111.50640938438639,113.8855914839447,6979583
2019-09-16,114.974853515625,115.34749351511208,112.71032938897064,113.31228496539923,3961273
2019-09-17,113.28361511230469,115.00350800116865,112.36633540577952,115.00350800116865,5885854
2019-09-18,110.27381134033203,114.20089516734197,109.9298292360293,113.7709219108777,5488038
2019-09-19,110.90442657470703,111.50639084554673,108.63990264900312,109.67184014932437,7916117
2019-09-20,114.68819427490234,116.03543847601597,108.26726247643604,111.04775077309249,30567231
2019-09-23,116.20744323730469,119.47523841139538,114.97485666874123,117.81267856340344,9396444
2019-09-24,113.59890747070312,117.92730577753436,112.99695203384788,116.72338615599735,9662821
2019-09-25,110.4171371459961,113.91424776046559,109.58584850812821,110.64645271985925,6873148
2019-09-26,116.55140686035156,117.44001991302436,108.66856465536726,109.29918678306959,20274950
2019-09-27,114.2868881225586,117.41135851343788,112.76764412667315,116.55141205276499,10240429
2019-09-30,114.57353973388672,115.08950412372866,112.68165572475299,113.22628674688124,7578946
2019-10-01,111.277099609375,115.00353507932132,109.35654859880927,114.65955292142517,10416295
2019-10-03,107.0633316040039,110.64644176478046,106.20338516541753,110.64644176478046,12270678
2019-10-04,106.51869201660156,108.55390017331429,104.4261506028103,107.60795391847928,12238072
2019-10-07,105.71609497070312,107.89462803363858,104.91348167017215,107.17800589108276,6160378
2019-10-09,106.2607192993164,107.03466585170023,104.91346636867506,105.94540385301443,5808768
2019-10-10,105.80207061767578,106.5760171054844,105.31476417333835,106.06005278027865,4047661
2019-10-11,108.3819351196289,109.0698906302804,106.20340204604176,106.20340204604176,7104915
2019-10-14,108.98389434814453,109.38520098150524,107.75129906617347,108.69724550319711,6340044
2019-10-15,109.58584594726562,110.4744590839195,107.80862842178608,108.35325945785517,5459056
2019-10-16,111.53504180908203,112.48097928192882,109.70049137056996,110.24512230184014,7396404
2019-10-17,114.3155517578125,114.63086722548907,110.58911690741063,111.21974784276377,6611768
2019-10-18,118.07062530517578,118.38594069824723,113.36958727882997,113.97155143872527,12709671
2019-10-22,119.70452880859375,120.36381748435731,116.55139231996992,118.09929393754727,9795154
2019-10-23,119.70452880859375,121.36708818528308,118.41460933597492,120.04850208592967,7137614
2019-10-24,117.64067840576172,120.39250893089056,117.18203852693557,120.39250893089056,8470734
2019-10-25,118.01333618164062,118.64395840902186,116.37943422176026,118.44330946078506,5368529
2019-10-27,116.29344177246094,119.70456133285975,115.54815301399537,118.5006326655055,755584
2019-10-29,120.24920654296875,120.6505132300182,114.43023771117747,116.95274438505662,6925785
2019-10-30,118.24266052246094,120.9371581884372,117.8700204854007,120.82250038840554,4487164
2019-10-31,118.98793029785156,119.81921014980374,118.09931718114626,118.67261483736542,6655719
2019-11-01,118.72994995117188,119.24591435067333,115.72013720914767,117.52602135523092,7118433
2019-11-04,123.25898742675781,123.60296949545182,117.98465110968993,118.09930888331213,8489492
2019-11-05,121.05179595947266,124.72090618820762,120.16319159538202,124.40559072941998,12681517
2019-11-06,121.7684326171875,123.1730190339299,121.05181046490219,121.19513489535925,4344694
2019-11-07,121.82575225830078,122.54237433040842,120.90847250687177,122.3990499159869,3529240
2019-11-08,119.96255493164062,123.83231476814515,119.30326601418275,121.88310590518579,6324778
2019-11-11,120.3064956665039,120.8511265953232,117.9559721869767,119.79052261723315,3485203
2019-11-13,118.81593322753906,123.83228746513117,118.21396896946248,123.7749542032848,12228149
2019-11-14,116.00679016113281,119.53256742785915,115.66280805069825,119.53256742785915,4889669
2019-11-15,115.3188247680664,117.23937549411852,114.94618477540716,116.35076234105219,4544919
2019-11-18,114.8315200805664,115.80612432781912,113.65625815836704,115.80612432781912,5894876
2019-11-19,114.43022918701172,115.4048335680541,113.6562737606324,115.20417586556196,3836452
2019-11-20,116.40811157226562,116.95274269308416,114.34423614325584,114.60221838492467,4456738
2019-11-21,112.71033477783203,116.75207668859655,112.25169485419218,116.37943667129295,4650473
2019-11-22,114.08623504638672,114.28689272776036,112.5383331043682,112.91097308654426,4335573
2019-11-25,115.06084442138672,115.60547547631731,113.77092462126393,114.1435733677743,3884393
2019-11-26,113.36961364746094,115.86346199800285,112.48100051405932,115.23283106518153,8027053
2019-11-27,115.23281860351562,115.63412517744501,112.48098834998564,113.22627698604147,4378518
2019-11-28,118.01333618164062,118.29998503440358,114.5448833136431,114.97485659278753,7855291
2019-11-29,117.6693344116211,119.70454267597951,116.86672125703083,118.32862316376112,5422867
2019-12-02,118.01333618164062,118.32864292141687,115.94946094261583,117.64068742435153,3284647
2019-12-03,117.86998748779297,118.50060958533965,116.9527078486726,118.38595181740634,2619997
2019-12-04,116.23606872558594,117.52598810725088,115.31878922171614,117.29667260519626,5343182
2019-12-05,112.59566497802734,116.43676657301619,112.16569170227446,116.09278445328239,6745934
2019-12-06,110.07315063476562,112.93963893254598,109.44251971012272,112.5956568376811,5644775
2019-12-09,109.87248992919922,110.99042733281104,109.49984995988049,110.0444809718955,3992473
2019-12-10,107.3213119506836,110.3311244342643,106.94867199946647,110.07314225666572,4431410
2019-12-11,107.29263305664062,108.55389466576305,106.06004682242943,107.95193048828669,8520046
2019-12-12,109.01254272460938,109.41385807078963,106.77668542819703,107.95194733952259,8081188
2019-12-13,112.5096664428711,112.8823064249519,109.67184475859105,109.90116032482106,5851149
2019-12-16,110.4171371459961,113.11163450411611,110.07315503737294,112.93964344980454,3154315
2019-12-17,112.48100280761719,112.65299386078712,110.101820940223,110.90443419124485,3652710
2019-12-18,113.36961364746094,113.79958689770415,111.67838727940325,112.28035157930938,3623918
2019-12-19,112.88230895996094,113.57027316975692,111.93637129323396,113.16895779809983,2015809
2019-12-20,115.1181640625,116.20742604342168,112.45232487577988,112.8536402087981,5806708
2019-12-23,113.08296966552734,116.00679139175226,112.53833860808545,115.00352043147508,6665480
2019-12-24,114.05756378173828,114.48753701193921,113.16895068975744,113.39827499456126,3113553
2019-12-26,113.11164093017578,115.46215631320932,111.90771222942597,113.74226316804038,8630191
2019-12-27,116.66606903076172,117.81266430379132,113.31227435801905,113.79958084818772,5046833
2019-12-30,117.98465728759766,118.24263947871292,115.34748461706249,116.69473758419352,4696784
2019-12-31,121.16645050048828,121.79707260784357,117.21069183655963,117.52600726415082,10534842
2020-01-01,121.51044464111328,121.88309339136242,119.47523607537909,121.16647127299323,6447592
2020-01-02,121.02314758300781,121.99775192033262,119.41791227856358,121.82576086131562,5958343
2020-01-03,121.453125,121.88309828829667,119.07393422272767,120.39252072306994,6452638
2020-01-06,117.92731475830078,120.36382956218232,116.63739515624584,120.36382956218232,6853058
2020-01-07,117.92731475830078,119.36055876058403,117.15336824576411,118.38595458859686,5243225
2020-01-08,114.7741928100586,117.26804119597494,113.62759745981259,116.37942804996864,7295998
2020-01-09,113.51293182373047,116.78072659636322,113.14029185980384,116.52274440996574,10321169
2020-01-10,117.69800567626953,118.414627716739,114.05756221155363,114.17221998846321,13533598
2020-01-13,121.28114318847656,121.539125431572,117.52604110128425,117.69803217929108,9863555
2020-01-14,122.083740234375,122.3990557105956,120.24918939249382,121.05180265212044,5417581
2020-01-15,121.79708862304688,123.0296838661007,121.1377997996152,121.8830885225129,4863227
2020-01-16,120.53582000732422,121.94039737318302,118.72993607233819,121.79707297364993,6937929
2020-01-17,119.18858337402344,120.70782746453793,118.1566545552025,120.39251199308562,5985342
2020-01-20,115.3188247680664,120.27785494597676,114.94618477540716,119.24591737299096,8110607
2020-01-21,115.89214324951172,117.66936987464318,115.31884546693125,115.31884546693125,6347967
2020-01-22,110.01582336425781,114.31555604521363,109.47119230756913,114.14357373623822,19096395
2020-01-23,109.35651397705078,111.90768647229733,108.8405496513881,110.1018025846511,16369722
2020-01-24,111.19107055664062,112.53832344953071,110.1591331012171,110.64643957255879,10626281
2020-01-27,110.84712219238281,111.79305996991963,110.07316673961316,111.1910955897465,7195361
2020-01-28,108.4392318725586,111.36305297885616,108.00925869503406,111.16239533021403,10274562
2020-01-29,109.52852630615234,110.64645506108987,107.77996658800464,109.49985967185577,10602818
2020-01-30,107.75128936767578,110.27380422486331,107.49330718000931,109.72916447022241,10859103
2020-01-31,104.16818237304688,108.61123920821609,103.193578107156,108.23859923084923,35281395
2020-02-03,102.41961669921875,102.87825654650986,98.6931821551982,100.26975061612997,15284598
2020-02-04,104.62681579589844,104.91346460629815,103.05024733869996,103.62354495949941,10043759
2020-02-05,102.76361083984375,105.48677486488842,102.33363757273143,105.48677486488842,9468632
2020-02-06,103.16490173339844,104.11084802542284,102.19029755953494,103.3082261339027,6917941
2020-02-07,106.0887222290039,106.6620198268393,102.1043056736134,103.36555863928582,13470302
2020-02-10,102.53429412841797,106.0600713805872,101.84632991038926,106.002738113142,19665611
2020-02-11,102.8209457397461,104.05353229256512,101.04371937501159,103.19358574469268,16397703
2020-02-12,103.36557006835938,105.14278756945876,102.1616414806565,103.76687668165097,14669421
2020-02-13,101.93231964111328,103.73820366368292,100.8143910201022,103.36556370595508,11781999
2020-02-14,100.18376159667969,102.56294327995904,99.8684461482405,102.04697890820593,15392705
2020-02-17,96.2280044555664,100.44173651416719,95.62604023353,100.18375434695932,15997350
2020-02-18,98.52119445800781,99.72511414974595,94.59410246269832,96.37132849294649,27643844
2020-02-19,101.90364837646484,102.36228820592436,99.89710677692827,101.10103523578108,21092109
2020-02-20,102.8209457397461,103.3369101693381,100.44175504193515,101.90366592288403,16776977
2020-02-24,100.24109649658203,102.56294495522384,99.35248339931243,102.47695380780296,9952676
2020-02-25,100.3844223022461,102.44828859947287,99.86844916706843,100.95771995389151,13534936
2020-02-26,99.63914489746094,101.90366912852913,98.97984727465496,99.86846048497584,10925243
2020-02-27,99.8111343383789,100.06911655709379,97.23129465557238,99.61047664169577,11500515
2020-02-28,96.5433120727539,98.49252915603694,95.59737453451179,98.34920475643497,14694382
2020-03-02,97.08793640136719,100.32706381984917,96.48597226888295,98.97981117799519,11962711
2020-03-03,102.16165161132812,102.9929315529705,97.97657651981774,98.23456749121448,17015816
2020-03-04,102.10429382324219,103.07889787688298,99.81110369805158,102.1902849538064,9858330
2020-03-05,101.55965423583984,103.30821345699219,98.72183320364891,103.19355570022384,12349902
2020-03-06,96.74397277832031,99.18048764829283,95.45405314127603,95.56871091500338,10629291
2020-03-09,90.55235290527344,95.56870683518694,89.97905531328331,95.05274250152665,23967899
2020-03-11,96.31400299072266,97.40326500160569,90.03639561678574,90.6383598850433,28399797
2020-03-12,88.60314178466797,93.4475045339484,86.05196933069914,92.3009093862926,33250878
2020-03-13,88.34516906738281,92.61623469928045,70.88825345436959,83.84477913275028,43328010
2020-03-16,82.49752044677734,86.76859452910445,82.03888936889776,86.53927024233757,23542677
2020-03-17,83.64411926269531,89.09044665294445,81.58025307929736,83.24281267824244,18989633
2020-03-18,83.15681457519531,87.05523981469022,81.98155280293062,86.91191542167812,18737193
2020-03-19,77.21928405761719,83.43807500654874,76.25052547414941,80.00055131714036,28547877
2020-03-20,83.00057983398438,84.87559288955566,76.65678470895388,77.81304180620855,24022133
2020-03-23,79.90679931640625,84.28183421301254,75.03176860602396,76.56302724353284,17884315
2020-03-24,79.90679931640625,84.37558104389333,78.40678803305616,80.7818062957275,9991023
2020-03-25,77.81304931640625,80.7818202742611,77.31304387930017,78.7505559346762,8339454
2020-03-26,77.03178405761719,79.37555030683475,74.50051460110036,78.75054597371006,28364001
2020-03-27,82.31307220458984,83.09432765364025,78.12554490504155,78.68804978203882,18332679
2020-03-30,83.21932983398438,84.21934066213636,79.50055566016115,79.71931100907254,12357349
2020-03-31,87.53185272216797,88.96936449653472,83.90682593279357,84.43808339401888,14997503
2020-04-01,87.15684509277344,88.28185470612468,85.65683863284409,86.71934400336141,8833033
2020-04-03,86.0943374633789,87.4380928177755,82.37556399573435,86.62559490310309,10936160
2020-04-07,87.5943603515625,89.00062021152786,85.71934720494204,87.68811673097954,8203204
2020-04-08,85.8443374633789,89.62560554251908,85.6255821613821,87.50059490944156,7070293
2020-04-09,88.00059509277344,88.40684401647744,86.25058138911115,87.00058453730715,5078557
2020-04-13,91.18812561035156,91.68813096898177,86.46935066845319,88.00060933060088,10691543
2020-04-15,91.78189086914062,94.75066147525898,91.25063336700623,92.12563562566474,10487965
2020-04-16,92.1256332397461,94.06315045249454,90.25062027391563,90.37562876775162,9736774
2020-04-17,92.96939849853516,95.2819127218931,92.68814844405279,94.68816048758372,7093925
2020-04-20,90.12561798095703,93.68814057680899,89.37561472974747,93.68814057680899,7139688
2020-04-21,86.87557220458984,88.50058672241967,86.12556917205531,88.1255804377494,6501336
2020-04-22,87.9380874633789,88.3130937914098,84.37556549431375,86.37557699126198,5604252
2020-04-23,88.06309509277344,90.46936527225081,87.56309932175145,88.0006003897997,7553183
2020-04-24,85.62559509277344,89.87562653758685,84.87559178764388,87.87561454497155,11701166
2020-04-27,86.3130874633789,87.31308850333522,85.9380811128905,86.87558745230385,4238903
2020-04-28,84.62557220458984,87.21934558162408,84.03182007045702,86.62559344749126,7064210
2020-04-29,87.40685272216797,88.03185700466668,84.59433345092377,84.68808027857517,7399346
2020-04-30,92.8131332397461,93.40688538341313,88.34435656514827,88.43810339006109,13145052
2020-05-04,88.93811798095703,90.43812455679293,87.71936144598922,90.43812455679293,8356099
2020-05-05,86.2505874633789,92.03187684045322,85.8443385110645,89.9381087648436,11879416
2020-05-06,83.59432983398438,87.0943579258693,83.21932341813623,87.0943579258693,10427774
2020-05-07,81.75057220458984,83.12557988938312,81.25056680917146,81.25056680917146,10860354
2020-05-08,80.62554931640625,83.25056529376482,80.34429930754786,83.03181952545636,7096898
2020-05-11,80.28179931640625,81.90681428863688,80.03180141459013,81.34430470433767,6657844
2020-05-12,79.28178405761719,80.656796197531,78.31303038127267,80.12553879778943,8128169
2020-05-13,81.62557983398438,82.813084399326,80.3130667570822,82.813084399326,11135898
2020-05-14,80.40679931640625,82.15681326237791,80.0318024587894,81.15681210525752,5663178
2020-05-15,81.00056457519531,81.78181998376468,79.84430275578897,81.06305928579535,6296826
2020-05-18,76.06302642822266,79.3755513444473,75.65677742110476,79.3755513444473,24334121
2020-05-19,77.25051879882812,77.59427301900416,76.12551409065904,76.93801669626944,9537927
2020-05-20,77.03178405761719,78.21929324423502,76.15677703756171,76.87553297433601,8087994
2020-05-21,77.81304931640625,78.9068070377212,76.75054372306239,77.43804762277931,6187181
2020-05-22,78.25053405761719,78.78179151108046,76.18802279178729,77.50053082793436,7128048
2020-05-26,79.53179168701172,80.00054487966601,78.12553210904883,78.65678477370956,6182999
2020-05-27,81.75057220458984,82.09432650999058,78.75054936888927,79.53180481897745,6084254
2020-05-28,83.68807220458984,83.9380796474199,80.81305813811022,81.78181671335798,7882781
2020-05-29,88.31311798095703,89.03186918027869,82.65682661523674,83.43808206528624,16208002
2020-06-01,92.84439086914062,93.59439412336847,88.46936075986798,88.81311503295831,21204876
2020-06-02,89.62560272216797,93.21937704285921,89.37560484501687,93.21937704285921,16679738
2020-06-03,88.56309509277344,90.68811513949063,88.18809828698154,90.62561090345493,11560484
2020-06-04,87.6568603515625,89.1256243932109,87.0943602495918,88.12561361547459,6295232
2020-06-05,90.53187561035156,91.09437565904588,87.81310312244217,88.12560526878538,11872471
2020-06-08,91.68814086914062,93.09440072767593,90.46938423243868,92.50064847254525,11258686
2020-06-09,90.1881332397461,92.46939539427508,89.78187467382058,92.46939539427508,6957064
2020-06-10,87.9380874633789,90.46935633556973,87.62558536895553,90.00060319393465,8914993
2020-06-11,86.06307983398438,89.31309989506873,85.93808089640567,88.03184886387751,9259185
2020-06-12,84.15681457519531,84.71932409639554,82.93805825113951,83.18806566171992,8424817
2020-06-15,82.56307220458984,84.37558086776649,81.5630615055076,84.18807766958746,8217803
2020-06-16,81.96931457519531,84.37558507540274,80.9693133630539,84.0630829084568,7130557
2020-06-17,80.90682220458984,83.688090033019,80.68807637442309,81.96932783674346,9071758
2020-06-18,86.00059509277344,87.31309839455378,80.0942968559313,80.62555432317181,34586616
2020-06-19,85.7818374633789,87.5005992340477,84.50057678151866,87.5005992340477,17468335
2020-06-22,89.78186798095703,89.96937118688278,85.68809725842593,85.78184409298419,19716275
2020-06-23,89.9068832397461,91.71939211416056,89.5006246735429,90.59438233078161,10955603
2020-06-24,88.4693603515625,91.53187759919565,87.96935500544865,91.06312437536556,10639459
2020-06-25,87.75059509277344,89.7818589563729,86.46934397748807,87.7193525089339,33546602
2020-06-26,88.81311798095703,89.37561805609694,87.25060717578052,88.06310516502502,8095985
2020-06-29,84.2818374633789,88.03186343217335,83.84432680423886,87.84436022637179,14575190
2020-06-30,83.0318374633789,85.71934872508028,82.71933526673361,85.21935283989596,9576074
2020-07-01,83.6568374633789,84.15683332230563,82.1255691507843,83.03183310291081,8412734
2020-07-02,83.50057220458984,84.37557434604786,83.00056689369609,83.78182221171505,7744251
2020-07-03,84.53182983398438,84.93807880589377,83.15682230966576,84.00057237520264,9092987
2020-07-06,84.90684509277344,85.93809845956439,84.53183866658969,85.18809514400647,9489759
2020-07-07,83.0318374633789,85.43809865546154,82.87558636505625,85.31309968416548,9903888
2020-07-08,83.0318374633789,84.03183877055773,82.25058197176567,83.09433218062183,12308795
2020-07-09,81.50056457519531,84.56309165549128,80.68806653817914,83.43808190225622,19347175
2020-07-10,82.00055694580078,82.65681332569154,80.12554416714616,80.93805161192479,17079028
2020-07-13,81.56304931640625,82.78180561722095,81.4380503819035,82.37555669588518,7748516
2020-07-14,80.15681457519531,81.5005702250846,80.00056347465888,81.5005702250846,7234601
2020-07-15,80.00054168701172,80.90679591594835,79.71929169000487,80.53179909887513,7037060
2020-07-16,78.84428405761719,80.00054092194897,77.87552560002894,79.84428986546078,11776854
2020-07-17,81.62557983398438,82.53183432193566,79.12555742333534,79.12555742333534,11331564
2020-07-20,83.12557220458984,84.12558290297761,82.31306470425089,83.43807435573493,16601999
2020-07-21,83.18807220458984,84.06307436842259,82.50056369242961,83.43807009802539,10375549
2020-07-22,83.81307983398438,85.43808528005783,82.96932022040927,83.5630723937209,14123342
2020-07-23,83.40681457519531,84.71932730421874,83.25056351396908,84.31306882294581,5534003
2020-07-24,82.25057220458984,83.0630701899361,81.25056147935113,83.0630701899361,8426361
2020-07-27,81.21929931640625,82.37556097848585,80.84430249340241,82.25056203748457,5361430
2020-07-28,81.53180694580078,81.71931013837482,80.3443026208461,81.31306116847152,5274135
2020-07-29,82.00055694580078,82.81306439057943,81.06305055647347,81.25055374170057,5729989
2020-07-30,80.37555694580078,82.31306455735734,80.18805374808659,82.06306665161094,5755341
2020-07-31,80.78180694580078,81.2505601775946,79.71930152776325,80.59430374572148,5309957
2020-08-03,80.25055694580078,81.18806349674149,80.06306326506049,81.18806349674149,4101202
2020-08-04,80.46930694580078,82.3130677995272,80.31305586435262,81.00056443744819,8225015
2020-08-05,80.28179931640625,81.31306211921714,80.12554824356901,80.71930041298876,6357451
2020-08-06,80.53180694580078,82.00056131186483,80.18805267738284,80.62555377500173,7904721
2020-08-07,81.09431457519531,81.46932100067148,80.34431126105252,80.93806348738183,6553466
2020-08-10,80.78180694580078,81.96931131828822,80.62555586853618,81.4380633776739,7123506
2020-08-11,81.31306457519531,81.87556463967562,81.06305712901934,81.3443071612595,5667893
2020-08-12,80.43805694580078,81.37556345924091,80.31305798470397,81.2505644981441,10656110
2020-08-13,80.59429931640625,81.34430253869576,80.18805035256854,80.46930036882605,7332156
2020-08-14,82.40682220458984,83.90682873598443,80.68806034966279,80.84431142738343,23946105
2020-08-17,85.00057983398438,85.62558409746956,82.71931808698676,83.43806917527142,23263111
2020-08-18,85.4068374633789,86.59435140667478,84.78183313642609,85.4068374633789,14886444
2020-08-19,84.43807983398438,86.25058838384922,84.03182134052624,85.93808625202368,7439983
2020-08-20,86.56309509277344,86.87559724112279,83.34432677949849,83.81308000202253,16864753
2020-08-21,87.1881103515625,88.62562232206854,86.8756081639225,87.1881103515625,18104009
2020-08-24,87.3756103515625,88.37561159307276,86.71935387434071,87.93811045386143,7621483
2020-08-25,87.7818603515625,88.12561465652078,87.00060490247986,88.03186781735474,8785149
2020-08-26,88.71935272216797,89.96936124107646,87.46934420325948,87.84435057365529,20083642
2020-08-27,87.8443603515625,89.5318701325631,87.50060606323792,89.18811584423854,9356533
2020-08-28,86.90685272216797,89.00061147494479,86.65684527174075,88.18811348728133,9056278
2020-08-31,83.9693374633789,88.84436371900398,83.6880778790233,87.03185493543153,18667357
2020-09-01,83.40681457519531,84.62557094539825,81.68805290170687,84.43807730137313,10566870
2020-09-02,85.1880874633789,85.93809071131592,84.2193288970896,84.68808211915132,16748685
2020-09-03,84.8130874633789,86.28185148459671,83.656835150565,85.93809718848091,17375778
2020-09-04,82.78182220458984,85.28183954281413,82.09432315866374,83.81308507869294,9952446
2020-09-07,82.46931457519531,83.62557633226612,81.71931133076419,83.1255709903758,8781574
2020-09-08,81.21929931640625,82.90680886194328,80.84430249340241,82.56306415839173,7292289
2020-09-09,79.34429168701172,80.62555237238418,77.9692841740692,80.59430025092466,13115790
2020-09-10,79.15678405761719,80.188041956592,78.43802826327693,80.00053878644978,12007280
2020-09-11,78.18804168701172,79.37555088223795,77.90679164242864,79.31305140215333,12588367
2020-09-14,78.09427642822266,79.28178541581788,77.5630237877838,78.75053277537903,12397073
2020-09-15,77.56303405761719,78.59429212466345,77.37553562532072,78.5317926472313,11537811
2020-09-16,77.40679168701172,77.87554497308777,76.93803840093565,77.87554497308777,8007948
2020-09-17,77.68804931640625,78.68805540902022,77.21929601345546,77.40679447359267,13049746
2020-09-18,77.28178405761719,78.28179000216757,76.81303082407128,78.28179000216757,14611915
2020-09-21,76.03178405761719,77.59429501330844,75.6880297400031,77.28179282217019,9573596
2020-09-22,74.71926879882812,76.25052748439053,74.2817629112356,76.25052748439053,10042777
2020-09-23,75.65677642822266,76.56303080384508,74.34426351400445,74.8442688878404,9281239
2020-09-24,72.31301879882812,75.68804405513185,72.0005165485853,75.65679669115113,15979042
2020-09-25,73.1880111694336,73.50051335612494,71.18799908197093,72.50050731239361,15988801
2020-09-28,75.00051879882812,75.8130263265106,73.68801067352955,73.68801067352955,9441818
2020-09-29,73.5317611694336,75.9692790363439,73.21925900107085,75.71927634797278,12065137
2020-09-30,72.5005111694336,73.18801506304891,71.65675617416002,73.12551557606665,14036702
2020-10-01,73.2817611694336,74.813019943224,72.71925629206402,73.18800956180453,9963165
2020-10-05,74.00052642822266,74.6880303564841,73.46927360949361,73.71927157002108,8141288
2020-10-06,73.0005111694336,74.59426942669789,72.68800898937334,74.59426942669789,11221801
2020-10-07,71.53174591064453,73.25050787219558,71.40674694807545,73.18800839091104,11939558
2020-10-08,70.81298828125,71.87549367164299,70.40673453725114,71.68799047644218,11663333
2020-10-09,71.81299591064453,72.43800021836397,70.18798566425487,70.84423732631761,15958362
2020-10-12,70.75048828125,72.18800014827445,70.50049036385846,72.06300118957869,7949842
2020-10-13,71.15673828125,71.6567436263627,70.21923183546699,70.81298877883886,9702168
2020-10-14,69.09423065185547,71.21924156106917,68.50047367677136,70.7504883131418,19663164
2020-10-15,69.12547302246094,70.43798106832708,68.46922138373,69.28172409383558,15481671
2020-10-16,69.59423065185547,70.46923766074744,68.50047308284165,69.56298329664068,12231039
2020-10-19,71.68799591064453,72.09424968543884,69.53173284440464,70.31298826962266,18111350
2020-10-20,71.03173828125,72.59424900117013,70.68798401550586,71.93799259144195,16554127
2020-10-21,71.93799591064453,73.06300558825643,70.96924208063855,71.03174155863822,20421726
2020-10-22,72.37548828125,72.93798824663504,71.31297828000393,71.8754830137926,13653932
2020-10-23,73.5630111694336,73.87551334902915,72.6255046306469,73.00051106088544,11876035
2020-10-26,71.59424591064453,73.68800940402603,71.37549058652637,73.68800940402603,11243128
2020-10-27,71.21923828125,71.96924630443685,70.53173450296534,71.3754893566967,10985477
2020-10-28,70.43798065185547,71.25048812556129,70.25048222835707,71.21923600410943,9366165
2020-10-29,69.28173828125,70.28174438914667,69.09423981824733,70.00049431044003,11414157
2020-10-30,71.37550354003906,72.0005079660233,69.40674341291296,69.75049298616108,17773808
2020-11-02,72.31301879882812,72.68802531384425,70.9692629375087,71.62551480197509,12785804
2020-11-03,72.81300354003906,73.28175678171314,72.25049869634927,72.25049869634927,12319486
2020-11-04,71.75048828125,72.81299357628923,71.0629798061499,72.81299357628923,7382741
2020-11-05,74.90677642822266,75.37552972848488,72.03175714029537,72.71926102699894,14904921
2020-11-06,76.12553405761719,76.50053572536603,73.93801876594318,75.15677537822816,18908916
2020-11-09,76.09427642822266,76.81303235432621,75.40677262567323,76.81303235432621,14950332
2020-11-10,78.00053405761719,78.37553566235106,75.62551594696251,76.40677127699311,15808417
2020-11-11,78.65679168701172,78.87554224246267,77.21928463090231,78.75054328746342,16757799
2020-11-12,76.31302642822266,79.06304638665684,75.62552263071524,78.7817963503507,35738360
2020-11-13,78.68804931640625,78.96929936903818,75.75052598431643,76.56303355388282,23377931
2020-11-14,79.43805694580078,79.68805965526302,79.09430739264465,79.59430804316405,3308333
2020-11-17,80.43805694580078,80.81306336590059,79.50055043236065,80.18805902360718,20369194
2020-11-18,80.15681457519531,80.53182103120692,78.65680305636442,80.4693167762682,18943803
2020-11-19,81.01978302001953,82.51338815919955,80.2231905737094,80.82063364229724,29186699
2020-11-20,80.6214828491211,81.98232508898029,79.75851404482658,81.84956221588236,17573909
2020-11-23,81.48445129394531,81.94912638343575,79.4929779425658,80.48871461825556,17269543
2020-11-24,81.81636047363281,82.71252243547902,81.51764150787689,82.14827268650758,18199200
2020-11-25,82.28105163574219,84.13976241713998,81.81637647268246,82.28105163574219,22813211
2020-11-26,83.0112533569336,83.21039766244323,81.88274870073028,82.71252930180087,13694237
2020-11-27,83.3431625366211,84.57123676818932,82.97805705972682,83.27677603931038,25297333
2020-12-01,83.90741729736328,84.30571098200025,82.77891261554976,83.64188648607899,8927107
2020-12-02,86.1312255859375,87.06057579878554,83.9074146087732,84.30570828064789,21081119
2020-12-03,88.5873794555664,88.95248496446115,85.79931851982539,87.19335405227503,25834042
2020-12-04,88.48780822753906,89.58311460522931,87.02739634756605,89.08524622825045,19371235
2020-12-07,90.81118774414062,91.07671347527976,88.28865278168945,88.48780214462249,14127211
2020-12-08,89.11843872070312,91.40863120948178,88.28865809946753,91.24267508523467,21479953
2020-12-09,89.41714477539062,91.27585512374176,89.21799542928935,89.88181983018929,18755465
2020-12-10,89.5167236328125,89.91501219194222,88.15588159851731,89.74905609334907,11912807
2020-12-11,91.77372741699219,93.40009524412015,89.2843858053197,89.41714866544417,30559578
2020-12-14,95.15923309326172,95.72347776348563,92.33797935467229,92.7030746763409,35605748
2020-12-15,94.9932861328125,95.82306672401751,93.46648781916376,95.35838148961662,18775793
2020-12-16,96.58646392822266,96.91837617539868,95.25881493951856,95.82306981138098,16119571
2020-12-17,95.22562408447266,96.42051023019657,94.59499282480559,96.42051023019657,12374964
2020-12-18,94.06392669677734,95.3583824056606,92.57032161826027,95.22561953562396,13628707
2020-12-21,88.25546264648438,93.9311639799376,85.8657005944541,93.86477748023215,20132655
2020-12-22,89.94823455810547,90.34653337534029,86.1644363110134,87.95676073025074,17257059
2020-12-23,89.64949798583984,90.74480432539494,89.01886675612154,89.94821697579508,10091831
2020-12-24,90.44609832763672,92.33800241771334,90.01461640562725,90.51248483678856,14518171
2020-12-28,91.37542724609375,92.86903218921,91.07670828330187,92.86903218921,15223089
2020-12-29,89.68268585205078,92.66989583059812,89.3507736322122,92.20521061949842,21146540
2020-12-30,90.01460266113281,90.7779967540191,89.08524232070862,90.7779967540191,14180071
2020-12-31,89.91500854492188,90.74478900423115,89.45033351353987,90.01458827753258,15237166
2021-01-01,89.84864807128906,90.44608605595889,89.6494987000132,89.88183119220355,6995084
2021-01-04,91.10990142822266,91.44181363743294,90.1473580473442,90.84437571251715,11669647
2021-01-05,89.71585845947266,90.77798149017916,89.21799018804572,90.77798149017916,12371842
2021-01-06,89.68268585205078,91.14309759350917,88.81971205463903,89.88182508062826,14133415
2021-01-07,90.61203002929688,91.27585442511591,89.94820563347785,90.61203002929688,17298525
2021-01-08,92.73627471923828,93.56605529140246,91.01033720663119,91.01033720663119,27964099
2021-01-11,94.06392669677734,94.92690054575209,93.13457647736314,93.26733934739978,24790683
2021-01-12,97.349853515625,97.94730161023887,94.06392444729983,94.59498604390411,28433070
2021-01-13,96.78560638427734,98.7770797249861,95.25880813056918,98.57793036508379,21154236
2021-01-14,97.349853515625,98.37878345982878,96.15497758471219,97.31667039577768,14755992
2021-01-15,95.0928726196289,97.98051364089396,94.49543453965101,97.44945194249173,10647008
2021-01-18,92.07244110107422,95.52432591201229,90.67841595602657,95.12603735449426,17085592
2021-01-19,93.0018081665039,94.19668405608837,92.66989594625107,93.49967649688314,8951075
2021-01-20,93.93115234375,94.22987129710377,92.03924875724863,93.26732794556095,11820498
2021-01-21,91.17628479003906,94.36263378568886,90.64522324771195,94.26306417800846,10828875
2021-01-22,88.42141723632812,91.47501384509275,87.95674213390504,91.17629485990345,14810848
2021-01-25,87.52526092529297,89.94821620308574,86.86143645146946,89.54991746712858,10157077
2021-01-27,85.73291778564453,87.98992683833664,85.43419882946432,87.6248213900468,11638766
2021-01-28,85.102294921875,86.26398774292403,84.83676918586966,84.96953205387233,11970139
2021-01-29,83.57550811767578,86.06484500419154,83.14402116657017,85.79931924773807,15268785
2021-02-01,85.63334655761719,86.13121485155682,83.54229871015508,83.90740415154208,12808349
2021-02-02,87.12696075439453,88.18908394668252,86.06483756210655,86.96100463867188,15485139
2021-02-03,91.10990142822266,91.60776974203809,87.12695491769927,87.12695491769927,25483402
2021-02-04,95.3252182006836,95.75670014621235,90.8112088196056,91.54140981428192,30751754
2021-02-05,93.49967193603516,95.78986411823425,92.50393532384801,95.65710126244062,19930467
2021-02-08,93.96434783935547,94.52859251383245,93.13456732175105,93.6324356323137,11810439
2021-02-09,92.43754577636719,95.22560617251612,92.07244033813376,93.93115064528516,8579689
2021-02-10,91.80692291259766,93.30052791617845,90.8111862435438,92.8690359487608,8709612
2021-02-11,91.04351043701172,92.6035017948965,90.28011644520376,91.80691455797596,14150298
2021-02-12,88.85291290283203,90.94395601501779,88.12270190506285,90.61204376678779,16453706
2021-02-15,87.7907943725586,89.51674220772789,87.62483823952918,89.28439956982331,10557047
2021-02-16,88.78652954101562,89.88183594724146,87.82398601294469,87.82398601294469,11735144
2021-02-17,89.74906158447266,90.11416704954715,88.2222633581701,88.4877992096593,8950258
2021-02-18,92.90222930908203,93.73200986762895,88.98566912440343,89.61630032306765,22069738
2021-02-19,92.43754577636719,95.05965007596969,91.10989700399567,92.90222082086596,22944780
2021-02-22,90.44609832763672,92.53714168685053,89.6827041181864,92.1720462739929,20401387
2021-02-23,90.87757873535156,92.00608859717347,90.41290356650907,91.34226403335305,19178437
2021-02-24,95.85625457763672,96.2545533327458,92.6035185511589,92.90223755291166,38775957
2021-02-25,103.6230239868164,104.68513726804102,96.75243533343043,97.51582957084685,85580477
2021-02-26,101.03408813476562,108.20339485004831,99.905588496517,103.65619291664989,94115857
2021-03-01,102.46129608154297,104.28681310831442,102.02980416135789,103.22469005925768,22306110
2021-03-02,101.8306655883789,103.65618280813194,101.23322764084988,102.46130691307387,17565134
2021-03-03,102.8263931274414,104.41957772804588,102.09619238184276,102.89277961756686,17610904
2021-03-04,100.93450927734375,102.82640287539569,100.70216666903482,102.22896492425448,17162557
2021-03-05,100.30390167236328,101.36601496080478,99.37454114967242,100.90133976403915,17323282
2021-03-08,101.66470336914062,103.55660697123936,101.13365194953644,102.16257167188698,18727656
2021-03-09,100.70217895507812,102.85960867286295,98.57794248955247,102.85960867286295,14621175
2021-03-10,100.20429229736328,101.73109046061327,99.1753624397933,101.59832760492993,10788943
2021-03-12,99.90558624267578,101.56514747594282,98.90984950271556,100.901322982636,14835735
2021-03-15,100.86685943603516,101.34751318568667,99.39059571135563,100.55787522357171,15783310
2021-03-16,100.04291534423828,101.65651497770962,99.28762163618482,100.9355447057918,11857531
2021-03-17,96.02608489990234,99.87124165946912,95.78575801863786,99.59659134708501,15554810
2021-03-18,94.10350036621094,97.3306886529056,93.51985536152418,97.15902959002568,14401450
2021-03-19,93.58853149414062,96.12908375507708,91.66594772359134,93.38253850493201,33294812
2021-03-22,93.14220428466797,94.48115337067753,92.90188788050976,94.48115337067753,11414253
2021-03-23,92.86756896972656,93.82885569607747,92.07794133574116,93.10789588993406,8887103
2021-03-24,90.84198760986328,92.79889484367179,90.67032852914821,91.94059944009643,10865477
2021-03-25,87.95812225341797,91.39130406694342,87.23715197712974,90.63599987707205,18629600
2021-03-26,88.98807525634766,89.53737595520721,88.37009625427181,88.64475708094082,9505615
2021-03-30,91.28829956054688,92.31825407340126,89.36571570777085,89.94936078928397,20582346
2021-03-31,89.50304412841797,91.32262609659006,89.26271723726848,91.32262609659006,14900610
2021-04-01,90.73898315429688,90.91064222986478,89.6747052675667,90.25833983815446,6226087
2021-04-05,89.12539672851562,90.7046623652273,87.92378316451048,90.56732671897853,9012457
2021-04-06,89.46871948242188,90.53300793205094,88.78208312488562,89.84637157451468,6689423
2021-04-07,90.12100982666016,90.42999405061826,89.09105542864118,89.46870747002906,5657926
2021-04-08,90.39566802978516,91.83760850372991,90.08668377886524,90.15535160228693,9330363
2021-04-09,88.91940307617188,90.6016599578409,88.54175100626935,90.395666967236,10149401
2021-04-12,85.62355041503906,88.09544545627757,84.86825148071377,87.8894524566345,11334755
2021-04-13,87.85511779785156,88.1984359685952,85.69221751306222,85.69221751306222,7809483
2021-04-15,88.06111145019531,89.8120362294482,87.1684821041802,87.85511845077042,8924391
2021-04-16,87.78646087646484,89.22839623891527,87.27148358711685,88.47310250088206,10358366
2021-04-19,85.55488586425781,86.51617777616129,84.73092436183741,86.24152219581465,7131534
2021-04-20,85.4862289428711,86.68784260271065,85.177244668646,85.82954713139668,7738871
2021-04-22,85.8638916015625,86.17287591377327,85.14292122157677,85.58923596925267,8514980
2021-04-23,86.61917114257812,87.37447003226481,85.31456111205424,85.79520443132232,8992991
2021-04-26,87.16847229003906,87.8894424682339,86.85948806430928,87.71778340091312,4967884
2021-04-27,87.54613494873047,87.82079053747002,86.92816118372139,87.20281677246093,3982954
2021-04-28,88.23275756835938,88.88505990629662,87.54612132269122,87.8894394455253,6206074
2021-04-29,87.92378234863281,89.29705498046702,87.64912677454211,89.09106199024416,8345584
2021-04-30,91.35696411132812,92.42125249858056,87.2028122962556,87.47746787089682,27396950
2021-05-03,90.7733154296875,91.63161079206586,90.0866791397848,91.3226265570573,10262391
2021-05-04,91.185302734375,93.24521163435077,90.80765067393175,91.01364365937701,9926789
2021-05-05,91.42562103271484,92.35258424765743,90.97931161943947,91.32262977649397,4877341
2021-05-06,92.42124938964844,93.00488395337183,91.83760434868667,92.1465885856271,7632817
2021-05-07,93.96619415283203,94.75582181035573,92.6959126405654,92.9705630056415,12644960
2021-05-10,100.9698715209961,101.96549207544328,94.13784232923399,94.13784232923399,45098431
2021-05-11,106.9092788696289,107.63024914114183,99.66526319562252,100.55789255667476,66582000
2021-05-12,105.39866638183594,109.65580911744622,104.23138683005797,107.04658922231802,42959024
2021-05-14,100.79822540283203,107.08094425868376,100.31758201929385,107.08094425868376,23140309
2021-05-17,101.72515869140625,102.41179495790844,98.87562237631728,100.93553117582388,17076463
2021-05-18,100.5578842163086,102.85812001624724,100.31756779722926,102.37747670085008,10295029
2021-05-19,104.26573181152344,104.71204123902368,99.63093654356665,100.5578893108146,23999878
2021-05-20,100.69522094726562,104.64338013270326,100.28324540556378,104.64338013270326,22983457
2021-05-21,101.07288360595703,102.72081737656353,100.83256713417995,100.93555841105001,13009821
2021-05-24,102.24015808105469,102.82380322514862,100.00858973059238,101.69085733042537,14192862
2021-05-25,101.24452209472656,102.99544678552827,101.00420567190352,102.85812161859529,10434892
2021-05-26,100.04291534423828,101.6221810643346,99.69959716496689,101.48485588807391,9948786
2021-05-27,99.25328063964844,100.45489418134578,98.94429639580255,100.07724211565032,24064196
2021-05-28,100.86685943603516,102.17147457800169,99.39059571135563,99.97424070608244,16465504
2021-05-31,101.41619110107422,101.89683447101264,99.59660888729314,100.9698816455399,11767444
2021-06-01,101.34754180908203,102.5834790079992,100.86688792368034,101.9998443256751,9307143
2021-06-02,102.37750244140625,102.92680323869054,100.9355616554322,101.27887989235543,10714318
2021-06-03,102.3431625366211,103.27011543575539,102.03417823690967,102.99546505317645,9282774
2021-06-04,105.12403869628906,106.0166576486381,101.75951399664369,102.30882522079398,29422387
2021-06-07,107.28690338134766,109.07216164450794,106.73759234058782,107.1152443359375,31071589
2021-06-08,107.1152572631836,108.14521165994498,104.91802331220691,108.07654384259905,12874065
2021-06-09,107.38990783691406,110.82308916772638,106.5659464129667,107.80189378750673,30443113
2021-06-10,107.4585952758789,109.00352715684203,106.94361798222454,107.87058130169835,11459484
2021-06-11,111.68138122558594,113.29498059464719,107.56156374941695,107.80189062642187,61728565
2021-06-14,109.41549682617188,112.60835137863417,106.80627683292659,112.60835137863417,30836595
2021-06-15,107.9049072265625,111.13210672297154,107.63025685451242,110.61712941744756,30153988
2021-06-16,106.8062973022461,109.03786566882978,106.32565390335304,108.00791103809885,14098443
2021-06-17,104.47171783447266,106.70328600129781,103.95674056520532,106.4286356485843,15784276
2021-06-18,100.5235595703125,105.60467495387572,99.63094067826819,105.05536376683652,24823176
2021-06-21,101.27883911132812,101.62215721001058,98.53229432186838,100.24888481528072,15038290
2021-06-22,102.10282897949219,102.652140186305,101.48486042010268,102.24015416188544,12494441
2021-06-23,101.9311752319336,103.40744983255111,101.7251822089125,102.89247251361857,7983220
2021-06-24,100.5235595703125,102.3774861362247,100.24890921541262,101.93116621296309,12929173
2021-06-25,102.13716888427734,102.48048709901441,100.76389602532907,100.76389602532907,7400514
2021-06-28,101.07288360595703,102.30883131460172,100.93555841105001,101.00422624712391,8217659
2021-06-29,99.21894836425781,101.55350766428602,98.8412962923371,101.0042069893891,21576435
2021-06-30,100.69522094726562,101.21019823232271,99.63094293993942,99.97426112997746,12919448
2021-07-01,100.00858306884766,101.14153936534295,99.90559180427515,100.66089600193867,5668038
2021-07-02,101.38186645507812,102.06850289697432,100.28325443438857,100.93555695874184,20805994
2021-07-05,102.92678833007812,103.33877434560762,101.34753305077415,101.62218340963406,10401054
2021-07-06,101.27883911132812,103.47607284744853,100.8668532020144,103.02976351005609,9579038
2021-07-07,101.31320190429688,102.13716348062538,100.62656551114982,101.27886798919155,6067804
2021-07-08,100.42056274414062,101.72516757351084,99.76826032945553,100.93553998898237,12349670
2021-07-09,100.72956085205078,101.27887208422685,100.0085905146472,100.42057655808934,4963821
2021-07-12,100.5235595703125,101.51919068061329,100.31757704275732,100.79822040245182,4010172
2021-07-13,101.69085693359375,101.96550730783663,100.69522575317289,100.93555268856556,5717442
2021-07-14,101.72515869140625,102.58345402453399,101.10719024244943,101.5878335335534,7216739
2021-07-15,100.72956085205078,101.89684067214974,100.0085905146472,101.62219029468186,7257500
2021-07-16,99.9399185180664,101.65650931886714,99.76825943798633,100.763880007003,10819800
2021-07-19,99.18460083007812,100.52353937640827,98.87561662357692,99.56225285012954,5158738
2021-07-20,98.12031555175781,99.59658976984781,97.2963541504161,99.21893773837186,6271740
2021-07-22,99.35628509521484,99.83692848030218,98.36066440955392,98.8756417101275,4772582
2021-07-23,98.94429779052734,99.56226628693003,98.42932055111218,99.3562732957162,3419739
2021-07-26,98.8756332397461,99.90558775266011,98.36065598328908,98.8756332397461,4423596
2021-07-27,97.81134033203125,99.73392409681517,97.57102390970739,99.21894686395726,4245486
2021-07-28,98.90995788574219,99.08161695514568,96.85004905290023,98.49797192827855,8834228
2021-07-29,97.60535430908203,99.3219452077802,97.43369521921221,98.90996967843625,8237916
2021-07-30,98.39498138427734,99.49359315000788,96.98737490961058,97.70834510173142,9526451
2021-08-02,98.80696868896484,99.49360505366158,98.25766797899901,99.08162952118721,6164197
2021-08-03,99.04728698730469,99.39060513977368,98.1889916061322,98.80696008968097,5648929
2021-08-04,99.35628509521484,101.1758778435855,98.97863297934622,98.97863297934622,8839351
2021-08-05,99.87124633789062,100.18023057310643,97.63967839420998,99.56226210267481,6237158
2021-08-06,100.31756591796875,101.93115490923442,99.73392088198095,99.9742477737967,10812438
2021-08-09,98.36067199707031,101.51920387513259,97.74270337960807,101.27887692543015,12986298
2021-08-10,97.63969421386719,99.04730093262107,96.64407352697688,98.66964881628613,14022502
2021-08-11,98.84129333496094,99.1159541414302,96.91870959862999,98.12032312418202,8356558
2021-08-12,99.15028381347656,100.72954949902173,98.66964046845999,98.90996737958784,7685737
2021-08-13,98.70396423339844,100.45488882481241,98.32631218784043,99.59659348365243,9455100
2021-08-16,97.50235748291016,98.97862138066435,97.33069840283461,98.73830495490185,5259207
2021-08-17,95.6141128540039,97.88001493091112,94.20650622461918,97.5710306652509,13714266
2021-08-18,94.99613952636719,96.30074434983665,94.75581262229916,95.61410802648665,7654460
2021-08-20,93.10790252685547,94.79015965650402,92.69591648491529,94.41250753093223,8877297
2021-08-23,91.97492980957031,93.65718664034355,91.15096834931794,93.58852929704493,7768805
2021-08-24,93.51985931396484,94.00050261489451,92.00926159222666,92.24958848131058,7452062
2021-08-25,95.33946228027344,95.54544480540896,93.7258626517829,93.7258626517829,7817617
2021-08-26,94.27517700195312,95.71710711257698,93.62287453686807,95.3394654856391,6845692
2021-08-27,95.1334457397461,95.64842287964667,94.10349145994496,94.6871259321569,4418540
2021-08-30,98.60099029541016,98.84130674678613,95.16780832798278,95.16780832798278,11333690
2021-08-31,100.14591217041016,100.35189468607436,98.36065353490208,98.60098043949546,14301855
2021-09-01,99.01294708251953,100.69520383232869,98.80695410806094,100.6608804009505,8415876
2021-09-02,99.64632415771484,101.19449929614149,99.36483093572096,101.19449929614149,7787657
2021-09-03,102.98897552490234,103.55194047054097,99.75187339813999,99.85742664098024,12734022
2021-09-06,102.98897552490234,104.04455090477684,101.54635369150026,104.00936291120742,9712271
2021-09-07,103.58712768554688,104.22047935143212,102.42599907155922,103.44638645019504,9475870
2021-09-08,104.95935821533203,105.45196857402833,102.9537717438389,103.69267654401696,7873034
2021-09-09,104.6075210571289,106.22607220107152,104.1501093315634,104.95937953460042,9519564
2021-09-13,108.79461669921875,109.70943990792549,105.06491567880225,105.2760328569137,35672746
2021-09-14,108.86500549316406,109.42798117734135,107.91499409286617,109.32242793437538,8804432
2021-09-15,113.3335952758789,114.17805330684624,108.54831878324211,109.42796480255525,24591822
2021-09-16,114.2132568359375,114.70585652620653,110.87060150771983,114.1076928565362,18440504
2021-09-17,110.27242279052734,114.91695806583643,109.35758878322508,114.49472368158418,17317065
2021-09-20,108.51311492919922,110.8705702114216,107.52791582676097,109.70943119297846,12541523
2021-09-21,110.0613021850586,111.18725334956774,107.9853397922443,109.56870257728562,13645046
2021-09-22,114.07252502441406,114.35400751700071,109.07613024698529,110.65949342798991,18861877
2021-09-23,117.76702117919922,119.63186656880131,114.77622451497919,115.23363618024244,31399318
2021-09-24,116.88737487792969,119.2448199189681,114.63547233300078,118.29480859957667,17259638
2021-09-27,117.55589294433594,119.03369177353005,116.35957653845513,117.52070495695523,9099672
2021-09-28,122.83377838134766,124.0652828695121,118.32998409619746,118.57628928897715,41551332
2021-09-29,130.68020629882812,138.63220820646777,121.60226396522617,122.79858036562754,100988643
2021-09-30,130.25796508789062,134.76174765970083,129.55424838992874,132.01725683279534,48957916
2021-10-01,132.7913818359375,133.63583999986474,128.35796305298433,130.46911383173648,25492957
2021-10-04,133.6710205078125,136.0636643657913,132.5098919396724,135.46550071682972,23341448
2021-10-05,139.30075073242188,139.96927960397446,133.98768627495218,134.4099206874418,42359592
2021-10-06,135.71182250976562,143.4175212149275,134.90254154826388,140.74339457051397,41926821
2021-10-07,134.1988067626953,137.18960350033893,133.17841943507273,137.0488622720233,16517664
2021-10-08,132.6154327392578,134.90251240697975,129.55427101133452,134.48028875719717,28978175
2021-10-11,138.5266571044922,140.53224355233192,134.86732113493275,135.11362631137604,34952223
2021-10-12,136.02845764160156,141.4470747765116,134.5858360746659,140.1803824070592,25216411
2021-10-13,133.7413787841797,136.90810435568577,133.24877917618528,136.52105797159513,17378156
2021-10-14,129.34317016601562,134.97290544429384,128.28759480133846,133.70621285910767,29542941
2021-10-18,130.39874267578125,132.12284691943336,129.06167413374283,130.04688422859235,15468914
2021-10-19,129.8357696533203,132.9673077494176,129.20242873064637,131.8061791452261,17403803
2021-10-20,127.02086639404297,129.0616405617376,124.83934029379158,128.56904101138355,15921230
2021-10-21,128.35791015625,128.7801444331435,125.8949019293866,128.0764277968968,15586097
2021-10-22,123.78378295898438,129.69501062361837,123.36155931442462,129.06165904997917,13603152
2021-10-25,122.51710510253906,124.73380883463697,121.74301228994187,124.03009200059107,11744666
2021-10-26,123.18563842773438,123.85416729681992,120.86337064334558,121.74301671789685,11602891
2021-10-27,122.1652603149414,124.31158830794415,121.6022846373227,123.64305938858914,9535881
2021-10-28,117.20403289794922,121.74300402170552,116.78179853105125,121.74300402170552,24509136
2021-10-29,115.72622680664062,119.27999883088631,114.916956773436,116.1132731982079,14826816
2021-11-01,120.15963745117188,121.00409542038588,115.2688080890194,116.11326605823342,13585170
2021-11-02,119.06887817382812,122.27079170120261,118.47072534779366,120.65224094405953,14278962
2021-11-03,119.45592498779297,120.40594694852714,117.76700898856117,118.36516181676717,8974463
2021-11-04,120.12445068359375,120.61705027580862,119.45592189859742,120.47630906915663,973260
2021-11-08,120.82817840576172,122.58747049302634,118.57628668163633,120.33557876890096,8761953
2021-11-09,119.98372650146484,121.32078426117296,119.35038561273306,121.07448979905162,5723308
2021-11-10,117.30960083007812,120.23003230193623,117.13367161145537,119.5614926808759,9212143
2021-11-11,117.52070617675781,117.97811780385618,116.25401378296802,116.74661339781231,6453205
2021-11-12,117.48551940917969,118.82258779234775,116.60587339572692,118.82258779234775,7027513
2021-11-15,112.41876220703125,117.94294354959693,112.24283300169944,115.58548790300397,19400018
2021-11-16,111.9261703491211,113.75582776885922,111.60949990511519,113.29841609839151,8505431
2021-11-17,109.85020446777344,112.06690824785902,109.56871128534121,111.92616702557639,7477627
2021-11-18,107.95015716552734,111.01132966376352,107.66867472935542,109.8150132032329,12981172
2021-11-22,105.94458770751953,107.59831607759077,104.92420028975332,107.10571636603483,11522286
2021-11-23,109.92057800292969,110.30762444680784,105.55753535579697,105.55753535579697,13305061
2021-11-24,111.96136474609375,113.7558342774205,109.49835555955501,111.39838907016845,18809310
2021-11-25,111.57430267333984,114.56509912388861,109.7798226554373,113.65026512085336,22402592
2021-11-26,109.7094497680664,112.17245867904296,109.32241410092058,111.01133020187211,11829847
2021-11-29,108.54833221435547,110.2372484852664,106.89459319827654,109.70946080837327,18176163
2021-11-30,106.96495819091797,111.53911758724011,106.50754654643242,111.53911758724011,56643275
2021-12-01,109.4631576538086,109.95575729893443,107.35200711366905,108.09091195029127,16283427
2021-12-02,112.10209655761719,112.27802577043897,109.1816651820553,110.41316967180782,15647910
2021-12-03,112.41876220703125,113.08729103971885,111.36318697504035,111.8909745910358,20414051
2021-12-06,110.77815246582031,113.68649382970426,110.4425763667464,113.35091773063036,24185368
2021-12-07,112.34419250488281,112.56791372601934,111.22559777813416,111.93405020822217,7866368
2021-12-08,112.53060913085938,113.16448393843012,111.89674570222101,112.79161908196083,7313306
2021-12-09,113.83565521240234,114.46953012623862,112.34419553649045,113.16450290981571,9423435
2021-12-10,112.82888793945312,114.65592313806218,112.53058927954058,113.83561604696568,7419042
2021-12-13,111.11373138427734,113.9475066752334,110.33071288061501,113.9475066752334,9888293
2021-12-14,111.03916931152344,111.6730442310195,109.43585469717604,111.11374684755864,8474759
2021-12-15,110.44258880615234,112.30691332091565,110.33072250790626,111.22559599920588,5410912
2021-12-16,111.67304229736328,111.93405229003264,110.0324389434059,110.44259262662878,7539061
2021-12-17,109.21212005615234,111.41202055181824,108.8765439430733,111.18831072905422,8758284
2021-12-20,104.92416381835938,108.6155234627295,103.76828053727145,108.39181366162312,8858645
2021-12-21,107.86980438232422,108.87654410196353,105.44618268142435,105.74448141043338,8097050
2021-12-22,108.39183044433594,111.41202701621954,107.7206668003023,108.46639659660613,6798820
2021-12-23,110.14429473876953,110.33072719817129,108.87655629062446,109.06298875002621,4857807
2021-12-24,108.80197143554688,110.47986345728107,108.42910654182816,110.36800854073887,4568316
2021-12-27,108.9138412475586,109.2494173869536,107.45967039089105,108.13082266968102,3534825
2021-12-28,111.00187683105469,111.30016417677274,109.06297494708886,109.06297494708886,4907497
2021-12-29,109.43584442138672,111.3001688578669,109.10026829860695,111.3001688578669,4216568
2021-12-30,109.02569580078125,111.11374154178273,107.31051496428239,109.43584947152091,24782255
2021-12-31,108.9138412475586,110.03243596483117,108.39183265528484,108.83926371483354,5320232
2022-01-03,115.81184387207031,116.29656370579987,109.62228406087362,109.80871651675947,29486720
2022-01-04,114.09663391113281,116.81854252149259,113.61191420099131,116.3338228113511,13744440
2022-01-05,114.61864471435547,115.06608705508928,113.42548410395096,114.09663623612028,8454060
2022-01-06,115.32711029052734,115.7745527270363,114.13394942472657,115.21525537086703,12446900
2022-01-07,117.04227447509766,117.41513932616769,115.55081507081752,115.58810383171097,11679683
2022-01-10,119.83877563476562,120.06249684877989,117.116866437904,117.67616378347284,14655298
2022-01-11,118.23545837402344,119.8014840777659,117.89988225028816,119.8014840777659,7670386
2022-01-12,118.83203887939453,119.87605596609534,118.19816404744081,119.61504600495371,6334581
2022-01-13,122.8589859008789,124.12672429903141,118.57103950373138,118.83204948817477,20271714
2022-01-14,122.8589859008789,123.90300308078477,121.74039118857955,122.8589859008789,10211720
2022-01-17,122.0759506225586,123.86570874470128,120.84550115896799,123.49284389162142,8384625
2022-01-18,119.9133529663086,123.41828071692395,119.54048806988284,122.29968602764669,6574122
2022-01-19,122.22511291503906,122.93356534700435,119.91335730099313,120.06250098916803,11503199
2022-01-20,123.08270263671875,125.46903566026549,122.1878291752554,122.67254898135913,17462235
2022-01-21,118.38459777832031,121.77767041562726,117.45243559108944,121.77767041562726,14466758
2022-01-24,116.55757141113281,119.61505680037467,115.43897669774178,117.97445349652126,10854431
2022-01-25,120.17434692382812,120.50993442079366,115.06610486749892,115.58811342654184,7267866
2022-01-27,119.7269287109375,120.28622609384851,117.82531533325317,118.49646764117264,9269062
2022-01-28,120.54721069335938,123.04540993141897,119.7642035514877,119.7642035514877,10310726
2022-01-31,119.1676254272461,121.85224590492494,118.68289422536485,121.85224590492494,5811200
2022-02-01,121.59125518798828,121.88954257854805,118.2727596075391,120.80823656410072,7248713
2022-02-02,122.1878433227539,122.74714072329333,120.99467098336255,121.55396838390199,5369074
2022-02-03,120.2862319946289,122.41155532659032,119.7642233540911,121.62854805525107,4654885
2022-02-04,119.61503601074219,121.40479406846015,119.31674869058847,120.28619954948587,6402287
2022-02-07,120.02519989013672,121.55394813945632,119.05574894820724,119.80147869139408,5871041
2022-02-08,119.27945709228516,121.18107000507418,118.08629646113262,120.69635027662652,14158927
2022-02-09,125.73003387451172,126.28933115797675,119.31675380587309,119.68961866151645,35079516
2022-02-10,125.31989288330078,126.99778490274088,123.04541475893974,126.028333904611,17724098
2022-02-11,124.16400909423828,126.25205476620435,123.19455809879686,125.24531500575875,10097767
2022-02-14,120.54721069335938,123.97757212786912,120.17434581477931,123.86571721586833,9478670
2022-02-15,122.03868103027344,122.93356592137191,119.2049168049085,121.36752874088366,16850616
2022-02-16,122.1878433227539,123.79115798605969,121.40482468621175,123.23186058552027,10653203
2022-02-17,121.59125518798828,123.41829105776957,121.33024518704758,122.82170489771549,6906440
2022-02-18,124.76061248779297,125.4690536053198,121.25568429139571,121.5539716949012,23740696
2022-02-21,123.91503143310547,125.68305225103587,122.87728849808292,125.41400127001853,14870901
2022-02-22,122.91571044921875,123.4922381937826,119.53341903957227,122.60823367724615,11654816
2022-02-23,121.83951568603516,124.76059159412114,121.60890226943891,123.26162198047398,7627472
2022-02-24,115.3055191040039,120.53270498261554,114.53681564331055,118.38033294677734,12115340
2022-02-25,125.64459991455078,126.75921777836695,117.03512201990335,117.03512201990335,17079977
2022-02-28,130.33367919921875,130.6411559037171,123.41534778264608,124.87587972323988,20872239
2022-03-02,142.05642700195312,142.70981802139164,131.44831502264915,131.44831502264915,72648396
2022-03-03,145.24655151367188,152.01114594194135,143.63228089534334,145.74621592108463,74050073
2022-03-04,139.13534545898438,146.82238111970173,138.7509936759485,145.24653646335756,36095156
2022-03-07,145.0543670654297,147.59109129292403,139.67344186204184,142.94043216409875,41642776
2022-03-08,145.4002685546875,147.36046490945856,143.44008392940148,145.28496771654775,22940456
2022-03-09,143.47853088378906,146.51491967012993,142.671401438799,146.0536927905755,13870658
2022-03-10,137.5594940185547,141.4414491816659,136.09896200684236,141.4414491816659,30890343
2022-03-11,139.71188354492188,140.28841126243876,137.7901244865323,139.135355827405,14663558
2022-03-14,138.63571166992188,140.0193688932666,136.71395249362402,139.13536436396444,8306420
2022-03-15,132.90882873535156,138.36662820639768,131.83264854109555,138.28975316560036,14074860
2022-03-16,135.98365783691406,136.67549809267126,132.90884353439947,132.9857185837566,11846738
2022-03-17,135.71461486816406,138.36663978480917,134.90747379018893,137.5979362304491,20052773
2022-03-21,140.13465881347656,143.24791052137962,136.44487944594275,136.71393037889786,20271556
2022-03-22,140.94180297851562,142.82512436211113,138.75099313200553,141.17240466384467,12372751
2022-03-23,140.7112274169922,141.63366959491478,137.82858828005362,140.36531306645728,13731315
2022-03-24,144.0550537109375,144.90063238481855,140.90337590630702,141.2108526625439,16323203
2022-03-25,143.05572509765625,145.20808549986347,141.90266985526617,144.0550302574734,10044811
2022-03-28,147.0145721435547,148.8978937283852,142.59452618368312,143.05575306259485,19132062
2022-03-29,142.97886657714844,147.74482645048954,142.59451478527438,147.5910880796371,10622472
2022-03-30,140.59588623046875,144.47784182490307,139.90405767004873,144.47784182490307,10298319
2022-03-31,140.7112274169922,142.133322353522,139.63503510150858,141.5567945261343,9435203
2022-04-01,143.0941619873047,143.93974058910158,140.9033638945343,141.2877156718083,13505929
2022-04-04,144.3240966796875,145.28497615158955,141.90268510228864,142.59451363026383,9490374
2022-04-05,144.43939208984375,145.24653316176912,143.63226274740367,144.5162671364977,7637664
2022-04-06,149.01316833496094,151.43457950840332,144.74686184555333,145.0543385334723,46157039
2022-04-07,146.63021850585938,151.47305375653738,145.9768157237372,149.89720895749716,21712301
2022-04-08,149.55130004882812,152.81829061802605,147.86015433537602,149.6666009065344,20151959
2022-04-11,150.97337341308594,152.2033037920889,148.62883695543246,149.51284135131965,12393619
2022-04-12,142.97886657714844,150.4737265186925,141.6720728306738,150.4737265186925,18907630
2022-04-13,143.44009399414062,147.05299850634114,142.74825372830273,144.51627432390728,14216953
2022-04-18,145.63088989257812,146.74550773008446,141.9026845926786,143.44009174220065,13052104
2022-04-19,152.01113891601562,156.23900877208686,146.55333859183827,147.16830382589134,59341710
2022-04-20,153.0488739013672,158.00700920691048,151.51146687766482,153.70226484874988,38356653
2022-04-21,159.04478454589844,159.81348821548613,154.50943758712592,154.66317597514603,43683145
2022-04-22,155.3934326171875,160.65905712380535,154.70160404864032,158.39138378302692,24007670
2022-04-25,144.8621826171875,155.43185650014007,143.55538891937408,153.47166008867725,26465084
2022-04-26,147.12985229492188,147.82169251593606,144.86217920659314,147.74481747043944,20819291
2022-04-27,144.13192749023438,147.43735537324102,143.44009893007578,146.66865175995977,12214126
2022-04-28,146.245849609375,147.9754325876725,143.86286392525994,145.2849701769875,12706800
2022-04-29,140.55746459960938,148.3598018168348,139.82718676148124,147.97544999865647,21654415
2022-05-02,144.2472381591797,145.20811774118724,137.48265528543615,140.44215736032717,21289439
2022-05-04,144.01661682128906,146.5917667125212,143.3632141027531,145.0927971147166,18239949
2022-05-05,142.86355590820312,147.5526404089576,141.97953980998548,145.66931910416747,12651103
2022-05-06,144.0550537109375,145.24654666795664,140.71120000128738,141.82581790450408,14257553
2022-05-09,140.7112274169922,142.94046365776254,139.55817176221674,142.94046365776254,10549451
2022-05-10,130.7180633544922,141.3261765026161,129.75718375284123,139.90407000037777,19965511
2022-05-11,130.56431579589844,133.5238177234747,127.02827441832888,131.98641046878996,20641617
2022-05-12,128.41192626953125,130.8333376828522,126.56703077080034,129.0268914357749,10406343
2022-05-13,129.6802978515625,133.48537841009573,129.1422076655201,130.67961489963344,11590435
2022-05-16,131.98641967773438,132.83199841860323,129.026917543668,130.29527392548397,7437937
2022-05-17,141.86424255371094,142.21015680544875,133.10101504260288,133.29319093017781,28092052
2022-05-18,142.6329345703125,144.13190402628902,139.75029648978673,143.24789970672154,15425248
2022-05-19,139.28907775878906,141.0570982296352,138.90472599249577,139.21221444322146,9396007
2022-05-20,142.9404296875,143.63226995364033,141.09554577009752,141.82581183200742,6365038
2022-05-23,141.67208862304688,143.5554102672689,140.21154461342522,142.94044498582227,7794071
2022-05-24,140.173095703125,143.55538659921058,139.28907959132897,141.0186625624038,8572565
2022-05-25,138.90472412109375,142.632940895704,138.4050715234381,141.5951864488993,7926434
2022-05-26,140.8649444580078,142.9788795044445,136.63707436513445,141.40303466938522,23140556
2022-05-27,139.78875732421875,145.0159325317789,138.75100275035783,141.8258172157397,16408080
2022-05-30,143.90130615234375,144.43939630617297,140.3268392388131,141.44145707092053,10577525
2022-05-31,148.28292846679688,150.08938672480562,142.3639127446737,142.97887800672905,21380248
2022-06-01,150.70433044433594,151.66520986347925,148.51352067689513,149.51283761870118,30867456
2022-06-02,152.35702514648438,153.1257286151644,149.3590863104259,151.05023159562515,17646759
2022-06-03,151.43460083007812,154.50941506013046,150.81963563817058,153.7407115026174,25335178
2022-06-06,149.7819061279297,151.28087585183206,148.51353810809965,151.0502624182733,22020642
2022-06-07,151.85739135742188,153.7022752185391,148.8210146266522,148.85944042124942,12961285
2022-06-08,151.93426513671875,155.23969303415967,151.0502606693795,152.2033160943366,13059792
2022-06-09,152.7798614501953,154.04821787232638,151.0502781130233,151.39619243456016,10562238
2022-06-10,152.587646484375,153.20261163726187,150.85806358971584,151.70364214112087,6741014
2022-06-13,146.86080932617188,151.74206962333963,145.707754050221,151.1655419853642,8516696
2022-06-14,147.74484252929688,149.51286331022524,145.36186819803441,145.36186819803441,6727598
2022-06-15,146.0921173095703,149.0131932511631,145.40027705184568,147.70638778528962,5805589
2022-06-16,138.28976440429688,148.20604726933425,137.6748109458792,147.24516782869995,14490962
2022-06-17,140.40371704101562,142.09487445533154,137.9054301774425,138.36665705943534,15215695
2022-06-20,135.9452362060547,139.8271799983042,134.33095395599085,139.8271799983042,23276003
2022-06-21,142.05642700195312,142.70981802139164,136.82924019901492,136.82924019901492,7564329
2022-06-22,137.86697387695312,142.01796797857932,137.5979229670674,142.01796797857932,6560404
2022-06-23,136.17584228515625,139.90405955294978,134.4078333337356,138.59726573818764,9304799
2022-06-24,135.71461486816406,138.67411651475902,134.36938364803396,137.32888529462895,8171322
2022-06-27,139.9425048828125,140.51903263289591,136.40646332383938,138.36666002002042,7063839
2022-06-28,143.28634643554688,143.7091357617018,138.9431757846939,139.25065253308688,9844211
2022-06-29,145.09280395507812,146.24585935074762,141.17241091800744,142.97886906301738,16856241
2022-06-30,142.67140197753906,145.28498969291854,140.32685350167662,144.59316110046126,8693744
2022-07-01,140.8649444580078,143.09418036063718,135.75306985569205,142.2101758511948,17248729
2022-07-04,139.9425048828125,142.74826857475696,137.67483141171513,140.86494693704856,8780396
2022-07-05,140.2499542236328,142.36388889376823,139.71186410804077,140.67274350355686,5313753
2022-07-06,139.67343139648438,140.55744750849436,136.8292306337033,140.2883965766902,9367397
2022-07-07,142.97886657714844,143.44009341919164,139.48126292519737,141.40302188456764,6322630
2022-07-08,145.89996337890625,147.51423409763797,143.78602822168403,143.78602822168403,14647592
2022-07-11,148.6288604736328,149.3591266200692,144.36255272515353,145.24655726092064,9048841
2022-07-12,149.05162048339844,150.12781254040542,147.6679634135815,148.2060535773421,6942704
2022-07-13,148.7056884765625,150.78118556318378,148.35977425037302,149.05160270275195,7842930
2022-07-14,147.59109497070312,150.24312011256066,146.28430116321397,149.12850220998126,6795141
2022-07-15,148.66726684570312,149.05161863354567,145.59245254296275,148.35979010722338,5610793
2022-07-18,150.35841369628906,151.35771889197437,149.0131825318828,149.51283512972546,7600779
2022-07-19,152.39547729492188,153.43323176905213,149.12848723941912,149.85875325886977,9913955
2022-07-20,152.0880126953125,154.04819750130648,151.7420866900325,153.433244001889,5519522
2022-07-21,152.66453552246094,153.3179265270961,150.89651494438587,152.0880078380551,6167419
2022-07-22,151.51150512695312,153.62544031820977,151.28089166928214,152.6645606858204,4844223
2022-07-25,154.4325408935547,155.04750608897035,149.58971783718442,151.818953474895,10207034
2022-07-26,155.50872802734375,156.27743156506716,153.39479329860436,154.8553253284848,12853314
2022-07-27,156.39271545410156,157.3535947721158,155.1243594461163,155.58557448107283,7343180
2022-07-28,155.93153381347656,157.58424190261184,154.77847838492085,156.8155382835747,5096403
2022-07-29,162.38864135742188,163.3110833647975,156.23901233560235,156.50806329710156,12477455
2022-08-01,163.54168701171875,164.2719530684591,161.274013791531,163.34951111628783,7849924
2022-08-02,165.4634246826172,167.00083164830934,162.69608745257761,163.73384184621352,12615631
2022-08-03,163.0420379638672,165.23283618230664,160.50531374244974,165.23283618230664,9949919
2022-08-04,159.23692321777344,164.0797575493342,158.4682197279855,163.08044066671303,8058280
2022-08-05,160.2362823486328,161.61995134096907,158.16078472487223,159.50601618668765,31999040
2022-08-08,165.57875061035156,166.15527830987156,159.16008259338713,161.04340406592192,16358151
2022-08-10,168.99951171875,169.46072689718747,165.61720842943777,165.92469694455025,14267910
2022-08-11,170.3633270263672,176.75389757853395,169.89571937230957,176.130424670376,28800337
2022-08-12,172.74029541015625,173.20790305474563,169.70088139559442,170.67505407869197,8861089
2022-08-16,173.71446228027344,174.8834694608722,171.80508626364664,174.8834694608722,7844356
2022-08-17,172.58444213867188,174.18208782819917,171.57130009957476,174.18208782819917,6119157
2022-08-18,172.81822204589844,173.5196215725843,171.9219879960492,172.58441823975127,4233196
2022-08-19,169.2332763671875,172.74029808055386,168.10323841567632,172.74029808055386,8783707
2022-08-22,170.12953186035156,172.19477333877143,166.8173445021358,168.0253210934836,10390480
2022-08-23,173.67550659179688,174.33793686558246,168.80464329150814,169.11637378602418,9344364
2022-08-24,174.29896545410156,176.13041478936594,173.01306231521787,173.59756590412061,10825973
2022-08-25,175.27313232421875,177.0266430331208,174.33792899115542,174.33792899115542,13077805
2022-08-26,179.20880126953125,180.8064468202163,176.5200870895646,177.4552904706283,12673156
2022-08-29,179.71539306640625,180.4947312637597,172.54547213734887,172.54547213734887,8757016
2022-08-30,182.98858642578125,183.53412071196678,179.91020333996138,180.65057214919568,12991363
2022-09-01,179.4815673828125,184.54726504902612,178.89706380594168,182.637889076266,9682321
2022-09-02,178.70225524902344,181.15716587192193,177.84497845499934,180.02712783744101,4599518
2022-09-05,180.49472045898438,181.07922407200988,178.07876743510963,179.24777466116066,4909470
2022-09-06,181.35198974609375,182.87169679895283,180.02711723569755,181.35198974609375,5307321
2022-09-07,186.14491271972656,186.49561249160928,181.07921499412615,181.54681072605115,12751679
2022-09-08,184.27452087402344,187.4308430627878,183.18345211601587,187.4308430627878,7677716
2022-09-09,185.17076110839844,185.48249163174893,181.8585737578315,185.09282253168223,8436280
2022-09-12,180.41677856445312,186.3007838722282,177.68909508723678,185.87214551888584,19053188
2022-09-13,180.26089477539062,183.3782470001557,179.7543179038133,181.3519632973564,9884429
2022-09-14,180.76748657226562,182.20926694681114,178.8970797166317,179.3646754846618,7705022
2022-09-15,182.55996704101562,183.10550138381137,181.00129069488102,181.66373289869094,5386854
2022-09-16,180.06610107421875,182.36514648272203,178.89709372497052,182.24825050450028,8750965
2022-09-19,179.16986083984375,181.31304105032876,178.23465730816557,179.98816838947147,4011597
2022-09-20,179.13088989257812,182.20927340192173,178.23464382819486,180.0271240652042,6890375
2022-09-21,180.4557342529297,181.35196828549883,177.0266395763168,179.1308618993145,5673523
2022-09-22,176.94873046875,180.260917627456,175.74075395016473,179.20880636151736,7677219
2022-09-23,173.67550659179688,176.8707857817326,172.23372629820895,175.35107881039374,5495315
2022-09-26,167.94737243652344,173.09100901726808,165.6093579710498,172.2337322898918,7832594
2022-09-27,166.70042419433594,171.22058780651622,165.8041900857103,168.3370390529421,5795048
2022-09-28,164.28448486328125,166.31075692396178,162.80373523903683,164.98588444356363,6134706
2022-09-29,166.70042419433594,167.67459687404047,164.16757522710418,165.06382122748616,8962595
2022-09-30,165.41453552246094,168.3370538179108,161.9854521458361,165.99903918155093,12875386
2022-10-03,167.51873779296875,169.8957215973379,165.4534963926396,165.99903073501366,11397506
2022-10-04,173.9872589111328,174.57176258048713,169.97367180493626,170.1295370717459,10862095
2022-10-06,181.9754638671875,182.44307152890227,175.07831626155712,175.35108937951688,12795784
2022-10-07,179.0139617919922,182.01441827727888,177.53322413718539,181.58577993770137,14641624
2022-10-10,179.13088989257812,180.80646226462065,176.5980407444746,176.9097712675383,10850668
2022-10-11,175.70176696777344,179.98812638850393,174.57172913520466,179.98812638850393,19154740
2022-10-12,180.8843994140625,181.5857990313003,175.77973186980972,175.77973186980972,9256951
2022-10-13,182.7937469482422,183.61205430121865,180.10503298139554,180.96229772452136,7231841
2022-10-14,184.1965789794922,186.222851061613,183.41724081904036,186.222851061613,6241886
2022-10-17,185.4824981689453,185.91113657247718,181.50786845147914,184.19659485010735,5623812
2022-10-18,188.36602783203125,188.71672761997982,184.5862449525201,185.87214813891697,6674374
2022-10-19,185.63833618164062,189.3791615032662,184.7031328241732,188.59982339008403,13886387
2022-10-20,187.82049560546875,188.9895028395277,182.05339800748064,184.7031429813116,10755972
2022-10-21,186.0280303955078,188.09328380978613,185.52146531013702,187.82051067658188,3285505
2022-10-24,187.4308319091797,188.36603534492815,187.0411628199714,187.74256242384354,730136
2022-10-25,187.00218200683594,187.78152013721802,185.4435057460717,187.43082035689733,6976548
2022-10-27,187.74256896972656,188.2881152270448,186.26183113581007,187.78153825835747,6422639
2022-10-28,190.47021484375,193.11997135131332,187.4697704834603,188.59980827867994,14076967
2022-10-31,191.67822265625,192.88619921148137,189.80781578423537,191.717191943533,8365329
2022-11-01,191.4443817138672,192.4964928077775,189.57397520442058,192.4964928077775,8813106
2022-11-02,191.56130981445312,194.52279701077495,188.71671857792782,191.4444019629008,14974441
2022-11-03,191.87306213378906,192.964142746979,187.82050587906522,190.1585204750702,6754654
2022-11-04,191.75613403320312,193.82137515695365,191.32749571739967,192.26269902076302,5511411
2022-11-07,194.48385620117188,195.88666738289376,192.30170679535533,192.7303451969589,10513106
2022-11-09,199.3546905517578,205.277653041872,198.38051791603942,199.12088674083424,40391668
2022-11-10,197.64016723632812,203.01759592248584,196.47115996614107,201.03029307657334,20832572
2022-11-11,197.36737060546875,201.77062604193893,196.70492847457248,201.692687476508,20165337
2022-11-14,192.65237426757812,199.70538638964146,191.91200545736277,198.3805140095052,18762693
2022-11-15,192.6109161376953,198.16980273368404,191.32491753052295,194.47770301128472,20225373
2022-11-16,194.89251708984375,195.39033191667156,191.15894386850607,193.606518663793,9764275
2022-11-17,192.81832885742188,194.76808901914742,191.65677769296295,194.76808901914742,5737884
2022-11-18,190.45375061035156,193.77248287919687,189.3336734056327,192.85982644128086,6413585
2022-11-21,190.37078857421875,191.15898500300653,188.0891600035407,189.9974337037361,6430876
2022-11-22,190.0803680419922,191.407853159963,188.87731764201382,189.62403988958215,5885877
2022-11-23,191.3249053955078,191.73974689666028,189.99740752783669,190.82709053014165,5693274
2022-11-24,189.58258056640625,192.32053721598726,188.62845010456326,191.44936746476256,8198891
2022-11-25,191.98866271972656,193.85544967959407,189.00181117991409,190.53671730649626,10046363
2022-11-28,190.70263671875,193.1087122803873,189.49958627797386,191.2834122688048,8146840
2022-11-29,188.50396728515625,191.9056725086916,187.79874436024784,190.9930161823897,6628470
2022-11-30,188.5454864501953,189.8729844880859,187.96471080610303,188.5039997627688,12154948
2022-12-01,187.5913543701172,191.15898157968337,186.5957245200472,189.49961537617932,22435771
2022-12-02,188.0061798095703,189.16773098849882,186.92758933773194,187.59133829424465,6325649
2022-12-05,191.86419677734375,192.32052496653552,187.92320246516047,188.00617583045283,8732711
2022-12-06,192.19606018066406,192.9012957883897,190.41224681047498,192.48645429207056,7394839
2022-12-07,190.6196746826172,192.61090887538376,189.74850497579746,192.61090887538376,4519547
2022-12-08,191.158935546875,191.86417107752087,189.99738454811796,190.53667337040736,3135706
2022-12-09,189.87295532226562,192.7768457566287,189.00178565996518,191.28341385839332,4197165
2022-12-12,192.81832885742188,193.89691931582414,189.25070199803025,189.45812275310922,7881379
2022-12-13,192.1130828857422,194.51915829261193,191.7397281032909,193.64798869358782,4878457
2022-12-14,192.6109161376953,193.48208587736212,191.9471798217194,192.27904797970737,4730078
2022-12-15,189.33364868164062,192.9842612966333,188.91880720220672,192.40347309746005,5221433
2022-12-16,186.38827514648438,190.7441107623533,185.26821072694972,189.16771817487896,7757065
2022-12-19,188.58694458007812,189.04327275274915,186.2638296955365,186.3882770790115,4073907
2022-12-20,187.5913543701172,188.25509072355126,185.30972584029914,188.25509072355126,3784271
2022-12-21,185.7245330810547,188.9188048367254,184.23110124180067,187.92318783054176,3675466
2022-12-22,184.7703857421875,187.30092120743547,181.78353479398987,185.9319494386728,4755089
2022-12-23,178.42332458496094,184.9363282799226,177.71808899902948,182.5302527396107,6561011
2022-12-26,183.1525421142578,183.857777804729,177.75960202935326,178.42335103333338,3116608
2022-12-27,183.56736755371094,184.93633946809433,182.23986966222063,184.18962981660488,2961726
2022-12-28,185.18524169921875,186.0564113747711,182.9865868294532,183.56736239316882,3015714
2022-12-29,183.89923095703125,186.13938517368118,182.90361389405228,183.19400800656848,4784105
2022-12-30,186.7201690673828,187.88172024934278,184.39705404350445,184.39705404350445,4102247
2023-01-02,186.4712371826172,188.50395781457428,185.97342236419814,188.13060303073837,4210225
2023-01-03,185.93194580078125,187.30091754275898,185.01928953282504,186.67865535823154,3643132
2023-01-04,180.16567993164062,186.26385577489143,179.41897020632638,186.13940837399218,9550461
2023-01-05,180.99534606933594,181.6176083354372,178.54778368799597,179.8752815863286,8815728
2023-01-06,177.7595977783203,182.4473020606495,175.89281087049665,181.70059236150362,12237065
2023-01-09,178.34036254882812,180.62199085295586,177.5521662121211,178.67224335267616,6967190
2023-01-10,179.83377075195312,180.29009888446842,177.71807679935063,178.3818256593768,5400260
2023-01-11,177.05435180664062,181.2857402822461,176.05873471236822,180.2901231879737,7637956
2023-01-12,177.46917724609375,180.04119944500522,176.5565336006417,178.79667502487845,7161675
2023-01-13,178.46484375,178.96264602483595,177.1788323850777,177.71812134780654,3671193
2023-01-16,177.3447265625,179.12853980078333,176.2661362198361,178.79667169225146,3987352
2023-01-17,176.80545043945312,178.50629044297315,175.14608445751534,177.3447393195998,5871758
2023-01-18,179.91673278808594,180.3315742170094,176.88838276097127,177.4276842145452,6441530
2023-01-19,185.80752563476562,186.5127613258614,178.50631190443724,179.83380991357305,12938871
2023-01-20,188.33802795410156,190.204814574792,184.81187544835296,186.55421469164685,13444947
2023-01-23,190.9100799560547,191.15897474971993,188.50399145096586,189.58258197669815,8736715
2023-01-24,188.83584594726562,192.48644589157115,188.50396516871962,190.99301403800717,4252051
2023-01-25,187.63279724121094,189.16771578856603,185.64156319163004,189.0017817277605,3855827
2023-01-27,184.52149963378906,188.8773355135701,181.9494898531314,188.33804661148528,6171667
2023-01-30,187.38392639160156,188.17212277597568,183.1525376713379,184.52150967262142,6172517
2023-01-31,186.55422973632812,189.4581202693644,185.76602074939473,186.67867712376076,7424552
2023-02-01,183.0695343017578,189.16770892992906,177.67659523138704,189.16770892992906,24008324
2023-02-02,180.58050537109375,183.94072415515092,180.04121646869618,183.35994856950163,6806578
2023-02-03,181.6175994873047,183.11103138518163,178.0499727967667,180.87088986834502,8776614
2023-02-06,182.19839477539062,182.82065703533397,178.92113674505595,181.86651397411268,5742881
2023-02-07,182.28135681152344,183.48439465753862,180.04121519136447,182.19839610556684,4907167
2023-02-08,183.17385864257812,184.57634471569062,182.02636060465704,182.53636261481972,6316867
2023-02-09,182.36636352539062,184.27885157990323,181.21886550472718,183.5988532332097,4383159
2023-02-10,179.7738800048828,182.23885946001982,179.3063803234217,181.89886676616985,4954439
2023-02-13,181.0913848876953,181.64387628969877,177.77639756600266,179.7738904253517,6142208
2023-02-14,179.98638916015625,182.1538783768423,179.43389775801052,181.0913849343384,6758731
2023-02-15,180.96388244628906,181.72888552587898,178.7539038127749,179.34889756141752,9612884
2023-02-16,183.13134765625,184.0238446468987,181.1338679789678,181.47386065641052,13093683
2023-02-17,184.8738250732422,185.5113210217706,182.06884030573949,182.62134457639706,7243093
2023-02-20,185.55384826660156,186.10633964157367,183.5563555049824,185.17135324009087,8479587
2023-02-21,181.94134521484375,186.31881218057902,181.34635159375665,185.97881953135445,4655766
2023-02-22,180.07139587402344,183.4713749287521,179.8588971831029,182.36637914198712,6003852
2023-02-23,182.66384887695312,183.5563458718996,180.58136453533757,181.00636186913215,6219715
2023-02-24,184.49136352539062,184.70386221340192,182.49387067012813,183.59886644176504,5154174
2023-02-27,184.40634155273438,185.29883855258478,182.83385919098782,184.44884388032523,4841279
2023-02-28,183.08885192871094,184.40634629859807,180.19887515660804,184.10885593758468,6054079
2023-03-01,185.9363250732422,186.14882373046873,182.32384790039063,183.08883787845076,4510175
2023-03-02,189.42132568359375,190.7813094331519,184.74635479408957,185.9363421961892,11354939
2023-03-03,189.50631713867188,192.48129861014206,189.03881745632,190.3138095155215,7089438
2023-03-06,191.16380310058594,191.67380510923164,188.48632497992068,189.5063160273222,4771341
2023-03-08,191.12130737304688,191.37629539898336,189.25130871691653,191.12130737304688,4271464
2023-03-09,191.0788116455078,192.90629506725287,190.1013099560594,191.1213139745951,4263468
2023-03-10,190.69630432128906,191.5037966422953,188.23131206203598,189.5063040330634,3670173
2023-03-13,187.6788330078125,191.8863041934925,186.4463432824967,190.56880980992466,3877606
2023-03-14,187.89132690429688,189.37881759664276,186.02134119932566,187.67882823396175,5723922
2023-03-15,186.913818359375,189.71880329853786,186.65883034026942,188.65630998596777,2992144
2023-03-16,187.7213134765625,189.08129706099476,183.89633775866017,185.76632329343474,4988245
2023-03-17,188.40130615234375,192.05628568637698,187.08382484056045,188.69880946332708,15720256
2023-03-20,184.49136352539062,188.35884224117444,183.34386542217334,186.99884544994586,4244575
2023-03-21,184.49136352539062,186.10634836632028,183.55636411018463,185.42634997070599,3998751
2023-03-22,181.85635375976562,184.36383539688637,181.13386608528086,184.36383539688637,9675449
2023-03-23,181.3463592529297,182.53634654536305,180.53885397961196,181.17634995124885,4730918
2023-03-24,177.18138122558594,181.81384944867037,176.79888622916408,181.26135811715983,6611089
2023-03-27,177.13890075683594,178.66889390120093,176.45891533257645,177.22390541981366,4002212
2023-03-28,177.5638885498047,179.5613812929724,177.18139352682724,177.9888859019774,6157526
2023-03-29,181.00636291503906,182.66384993243747,177.13888456118315,178.45637889753706,16734166
2023-03-31,181.60134887695312,182.1538531725405,179.47636228597597,180.36885924816414,5139018
2023-04-03,187.12631225585938,187.7213188716553,181.72885414740776,181.98385512990762,7754066
2023-04-05,189.1238250732422,190.6113158322452,187.25383928447354,187.25383928447354,6491910
2023-04-06,188.44383239746094,189.67632218389596,187.25384494225966,189.08132845629532,4589598
2023-04-10,188.74130249023438,190.781284331106,187.97629957249134,188.23130054507237,3498235
2023-04-11,190.10130310058594,190.65380741901657,188.69881708051088,189.33631308416125,3995959
2023-04-12,193.5437774658203,193.79877845249877,190.10129657038368,190.3987998831567,5136012
2023-04-13,191.6737823486328,195.2012547515725,190.7812854244287,193.7137642011951,3478451
2023-04-17,195.15878295898438,195.45627331389676,191.58879494091983,191.67379959654593,6265943
2023-04-18,197.36875915527344,197.53875549475748,194.86127748068847,195.1587808022025,8004952
2023-04-19,195.8387451171875,199.408732712202,194.64875789877462,198.55873813622483,7424582
2023-04-20,195.1162872314453,196.77377431310688,194.733792207968,195.41377759642103,2589165
2023-04-21,195.541259765625,195.88125241669886,193.33126862398012,195.4987574417687,2459508
2023-04-24,196.81625366210938,197.1987486409266,195.1162644496876,195.1162644496876,2587030
2023-04-25,195.7112579345703,197.45374946998498,195.4137546346623,196.4762478916361,2570946
2023-04-26,195.28628540039062,196.05127545448184,193.79879465196544,195.49878407873706,3439487
2023-04-27,196.9862823486328,197.6237784080135,194.77629082149022,195.28629285695098,3349374
2023-04-28,198.13375854492188,199.5362445325947,196.85876656707782,197.62375656582861,4771074
2023-05-02,200.68374633789062,201.83123135795793,198.1337623334442,198.21875401832548,3773537
2023-05-03,201.3637237548828,203.10621534984335,199.40874647115467,200.64123609738425,4523385
2023-05-04,201.8312225341797,202.29872217520096,199.02623765794073,201.32123353752002,7248108
2023-05-05,201.78871154785156,202.29871349251064,200.59872430349796,202.17121949129,3043479
2023-05-08,197.92124938964844,198.38873604749733,195.49875957221133,197.62374608930057,9711437
2023-05-09,200.89625549316406,202.97873994487153,198.4737653745127,199.5787610947728,7318928
2023-05-10,201.0662384033203,201.66123206834285,199.36624909189067,201.4062310776506,3650159
2023-05-11,200.72621154785156,202.42620067963904,200.34371658717694,201.06621715614173,2675726
2023-05-12,199.79124450683594,201.66123013752645,199.11124619479693,200.72623083723667,2348435
2023-05-15,202.04371643066406,203.65871397341675,198.77124496041006,199.40874091862833,4217892
2023-05-16,204.80618286132812,205.44367876957247,201.83120195618775,202.9361974577888,6016484
2023-05-17,205.35873413085938,207.14371530082948,204.63623341475142,204.80622976857376,4968232
2023-05-18,203.65875244140625,206.46372481147174,203.10624805799114,205.69873470507042,3512113
2023-05-19,203.9136962890625,205.35869746326782,200.85372355695927,203.99870093574097,3810543
2023-05-22,202.8937530517578,205.0187400191409,201.83125956806626,203.48874680864685,2891415
2023-05-23,203.40371704101562,204.16870701813465,201.27873047136416,203.10621373330892,3213453
2023-05-24,204.84872436523438,205.27372171868922,202.2987402445053,202.5537412505562,2422138
2023-05-25,204.04122924804688,205.86871265540964,202.21373287079433,205.0612202886654,3810138
2023-05-26,205.27369689941406,206.0811891793678,203.23371503743735,203.8287086663565,2646742
2023-05-29,209.1837158203125,210.5011973236366,204.67874099410562,205.31623706470404,8069985
2023-05-30,207.6536865234375,210.07616338824596,206.80369191054572,209.31117342459876,4657906
2023-05-31,205.0612335205078,210.71369342233965,203.40374635131496,210.71369342233965,15727646
2023-06-01,195.7962646484375,197.1137459250717,194.77626073507247,195.83875400325394,35509867
2023-06-02,196.26373291015625,198.38871924729474,193.88375858847098,194.22375121445822,36400588
2023-06-05,195.24375915527344,196.518751069178,195.031260502956,195.92375743666688,19807347
2023-06-06,193.62879943847656,196.05127660389465,192.7363023902109,195.3287888752149,13495524
2023-06-07,196.09378051757812,196.77377889174363,193.88380201390305,194.43629339734926,21853324
2023-06-08,193.88377380371094,196.68874561294712,193.50126585709845,196.68874561294712,8538256
2023-06-09,193.50128173828125,195.03127474063703,193.24629371279644,194.60627740497648,5137982
2023-06-12,194.64878845214844,194.86128712949795,192.6512956971071,194.01129242009992,4261576
2023-06-13,194.6062774658203,195.75377546041824,193.79878512179073,195.49877446496433,5574798
2023-06-14,194.6062774658203,195.4137698098499,193.41629011355454,195.4137698098499,7034468
2023-06-15,194.30877685546875,195.20126083761065,193.71377024085584,194.81876584956572,6363240
2023-06-16,194.26626586914062,195.24375445833013,193.79876625131115,194.2237635457219,8518319
2023-06-19,193.07627868652344,194.47877763461528,192.6087920070485,194.2237766467905,8210198
2023-06-20,193.16131591796875,193.58631331272775,191.67382503631222,193.58631331272775,5024593
2023-06-21,194.1812744140625,194.47877772831626,192.48128512093018,193.6287830817501,4705567
2023-06-22,192.90628051757812,195.15877409041528,192.60879017618456,194.1387701488119,6566989
2023-06-23,192.01377868652344,193.41627758573364,191.07879239027187,193.03378260227217,3881707
2023-06-26,190.65379333496094,192.4812765558023,189.76129640180343,192.0987815758458,6145625
2023-06-27,191.37628173828125,192.7787806302667,190.31378847309006,192.39628564877557,6282912
2023-06-28,193.16131591796875,193.50130864581948,190.52632688250642,191.37632167202446,19512531
2023-06-30,196.3487548828125,196.6462581842267,192.73627779081272,193.71376640422199,7850296
2023-07-03,196.90126037597656,198.68625437327512,195.37128034387996,196.77376636326497,7860203
2023-07-04,197.0287628173828,197.87875746890742,195.7537708400959,197.41125781659107,3662791
2023-07-05,196.68878173828125,197.9212845128241,195.58379892921496,197.0287874232861,4859892
2023-07-06,199.4087371826172,200.59872442770762,196.34875145254432,196.6887441026021,7254947
2023-07-07,198.89874267578125,200.47123792335293,196.94375244011846,197.1987534221421,6393850
2023-07-10,198.68624877929688,200.25874406454318,197.92125878478674,199.74874208827706,6223180
2023-07-11,198.89874267578125,200.42873559803422,198.47374536237146,198.72874634439506,10775084
2023-07-12,199.23873901367188,201.70373125885064,198.60124303179805,199.7487409871265,11313272
2023-07-13,195.4137725830078,200.00375165664755,194.64878255567933,199.74875065757485,20205328
2023-07-14,196.39126586914062,197.28376284285838,195.28627023357998,195.49876889542284,7390502
2023-07-17,195.6687774658203,197.75126188811737,195.24378011556013,196.34877582021463,4963515
2023-07-18,194.0112762451172,197.5812511329773,193.416282592122,195.243765877012,6168942
2023-07-19,194.30877685546875,195.4137594942899,193.9687712228487,194.81876584956572,5247533
2023-07-20,195.28628540039062,196.09377778412912,193.58629597361897,194.35128602771022,3195629
2023-07-21,194.64878845214844,195.92378051624547,194.26629342689733,195.15879046574324,3903407
2023-07-24,196.3062744140625,197.1987714477826,194.26629231117934,194.6487873342337,3456895
2023-07-25,195.4562530517578,197.49624784630112,194.52126678624427,197.4537455228941,11024983
2023-07-26,195.9237823486328,196.51877605679815,194.56378561292053,195.96628467847822,7574284
2023-07-27,194.6912841796875,197.1137612373926,193.92628118523623,196.34877121283088,7837850
2023-07-28,193.0338134765625,195.4562907392011,192.82131478844207,195.1588003577669,8817344
2023-07-31,194.86126708984375,195.45626073125487,192.82128518503748,194.22377112335573,19422170
2023-08-01,204.29623413085938,205.10372651294028,194.6062866362185,195.49878367741948,22409256
2023-08-02,199.3662567138672,206.67620325054799,197.45376866539246,204.976213874126,25003960
2023-08-03,195.541259765625,199.83373507734584,195.03125781912595,199.3662354547031,13949266
2023-08-04,198.68624877929688,201.0237340590533,195.92376617594834,197.87875645844971,6725977
2023-08-07,198.00624084472656,200.5987269866246,197.45374953886284,199.53623372928018,6744074
2023-08-08,195.7112579345703,200.08872496534693,194.90376565324792,198.04874309991263,13828141
2023-08-09,199.53623962402344,200.3437319294826,196.00876709338598,198.26124767754405,35271302
2023-08-10,199.66372680664062,201.27872433225065,199.2812318297474,199.53623280430568,10749822
2023-08-11,199.66372680664062,200.25873340390598,198.6862382023704,198.89873685285423,6132454
2023-08-14,198.81373596191406,200.76872617728853,196.0937557782963,200.59872984766653,6092872
2023-08-16,198.0912628173828,199.57875350775382,197.28377046515934,198.89875516960632,4576249
2023-08-17,197.45375061035156,198.81373420519935,196.4337596717436,198.64373787707945,5602132
2023-08-18,196.71859741210938,198.01592825439252,196.32940079885077,197.62673164113394,6904019
2023-08-21,199.0105743408203,199.61599281544576,196.3294184140223,196.71861506220063,4955953
2023-08-22,199.57273864746094,200.69709474405624,198.66460436955197,199.27002282244712,4280368
2023-08-23,199.7024383544922,200.22137592515912,199.1835139809559,200.005154136903,2524601
2023-08-24,198.27540588378906,201.21601731160953,197.62674043378757,200.5241180559805,6378317
2023-08-25,196.93482971191406,199.0105670884422,196.7618548964865,198.0591858078919,3890957
2023-08-28,198.44839477539062,198.9673324510576,196.76186712517296,197.6267544531957,3360861
2023-08-29,198.8808135986328,199.27001020820464,197.84295157406405,198.44836998863485,3112560
2023-08-30,197.84295654296875,199.57273102640454,197.6267347325393,199.0105595981407,4086281
2023-08-31,198.96730041503906,199.313250011693,197.5402286352965,198.05916622740855,10403460
2023-09-01,204.89178466796875,205.19450048494483,199.48623934434008,199.52948634635553,14869577
2023-09-04,214.319091796875,215.31370698828403,205.97292080204352,206.4918585001645,24785966
2023-09-05,220.84898376464844,221.32466123579314,214.05961298309887,215.65965981354302,19654487
2023-09-06,221.2381591796875,222.96792046684214,218.4272756427217,221.3678869871562,13346191
2023-09-07,236.97914123535156,237.62780676793008,220.37330624076833,221.41116845346716,72255521
2023-09-08,243.9846954345703,246.0171857253548,234.29794779872213,237.49804114117123,41855413
2023-09-11,241.26031494140625,245.8009731167582,239.78999602215777,245.62798510475312,14505153
2023-09-12,234.168212890625,242.21165341281935,232.65466026806325,242.16841960987995,17547706
2023-09-13,241.86573791503906,243.4657847633854,232.65469307762226,234.8169114147749,17607568
2023-09-14,240.04946899414062,244.0712162126565,239.3143358756536,243.2927964966426,12033796
2023-09-15,241.56300354003906,245.75771207121593,240.04945082012838,240.87110428292868,13288180
2023-09-18,243.24952697753906,244.54685778808593,237.36830452743172,241.56298636612297,8754852
2023-09-20,245.88742065429688,249.0875138552816,241.39002304624523,241.73597264774725,18615797
2023-09-21,242.5576171875,248.04962959713677,240.95757064544523,246.40634925432175,11071899
2023-09-22,245.06582641601562,247.44426653645746,241.476549331293,242.16844862680594,8691024
2023-09-25,249.13076782226562,249.9524212873174,243.16305093197502,245.88744055642672,9118957
2023-09-26,248.00645446777344,252.02817547758644,247.48751676457576,249.4767735611222,11256196
2023-09-27,252.15785217285156,253.75789876897912,246.06040798094105,249.08751317578566,12805340
2023-09-28,250.9902801513672,254.40656881134606,249.95240493648623,252.15785677527938,12432497
2023-09-29,255.31472778320312,257.3039579084874,252.02814038344368,253.2389772594543,8640829
2023-10-03,252.46058654785156,256.95801086882864,250.90380003365584,256.9147506691615,9348540
2023-10-04,249.04428100585938,252.114620023049,247.27124640070048,251.50918842240688,6338888
2023-10-05,250.25514221191406,251.29299112157798,245.5414959317777,249.7794383666692,8687014
2023-10-06,248.91453552246094,251.6821852304671,248.22263629259126,251.63895142644915,3741467
2023-10-09,248.91453552246094,249.90917695751122,244.80632115873337,247.40098286214024,4647845
2023-10-10,262.2770690917969,262.8392405480128,248.91454998514348,249.30375982097428,23283411
2023-10-11,261.06622314453125,263.79061271834325,258.99049901182997,263.4014028959711,12321154
2023-10-12,265.693359375,267.3366397821919,261.10944136158145,261.6716127647967,15375295
2023-10-13,266.342041015625,268.8502087789152,263.31493561993506,263.7906130529806,9516879
2023-10-16,269.8448486328125,271.27190745730576,265.1312020973852,266.2555714699153,10535107
2023-10-17,274.51519775390625,275.3368511688299,269.931306055551,270.70969927301053,7760527
2023-10-18,274.12603759765625,276.5477114561414,272.6557186444053,274.4719872354019,9662837
2023-10-19,272.2665100097656,273.0449296909682,267.1204464391571,272.6989536574268,8977527
2023-10-20,270.1907653808594,273.9097963065237,267.76909169449567,270.27725938271453,6009115
2023-10-23,264.74200439453125,270.57999359423997,263.7906230979479,270.320511571027,8086150
2023-10-25,268.37451171875,270.4502623006896,263.7906197045411,264.7420009888859,7253336
2023-10-26,264.0068359375,267.3798909703793,261.9743455990136,267.3798909703793,8329092
2023-10-27,271.5313720703125,274.2989955293111,264.6555076377053,264.6555076377053,10503070
2023-10-30,272.05029296875,273.1314021069095,269.8016070767911,272.43950281619385,6229982
2023-10-31,271.790771484375,273.9962230341816,268.76366663092927,273.95298923683623,7446586
2023-11-01,265.2176513671875,273.13136387183823,264.5257521733293,270.882678294668,9593653
2023-11-02,267.1204528808594,270.53674194320826,265.77986170422156,267.2069468913306,7071960
2023-11-03,269.8448486328125,272.18005499599553,268.3745296049911,268.6340116421597,4658440
2023-11-06,273.7800598144531,276.3747216723475,270.7097205069842,270.8827085218833,10340818
2023-11-07,271.790771484375,275.72599723615053,271.2718339449324,273.7367674615901,6826885
2023-11-08,274.51519775390625,275.1638631674997,272.0502639033984,273.30436092738444,6424833
2023-11-09,279.834228515625,280.6558818707941,273.044885462511,275.42332513938214,15503280
2023-11-10,279.7045593261719,282.0829995013847,278.1045124749026,280.61270686599505,8445203
2023-11-13,302.1484069824219,302.71057849219665,285.6722868022145,288.00749325114714,42178783
2023-11-15,303.2295227050781,310.4945714660998,301.49974793367926,310.4945714660998,35092206
2023-11-16,299.0780029296875,306.6025326237158,298.25637587205,305.3052017381429,17617280
2023-11-17,298.602294921875,301.456412020194,296.0508672171188,300.9807346352281,13542916
2023-11-20,300.7644958496094,304.7862156770138,297.4779353527383,300.98071762951565,19032608
2023-11-21,302.3023376464844,306.19191369132466,297.46296214546305,303.02597071371866,15148068
2023-11-22,300.4479675292969,305.6491592951828,298.5031796073665,303.7495880858062,7599447
2023-11-23,302.5284423828125,303.9757083543998,298.5031614366593,300.7645490233007,6186567
2023-11-24,301.0359191894531,305.2421223898316,300.4027471971771,303.342551203343,7054445
2023-11-28,309.3126220703125,309.8101163246681,301.48819850846746,302.8450311347069,10791886
2023-11-29,309.6744079589844,312.07147317399296,305.83004923147865,310.26236318457853,14149513
2023-11-30,309.49346923828125,312.0714563552244,305.78478843889155,312.0714563552244,11959336
2023-12-01,313.56396484375,317.5892453739914,309.7648506536331,310.9859777403834,15105221
2023-12-04,320.8456726074219,325.6398031112958,317.18220825952295,317.5892690553433,22705896
2023-12-05,321.6145324707031,322.42865408813793,316.59426305561004,321.7502378101616,15782945
2023-12-06,318.5390625,327.9012129990066,316.09678037297437,321.8406829857826,14817158
2023-12-07,318.3581237792969,320.03152834286914,315.14693716321847,320.03152834286914,8507659
2023-12-08,317.4988098144531,324.19251139498874,313.79012873725026,318.4033648281695,13444251
2023-12-11,319.8959045410156,324.373463313209,317.49883905487235,317.49883905487235,11420609
2023-12-12,314.3328552246094,320.75520109692656,312.2071455028444,320.34814031441704,8789103
2023-12-13,312.2524108886719,316.4133419893248,310.8955783285035,316.05152549424577,8091533
2023-12-14,314.42333984375,317.67974353376655,312.79512419632704,315.8706334398495,13142466
2023-12-15,316.59423828125,320.5290579065681,315.1921891250781,316.59423828125,14331890
2023-12-18,314.4685363769531,317.7249398580294,309.6291616652675,317.4988011107995,7959685
2023-12-19,331.92645263671875,334.4591954753315,313.4282927172478,313.4282927172478,28937243
2023-12-20,318.5390625,336.31356411125597,316.5942746197305,333.7808209562302,23224408
2023-12-21,321.5693054199219,322.74521588866827,313.06649386367997,317.5892689047478,10028664
2023-12-22,328.5796203613281,332.3335182801407,322.38341277711356,324.73526141697675,13916380
2023-12-26,331.11236572265625,336.3135572713419,327.9012063301821,329.07711685577925,11910267
2023-12-27,330.7052917480469,333.9616950546179,327.810704896689,331.9716631437061,7890042
2023-12-28,344.59027099609375,345.99232033722745,330.8862393616176,331.79079444746657,28310022
2023-12-29,340.1127014160156,345.26867628260516,338.52973006634005,345.0877542292818,8859317
2024-01-01,345.3591003417969,349.8818755039724,341.42430803456716,341.74088021205637,11124690
2024-01-02,355.1734924316406,358.06807928777795,347.5752364403127,350.42457898645745,28363847
2024-01-03,347.84661865234375,357.11830752080385,347.21344670715075,357.11830752080385,12903439
2024-01-04,348.0275573730469,352.59554935836366,347.25868005541537,350.7864392485622,11039940
2024-01-05,347.5752868652344,351.41964592620315,345.9923154871884,349.8818912598836,8369460
2024-01-08,344.09271240234375,351.5552910639297,343.0524796856336,349.5652866504033,9424716
2024-01-09,348.57025146484375,350.9220998285599,345.63044791140504,347.03249702573,9473743
2024-01-10,345.5852355957031,349.0225612469997,339.9770110143696,349.0225612469997,9670366
2024-01-11,347.66571044921875,351.78142454693545,346.71591116178837,348.70594315036203,9163771
2024-01-12,344.7259216308594,348.97731363714763,343.323844795146,348.97731363714763,7471050
2024-01-15,347.9370422363281,350.8768457075648,344.9972387650914,345.9922546917058,7490747
2024-01-16,345.4495544433594,350.0175738285131,341.0624571029987,348.6154969934383,10165133
2024-01-17,343.4143371582031,348.5703122545837,341.1981937327862,345.3591250963709,10996538
2024-01-18,339.79608154296875,346.0375055461377,332.87624128717647,344.4545342900166,12493835
2024-01-19,346.6707458496094,348.1632562598939,342.9168476647025,344.31889704303586,15893456
2024-01-23,339.4794921875,366.16386560947774,337.98698190689754,364.98795511077975,16406737
2024-01-24,346.0827331542969,350.7864023825491,338.52969371869926,343.54996270385953,22938994
2024-01-25,352.2337341308594,354.3142273275507,348.5702971871983,349.8818854586486,13440949
2024-01-29,373.4002990722656,375.1189756842702,354.13328829871153,355.399659798482,27149058
2024-01-30,364.12860107421875,376.11395472106756,363.2692903945111,376.0687380133879,14159072
2024-01-31,367.385009765625,370.09867478066815,362.18381848679235,366.3899937391436,23750822
2024-02-01,367.88250732421875,372.586176477251,364.0833655117311,369.7820506256364,8862155
2024-02-02,379.732177734375,382.5363037536887,370.5509500107491,371.5911827391707,25177075
2024-02-05,398.2303466796875,407.0497581053024,377.2899035336804,382.8529113734872,31418925
2024-02-06,405.8285827636719,407.9542924693445,395.51666160137665,402.34604059967546,13386526
2024-02-07,409.4468078613281,416.5927867117757,405.0597106693053,410.6679626103199,14430152
2024-02-08,415.37164306640625,423.8744540546528,407.0497265048216,411.3915792122759,18790158
2024-02-09,412.65802001953125,419.5326162351633,394.0693973968143,418.0853502559749,17472069
2024-02-12,391.49139404296875,413.7886969386213,389.0038677860753,413.3816361455621,19472346
2024-02-13,409.1754455566406,414.15049788381253,392.5768563622926,401.4414840124136,35665854
2024-02-14,421.8392333984375,423.3317436403063,400.71786844584545,408.5422637421633,18592696
2024-02-15,431.3370666503906,435.3171032159709,422.9246884045667,424.23630422501896,18501875
2024-02-16,434.1863708496094,441.0609939090267,431.9249835014343,436.3572971828922,14513583
2024-02-19,416.9998779296875,440.9253700372163,411.9796084455677,436.7191669720664,19798448
2024-02-20,408.5363464355469,419.0128215838178,403.50398382547854,419.0128215838178,27899165
2024-02-21,396.138427734375,412.60797733172905,394.35421535886684,412.60797733172905,19032050
2024-02-22,407.3011169433594,409.9088012861053,391.56356364767475,400.7590512573976,22083710
2024-02-23,406.15740966796875,411.3727785008494,404.0987158533299,409.90881287031954,9625544
2024-02-26,404.6934509277344,409.22258856618157,403.0922446001976,406.1574165831896,7570244
2024-02-27,403.8699951171875,407.4383923480665,398.05989776901583,404.6934671054175,8343526
2024-02-28,397.28216552734375,405.1966938792109,393.7595061098012,402.8634908205583,8893614
2024-02-29,399.56964111328125,406.2489482372413,393.1190498436575,406.2489482372413,11711699
2024-03-01,408.3991394042969,410.6408116342663,400.75909177336763,400.75909177336763,8411615
2024-03-04,416.67962646484375,419.0585671467478,409.9545543551077,413.4314762510666,11977226
2024-03-05,421.4832763671875,422.4897545668548,414.9869475396889,417.22864771518306,9605493
2024-03-06,422.35247802734375,425.4176499522099,406.75213706405486,423.1302123848205,14061966
2024-03-07,419.6075744628906,425.82939379610025,417.2743712708196,422.35249968451075,9680802
2024-03-11,415.3071594238281,423.4961970895974,413.9346968824917,421.8034877040514,7824738
2024-03-12,411.0982360839844,417.0455732910737,408.7193235394044,415.30712646125767,8409613
2024-03-13,381.5903625488281,411.6473008192459,375.13979912327727,411.0983101627932,17803423
2024-03-14,391.3348083496094,392.38702398729816,377.1526962235924,383.3745148903943,20478918
2024-03-15,379.94342041015625,391.6550908334405,367.0880310813628,391.33487187815786,25435001
2024-03-18,385.9822082519531,387.49191141315447,378.3878990195612,380.629598932402,9803914
2024-03-19,383.4202575683594,388.4983855056648,378.79964504789376,381.54457001200893,8373676
2024-03-20,383.83203125,386.85143772836807,377.6102121151957,384.1065125942798,6950340
2024-03-21,395.31494140625,396.68740391953105,387.1716694120135,387.9494037541037,9911230
2024-03-22,395.2235107421875,399.112154967643,391.8838292455956,394.26277012102736,9172888
2024-03-26,398.88336181640625,403.45823680949354,394.2627213196955,396.91614323112196,9389403
2024-03-27,392.93603515625,402.4060043147133,389.82509773694426,402.4060043147133,17985246
2024-03-28,397.190673828125,401.17082087055513,393.4392705476411,393.4392705476411,10332853
2024-04-01,404.4646911621094,406.0658974262869,397.831122353374,399.5695972070238,7256592
2024-04-02,405.5169372558594,410.18328748764355,398.97484356940697,404.46469365180855,11530800
2024-04-03,407.6213684082031,408.99383092809603,403.4124777626338,405.5169370468292,6972648
2024-04-04,410.6865539550781,414.94118232377843,404.9221944259937,411.7387696707834,14743020
2024-04-05,408.9480895996094,410.6865365243145,406.2489021660891,410.59503343926235,4820138
2024-04-08,409.3598327636719,412.1505234265343,406.7521482803759,410.8237984317348,3980972
2024-04-09,402.4517822265625,412.0132547667393,400.07284150668096,410.54931702172536,8005012
2024-04-10,417.54888916015625,419.60758311883944,404.51049408849593,404.9222161265383,15825331
2024-04-12,416.8626403808594,424.0452001426647,414.0719497111677,416.3136497636395,11259294
2024-04-15,412.6537170410156,417.04558578717985,403.59547030028915,410.77802949632104,7680715
2024-04-16,414.66668701171875,417.5945902992798,408.3991025888452,410.82378078844437,4996845
2024-04-18,401.30804443359375,417.96057283961903,398.151369484189,416.26789141164096,10945138
2024-04-19,398.28863525390625,401.308069726865,391.6550660221879,398.92912896954624,7628287
2024-04-22,405.2882080078125,406.7064081607288,400.7590703586034,403.4124924088333,6396926
2024-04-23,403.4582824707031,407.8501517919863,401.90281362788556,407.8501517919863,5390120
2024-04-24,406.1116638183594,410.5492982019186,403.6412201219553,404.00720454143186,6538090
2024-04-25,413.98046875,415.3986688953818,404.1902246355394,405.33394343756413,10858594
2024-04-26,417.04559326171875,421.3002493441692,413.7517056044709,415.3986494330948,7209435
2024-04-29,414.7124328613281,419.69905795013534,412.24198910813845,419.69905795013534,5305655
2024-04-30,415.6731262207031,419.42452925914864,413.6144324960121,417.5945792816455,6021793
2024-05-02,415.3071594238281,420.47676274496416,411.18977179981897,418.64681268984896,14980896
2024-05-03,434.24713134765625,435.34508457060895,411.1897506689833,418.967038003552,51071947
2024-05-06,421.4375,440.51473476077325,406.29464665799725,438.2730347915625,36408390
2024-05-07,417.2286071777344,429.58076989023306,414.34644146271563,423.6334322879189,13728379
2024-05-08,424.9601745605469,431.3192344255859,416.40515222991763,417.8691178993702,16978094
2024-05-09,405.7914123535156,427.93381851465097,403.82422168879,425.78362168086295,15601338
2024-05-10,411.1897888183594,412.79099518285676,402.81777255426636,409.1768604281137,9190621
2024-05-13,406.2489318847656,413.3857262757741,397.73967488603836,412.88250115540654,11107909
2024-05-14,410.5492858886719,412.33347035116657,407.2553703665318,408.7193359233519,6592194
2024-05-15,428.0710754394531,430.03826617889854,411.28127797322315,411.7387654904348,23543942
2024-05-16,428.4827880859375,434.6131318517113,418.92131593889275,428.80303492555043,17232651
2024-05-17,430.2669982910156,433.4236732434594,427.1103233385718,429.16901711029914,10625019
2024-05-21,448.9325256347656,451.90619469919613,429.7638141115927,429.7638141115927,27356982
2024-05-22,459.0429992675781,464.2126027776044,449.8017455670193,452.45516765932433,28346931
2024-05-23,455.01708984375,460.9644277817828,450.2592362470176,460.59844333939157,14378840
2024-05-24,458.4024963378906,462.42838094072476,447.56003649862754,453.781883541937,12190536
2024-05-27,452.4093933105469,460.23241827714344,449.02397469087106,460.18668069693996,8811105
2024-05-28,446.1875915527344,454.01064522947553,442.93944119241144,453.82763904460234,8165238
2024-05-29,445.089599609375,450.076196602212,441.1094527775807,441.1094527775807,8014727
2024-05-30,441.15521240234375,446.4620844175203,438.7305341174375,444.6778719104789,7725080
2024-05-31,449.43572998046875,451.17417689130673,438.27302384086323,443.2138832432315,11223848
2024-06-03,468.78741455078125,482.55783284919363,462.56559577778904,471.2121206164819,24416215
2024-06-04,404.32745361328125,468.83322010466605,375.87172505733656,468.7874266773938,48046493
2024-06-05,421.3917236328125,423.4961828792734,388.9558767479668,413.5686985788237,18966089
2024-06-06,432.7374572753906,443.2139047524123,425.1431476732312,430.03826973240933,21757857
2024-06-07,438.4103088378906,440.3774996970455,427.84235771634,432.783217618327,8317343
2024-06-10,437.0835876464844,446.50781938653853,435.0706313899571,443.762894267359,10958537
2024-06-11,435.848388671875,442.3904549652871,434.7961729054365,441.0179923335437,11169021
2024-06-12,447.1482849121094,452.27212247350656,438.593263245088,440.1029663809575,15412796
2024-06-13,446.41632080078125,451.9061710945137,442.39043616994195,451.9061710945137,7438571
2024-06-14,445.5470886230469,450.5336856328286,443.9916199497154,446.416298121703,5974636
2024-06-18,447.4685363769531,450.99119589885004,443.94590477787875,450.1677239396226,6946544
2024-06-19,437.31231689453125,449.43573576860086,435.98559196182526,447.78876399805335,8962510
2024-06-20,442.0701904296875,445.95883439752475,431.4564742505554,440.14873723748576,7864157
2024-06-21,439.37103271484375,449.61873658029214,438.273051479378,442.0701923742277,10340882
2024-06-24,433.4236755371094,439.23374454091817,431.86820684333316,439.18800695932185,11124175
2024-06-25,429.3520202636719,437.3123139608642,425.7378578318018,435.43659845055873,7951999
2024-06-26,428.8945617675781,431.7309900539657,425.5091428575635,430.2670243652344,6655899
2024-06-27,427.3390808105469,429.12329330578723,422.2609805130508,428.8945495460294,14857335
2024-06-28,432.92041015625,435.5280944576298,428.2082945507788,430.03824452749154,8302706
2024-07-01,434.4301452636719,435.80260784717905,431.18199498516736,433.1034481866419,8579861
2024-07-02,438.3645324707031,443.7628794401531,433.10342616806213,437.35805437606837,14629287
2024-07-03,443.7171325683594,446.18754828765987,438.6390046201814,440.9264420951749,7244652
2024-07-04,447.926025390625,450.8996943086501,444.0373814208998,447.194056518394,7796954
2024-07-05,449.71026611328125,451.3572101404972,445.50137502694406,447.8803158951194,5754517
2024-07-08,451.3572082519531,453.8276522052647,445.77588244817196,450.808245527061,7477292
2024-07-09,451.814697265625,454.69689119475015,449.34428122714905,454.69689119475015,6444684
2024-07-10,449.02398681640625,452.82112752891396,439.6912305315827,451.8146494318728,5981477
2024-07-11,457.5332336425781,462.97734601484547,447.01102123314985,450.16769612510666,20146927
2024-07-12,454.0105895996094,465.35627360097436,453.3700959538563,461.14738317001735,8198389
2024-07-15,455.4288024902344,460.7814117806105,450.6709213603844,457.48749622323896,7106020
2024-07-16,468.87896728515625,474.3230799059201,455.6575668763424,455.6575668763424,23169665
2024-07-18,462.2911071777344,471.94408201696865,458.63120726935057,471.53233210814733,12540956
2024-07-19,446.5078125,463.3433473867471,445.3640937179816,462.3368692740065,9971704
2024-07-22,449.43572998046875,453.8275987997248,442.4361489107243,446.50779881908403,7281653
2024-07-23,445.59283447265625,453.64460347469674,425.05163411685174,451.99765960881354,11311831
2024-07-24,451.814697265625,456.9385634561733,443.85443057788103,445.31839633558405,6823248
2024-07-25,451.9976806640625,460.7356813377305,442.8479300433325,449.2527554778435,10281157
2024-07-26,466.5000305175781,468.19273992900554,455.88631445106216,455.88631445106216,20437968
2024-07-29,468.6044921875,471.8526424319507,464.3498358849758,470.7546612075272,7259754
2024-07-30,475.1922607421875,480.91085469472966,466.5915289449505,468.60448518537413,13197520
2024-07-31,477.7999572753906,480.72788845129816,467.0947385814761,478.9436760280387,11972565
2024-08-01,494.4524841308594,496.1451654460389,483.1067724398498,489.511597074469,34763894
2024-08-02,479.9043884277344,491.5245821193265,477.8914322547146,488.59665094453794,10985150
2024-08-05,463.7093505859375,471.21215726886214,455.24583125635115,471.21215726886214,11835031
2024-08-06,457.1215515136719,473.22511836395364,455.657585814042,464.8988396249557,7142269
2024-08-07,486.30926513671875,487.49872159633367,464.5328689488326,464.5328689488326,18293730
2024-08-08,478.94366455078125,489.511614402874,476.93070842523,488.59663942268173,13624148
2024-08-09,484.7537536621094,486.17195377174335,477.47969109545653,484.9367598349493,6468264
2024-08-12,479.4011535644531,485.39422853463094,478.80639748718164,484.02176605998073,5238736
2024-08-13,477.3882141113281,484.84528282238324,475.7870078349605,480.36188291029663,5201294
2024-08-14,461.7879333496094,483.01536634276715,456.6183018171368,478.44049094965754,14766889
2024-08-16,473.431884765625,476.6201452000548,464.375420190068,469.1809084560055,7313429
2024-08-19,482.39605712890625,483.73605745737495,474.21752584855506,474.8181767513569,10737456
2024-08-20,484.7987060546875,488.3566413559324,481.51805495168486,484.56767349244177,8191127
2024-08-21,491.8221130371094,494.64069891961356,484.6139086214559,486.55455951644376,9067794
2024-08-22,488.7262878417969,494.82558168004135,486.83183200284446,493.48558146073054,8531700
2024-08-23,497.967529296875,500.09307385305345,488.7262274158571,488.81867427732556,12566904
2024-08-26,497.2744445800781,502.31096551701927,494.1324357015287,500.8785749691194,7193307
2024-08-27,491.0828857421875,500.6014169730764,489.7890807030827,498.1986442439446,7865530
2024-08-28,486.41595458984375,494.91796452142904,485.58427117319826,493.39318338869407,6066259
2024-08-29,487.5249328613281,489.78906339754394,476.94362955043704,486.4159652104839,9147836
2024-08-30,485.1222229003906,496.2579819786133,482.39602717474145,489.7890697368064,30921282
2024-09-02,481.333251953125,488.8649365813233,478.37608006900024,487.0166759515263,6370038
2024-09-03,480.1780700683594,483.8745911817553,478.9305167543626,481.47187501982233,5526155
2024-09-04,465.438232421875,477.6367357872953,462.57342277469394,477.6367357872953,16783593
2024-09-05,459.2927551269531,468.9961231930155,457.58310844629847,468.9961231930155,10830621
2024-09-06,451.48382568359375,461.1409981481442,444.5528487575194,461.1409981481442,13110103
2024-09-09,447.6949157714844,451.43763204387824,441.7804595452666,450.9755669138436,10189742
2024-09-10,453.84039306640625,454.67210469064054,445.2459644100692,450.3286810275458,9809547
2024-09-11,447.2328796386719,456.1045081487732,445.3846189986976,455.45763384611377,8134497
2024-09-12,458.045166015625,459.52378009881994,445.661825948026,450.0514447624441,12058489
2024-09-13,453.0549011230469,460.078297377535,452.361803365082,459.2927809447308,8093877
2024-09-16,455.8272705078125,457.35207986247855,450.37490737786374,455.1341727827626,5244657
2024-09-17,451.43768310546875,457.25969312153944,450.65216665511747,455.82730233730285,5063902
2024-09-18,450.14385986328125,456.15070661435584,449.2659248264679,452.6389946693201,6527832
2024-09-19,441.6880798339844,454.302452550586,440.11704707273253,451.8997081754671,10014450
2024-09-20,453.7017822265625,460.2168895629823,443.8597719663021,444.4604792232898,12982128
2024-09-23,462.61962890625,464.37547081715473,453.28590733495406,456.05829820550423,6123879
2024-09-24,466.0389099121094,468.21062180836043,463.49755152765425,466.68581241813115,7306001
2024-09-25,466.9630126953125,468.5340454303051,463.91339409470055,468.07198029674464,5059851
2024-09-26,468.11822509765625,468.949964987911,462.1113777253129,467.60996467780774,6877039
2024-09-27,476.943603515625,478.5608314668659,466.59336154901337,468.11817083402565,15443031
2024-09-30,471.4450988769531,474.49474599510484,464.3755072429523,474.078876051014,8881502
2024-10-01,469.92022705078125,476.85120385094024,467.74851534628806,473.15468289085544,4743517
2024-10-03,464.2368469238281,471.21401918367866,461.6030700130399,461.6030700130399,11285134
2024-10-04,459.4775695800781,466.362322991268,456.5665367434806,461.69547652997676,7170285
2024-10-07,443.9984436035156,462.57344131374424,439.28537311793593,460.3093388486879,8940891
2024-10-08,454.5334777832031,455.365189383643,440.30187730186464,444.3218214043601,6049075
2024-10-09,450.0052795410156,458.36864782220624,448.8038931798271,454.67212646880137,6874313
2024-10-10,451.0679931640625,456.4741609168051,449.1735091777381,451.62247696987004,4700891
2024-10-11,455.5500793457031,456.4279862800589,450.4673622864548,450.51355752428685,4364566
2024-10-14,460.494140625,464.32930412679093,455.55006583037124,457.39832652435433,5369297
2024-10-15,456.9362487792969,461.46448171452744,452.8700528026302,460.49412795555133,4279311
2024-10-16,458.1375732421875,461.5106430275312,455.5037963788692,457.4444755519573,8000451
2024-10-17,452.7314453125,459.5238089127401,450.23631033023327,458.1376134107409,4334990
2024-10-18,454.85693359375,456.2893242421293,446.6783750023336,450.9755751496893,4573163
2024-10-21,448.5728454589844,457.21346947145054,445.754259303009,454.67211112673806,4737527
2024-10-22,432.81640625,450.513494816182,431.7536621078001,448.20316920174,8671135
2024-10-23,438.13018798828125,439.9322251812259,424.12961935627254,432.81643867695436,10686743
2024-10-24,441.0411682128906,447.0942101573456,437.15980982567754,438.13016352358954,5045880
2024-10-25,426.1164855957031,442.7046075058552,424.17580633152045,441.8267006450187,10330954
2024-10-28,408.1421203613281,423.25165562959666,402.2276923859868,417.70687411479844,21378247
2024-10-29,411.7462158203125,412.7165694905063,405.5083367204739,410.49866256211817,7680865
2024-10-30,415.0730895996094,421.2185500247262,411.237954763049,414.01034546931675,7818123
2024-10-31,417.7530517578125,420.0171820619149,409.5745219296008,417.70685652802104,8475238
2024-11-01,419.6937561035156,424.68405391659485,418.0303328998951,420.15582123810105,3095957
2024-11-04,409.66693115234375,423.3902710926597,402.45872643733804,423.2516571947206,15720990
2024-11-05,416.70953369140625,418.00307340575824,409.1399709897049,411.1521406296829,10186343
2024-11-06,417.5718994140625,420.5422423996047,413.1643257644947,419.4882459542668,9130749
2024-11-07,417.1407470703125,421.9316135136579,416.47001407179283,419.48825408287485,5861077
2024-11-08,406.3133544921875,417.7635365127846,403.6304810917672,417.1407297492363,9934413
2024-11-11,403.9179382324219,407.94227774218416,399.89362796378776,405.3073011977543,7201246
2024-11-12,396.73162841796875,407.0319910099987,395.5339118375001,404.8282041983875,6564348
2024-11-13,389.8807067871094,398.1210029490826,388.73091638103085,396.68374301063824,7170870
2024-11-14,392.6114807128906,396.0609101866593,385.760547971495,390.1681506745813,8776485
2024-11-18,396.0609436035156,400.995530302622,393.8092304764101,396.6358534378383,7352509
2024-11-19,395.0069274902344,404.3491168001914,393.5217706297178,398.5521802581562,6291292
2024-11-21,389.0183410644531,396.58790392166907,387.24571469659907,395.77345080766827,14141967
2024-11-22,396.73162841796875,398.36053466385704,389.4016087937264,390.35978205810125,8155453
2024-11-25,399.98944091796875,409.5711735619146,398.31263770527823,403.3909443101185,10903727
2024-11-26,394.28826904296875,402.43274118601914,392.5635689914788,400.94758443285417,5798977
2024-11-27,399.70196533203125,403.39093819222836,395.43811191481814,402.43276494236557,9219932
2024-11-28,397.83355712890625,407.12782039033453,396.20465085818927,402.4327771715586,7788912
2024-11-29,398.9833679199219,400.5164510929053,393.8092377970911,397.9293714109252,7057742
2024-12-02,404.0616760253906,405.69055302508036,399.3666036516687,400.89968671812113,6404844
2024-12-03,404.4449157714844,407.70269882100644,401.80993945713004,407.22361221839657,7928558
2024-12-04,399.2228698730469,408.0859722381537,397.64188989398286,404.4449256656955,6836472
2024-12-05,400.899658203125,403.6304576520822,394.7673556146181,400.66011490481515,9500273
2024-12-06,399.70196533203125,403.87002481715973,398.9833353946342,402.43276494236557,4252732
2024-12-09,396.6837158203125,403.34303144176585,395.2464559803838,400.51640872678894,6662023
2024-12-10,396.73162841796875,399.7498975936516,394.28829829026375,398.1209913477633,6035289
2024-12-11,399.5103454589844,402.09739567101497,398.1688795255684,398.6000691814702,5353413
2024-12-12,391.9886779785156,400.3726938209503,390.07233150024484,399.0791540998922,9409378
2024-12-13,393.13848876953125,394.04876509050774,385.18566216749934,391.98869836743955,9439175
2024-12-16,393.2822265625,395.5818365400232,389.49743048617114,393.3301235290855,5434635
2024-12-17,386.0480041503906,393.76131650888914,385.1856540566982,393.28222987449027,5070262
2024-12-18,379.2449645996094,387.8685239393379,378.0472480246471,386.62291039782804,7176597
2024-12-19,375.5559997558594,377.99932973449904,370.81303069011693,374.5978265499418,5745829
2024-12-20,366.0221862792969,377.23282514712946,364.58492638552997,376.5620921669206,7923854
2024-12-23,366.93243408203125,372.3461067466109,366.4054212838973,369.85485060930756,5163415
2024-12-24,368.4176025390625,370.57349228083854,365.4472597132792,368.75296901378624,4242999
2024-12-26,370.4297790527344,373.9750024828558,368.9445929915892,370.2381327089974,4190081
2024-12-27,364.5849304199219,372.2024196376302,363.67465411401236,371.2921433317207,5909271
2024-12-30,362.0936279296875,366.3095839460375,359.9856645420745,364.5848839706156,22328728
2024-12-31,368.0822448730469,368.60925770054655,360.3689619754426,362.0936621136874,7686615
2025-01-01,370.2381591796875,371.9149624633284,366.5012891386563,367.5073594123894,3584876
2025-01-02,376.5141906738281,377.4723639248203,367.9864253470961,372.1544848371375,7538972
2025-01-03,377.18487548828125,382.5985482366553,373.2084625443141,376.56206875459674,7122319
2025-01-06,362.9081115722656,377.56815032348675,361.375028553042,377.56815032348675,8774141
2025-01-07,363.9141845703125,368.1780671814211,360.7522245772415,364.6328144997492,6542121
2025-01-08,364.4411926269531,366.0700695676824,360.27313324254413,364.15372311426466,7407778
2025-01-09,356.6321105957031,365.5910074733755,355.2906445954417,365.5910074733755,6247612
2025-01-10,353.08685302734375,357.59027913147065,349.44580626652515,355.86554968598193,4893721
2025-01-13,347.7210693359375,354.9073687679607,346.14008930911785,350.7872354567183,8661589
2025-01-14,353.8054504394531,358.35677309236416,347.8168680014123,349.73321438158536,5698113
2025-01-15,358.93170166015625,365.49519420435524,353.8533659419532,356.34462221492765,11117714
2025-01-16,363.0039367675781,365.5430899979757,359.1233176121766,362.620673320917,6923722
2025-01-17,371.4358215332031,373.0168014070971,362.7164398842018,364.10580266978627,8380692
2025-01-20,370.8609313964844,374.6457272945033,366.6449750961269,373.3042906409067,14597375
2025-01-21,365.5909729003906,373.3521816715207,365.06398933664354,371.7712017391541,20854879
2025-01-22,363.33929443359375,367.84269099457373,358.9795887653581,365.5430811292727,10653690
2025-01-23,369.6632385253906,371.9628777828145,360.4647984602066,361.7104120237047,5844752
2025-01-24,367.0282287597656,375.84343380485734,365.7347183460716,369.9027483299748,5351964
2025-01-27,360.03363037109375,366.9803870449206,357.15911036813094,364.96821719462065,6645109
2025-01-28,355.14691162109375,361.806227449237,352.36821502587924,360.2731443908378,10866038
2025-01-29,363.5788269042969,368.8966763869312,355.29060545750866,356.91951156917366,6680927
2025-01-30,368.944580078125,371.148395989458,364.4890805328901,365.7347232413285,6300164
2025-01-31,384.9391784667969,385.96012616083163,364.27750211284814,368.99323182699004,10339434
2025-02-01,374.63262939453125,388.3908983283092,368.55566596889537,384.93916529894426,7015540
2025-02-03,363.6455078125,373.5144909268873,356.35315137240974,373.3686497326203,7689700
2025-02-04,366.1249084472656,370.16003620695085,364.52059591540325,367.0486188272918,4649921
2025-02-05,372.25048828125,374.4381951776327,367.4375212401386,367.53475859229036,5914200
2025-02-06,369.0904846191406,374.0006595713489,366.7569364207909,372.2018723260485,4652107
2025-02-07,367.77783203125,372.3963243039491,365.5901251652346,368.9932247345919,3006598
2025-02-10,360.242431640625,369.3335758635269,358.78396025746457,366.5624743009868,3380494
2025-02-11,349.060791015625,360.2424040982982,347.602319743972,359.7562470077472,6803431
2025-02-12,350.3734130859375,351.7832508127055,341.81703068421405,349.93585984537344,4565992
2025-02-13,351.6374206542969,357.37406843709675,348.67187424576133,351.9777365551143,3712240
2025-02-14,344.3937072753906,354.8946889421429,340.79613280608515,353.8251373697001,4464446
2025-02-17,350.1303405761719,351.9777315753197,339.58072583613375,344.3936928745343,6017586
2025-02-18,351.1026611328125,352.3180538744294,344.00474971816544,350.27618813397817,3843725
2025-02-19,352.2694396972656,355.1863824372574,348.0885003056812,350.03312879900903,3097726
2025-02-20,357.76300048828125,359.2214717015679,350.033091188793,350.033091188793,4624287
2025-02-21,359.7076416015625,360.92303432264805,355.186356940985,357.37406383893904,5235241
2025-02-24,354.7001953125,358.29776958993506,351.15125454689013,357.86021634687523,4533486
2025-02-25,351.1512451171875,355.28358020501753,348.76909328192437,353.922346345914,4525493
2025-02-27,353.7765197753906,357.61714297679214,346.28968873200586,349.0607900752158,6196610
2025-02-28,359.1242370605469,365.3470416829541,355.18634695137825,356.6448181756615,21899478
2025-03-03,350.3734130859375,360.72855294344515,342.64350365379437,359.7562387845679,12675744
2025-03-04,353.7765197753906,356.35314641383445,342.83798526746256,346.2410848921513,5535218
2025-03-05,358.0547180175781,358.6867163375207,352.0263578750279,352.0263578750279,5730797
2025-03-06,372.0074157714844,373.5144908999245,357.9088599883276,359.80485485900965,11247215
2025-03-07,370.11138916015625,378.8136129984824,368.8959964270199,372.0074136929187,8321771
2025-03-10,364.763671875,375.8966815074158,363.69412030381164,370.1600335726285,5541001
2025-03-11,368.5556945800781,369.4794049615521,357.81163427855574,360.72857694930485,5340552
2025-03-12,370.1600036621094,372.2504731212051,363.45101238162306,369.04181866691323,3951912
2025-03-13,367.8264465332031,372.396335099314,366.9027658554908,370.9378638130243,3918004
2025-03-17,375.0701904296875,376.3341869794349,368.5556736328698,369.6738586645774,5456361
2025-03-18,375.0701904296875,375.0701904296875,375.0701904296875,375.0701904296875,0
2025-03-19,384.89056396484375,387.02963730098134,378.0357313725227,379.25112406555763,5827114
2025-03-20,385.4253234863281,387.078269411945,381.19575099533347,386.6893496861154,7025398
2025-03-21,394.1761779785156,399.7183808892837,384.16135340381555,385.42535001793976,16564019
2025-03-24,394.7595520019531,400.39896230434016,393.8358416737658,396.6555764976329,5260300
2025-03-25,387.2727355957031,396.9472737948621,386.10597635447306,396.7041952438548,5636291
2025-03-26,383.86962890625,391.3078561700509,382.26531643328923,387.46720326485536,5025274
2025-03-27,385.8629150390625,388.5853830628803,381.19578884764854,382.36257781367107,7697174
2025-03-28,387.1755065917969,390.77305114498387,382.60561821545286,386.00871774214687,6923988
2025-04-01,386.6407470703125,391.40508085594274,384.11272414140393,386.7865882700682,4332950
2025-04-02,386.494873046875,390.48136698013207,380.66098817069576,390.48136698013207,4197123
2025-04-03,386.0573425292969,388.92568129793904,382.3139565849439,384.0641102817148,4970602
2025-04-04,374.3895568847656,385.0364088469515,372.0074049871701,385.0364088469515,6718760
2025-04-07,367.0486145019531,368.89600556756045,346.14385897402735,348.91496040877576,10202400
2025-04-08,372.25048828125,374.82711491356594,366.222128519926,374.3409578254809,3577328
2025-04-09,364.2289123535156,372.1046634615524,362.7704410250894,371.7157140358319,5781453
2025-04-11,381.244384765625,381.92498686812104,371.56984708842174,379.1539152742814,6185984
2025-04-15,384.3071594238281,387.9533374069764,382.60560969835893,387.9533374069764,4371156
2025-04-16,388.1964416503906,389.02291464917806,381.6333208460321,384.3071848774374,4992290
2025-04-17,387.8074951171875,388.4880972018325,377.5495632835553,385.91147070228385,8364450
2025-04-21,389.41180419921875,394.75953184739774,384.69607479310827,388.1964115519053,8987570
2025-04-22,387.564453125,394.5650976891103,383.3834841851205,392.3287868573824,7558174
2025-04-23,387.9047546386719,390.4813812855118,383.09178757043065,388.92567266033564,7429142
2025-04-24,388.77984619140625,390.1896840045886,385.86290353598395,387.8561358147858,5762303
2025-04-25,382.26531982421875,392.81493477435197,378.8622201417677,389.2173603838339,7337588
2025-04-28,386.1545715332031,387.75888399932745,380.7096061782495,382.26531480433255,3458518
2025-04-29,378.32745361328125,389.2659881452419,377.6954553304139,386.1545708981924,6274213
2025-04-30,374.63262939453125,379.5428336460488,372.4935560723112,378.32744096092165,4559122
2025-05-02,372.88250732421875,380.12626020910494,370.8406415060308,374.8271357848405,5045851
2025-05-05,374.92437744140625,377.16068832769326,371.1809616772511,375.2646933604523,6395704
2025-05-06,367.77783203125,376.91757922584617,366.95135905844285,375.79942387330635,5982166
2025-05-07,372.6880187988281,376.57727557595206,360.04793427317543,360.04793427317543,9162368
2025-05-08,374.77850341796875,384.0154879028943,371.66708624871404,379.2025209601006,14258083
2025-05-09,371.81292724609375,372.6394002130644,366.6110405779912,368.60430240099964,3809943
2025-05-12,384.5502624511719,385.1336569001712,376.77174892497874,381.0985589429934,6743279
2025-05-13,384.2099304199219,388.5367402562879,383.14037892043746,384.5502463069405,6307140
2025-05-14,391.9398498535156,392.8635305161059,385.4739665246884,385.76564890810135,6822756
2025-05-15,393.4469299316406,395.1484797593085,388.5367551551544,392.57185309766055,10511989
2025-05-16,393.5927734375,397.676504916964,392.4260142095634,394.7595623381109,4702603
2025-05-19,391.5509338378906,396.1694262127401,389.9465916958563,394.71095493647186,5446656
2025-05-20,396.8014221191406,405.6980909165077,392.8149280533711,394.27339932089603,18755291
2025-05-21,394.1275634765625,402.100522043612,393.05801193133016,400.25313101421483,7393102
2025-05-22,387.8074951171875,395.3915334314574,382.3139262394316,393.7872210579779,7936875
2025-05-23,390.3841552734375,391.84262658828226,387.95336974869633,389.120158669642,4178408
2025-05-26,391.5509338378906,394.5650840707058,390.6272234938511,391.40506297212454,6067873
2025-05-27,388.8770751953125,392.37738256849804,387.2727330311489,391.356464530098,6553758
2025-05-28,387.1755065917969,390.7244473065289,385.5225606669049,389.89797434408285,6002200
2025-05-29,387.1755065917969,390.0924490432489,386.00871774214687,388.92566019359884,7724668
2025-05-30,386.3004150390625,393.54416760902717,385.3767343640294,387.90475718746717,6565658
2025-06-02,388.63397216796875,390.2868883961593,384.55024092623177,387.9047365657066,6119571
2025-06-03,381.9736328125,389.411830379598,379.68868854739827,388.6339909020916,7360608
2025-06-04,383.6752014160156,384.0641211738084,378.8136302619168,381.97365151208106,3861957
2025-06-05,383.96685791015625,386.7865630547545,381.68191368735864,383.6751755296602,6097293
2025-06-06,387.9047546386719,389.50906710386096,385.0850197737453,386.8352031043212,7633919
2025-06-09,389.8979797363281,394.9540252578387,388.9256655723971,389.8007423854003,9626374
2025-06-10,388.48809814453125,393.3010649493212,387.80749605823473,391.84259375667847,6362912
2025-06-11,390.9675598144531,398.1626792186681,387.36998527600787,389.0229313445207,11946342
2025-06-12,381.8277893066406,391.2106151833423,380.66100042477484,390.87029928674195,11262656
2025-06-13,380.36932373046875,381.48747911658984,375.3132780636504,379.2025348311493,5253032
2025-06-16,383.4320983886719,383.67517693086415,375.5077438477376,380.1748399887603,3706240
2025-06-17,380.4665222167969,384.89056948651574,379.2997630183488,383.09178234048386,3248476
2025-06-18,379.5428466796875,382.50839306416657,377.35513977133195,380.4665273484999,4118145
2025-06-19,373.6117248535156,380.66100268094044,372.88248921619584,379.5428473049182,4416367
2025-06-20,378.27880859375,380.952672509115,373.5144751881797,373.56310869933566,6531957
2025-06-23,381.6333312988281,382.21672576528493,374.0492922529151,376.2856030895452,3359491
2025-06-24,381.7791442871094,384.45300819417554,379.88314950206626,383.5293275571565,4606984
2025-06-25,380.9040832519531,384.45302410457754,380.17484761075605,382.9459489818399,4672204
2025-06-26,383.2376403808594,383.7724310005837,379.83454064191767,381.147170761473,5569101
2025-06-27,383.2376403808594,386.68937363396236,381.2444081171206,384.06411339485163,16253653
2025-06-30,381.0985412597656,386.39763554999854,379.98035625412047,384.55024460778276,4870935
2025-07-01,378.9594421386719,382.9945399498088,378.23020652198426,381.63330606652653,5997283
2025-07-02,376.1883544921875,380.855480411709,374.77851671910884,379.202534418252,7752338
2025-07-03,375.7508239746094,378.2302132463579,374.8271136413136,377.1606617216664,3851213
2025-07-04,375.4104919433594,377.16064551022896,372.7852319203825,376.966200487617,3990767
2025-07-07,373.6117248535156,375.79943176547505,373.3686463077423,375.79943176547505,2810768
2025-07-08,372.25048828125,374.82711491356594,371.71569768075216,374.29235398574195,5231160
2025-07-09,376.72314453125,377.4037466601878,372.2504933257227,372.4449383599874,4497121
2025-07-10,373.4172668457031,378.08439293685143,371.95879550584596,377.306523751989,4668066
2025-07-11,370.403076171875,373.660304738277,370.06276029507524,373.41722620808747,4677164
2025-07-14,373.2228088378906,375.21604106404527,370.9378645502937,371.4240216466899,5109504
2025-07-15,375.7508239746094,376.52866344383574,372.8338814559999,373.2714050301871,4586811
2025-07-16,375.7508239746094,377.2578990734881,374.2923527153047,375.9452690055791,5205724
2025-07-17,375.2160339355469,377.4523743400871,374.2437197612269,376.3341893014801,3749218
2025-07-18,377.7440490722656,378.47328468823525,373.4658727264451,376.28557784032637,5172481
2025-07-21,376.0910949707031,378.6191176523509,374.72986111833046,378.23019793348334,4396850
2025-07-22,378.32745361328125,380.90408025738606,374.82711662851904,376.0911131942538,5043629
2025-07-23,379.9317626953125,381.5847086567224,378.0843717031138,378.61913262862504,3670943
2025-07-24,374.875732421875,379.9317781913805,373.2714199072333,379.299779888361,4022204
2025-07-25,370.2572326660156,375.21604098271683,369.47939318102004,374.8757250807784,4616856
2025-07-28,367.8750915527344,373.2228197697295,366.56246141948236,370.6461930178942,4521716
2025-07-29,373.0283203125,373.6117147411001,366.5138332657061,366.5138332657061,4872086
2025-07-30,369.38214111328125,373.4172389172263,368.5556681479737,373.36863507860306,5107774
2025-07-31,365.9304504394531,368.50707710206996,364.3261379644407,367.53476291446555,6461803
2025-08-01,362.1870422363281,370.59755419533474,360.4368885321755,364.6178277546927,13769152
2025-08-04,364.3261413574219,368.2640019848235,359.9507274724537,362.13843441493776,19756930
2025-08-05,368.9932556152344,370.1600445771592,364.1316843950073,365.59015576107544,6846687
2025-08-06,371.8050842285156,372.98900166487954,368.54924353318205,368.9932313899665,5808208
2025-08-07,374.46893310546875,375.1595742140407,368.5986041187585,369.97985622686457,3468573
2025-08-08,374.616943359375,376.98480838091183,373.0876752451261,373.9263022614513,4172600
2025-08-11,377.37945556640625,379.5500161126256,371.5090964362025,372.939697265625,5740719
2025-08-12,380.1912841796875,381.27656438333895,376.09684669726425,376.44213712244044,4860757
2025-08-13,380.9312438964844,382.80580237082296,379.94463100377607,380.78325798438533,4216888
2025-08-14,379.3033447265625,381.6712096852184,377.42875611313326,380.93125000382366,4034887
2025-08-18,382.6084899902344,383.3484497027805,378.90869142750375,381.4738911194712,3520271
2025-08-19,380.1912841796875,383.2991087695251,379.1060039760361,383.2991087695251,5219052
2025-08-20,379.54998779296875,381.67119946770725,378.41535889130876,380.832572496103,4904231
2025-08-21,378.1499938964844,381.54998779296875,377.25,380.95001220703125,6212604
2025-08-22,374.45001220703125,379.0,374.04998779296875,378.1499938964844,4699261
2025-08-25,380.0,380.75,374.79998779296875,375.0,4349832
2025-08-26,372.45001220703125,379.8500061035156,371.3999938964844,379.0,6381642
2025-08-27,372.45001220703125,372.45001220703125,372.45001220703125,372.45001220703125,0
2025-08-28,374.29998779296875,375.8999938964844,368.6499938964844,372.5,4372269
2025-08-29,374.79998779296875,379.0,372.6499938964844,372.6499938964844,4578400
2025-09-01,377.8999938964844,378.6000061035156,375.1000061035156,375.29998779296875,2829114
2025-09-02,380.1000061035156,385.0,379.04998779296875,381.1499938964844,7511709
2025-09-03,389.79998779296875,393.29998779296875,380.0,380.95001220703125,8111851
2025-09-04,391.45001220703125,392.1000061035156,385.70001220703125,391.79998779296875,5515006
2025-09-05,392.6499938964844,393.25,389.0,392.3999938964844,4535470
2025-09-08,387.04998779296875,395.8999938964844,386.29998779296875,394.0,4607020
2025-09-09,387.95001220703125,389.3999938964844,386.75,388.70001220703125,4376579
2025-09-10,391.8999938964844,392.6499938964844,388.04998779296875,388.5,4285507
2025-09-11,393.3500061035156,394.5,390.5,393.6499938964844,3442373
2025-09-12,394.3500061035156,396.20001220703125,393.20001220703125,393.54998779296875,4276055
2025-09-15,394.75,400.6499938964844,394.29998779296875,394.3500061035156,4618798
2025-09-16,395.79998779296875,397.0,394.04998779296875,395.0,2581384
2025-09-17,399.75,402.45001220703125,397.5,402.0,5970395
2025-09-18,393.1499938964844,400.75,390.6000061035156,400.5,5899621
2025-09-19,394.5,395.20001220703125,391.5,394.0,5272435
2025-09-22,394.70001220703125,396.95001220703125,393.3500061035156,394.5,3399517
2025-09-23,394.04998779296875,395.75,392.1000061035156,394.75,4720322
2025-09-24,392.8500061035156,395.6000061035156,391.75,394.5,5139791
2025-09-25,392.5,395.20001220703125,391.6499938964844,392.04998779296875,4563970
2025-09-26,389.1499938964844,392.95001220703125,388.04998779296875,392.5,4698693
2025-09-29,388.29998779296875,391.6000061035156,385.6000061035156,389.79998779296875,6606409
2025-09-30,389.95001220703125,391.3999938964844,387.1000061035156,389.70001220703125,5362610
2025-10-01,388.5,394.8999938964844,387.8999938964844,389.79998779296875,4976933
2025-10-02,388.5,388.5,388.5,388.5,0
2025-10-03,383.3500061035156,389.1000061035156,381.5,388.5,7431240
2025-10-06,381.8999938964844,384.1000061035156,379.95001220703125,383.5,7021531
