Price,Close,High,Low,Open,Volume
Ticker,DIVISLAB.NS,DIVISLAB.NS,DIVISLAB.NS,DIVISLAB.NS,DIVISLAB.NS
Date,,,,,
2006-04-21,78.81778717041016,80.44143691054201,77.26611703249431,80.01806092680232,336160
2006-04-24,78.8537826538086,80.18741451460969,78.11287462887348,79.25598857530375,380000
2006-04-25,77.04808044433594,79.80637478389636,76.67762644998098,78.87494889013061,231600
2006-04-26,77.05230712890625,78.53624196208607,75.78429817365718,78.23988007691156,569520
2006-04-27,78.54895782470703,79.9312803657656,77.26612891353442,77.85885279782988,1005280
2006-04-28,79.62643432617188,80.39909417996766,75.14923473206312,76.20767465786683,1349520
2006-05-02,81.01934051513672,82.30428160598252,80.483770199983,82.30428160598252,893780
2006-05-03,80.11119079589844,81.71155123064608,79.64759365422432,81.71155123064608,264720
2006-05-04,81.20986938476562,82.93935674645473,80.73780281379545,81.71156891676162,642520
2006-05-05,80.00959777832031,81.89997660148916,79.40205422835913,81.49988316505306,489820
2006-05-08,80.570556640625,81.71155792077953,80.31441600107767,81.07649399911544,179960
2006-05-09,79.7576675415039,81.07648581131426,78.95960628621467,80.06249870993453,122460
2006-05-10,79.83811950683594,81.28818344629113,78.32455175814509,81.28818344629113,191300
2006-05-11,78.481201171875,79.7216961182272,77.3084543911005,79.59468203570377,303520
2006-05-12,77.05442810058594,78.66325811121054,76.69667488187397,77.85883987579587,160560
2006-05-15,74.28131866455078,78.74370536771723,73.45573674818283,77.26612078699347,454720
2006-05-16,71.86595916748047,74.93755420513163,68.80072097181323,74.93755420513163,695140
2006-05-17,75.41385650634766,76.62683117667115,72.8206782826206,74.03365295294411,373520
2006-05-18,64.86119842529297,75.3609239535603,63.5063965900789,75.3609239535603,856920
2006-05-19,62.2214469909668,71.75587550790209,60.34165667741105,66.04665037567365,2250620
2006-05-22,55.84117126464844,63.455587783433465,49.95836078534722,62.447950981684016,1757240
2006-05-23,61.2963752746582,62.02035105956736,51.86355874054178,54.82719066857273,854060
2006-05-24,60.12997817993164,65.19990873197068,58.425892240337355,60.627446308077076,449200
2006-05-25,58.2544059753418,63.92975925169777,56.944057081810264,63.92975925169777,1034540
2006-05-26,62.1028938293457,63.506385993433156,58.90217300890925,59.27262692720428,444620
2006-05-29,62.731624603271484,64.56484355956442,61.927212743004986,63.29471548954021,210500
2006-05-30,61.89968490600586,63.50639594827259,59.696012191376234,63.50639594827259,168080
2006-05-31,58.428009033203125,60.288741968285464,57.155762040517025,59.4843301236492,443640
2006-06-01,55.944908142089844,60.28874386839944,55.25269066123428,59.103296156880226,204880
2006-06-02,56.40849685668945,57.570661811319766,53.55705947898511,55.94489965900757,268740
2006-06-05,56.62229919433594,57.15575054037264,54.954196996784276,57.15575054037264,454120
2006-06-06,55.231510162353516,55.84328504891292,53.768745484384525,53.768745484384525,282360
2006-06-07,52.8606071472168,55.25056303103056,52.159917216947335,54.1942420732966,530520
2006-06-08,50.972354888916016,52.40760257917396,46.99685428971043,50.4473695246077,1113800
2006-06-09,53.832252502441406,53.98043343840876,50.00069887614487,51.71537275975871,124660
2006-06-12,52.30810546875,53.98043935678185,51.863559382006095,53.853425266254305,158820
2006-06-13,51.073970794677734,51.8085285012526,49.11797227706844,49.27250363118764,439400
2006-06-14,47.76315689086914,53.006665492748525,47.62979243840895,51.270824814346916,291780
2006-06-15,50.97446823120117,51.859322471890145,48.43421237147456,50.803001477486006,152780
2006-06-16,50.88344192504883,54.61338333403356,50.38174241447029,50.38174241447029,174900
2006-06-19,51.87202072143555,52.49861855772432,49.95836282106024,50.847451682872226,105080
2006-06-20,52.80768585205078,53.98043586088139,50.381740136822636,51.016804088127124,293260
2006-06-21,52.99185562133789,53.76028406877814,52.456285258001486,52.87966124357034,239960
2006-06-22,54.03123474121094,54.615492333570614,52.879651750384475,52.879651750384475,248680
2006-06-23,54.25351333618164,54.78484576455285,52.83732025579356,54.19000629717593,267840
2006-06-26,54.71076583862305,56.24550382893228,54.19212765781584,55.8432914633079,218560
2006-06-27,54.17095947265625,55.84329342891965,52.92200152862183,52.92200152862183,285000
2006-06-28,54.00795364379883,54.6154970933362,52.87965635887075,52.92199330749632,82600
2006-06-29,53.20988464355469,58.25864044605397,52.625627048993174,54.61549253939552,1554320
2006-06-30,55.16164779663086,57.155751295427805,53.557055843493465,57.155751295427805,111280
2006-07-03,57.369564056396484,57.96016889528808,53.35595835739813,53.35595835739813,467820
2006-07-04,58.986854553222656,60.33107452323744,57.621470953293134,58.59523049673267,588640
2006-07-05,59.234535217285156,59.90770147850257,57.83316174990136,57.83316174990136,191600
2006-07-06,59.66424560546875,60.03469949068606,58.63755783154016,58.63755783154016,274220
2006-07-07,58.707435607910156,61.13126601536923,58.468233572437875,59.27264546248939,262760
2006-07-10,58.999549865722656,59.48431710579782,58.002501377183634,58.42587729964483,120760
2006-07-11,59.66213607788086,60.331070831447015,59.0651744581523,59.99236879087877,111440
2006-07-12,60.35011672973633,60.966129437822076,58.42587404457949,58.42587404457949,229180
2006-07-13,59.317081451416016,61.304834496334294,58.891593044835886,61.17782042831778,193500
2006-07-14,58.01521682739258,59.18797023840629,57.36745201883034,58.84926812263777,280360
2006-07-17,56.07190704345703,59.22817525528101,55.88562060779844,57.79081221942793,177940
2006-07-18,54.91820526123047,57.11340834677111,53.13579304677531,56.308996692389904,3671440
2006-07-19,54.619728088378906,56.09731245532862,54.23657337672677,55.95759761889462,257800
2006-07-20,56.60326385498047,57.22773964984147,54.827198232197,55.25480571512923,416660
2006-07-21,57.792945861816406,58.12952902356599,55.720518428444585,56.49952875728157,294000
2006-07-24,59.869598388671875,60.119388664363406,56.56514553270798,57.367444817050995,406160
2006-07-25,60.75232696533203,61.135481664896076,59.86324138908011,60.246396088644154,304180
2006-07-26,61.81501388549805,64.08430946492763,59.99237687749799,60.627440866589794,645120
2006-07-27,62.877685546875,63.50639915693688,60.669781286634695,62.44795917098793,984420
2006-07-28,64.27483367919922,66.04878029650253,63.083029109043125,63.46406495582088,804100
2006-07-31,64.89930725097656,67.31678716720754,64.43782893971355,65.41159507756959,478900
2006-08-01,68.5191650390625,68.99758194966797,66.04665093897559,66.04665093897559,1278040
2006-08-02,68.88961791992188,69.51833148019836,67.35911795596526,67.73592230271721,556640
2006-08-03,68.7287368774414,70.23806669486899,68.37521512085917,69.64534295592158,328780
2006-08-04,67.94972229003906,69.43365708961609,67.52846527923029,69.43365708961609,156680
2006-08-07,70.51751708984375,71.54843678526136,67.53060202094726,68.54458305587242,515240
2006-08-08,73.72881317138672,75.78430178238108,71.12716591865934,71.59288208911347,1567760
2006-08-09,77.2724609375,78.28009776161419,72.44597771146555,72.45020914527456,2197940
2006-08-10,77.27670288085938,79.21576576280599,76.41936905312659,77.52014925237835,1392080
2006-08-11,76.33470153808594,78.32456764014579,75.36516678579812,78.32456764014579,729820
2006-08-14,75.98965454101562,77.9011972476795,75.57262885168909,76.37704080440331,445900
2006-08-16,74.77664184570312,77.8588175698925,74.32998341716907,76.2076543105778,371460
2006-08-17,76.99938201904297,78.1086314018435,73.3350636857631,76.1441672507258,1136460
2006-08-18,76.49980926513672,78.2822185792645,75.78430280280703,77.47780677605411,675360
2006-08-21,76.50614929199219,77.43545611222898,75.4455905050207,77.43545611222898,229180
2006-08-22,76.82369995117188,78.95751234577473,76.41937505860113,76.4976985922028,780940
2006-08-23,75.93180084228516,77.3537112250773,75.58909114305283,77.04932145525285,278180
2006-08-24,76.31708526611328,76.62999132385923,75.18253853058827,75.77854697581635,360300
2006-08-25,76.163818359375,77.26643713457143,75.86794485224122,76.587409806741,302460
2006-08-28,77.14510345458984,77.69428209719969,76.03396853023632,77.69428209719969,456940
2006-08-29,77.17703247070312,78.28603672251121,76.88541387151399,77.4388474048054,296040
2006-08-30,76.7577133178711,77.31115347244801,76.41713426151567,76.84711134136121,208040
2006-08-31,76.2766342163086,77.48142863895126,75.44434666212243,77.48142863895126,1000360
2006-09-01,81.25970458984375,81.94298673097164,76.41711577669655,76.41711577669655,3338560
2006-09-04,90.3211898803711,92.33910819956535,81.36399448977772,81.36399448977772,11091260
2006-09-05,91.76012420654297,94.28891412390664,90.16792795931599,91.53023716678386,14688920
2006-09-06,90.2083969116211,92.46684980225544,79.61004215456877,79.61004215456877,4150920
2006-09-07,89.17388153076172,90.21051384458023,87.49227397459197,90.16794553055308,6037160
2006-09-08,88.5821304321289,89.78479414381842,87.78816282132007,89.40164682724617,3579100
2006-09-11,84.63142395019531,90.45317495728037,83.95239668213655,88.33733560409476,3638580
2006-09-12,86.73662567138672,87.8690415553981,83.91195529320555,85.14442262965083,3619060
2006-09-13,89.16324615478516,90.53194127759137,87.23046399895537,87.27303881141145,3558140
2006-09-14,88.58850860595703,90.04022249938515,87.79241037227227,88.97591726889597,2104720
2006-09-15,88.33309173583984,89.60174193105028,87.44332750040269,88.5502076949919,971360
2006-09-18,90.82782745361328,91.5302664348275,88.12448907911298,88.5502112485773,3163300
2006-09-19,90.18923950195312,93.61629759084033,88.72049289699638,90.93425325971198,4736600
2006-09-20,90.6788101196289,93.61629010256742,88.97592166667812,89.6868768162646,1895440
2006-09-21,90.67029571533203,91.95384765318956,90.08280360431536,91.53025622056451,1021500
2006-09-22,91.00447082519531,92.01556722953228,89.70815440771835,90.89166123337193,1393380
2006-09-25,89.96997833251953,91.53024689223166,89.40163649938906,91.10452481366315,389680
2006-09-26,91.00447082519531,91.35995810510676,90.16793501923894,90.25307813337166,817600
2006-09-27,91.06835174560547,91.95598529523902,90.67881883280513,91.53026314109438,707460
2006-09-28,90.13175964355469,91.95598053874629,89.61450881206525,91.5281277172405,936180
2006-09-29,93.93983459472656,94.72316165340379,90.67880194235958,90.67880194235958,2530880
2006-10-03,94.23995971679688,95.78746356336254,93.44599223181366,93.44599223181366,1298180
2006-10-04,92.86276245117188,94.89345216260924,92.29655128658125,94.89345216260924,1138180
2006-10-05,93.34595489501953,95.31918109999256,92.85425935279271,93.65886741244628,870440
2006-10-06,95.66404724121094,96.83903828299235,93.3183135454727,93.78661060705544,1651180
2006-10-09,98.58234405517578,114.09353602300709,94.29745607871668,95.36176145206562,2405620
2006-10-10,98.04593658447266,100.17242313985197,97.66065855861204,99.32097884031393,1151000
2006-10-11,96.11102294921875,99.40610775992118,95.57460895975292,99.1932467154674,1042060
2006-10-12,98.02464294433594,98.97825627853973,95.14888811736944,96.8475216129254,952540
2006-10-13,98.0161361694336,99.61471826570465,97.19235843483395,98.98038998701146,892000
2006-10-16,97.41584777832031,99.1889837722838,97.14977149437647,98.55465557280058,633140
2006-10-17,98.5738296508789,99.39760093172737,96.8517844173524,97.87351492928765,610040
2006-10-18,101.88594818115234,102.68417718052835,97.95866540182494,98.38438753482548,2601420
2006-10-19,102.28825378417969,103.45047333236592,101.32186276997156,101.96044593868987,1314320
2006-10-20,103.2652816772461,104.51904294803987,102.38617094675833,102.38617094675833,1023400
2006-10-23,105.35346221923828,106.55825669742836,102.26697659543825,104.19549743793915,794420
2006-10-26,108.70177459716797,109.623460249372,105.60038698796495,106.43054393142913,1874420
2006-10-27,111.66477966308594,113.1994994599745,109.41057551336068,109.70858616876016,1706860
2006-10-30,110.97937774658203,113.6678141659348,110.04917588724399,111.75206448898085,1651520
2006-10-31,114.50223541259766,115.96670761239149,110.68775570780556,111.32633891381214,3251820
2006-11-01,119.55130004882812,120.42828665877063,115.24299386980748,115.24299386980748,3127220
2006-11-02,121.65011596679688,123.24657418158424,119.25116726526646,120.56452957754556,3040900
2006-11-03,120.47511291503906,123.0337073180937,118.0761773179881,118.0761773179881,1880080
2006-11-06,120.71141052246094,122.13970023125292,119.45978617770032,121.28825580581092,1979640
2006-11-07,119.95572662353516,121.76504577755367,119.2916140948417,120.90722239331667,1167660
2006-11-08,118.05276489257812,120.7773974591838,117.07360899596172,119.92595303012226,1388860
2006-11-09,117.57382202148438,119.8407979069366,109.78950311794074,119.20008392466276,942200
2006-11-10,117.04165649414062,118.3081824844877,116.56271907701846,117.92503514919174,505960
2006-11-13,122.22269439697266,124.94944409685051,116.22214050575874,117.71216794814026,2844800
2006-11-14,127.407958984375,128.9086265541446,123.74887758655943,124.52369480565368,5645200
2006-11-15,128.2998809814453,130.01554070907713,126.95461043389038,128.35522693911227,2691900
2006-11-16,125.80088806152344,128.99380400217123,124.46199665420141,124.46199665420141,1723900
2006-11-17,123.88090515136719,126.8652220833211,122.86556648704645,126.8652220833211,1626800
2006-11-20,124.88983154296875,126.38410715414622,120.10470670551621,123.16138800920848,2068540
2006-11-21,128.94271850585938,129.80267251594861,124.08948890910327,124.08948890910327,1963720
2006-11-22,128.3126220703125,130.01551025436976,127.75918860729621,129.41950198835087,871300
2006-11-23,130.96487426757812,132.48470508033887,127.29089095494037,129.80264841217183,2384180
2006-11-24,131.75885009765625,133.19566208523366,131.03724807025802,131.1223976811393,1494940
2006-11-27,134.78147888183594,135.37961786877716,131.2075467916363,131.2075467916363,1516580
2006-11-28,132.42724609375,135.37962781828824,131.97385101782814,134.12800380475855,1536440
2006-11-29,128.37014770507812,134.74107899653657,126.90992364793757,133.42133755172284,1954140
2006-11-30,127.92948150634766,130.05383046942697,125.16228806278274,128.78092564282917,3414300
2006-12-01,131.48428344726562,132.48473305876374,127.71663996975613,129.76010101246885,1857540
2006-12-04,130.18795776367188,132.3995874306355,129.64090324691904,131.9738652845563,916060
2006-12-05,127.3739242553711,131.54812624349478,126.78003362297946,131.54386486513843,1399740
2006-12-06,121.82888793945312,128.27005181050424,121.11792638094514,127.71661832788591,2555100
2006-12-07,121.84165954589844,123.37424857806819,119.84076065433439,121.82888840369723,1974880
2006-12-08,122.01622772216797,125.11973272835762,120.71563672737301,122.3951136660201,2263700
2006-12-11,115.3515396118164,123.84257102453402,113.24635345079852,121.7480253188805,2220280
2006-12-12,105.90263366699219,117.07357740443078,99.83183236850552,114.94496690616839,5011700
2006-12-13,115.11949920654297,117.06505206113218,104.30190053488428,106.47308555258302,2868260
2006-12-14,120.5474853515625,121.75653469650067,116.17957194242,116.17957194242,2835900
2006-12-15,119.03617858886719,122.69313034353327,118.13576739592023,122.1822585604143,1453260
2006-12-18,123.45513916015625,124.63864599736044,113.71036771488988,119.62790190091084,2456400
2006-12-19,119.17665100097656,125.74340948802677,117.3290185640419,123.67227553707731,2618500
2006-12-20,117.95270538330078,122.39511486071058,116.64786598899025,122.39511486071058,1888120
2006-12-21,117.81434631347656,119.20220471148902,110.28545095882772,117.92503823243734,1475460
2006-12-22,119.19153594970703,120.13024737239613,117.24385233489501,118.35073228560769,1578720
2006-12-26,119.95572662353516,120.90509170382579,118.13789770356217,118.9893420113356,1679800
2006-12-27,127.7613296508789,128.56806831633745,119.6342837008305,121.07535710082502,7169640
2006-12-28,131.2735595703125,133.08074803664977,127.50378521674749,128.94272817704692,7858400
2006-12-29,130.0942840576172,132.44213444459547,129.55573941970098,131.71840175136572,2277160
2007-01-02,130.70944213867188,133.463864356556,128.8022026535198,128.8022026535198,2162660
2007-01-03,132.87640380859375,133.4639024915845,128.99381963301468,131.9313000559586,2761700
2007-01-04,132.53150939941406,135.1582197492427,131.84610324340596,133.25098058956146,2233580
2007-01-05,131.59710693359375,134.0939763428622,130.69670868430302,132.53157023265996,1454120
2007-01-08,129.93678283691406,131.6332923394057,128.82352358595486,131.6332923394057,1108760
2007-01-09,126.55655670166016,131.33316001453437,125.61358364511092,130.611557811384,1343380
2007-01-10,125.00051879882812,127.20575612126716,124.36619703805114,125.80087841194678,1633100
2007-01-11,125.55396270751953,126.6523199675619,121.33079391850467,124.82172020348898,1486980
2007-01-12,127.42076873779297,129.41953740895096,126.0137601087154,127.24835178164892,1113800
2007-01-15,127.29728698730469,128.9937963118038,126.22660266155059,127.92522968326364,666220
2007-01-16,126.9673843383789,128.99382616092456,126.46290457245692,128.1487608409556,777060
2007-01-17,134.7857666015625,135.80536647840722,127.29092343900867,127.29092343900867,3612040
2007-01-18,133.9747772216797,137.9339883573553,131.5481555630333,136.23109961220277,2512220
2007-01-19,133.30850219726562,135.4881974055416,132.10157061477022,133.89173943166662,917300
2007-01-22,133.2382354736328,134.91132007440305,132.0611077253514,134.91132007440305,601920
2007-01-23,131.78225708007812,134.1024474793002,131.1649678948215,133.2510033683205,602320
2007-01-24,132.435791015625,134.3153450477033,131.33528984854664,132.5698815469382,960760
2007-01-25,133.03604125976562,134.50265718541618,132.1994987935899,133.2936078377826,2056960
2007-01-29,131.15432739257812,134.5281694842656,129.8473575646337,134.5281694842656,782920
2007-01-31,137.60617065429688,138.21068881170712,130.05811250820344,131.97386211961722,4698040
2007-02-01,142.1741485595703,142.57431534345892,137.51886587926188,138.35966954644536,3887620
2007-02-02,142.96388244628906,143.638648404971,140.5010782907616,142.70206748586858,2307680
2007-02-05,146.90394592285156,147.6787633565934,140.4883099822468,141.76547643663088,2480540
2007-02-06,146.9209747314453,150.70563780638835,146.02695563758195,147.1295744229436,3279700
2007-02-07,147.80645751953125,149.76903017208446,139.7219989661858,139.7219989661858,1821780
2007-02-08,146.88900756835938,149.002715965805,146.13122284684206,148.15127187457185,1120260
2007-02-09,144.26443481445312,147.89584352751336,143.28314856776717,147.64040768882552,1139620
2007-02-12,140.19456481933594,144.31981362879407,138.7854254955365,144.31981362879407,1378140
2007-02-13,140.1626434326172,144.53267469061367,136.8696757379449,140.4883141322607,2160300
2007-02-14,142.33380126953125,143.45983149637019,138.35967629015224,141.76545293729444,1206320
2007-02-15,146.923095703125,147.55529985199212,140.48830956054474,140.48830956054474,921900
2007-02-19,146.47390747070312,149.641280129301,145.2137740126386,148.10867836030135,811760
2007-02-20,144.470947265625,147.72558847876144,144.10695014426727,147.29986632176212,555120
2007-02-21,141.7250213623047,145.76725079938956,140.5734487480609,144.73274916935048,459100
2007-02-22,137.43377685546875,142.82980063960946,136.01824531849545,141.98261760398933,6198620
2007-02-23,137.2953643798828,140.68836971850158,135.17101545746243,137.5103560989506,2463880
2007-02-26,136.1012420654297,139.36865427872303,130.69669640387156,137.5103813032573,1939260
2007-02-27,132.54005432128906,138.3596810852664,131.54812755491483,137.41883889164865,1295560
2007-02-28,123.82129669189453,135.16679001094687,122.65907048176354,131.97387371147568,2024500
2007-03-01,127.48251342773438,128.1423776173319,121.75654484570406,125.16232232390557,1798260
2007-03-02,122.93363189697266,130.44124507088998,120.862498097786,127.07804317651265,1407020
2007-03-05,112.76741790771484,119.31289608281132,111.07090835331658,119.31289608281132,3747920
2007-03-06,117.46736907958984,118.64875833925392,112.01175214267661,114.94497075156694,1644160
2007-03-07,112.91429901123047,120.43680269179458,109.41060077617716,119.28736059557768,2167720
2007-03-08,123.08052062988281,125.54544218543212,111.34973852462966,114.94496470544273,4532640
2007-03-09,120.27075958251953,126.86519102570861,118.60618454391306,126.86519102570861,2254600
2007-03-12,120.61772155761719,123.16140076166695,119.24476515964405,122.18224510916315,1349060
2007-03-13,124.73020935058594,125.58803271651688,119.84078376169323,121.67138378753724,1327100
2007-03-14,121.18392944335938,122.7782567026493,118.56787169536106,122.65054526356377,1440840
2007-03-15,122.59944152832031,126.56291280330338,121.33078513296573,122.60795129226011,1676380
2007-03-16,121.69054412841797,123.88514121339415,120.74970184837416,122.60797480913236,806860
2007-03-19,123.77869415283203,124.47900229387436,121.41805951432858,122.39509739961895,1183880
2007-03-20,124.49818420410156,126.31176468585633,123.51689778520264,125.07716008086327,981600
2007-03-21,125.60078430175781,126.22659627684098,123.71483861206067,124.94943004132489,1176880
2007-03-22,127.76558685302734,128.95122448811966,126.18403077381663,126.18403077381663,1031500
2007-03-23,129.63864135742188,131.2788782867847,127.72288727590008,129.211495916376,2243580
2007-03-26,128.95948791503906,130.6552559195234,128.5878734490055,130.6552559195234,1179060
2007-03-28,126.06768798828125,129.75394150059873,125.19630780270735,129.75394150059873,879900
2007-03-29,127.5990219116211,129.72407304508047,125.19632885416694,125.83704700282138,3110580
2007-03-30,131.3386688232422,131.98364949614196,127.71647123394807,128.99790740017497,2643540
2007-04-02,128.7202606201172,130.87733953723543,123.92768901887145,128.57075713264194,2889080
2007-04-03,129.1367645263672,130.4929462329404,128.78436428553692,130.28364911572612,680060
2007-04-04,134.12152099609375,135.185121931641,129.8949218547348,130.19819144606626,2041700
2007-04-05,135.35809326171875,137.1136543548579,134.12363697017253,134.59349945199708,1530260
2007-04-09,143.27310180664062,144.58870377451893,135.74678964414562,135.74678964414562,3715700
2007-04-10,145.37680053710938,146.72444374205608,142.944204374801,144.0334329574707,2908060
2007-04-11,143.86471557617188,147.36089993022117,143.20690795420074,145.44302109215428,1482480
2007-04-12,143.4674835205078,145.44303130251703,142.45301303785442,143.73444943699553,907180
2007-04-13,146.66036987304688,147.35234330789694,143.9522697088416,144.8022848497448,1155720
2007-04-16,148.39891052246094,149.88536867179656,147.79235811483207,148.4330764303588,1094840
2007-04-17,145.65872192382812,149.7144654866471,145.10130029495915,148.64660196677087,1104380
2007-04-18,147.98666381835938,149.49662447361504,146.63902051173966,147.57874566939822,1431980
2007-04-19,146.45748901367188,148.21946390884182,145.23158371773377,148.21946390884182,762900
2007-04-20,148.2792510986328,149.07373523571343,146.087993248609,148.43301717596108,1028460
2007-04-23,146.56427001953125,149.50089473759107,146.1734413516652,149.50089473759107,506320
2007-04-24,147.45057678222656,148.56114423938027,145.65869894998957,147.36514249993414,550300
2007-04-25,146.158447265625,147.79014554565515,143.64896846583298,143.6724713657874,917240
2007-04-26,154.22726440429688,156.12165332727938,145.44301766877874,147.53602765075607,3107040
2007-04-27,152.29444885253906,157.83025046941725,151.68575873920452,155.3955160869694,2214440
2007-04-30,155.81410217285156,157.31764932362455,151.03861961650156,152.29442816501484,1732100
2007-05-03,159.14797973632812,159.96595379947652,157.14679152596187,157.14679152596187,1349360
2007-05-04,161.88809204101562,163.169528125773,159.11164719070797,160.17951059467245,1557680
2007-05-07,161.2943878173828,164.35487534705126,160.273504012945,163.2250804109663,1107400
2007-05-08,157.06993103027344,162.90901527684517,156.34805415104066,161.46098589238395,897680
2007-05-09,161.06370544433594,161.67452018601745,156.036196170109,157.06135547150473,1399480
2007-05-10,160.25,162.74240287842116,160.0086748334839,161.460966635284,706220
2007-05-11,164.58767700195312,165.4761337434075,156.57228690751867,156.57228690751867,1822620
2007-05-14,165.76658630371094,166.88571823663898,164.6645568726873,166.7148496429169,972020
2007-05-15,165.96946716308594,166.45855695751683,164.8781138643295,165.09168655068225,536560
2007-05-16,166.03355407714844,167.65457667511836,163.5112609036195,166.58671312941698,1026320
2007-05-17,168.13294982910156,168.72241249513496,165.60425666826225,166.543968612793,944620
2007-05-18,167.48802185058594,168.7224655160565,166.92844927613788,167.86817455141824,588740
2007-05-21,165.67050170898438,168.72245122896086,159.84636937939686,168.72245122896086,2962880
2007-05-22,170.11920166015625,171.71245876885587,165.73242289133353,166.15956831115656,4081760
2007-05-23,173.3120880126953,174.27530286296397,170.81116033022437,171.07171273680652,1743500
2007-05-24,201.93939208984375,204.517216192081,177.26534436841524,182.60466196987355,10913120
2007-05-25,202.19992065429688,213.14551973909508,198.85964104410823,202.89830744041438,11308160
2007-05-28,210.28797912597656,211.9495812125623,201.87322143501422,205.02981958731255,5493220
2007-05-29,214.1621551513672,215.23856992943905,209.34396847363413,211.3942612316245,4380480
2007-05-30,210.23883056640625,215.65715581715347,209.37171290157912,213.57269724184513,2440860
2007-05-31,212.5005645751953,215.06771264524207,208.0198134225082,210.1555404597003,3458540
2007-06-01,212.55821228027344,215.62297506029097,211.4369556970316,214.42697325234315,1075880
2007-06-04,209.17098999023438,214.64058423716432,207.16766379240758,214.63630861140945,754820
2007-06-05,206.03147888183594,209.38669793889179,205.07252642825418,209.30126363751512,1345060
2007-06-06,204.11569213867188,208.01979402008504,203.27847783266202,206.3112125496942,888620
2007-06-07,208.13937377929688,209.72836804722687,201.1897366233257,202.97947669287768,1410780
2007-06-08,206.47996520996094,209.47210787753087,205.88408901628597,208.36152719691034,709700
2007-06-11,216.0202178955078,218.2285651762973,206.47994281841153,208.44693888880843,4836720
2007-06-12,222.6516571044922,224.20861028711633,216.13982816549756,216.13982816549756,5575200
2007-06-13,225.74850463867188,227.02780315592076,221.28696735407192,222.6282103032952,3234340
2007-06-14,227.4186248779297,228.4373709004937,223.87759864641382,225.95993261903726,3077900
2007-06-15,228.8623809814453,231.5127993319106,226.60062739036638,227.79662925760874,1902200
2007-06-18,244.25242614746094,248.1714800196525,229.16350951900787,230.42786930187324,6439400
2007-06-19,250.56346130371094,255.0057835391111,246.03573085180568,246.89002158393,5288780
2007-06-20,268.492919921875,272.5187600262677,249.45932230206077,251.97307710467928,11099900
2007-06-21,259.3968505859375,278.0716614361776,253.10928267547695,269.1485875794693,14076560
2007-06-22,259.21954345703125,264.8301014716466,254.15146834778992,260.55864822210395,6083840
2007-06-25,256.70587158203125,264.7874824995256,254.41210253522596,262.69445930596754,3339660
2007-06-26,257.1180725097656,261.41301690574795,255.43298057130272,260.1315805483668,2896880
2007-06-27,256.52008056640625,261.41301287790935,255.689253474776,257.09885430288773,1976420
2007-06-28,250.4054718017578,259.7044367020129,248.6413589865154,258.8501457918089,3787400
2007-06-29,249.90142822265625,255.43296674681932,245.69405617198774,253.99776436124162,2872500
2007-07-02,266.3379821777344,268.0337631284129,248.78659067871249,250.73437283884996,6412500
2007-07-03,264.5802917480469,271.87380558222213,262.77988826087596,266.96590849185026,5119960
2007-07-04,264.45635986328125,272.51872819345596,263.1215306695437,272.51872819345596,2198080
2007-07-05,260.72314453125,266.2247792714514,258.93554210675546,266.06887537455526,1843520
2007-07-06,260.83203125,265.47082328891366,260.1315066499572,260.7231071048947,1517580
2007-07-09,285.5274963378906,288.12241019107455,261.41515626095804,262.651750695811,12034700
2007-07-10,285.79656982421875,294.2604563899591,283.66723033678204,290.9970594998409,8421820
2007-07-11,285.0661926269531,290.4589038941047,281.91599495604277,281.91599495604277,3329300
2007-07-12,294.61285400390625,298.9035483677128,286.82813942696464,287.6397261247329,5120660
2007-07-13,286.4052734375,299.8560782461753,284.69241616962364,297.29320578253277,3205620
2007-07-16,286.42877197265625,292.16746969495483,284.2652793596381,288.9382513358987,1910520
2007-07-17,285.40997314453125,293.0217063116279,283.58180462702626,289.9633571163568,2537400
2007-07-18,295.1467590332031,297.4640435019499,284.1371028600071,287.8959768690463,3874940
2007-07-19,297.16717529296875,299.7279359818357,293.45316893789305,296.86605655340253,3672700
2007-07-20,299.70654296875,304.97750194783197,295.1617102224203,297.5344994950572,5536780
2007-07-23,300.6248779296875,302.9378605052726,298.1474402307715,299.0444349950901,1939960
2007-07-24,297.77374267578125,303.05966710197856,296.01176786704883,303.0447024129958,1840660
2007-07-25,297.48114013671875,300.6249239890206,291.9538776788657,294.7303227482331,1262260
2007-07-26,300.3259582519531,306.48113884323607,298.1475268651055,298.1475268651055,5322660
2007-07-27,290.114990234375,298.06202115892,288.323112355747,295.49914904909116,2385800
2007-07-30,291.5609130859375,297.0369467777092,286.2728765707163,290.5614073648736,2239280
2007-07-31,286.2215576171875,295.1147536330825,280.63451481474397,295.1147536330825,2617560
2007-08-01,273.09112548828125,291.7402804042827,269.5287217205013,285.24766572869294,4392420
2007-08-02,272.1492919921875,278.45610015880305,270.43215912010294,277.4309407576718,3835200
2007-08-03,278.1463623046875,282.74886378385753,275.50874503730535,279.7801984487364,1663952
2007-08-06,270.3616943359375,277.07854552609865,268.03374662122513,275.16708023153717,840188
2007-08-07,264.7020263671875,274.39823277577096,263.98656299102896,272.5187824683239,759940
2007-08-08,269.51806640625,273.90699595101285,265.2786533984955,271.0237644146864,1009704
2007-08-09,272.3265686035156,283.6245706453586,270.27627571664254,279.7802617058884,2456100
2007-08-10,268.85601806640625,275.06031611942007,258.850141173347,264.851529496274,1041224
2007-08-13,270.0840148925781,275.01753875041294,265.9513886113686,269.1015857460947,742924
2007-08-14,265.55633544921875,272.73237390232197,264.29625113870276,266.9659102411139,635396
2007-08-16,252.18666076660156,260.5587003833512,249.95481035439238,256.2872462787061,646900
2007-08-17,242.20213317871094,253.72437002550447,232.01469964879138,249.8800613887544,1366468
2007-08-20,239.8101043701172,256.28724362216985,234.92997332032235,245.39503576822761,632384
2007-08-21,219.68089294433594,241.76431724230744,215.19586585768536,234.9299902531256,1527276
2007-08-22,220.21481323242188,227.45493322241128,211.4369801785795,217.92959569319007,1647116
2007-08-23,216.25302124023438,233.3281601434005,214.42697737663534,225.3191843947712,1507360
2007-08-24,226.46176147460938,228.52274282736886,216.16756984288776,218.27125529866444,1595008
2007-08-27,238.8704071044922,240.48289162858143,224.25136430729174,228.52281886552586,1260380
2007-08-28,241.44393920898438,245.39503418940564,235.57068991376363,244.47666114398018,1104472
2007-08-29,246.26002502441406,247.9579176497329,227.52968261368034,236.42499124741974,1143840
2007-08-30,243.0670623779297,251.78083816763808,238.13353867428057,250.3071814585263,1542192
2007-08-31,250.80914306640625,254.57870715753967,245.51255473452238,245.51255473452238,3229760
2007-09-03,253.17974853515625,257.1415325758716,250.52077883014735,255.86009636702175,645916
2007-09-04,252.16529846191406,256.06300057697075,250.093653519527,255.21939876672482,580188
2007-09-05,249.12188720703125,254.55732853846706,246.94345590545313,254.55732853846706,444684
2007-09-06,246.86866760253906,251.7594872199458,243.4728567546786,248.8121737887724,719716
2007-09-07,258.6472473144531,261.8401489801049,246.89005890783136,246.89005890783136,3363592
2007-09-10,261.2314453125,265.25728537147285,256.28723224296897,256.28723224296897,1686964
2007-09-11,256.6610107421875,263.8477378298618,254.57867676695443,263.8477378298618,947788
2007-09-12,257.0133972167969,261.605210352958,255.87078846453412,257.3551083290315,649420
2007-09-13,258.4656677246094,262.9079902547499,257.38714124627455,258.42296361352345,526672
2007-09-14,252.21868896484375,261.2101211805904,251.02268696736814,260.5373619098578,408236
2007-09-17,248.8335723876953,254.98447718986762,244.327193182167,244.327193182167,444308
2007-09-18,252.37889099121094,257.5687188897334,246.6765093844462,248.5986640030263,760256
2007-09-19,260.00335693359375,263.33508515692614,253.0835976568998,257.78219609441186,783072
2007-09-20,265.3320007324219,270.5965722496399,262.2031559101497,262.6943834783402,2349408
2007-09-21,261.1781005859375,268.0337801059433,259.70444351300966,266.11162550757405,826988
2007-09-24,257.7929382324219,265.6203568388826,256.2872402674958,263.12156667462904,356392
2007-09-25,261.50909423828125,268.12984824593013,254.79224293952143,258.4229790082321,669468
2007-09-26,259.0744323730469,264.57393063369216,258.22014138110194,260.30247567396765,447768
2007-09-27,255.84938049316406,263.52733394914935,253.8097770503397,263.52733394914935,1240244
2007-09-28,260.5800476074219,266.5387311870795,258.4336576021731,260.5159914395722,703992
2007-10-01,285.4613037109375,290.4589107722258,244.4126357198656,244.4126357198656,3423696
2007-10-03,286.7427062988281,300.9239390152128,260.56938714624704,289.391013034502,1922096
2007-10-04,287.3299865722656,296.22529349819393,268.10844625875626,268.10844625875626,1209768
2007-10-05,293.352783203125,305.387599251995,287.4688450765109,290.49090389977613,1996968
2007-10-08,282.5672912597656,300.048206597384,266.9657995081574,296.865969053071,1481260
2007-10-09,297.23980712890625,299.0017819151922,273.4478029823344,281.91596580575265,1128928
2007-10-10,295.0293273925781,303.25187618646004,291.9859164753621,299.0017743229777,633252
2007-10-11,305.9429016113281,315.01974162422965,290.0317350004772,296.88741365486777,1002644
2007-10-12,298.8095703125,315.01974405106796,290.51227582743405,307.1175538613124,966924
2007-10-15,309.936767578125,312.1365773542403,298.7669282801017,301.13758061544905,600720
2007-10-16,326.4671630859375,329.3290419460784,306.69033997053737,312.95869233166417,1540148
2007-10-17,309.6163024902344,317.155428491483,267.25416680118843,309.6803847223235,1346776
2007-10-18,291.02484130859375,327.62051779168166,277.6445066031201,312.8840016719776,844272
2007-10-19,279.7589111328125,294.62356723013716,271.2587064487416,294.62356723013716,941568
2007-10-22,290.52294921875,296.4389024781807,269.5287427431297,277.43093250659706,420956
2007-10-23,310.3424987792969,312.8840192350423,297.72035686938494,301.13752021939223,688696
2007-10-24,312.6491394042969,324.6305649081087,307.1176002222765,312.77727783416134,856624
2007-10-25,312.392822265625,320.3590955363174,305.88954305459373,313.95191362559103,1709304
2007-10-26,351.4124755859375,354.53063134625216,313.95182414397027,318.22327753368415,2662240
2007-10-29,368.15655517578125,380.095245800328,361.9415700238276,361.9415700238276,1626784
2007-10-30,358.3322448730469,374.58512024132415,352.6084867494273,360.72424840689445,1540792
2007-10-31,367.6867370605469,373.6881244218344,359.8699818383537,360.93784528594523,881456
2007-11-01,355.2568054199219,380.1380229406441,350.25919943334253,375.674348660518,1310456
2007-11-02,370.0147399902344,375.6744171098541,344.06565432858156,347.05567242951275,957052
2007-11-05,357.5313415527344,372.684312184251,355.683932728017,372.684312184251,798528
2007-11-06,347.1838073730469,368.19936817198277,342.0046689286324,365.2093501009806,772812
2007-11-07,341.844482421875,356.02571591234516,336.3770261319398,352.4163318145931,603348
2007-11-08,334.04901123046875,341.7162753733345,331.2512144400261,337.4448219311678,533732
2007-11-12,321.9394836425781,325.2178192761362,307.5446788754793,322.4947674319262,724264
2007-11-13,334.7431945800781,343.2113580689502,318.2447021028993,318.2447021028993,923060
2007-11-14,341.0328674316406,345.4965156076043,338.5126993676165,341.71628958245196,641632
2007-11-15,340.72320556640625,353.4414704229326,338.54477443023774,338.54477443023774,761468
2007-11-16,336.14208984375,345.98778645397266,333.18411305645367,339.5806052233435,324856
2007-11-19,336.3982849121094,345.56055705944385,335.30906958178423,341.07553128796775,243988
2007-11-20,366.1596984863281,372.25720938977014,331.0376790327847,331.0376790327847,1671040
2007-11-21,337.3274230957031,378.66443359280504,331.41146916392285,369.9079520489218,1029664
2007-11-22,328.869873046875,345.4965003115911,312.95870901762,331.2512135486515,880656
2007-11-23,340.4562072753906,341.716291313787,327.89814921213934,332.10552062058673,497452
2007-11-26,347.3332824707031,355.3849626012843,343.85203713225224,343.87338918746224,505368
2007-11-27,347.96331787109375,353.4628148391347,339.79416218070287,341.71631646079487,410156
2007-11-28,345.282958984375,357.73425729345036,342.7841689289479,352.1813673294923,435288
2007-11-29,336.9002990722656,354.1035932372062,331.7104972747129,348.2303430478074,926752
2007-11-30,346.9167785644531,348.9777601466933,339.5805621990467,339.5805621990467,360884
2007-12-03,354.5094299316406,362.8601196427302,348.78566952893055,350.04575402850776,479892
2007-12-04,353.3880920410156,360.9378821728803,350.2592466056353,360.9378821728803,247364
2007-12-05,383.06402587890625,386.5345825834461,351.3271248595691,354.53071566375974,1387284
2007-12-06,378.64300537109375,391.9058634372738,374.0084626241555,386.5665464967115,877088
2007-12-07,383.0105895996094,386.5558911431253,366.30921518148193,384.4308532438262,499040
2007-12-10,372.7698059082031,385.49873395938835,369.48078102478775,385.49873395938835,352080
2007-12-11,377.29754638671875,388.2751889564301,373.78428571588057,375.887971706995,645960
2007-12-12,379.7643127441406,384.4308711604385,363.28717324661443,363.28717324661443,233744
2007-12-13,397.149169921875,401.94386715431335,378.02372203142113,380.15944927453654,1027020
2007-12-14,394.4474792480469,402.5845950261752,391.660344700279,398.0995677075812,491292
2007-12-17,370.7301025390625,399.380880547603,366.2771177214648,389.1293927046699,547640
2007-12-18,368.41290283203125,378.02367421025815,352.09594354459773,364.01331048195345,683940
2007-12-19,365.6578063964844,378.87796144928075,357.7342646153017,367.345035903474,338492
2007-12-20,370.7408447265625,376.7422322137495,359.8699893878503,366.27717020781205,443248
2007-12-24,379.37982177734375,382.28440498723023,365.20927979030034,365.20927979030034,238212
2007-12-26,387.5169982910156,392.9737915311208,380.37300147659033,381.2272923277449,454704
2007-12-27,380.0099182128906,392.5466253627704,376.7102043321353,386.5879417766555,662852
2007-12-28,399.48773193359375,405.98034717224635,380.15940274888897,380.15940274888897,977696
2007-12-31,400.6838073730469,406.6424919599576,398.31315520237445,401.73031900035727,343848
2008-01-01,402.3175354003906,412.18458277455767,384.8579688342423,384.8579688342423,451144
2008-01-02,404.39984130859375,410.25173754566714,397.24515702877443,402.58447365550524,290540
2008-01-03,403.3213806152344,410.8925489557444,395.5580176891729,401.9438470407136,419244
2008-01-04,402.25347900390625,411.12743484409003,400.5128824091968,404.720254041325,354612
2008-01-07,401.80499267578125,405.5104737950299,395.55799122029384,399.38094775253006,430404
2008-01-08,394.1163635253906,404.7202529392694,391.2758623530974,397.24520868973144,195856
2008-01-09,391.60687255859375,399.3809235575268,372.4387239546964,372.4387239546964,194464
2008-01-10,370.7408447265625,398.2703701971751,367.34503367780565,398.2703701971751,376596
2008-01-11,377.3937072753906,384.1959935892271,363.07364513735246,384.1959935892271,395308
2008-01-14,377.3722839355469,381.16319948208707,369.4807828458926,370.5486463801293,238424
2008-01-15,388.9479675292969,397.2239104992394,373.77361521669826,373.77361521669826,421984
2008-01-16,391.0195617675781,397.24521101459146,371.61648772332745,373.9871394135923,425352
2008-01-17,381.89996337890625,396.604436043902,376.3150330152695,394.8958547362277,558196
2008-01-18,341.7162780761719,382.2950860977173,331.0376443862915,382.2950860977173,467076
2008-01-21,311.9869689941406,350.25918130332116,282.98378977250036,350.25918130332116,1096356
2008-01-22,301.3296813964844,320.3483117699977,249.88002064873504,288.96381875020387,1178268
2008-01-23,315.3614196777344,325.4847701038011,278.5842139565641,278.5842139565641,559812
2008-01-24,292.2742004394531,331.0162881963529,282.9944783072697,301.1588183442252,732488
2008-01-25,313.6528625488281,318.2233235509179,286.6145638961958,286.6145638961958,285136
2008-01-28,329.4785461425781,334.1130887038794,287.1271015089582,287.1271015089582,319172
2008-01-29,321.1278991699219,345.9877660961961,318.22331573045193,331.03767743771846,272792
2008-01-30,307.544677734375,326.76622009277344,299.94149508234113,299.94149508234113,281072
2008-01-31,301.1161804199219,327.6205495181301,287.1271673863902,287.1271673863902,2125796
2008-02-01,314.02667236328125,319.29124560703366,300.3046238480626,305.4090175371626,560616
2008-02-04,323.2742919921875,329.9270861821084,318.22329290076044,318.22329290076044,223704
2008-02-05,325.3459777832031,328.4748231529007,318.2233332235514,323.34907818822603,210784
2008-02-06,315.24395751953125,321.42687603551565,299.94147013396275,299.94147013396275,162104
2008-02-07,304.90704345703125,320.35902172400915,302.46162061534096,309.8939603476915,172560
2008-02-08,291.3558654785156,309.25326807883584,286.18741659229283,299.64249662610956,247556
2008-02-11,277.1746826171875,292.59462235991685,266.96589631379277,291.5267587746617,695600
2008-02-12,286.0271911621094,288.0881725903715,267.1794035047966,287.19115175621954,756916
2008-02-13,277.3134460449219,294.30316378772693,272.30517694437725,286.02722213549583,317364
2008-02-14,295.7554931640625,304.34110550143237,284.4788438792336,288.32315258030434,322424
2008-02-15,308.1320495605469,310.70561132988655,288.75032473114493,293.43823562516246,285936
2008-02-18,302.47235107421875,312.9374138827884,300.28323079283433,305.40897584192965,189144
2008-02-19,298.2543029785156,309.25329804002195,294.75170516222715,309.25329804002195,156408
2008-02-20,287.5435485839844,297.677587049496,280.63447817490487,288.3230940153132,189496
2008-02-21,302.5791015625,305.1846778919105,289.6045609449444,289.71134728747575,239444
2008-02-22,301.2656555175781,309.4668526870224,289.45510045369747,294.7303358924023,312860
2008-02-25,304.426513671875,305.4089428192144,289.39099127275216,303.486788633639,149452
2008-02-26,302.95294189453125,308.5485374426544,299.4289915658321,307.54475595919985,164652
2008-02-27,294.89044189453125,312.6703653330391,292.59453586493413,308.61248490863494,345968
2008-02-28,299.8560791015625,303.27324239616723,293.48093904424303,301.99180616069043,511452
2008-02-29,293.7585144042969,305.40891381779716,288.54736218606956,295.58457113554635,365924
2008-03-03,291.8684387207031,301.3510715586975,282.3431017722169,293.53431616405226,367892
2008-03-04,282.26837158203125,297.93392432425844,275.72236294094455,290.6938043899432,346152
2008-03-05,276.2989807128906,282.98381638876805,273.37304526613065,282.98381638876805,269908
2008-03-07,275.09234619140625,282.0227703700236,254.68546282942305,271.450920969557,661360
2008-03-10,283.8807678222656,285.7602176492078,259.49078060073805,273.1594307722995,365396
2008-03-11,285.30108642578125,290.45887235119477,269.84910677627545,269.84910677627545,201564
2008-03-12,282.5246276855469,309.6804004268055,277.64449693437734,290.4588583313486,187352
2008-03-13,262.1605224609375,277.64454517247964,234.9299997613289,234.9299997613289,167740
2008-03-14,263.4313049316406,270.1695357982871,256.2873066861222,266.96594446471056,224968
2008-03-17,240.6964111328125,255.86007146149902,235.99781215772654,255.21935341944183,358264
2008-03-18,250.8518829345703,259.4908902090582,236.74539242530125,248.8122527518953,321176
2008-03-19,253.31858825683594,264.8301626372622,250.94793636998637,258.4229812831349,375384
2008-03-24,250.60623168945312,259.4908515147944,243.0564413472127,259.4908515147944,199676
2008-03-25,266.89111328125,269.3151580623208,256.287224167157,256.287224167157,256784
2008-03-26,268.9200744628906,274.22735092351815,264.8301519822138,269.31517874965454,166496
2008-03-27,279.4919128417969,281.9159577186093,261.6799448444894,270.10537724340725,383576
2008-03-28,290.55499267578125,292.5732704957806,276.6941441867177,281.48884125932744,292104
2008-03-31,270.9917297363281,289.13474721835746,270.1694800113407,287.25529692905394,304232
2008-04-01,264.49908447265625,277.2173484448392,260.54798975291084,276.363057694624,257296
2008-04-02,268.4501953125,277.64451049215234,267.17944817360194,269.8811480475682,235124
2008-04-03,268.5890197753906,273.3730534244965,262.6944185251021,266.96587248485986,118968
2008-04-04,270.2442932128906,272.3052756111065,265.0438015948103,268.67453860295836,270916
2008-04-07,274.20599365234375,279.75888383023323,266.9658739369952,269.3151736276408,229788
2008-04-08,272.18768310546875,278.7016496422348,268.0657461526023,273.6399877125108,157696
2008-04-09,281.3393249511719,284.47883317725115,269.10159895145375,269.46466210898626,314932
2008-04-10,301.71417236328125,306.1991995018276,279.78026435693647,279.78026435693647,1154460
2008-04-11,306.0924072265625,310.74830288020195,299.26876935455874,304.5546940942735,540940
2008-04-15,308.9436340332031,311.1754585684994,299.23673809421234,300.08036599573387,438772
2008-04-16,296.67388916015625,315.01979281703507,294.76242355752123,309.68047429471244,327380
2008-04-17,294.7730407714844,308.3776378959974,292.6052986448016,299.00179081276264,647108
2008-04-21,299.62115478515625,307.54469697213597,295.91567354623186,307.54469697213597,250196
2008-04-22,299.4503173828125,304.12756535062715,298.3931428052094,299.0018198671896,205956
2008-04-23,306.41278076171875,313.8451220839301,298.5746721152326,298.5746721152326,712720
2008-04-24,296.0438537597656,310.7483314459689,293.3955466143641,310.7269793865081,436300
2008-04-25,300.091064453125,305.4090311182435,296.2254029097928,296.86612115689405,230188
2008-04-28,301.7889099121094,306.2632474857257,297.53880802780253,301.1161507024092,239036
2008-04-29,303.5188293457031,305.83608778548745,299.4289071754563,301.35106135846564,210480
2008-04-30,320.7435302734375,325.4848343613694,304.3411344914379,305.40899812123246,1687428
2008-05-02,324.8120422363281,331.03769178307095,322.49478360802397,326.3390922867951,863604
2008-05-05,320.5299072265625,330.8241005733108,318.69316121496047,325.6983559550025,449920
2008-05-06,304.1595764160156,324.16066567544965,299.00179031883823,320.5726337632687,745472
2008-05-07,310.67352294921875,314.89158363410314,303.29457598097827,307.54467778397554,657408
2008-05-08,308.43109130859375,312.8840779201042,303.56162219315263,303.56162219315263,242364
2008-05-09,293.32073974609375,308.3989665531438,288.55805829687046,305.83609425491824,553568
2008-05-12,297.2611389160156,299.0017615276571,278.8298316872344,292.594580923493,386464
2008-05-13,295.0293273925781,309.25326372833695,291.52672996490327,301.09479717159286,496812
2008-05-14,304.4158630371094,309.52025612177897,290.45889137527644,291.5267549465091,585416
2008-05-15,313.8237609863281,315.8740538907108,302.65389726623215,309.5095763859907,421672
2008-05-16,308.9222106933594,316.83508938024954,306.5515590203637,315.01972149367583,389124
2008-05-20,300.7958068847656,310.72693779763296,299.001790925038,309.6804263152179,318856
2008-05-21,309.52020263671875,311.81610891813654,295.91563351843837,299.21532095500635,316572
2008-05-22,312.12579345703125,316.9418679844754,298.8949759058445,307.54466974234805,492300
2008-05-23,303.71112060546875,319.2912413169601,301.13755870027677,311.09004301477444,379340
2008-05-26,300.7210693359375,305.408979963668,296.8660714332158,303.9139709708389,330180
2008-05-27,297.58148193359375,306.8825823718408,292.6586474101524,305.4089256980024,294676
2008-05-28,298.51055908203125,302.2053773035674,292.3383287697844,302.2053773035674,285480
2008-05-29,303.4334411621094,307.75828873102205,300.06967083073283,301.1375344279952,748964
2008-05-30,316.3973083496094,319.3125813091174,304.34113824874316,304.34113824874316,945344
2008-06-02,322.00360107421875,326.5527107431432,314.37906488810125,317.369083168287,843988
2008-06-03,331.0804138183594,333.7714508958857,313.9625814926585,320.35907390663914,836280
2008-06-04,307.7903137207031,336.0993605578155,303.71108020714604,332.53270675825587,859940
2008-06-05,325.57025146484375,328.9019805995971,306.55159079467415,307.75828184676584,747956
2008-06-06,318.7679443359375,333.1734125461991,316.0875965181889,331.03768554269783,770472
2008-06-09,310.3531799316406,312.6704385551156,288.53672301090245,294.516758720973,861300
2008-06-10,325.751708984375,328.4747604772783,300.0695958846398,305.4089125373914,876000
2008-06-11,319.07763671875,332.1055723545222,315.23332784262044,328.47483619373327,677364
2008-06-12,324.4809875488281,327.76998600868455,309.6803901959376,318.08447005362984,1235000
2008-06-13,324.06451416015625,330.82409497534655,322.28118742272306,324.84405968851013,374528
2008-06-16,322.1850891113281,329.9698031654205,320.41242537147065,326.76621284342616,266284
2008-06-17,340.9581604003906,342.773528530958,321.85409091353966,325.7411040118108,1062236
2008-06-18,332.2230224609375,349.1272807353262,329.542674659301,345.98777248740606,1106740
2008-06-19,323.8402099609375,336.3555616633412,322.0675465904764,328.81643691493383,569752
2008-06-20,310.1609191894531,329.96978491837154,306.58357686105006,324.63046801030725,572616
2008-06-23,298.4144592285156,309.4668466073495,297.10098189105656,300.06964767655353,433164
2008-06-24,289.8928527832031,304.76819417413384,288.3444509557592,300.7103135229015,526140
2008-06-25,304.9497375488281,316.3011303932556,281.9693230261281,288.30175802839386,397268
2008-06-26,298.76019287109375,318.0464546709103,295.81531829080757,310.3362375879791,1338660
2008-06-27,286.91644287109375,297.90348593208796,284.8496712307073,289.56147030369647,391264
2008-06-30,286.3167419433594,293.00963819135336,278.6386565964859,287.419736473854,531528
2008-07-01,280.2127685546875,292.13148120969925,275.2332546704313,289.56140952750246,405052
2008-07-02,288.1051025390625,290.2040054345429,266.6450086833992,282.4937883159868,507564
2008-07-03,282.11895751953125,286.99138589954214,272.32055759049837,286.99138589954214,348268
2008-07-04,288.0086669921875,290.63228191738125,274.78350604274146,289.1330733886991,288792
2008-07-07,291.5639953613281,300.8912267582684,289.60430995811686,292.3457309329414,150080
2008-07-08,287.35546875,297.91419212777924,279.7095146792809,297.91419212777924,178644
2008-07-09,293.21319580078125,299.306399705651,289.13319470671115,291.724679593404,271224
2008-07-10,294.1554870605469,299.8310636627037,291.2962867180974,293.20242899443997,205336
2008-07-11,285.7063903808594,297.2717165282105,283.0506435922714,283.0506435922714,140124
2008-07-14,285.5671691894531,292.98825859992166,279.54892144557584,285.27804126834474,249344
2008-07-15,273.0701599121094,287.2055564252068,270.9284331677007,281.6370668897442,200868
2008-07-16,278.3280944824219,281.4228790031556,267.9835444084463,271.9992818371443,474164
2008-07-17,283.9287414550781,288.0622850740147,280.5662404810106,286.9271592922797,212552
2008-07-18,282.0654602050781,287.00215164809606,274.4301978340266,287.00215164809606,224184
2008-07-21,290.49310302734375,293.1381303395027,278.85282334908527,282.7079315059851,271768
2008-07-22,293.973388671875,297.8606276900759,290.88929713081797,291.27481837749644,194932
2008-07-23,306.59893798828125,311.27860623683625,299.19926077349027,299.19926077349027,290188
2008-07-24,297.2502746582031,310.55039316420334,293.6735751332153,309.2546379626607,198608
2008-07-25,299.27423095703125,306.05280245435284,291.27488547090263,292.345749020428,184236
2008-07-28,300.50567626953125,303.6968543686618,297.91419212045736,302.0370161307512,152156
2008-07-29,296.8326416015625,301.5551600702573,290.3218124698937,297.2717060919866,299504
2008-07-30,299.55267333984375,306.69532816285516,297.7750293460522,299.84180127653434,315588
2008-07-31,300.92333984375,306.05276516332947,296.8433397595344,306.05276516332947,632856
2008-08-01,300.5592956542969,306.2455920979453,295.7939524080294,301.76937680858,414176
2008-08-04,314.5875244140625,315.9046915772605,297.91418710777583,303.6968492586816,612596
2008-08-05,310.4433288574219,321.2162261322711,308.40868820606244,310.5504152074934,493456
2008-08-06,308.28021240234375,318.04648301561326,305.8493573064377,318.04648301561326,351016
2008-08-07,312.27447509765625,319.65271319585014,301.9834677428132,302.219052453362,1407768
2008-08-08,323.754150390625,326.5705264783646,310.06851034167653,310.06851034167653,554424
2008-08-11,326.0243225097656,336.2510667369565,323.6148801525741,330.8967503876419,363200
2008-08-12,328.7015380859375,330.89680817251894,319.11731014696,326.613354345043,470020
2008-08-13,341.74462890625,345.6746922040322,325.54246105955946,327.5771014411817,819188
2008-08-14,327.75909423828125,343.7470870354522,325.5424126441666,339.4636342375026,447948
2008-08-18,327.191650390625,333.681094194944,323.4757589671519,324.47166733333773,192364
2008-08-19,328.8942565917969,331.9569099995109,321.58025488978774,324.68575851676206,677404
2008-08-20,333.03857421875,336.67951039991965,329.6118107541198,329.6118107541198,320644
2008-08-21,322.82257080078125,332.9850565205856,320.1882357281077,328.77655708971406,268324
2008-08-22,319.21368408203125,336.7972833271722,312.92772068746143,336.7972833271722,593468
2008-08-25,315.27294921875,322.75827499947343,310.0149987138273,321.25906602469155,598648
2008-08-26,312.1888122558594,315.4763576652978,306.3526067253914,310.76455870492,267844
2008-08-27,311.921142578125,317.8323041927766,309.9293259014752,312.37090004391143,208712
2008-08-28,310.6039123535156,316.6542902359406,308.4086425023703,314.6089307950285,326496
2008-08-29,326.92388916015625,329.79380840835904,313.9771606274068,319.1173051397245,295956
2008-09-01,331.0574645996094,333.5739939277966,322.32992671674725,326.6026617992942,309140
2008-09-02,331.2501525878906,335.3943883647219,329.1512500446892,331.53928045248375,347192
2008-09-04,330.4791564941406,339.4636897494167,327.7591478361717,331.5393007773483,383400
2008-09-05,325.5532531738281,337.3220336686141,321.90159784376317,321.90159784376317,495520
2008-09-08,319.9847717285156,336.2511798100833,316.97563447065176,336.03700708408957,422020
2008-09-09,318.2284851074219,341.9909606672411,312.9277110482489,323.40076078186456,196272
2008-09-10,320.5094299316406,324.8999700676905,317.0612548584952,321.04486165554914,178612
2008-09-11,313.9664611816406,324.25746994228194,312.049625961628,320.23101269802885,221416
2008-09-12,308.7727355957031,318.1427901423038,306.69527110244985,315.92610818124734,141176
2008-09-15,298.1177062988281,306.2884007724258,288.0944387178018,306.2884007724258,348396
2008-09-16,294.01629638671875,297.9142291137329,282.70796723948774,289.5614937180208,504500
2008-09-17,287.2912292480469,296.4363919420449,286.29532108818756,291.0606630700182,255028
2008-09-18,293.83416748046875,297.27164909662,263.21819649837613,280.35200912642335,436740
2008-09-19,309.3938293457031,311.6212303100777,296.46851412833337,299.17780359318743,297468
2008-09-22,303.1401062011719,310.7646506364793,300.4950780493229,310.57188993861547,130824
2008-09-23,300.6020812988281,303.4826934430185,297.72144301051134,303.4826934430185,90116
2008-09-24,297.44305419921875,304.96051068938004,292.03519356091624,301.54444046108426,9068476
2008-09-25,297.4109191894531,304.1252279725569,293.0953341411578,296.6291836211206,585212
2008-09-26,289.1759338378906,298.1283620644295,287.8480737173802,298.11764297308457,239692
2008-09-29,278.3387756347656,289.1330826145327,263.00401885233055,284.8496295387619,679744
2008-09-30,285.9634094238281,293.4166306453179,264.5461371139509,267.71590387346527,820412
2008-10-01,277.5892333984375,290.20401075529793,274.70862101870244,286.9914202303316,279432
2008-10-03,264.73883056640625,279.281160000794,262.5756918412373,274.1410159516996,407524
2008-10-06,247.55154418945312,262.5757663942646,243.3751759637695,257.2749913385892,490516
2008-10-07,258.11016845703125,267.4588096439614,239.87336249893517,257.00717410600197,675784
2008-10-08,249.95025634765625,251.88850356791397,235.58996656441929,251.88850356791397,511816
2008-10-10,229.92510986328125,237.94586692716217,208.81838006659146,235.589967254616,677156
2008-10-13,249.6825408935547,252.83086908524962,229.16478604084463,229.16478604084463,245948
2008-10-14,257.981689453125,264.2355207012311,257.00719338721564,257.00719338721564,308916
2008-10-15,235.98617553710938,254.8655035725938,230.23564398364567,249.55401035141315,296032
2008-10-16,237.16409301757812,244.13542365215494,217.38525282891493,228.50081926150392,280984
2008-10-17,222.01138305664062,245.22770556324335,216.56069909805942,239.8733888478887,204664
2008-10-20,211.23854064941406,224.85993280937137,201.3223468194235,222.73961775766006,453208
2008-10-21,236.92852783203125,243.8998590408072,214.17268052612994,214.17268052612994,369844
2008-10-22,235.24729919433594,239.230906190345,224.90274731412978,225.43817906477963,127036
2008-10-23,227.7834014892578,244.1568950928781,219.52703286859656,225.83440886751046,254124
2008-10-24,212.40577697753906,230.23565439965162,209.8892477317754,223.16795524133673,390928
2008-10-27,200.42282104492188,217.38530243024672,191.48111032919496,210.981533119978,521104
2008-10-29,208.8291015625,224.8599370019053,206.2483229807366,219.52703121002597,407980
2008-10-31,236.8107452392578,244.15687934745097,216.2930161525018,216.2930161525018,716136
2008-11-03,262.8434143066406,267.70512355138266,237.73166826675177,240.10897972059422,589908
2008-11-04,264.31048583984375,273.92684391607423,253.79461301059263,264.5032464709552,617764
2008-11-05,269.76129150390625,272.08506055903155,257.2428788683937,266.43089486049644,1236528
2008-11-06,266.1630859375,269.85756449909474,250.58202417773086,263.21821172173605,505108
2008-11-07,268.7760009765625,277.35362748102,258.0780858028024,267.5016839565977,170064
2008-11-10,269.2044372558594,277.35372114165244,264.50335568335197,277.2894588567068,208112
2008-11-11,256.34320068359375,268.7759049370928,254.22288662779874,262.3614457616289,214488
2008-11-12,255.69007873535156,258.07810962586063,246.29861084625705,246.29861084625705,369384
2008-11-14,257.27490234375,265.5526807052164,252.7879956699931,259.14891307882414,251916
2008-11-17,259.6522521972656,262.88625454639543,248.44031724688875,252.72377099252475,218144
2008-11-18,256.06488037109375,259.9414010952276,248.86868272591713,252.72379140841844,132276
2008-11-19,254.40501403808594,262.78987973271035,249.56471667362734,255.93635393691025,589448
2008-11-20,245.16351318359375,249.5112300533347,239.87345721865657,246.298639108442,340708
2008-11-21,247.240966796875,257.2214092543549,239.87342078674232,257.2214092543549,975688
2008-11-24,244.16761779785156,251.43877112178762,239.87344434105805,239.87344434105805,123084
2008-11-25,239.20947265625,251.43872751347186,236.6715316150287,245.22771976399085,180684
2008-11-26,252.1455078125,256.1291144504889,232.48444523799304,241.99371750372927,316032
2008-11-27,252.1455078125,252.1455078125,252.1455078125,252.1455078125,0
2008-11-28,262.67205810546875,266.21662621709515,246.08439543317968,246.72691343692168,442988
2008-12-01,253.9016876220703,267.50165148879444,242.06864819472372,242.06864819472372,226936
2008-12-02,245.9130401611328,251.65287796295877,243.31086323196382,247.6264214579019,159964
2008-12-03,243.98556518554688,254.60855357969987,237.30338642263462,253.5805140111908,198928
2008-12-04,253.7089080810547,255.92558971088076,240.9442237663463,244.37098605991213,208500
2008-12-05,262.5757751464844,263.4324660931287,252.10272309493098,253.79469294338008,443532
2008-12-08,262.59710693359375,267.7051199129685,260.70168402226915,265.3599396209419,272092
2008-12-10,265.6919250488281,266.6021589265537,261.50483875364006,265.5741196187663,264036
2008-12-11,267.801513671875,270.75708085209396,263.2182132729594,265.9810459641287,331188
2008-12-12,262.13665771484375,266.64500337003636,259.1596781909141,266.64500337003636,120708
2008-12-15,271.48529052734375,275.19048843890863,263.2182301075511,263.2182301075511,703136
2008-12-16,279.4632263183594,283.7573991644234,269.8468674117407,269.8468674117407,458056
2008-12-17,279.9236755371094,288.49058221001246,274.58007795753576,279.70950287028677,327176
2008-12-18,280.6197509765625,285.49217939458714,278.42448102998,278.42448102998,187552
2008-12-19,281.2944030761719,288.04084249462124,278.649375707605,280.56621073551406,190804
2008-12-22,277.6748962402344,283.56464529276536,274.99773757999304,283.56464529276536,128516
2008-12-23,276.86102294921875,280.52339682441624,272.23489812343877,280.34132912455846,133584
2008-12-24,276.4219970703125,280.35206083795475,268.35838978606364,271.999325641102,255400
2008-12-26,275.0726623535156,281.63705989082246,271.99928978049013,275.2118798172676,346660
2008-12-29,279.20623779296875,282.06543802936113,272.01004050259417,276.9252933727896,250892
2008-12-30,284.7104797363281,286.9914242699863,275.4582293518429,281.20876124365077,307708
2008-12-31,285.9740295410156,289.13307611336535,279.49530690958653,285.06379578288096,376384
2009-01-02,287.5375671386719,292.98825186371914,284.0358225991209,287.8695191352276,232092
2009-01-05,285.79205322265625,290.2896798772354,284.00371642454206,286.68087514750584,219992
2009-01-06,283.6824645996094,290.2040129571197,264.68533013136346,282.70796834199115,123068
2009-01-07,275.897216796875,291.2641055218495,269.8575580971131,282.27957267618655,375000
2009-01-09,265.94891357421875,278.8528169709143,256.99648549031366,267.7158381057165,330996
2009-01-12,250.2822265625,265.7669241316639,248.01200103915411,250.14300907056915,611836
2009-01-13,239.35935974121094,253.7946022633252,236.01827147188556,250.8497281864301,967840
2009-01-14,249.9930877685547,252.2847252347614,227.23723805734548,227.23723805734548,709332
2009-01-15,241.86526489257812,245.18494207644545,236.87503002304777,236.87503002304777,333940
2009-01-16,243.3536834716797,246.72690284653467,236.7892862530579,236.7892862530579,305792
2009-01-19,237.79591369628906,245.65603982231806,231.85262241026524,244.15683120962737,688004
2009-01-20,228.92919921875,235.58996481328177,227.0230570018897,228.4473106543592,518276
2009-01-21,197.0924072265625,227.0230390221747,191.68454709891165,204.73837445709927,2098524
2009-01-22,211.01364135742188,214.17268851298846,180.97592179347524,203.39980489519783,5000804
2009-01-23,199.31980895996094,213.10181562615386,194.90784392888523,207.3405653316568,2037332
2009-01-27,182.1967010498047,199.18059191831978,173.96175890930672,199.18059191831978,3612432
2009-01-28,186.67291259765625,197.44580943285658,169.83894428223957,182.04678769218617,7394512
2009-01-29,186.27667236328125,192.32705005142464,181.2222027800641,189.54280545157104,2598284
2009-01-30,189.50001525878906,192.20930532723534,182.04680740531393,182.04680740531393,1222956
2009-02-02,184.6490020751953,191.0206400223965,183.6423877514767,187.4011160941522,413472
2009-02-03,187.87228393554688,189.94976161700814,182.0681962658123,185.25937453577413,419832
2009-02-04,182.04676818847656,191.9201229755208,178.19166015625,182.04676818847656,393888
2009-02-05,174.764892578125,183.97431706447227,170.26726666618796,183.97431706447227,1153292
2009-02-06,175.9107208251953,183.11763654494118,174.5507295720784,177.74190764829484,1644104
2009-02-09,185.86978149414062,187.39041558123856,175.63232855130545,181.61845842147335,773936
2009-02-10,194.9507293701172,197.25308623990983,186.1161041720756,186.1161041720756,778088
2009-02-11,197.21018981933594,202.17899832478113,188.6861202586146,192.73398890728944,1120576
2009-02-12,202.47886657714844,204.10657379411023,192.7554212116466,192.7554212116466,1129964
2009-02-13,201.53648376464844,206.0341098635407,199.63034176057863,204.53490116390995,459876
2009-02-16,202.6073760986328,206.67665743676605,194.8971588263804,197.04959186713802,427784
2009-02-17,189.6177978515625,201.32234132892637,187.66883147816142,201.32234132892637,566320
2009-02-18,185.83766174316406,193.56929128966135,182.0468021890497,186.97277448357696,575812
2009-02-19,177.5384521484375,188.40771605319867,175.88931983813,186.3302383673341,796584
2009-02-20,176.26414489746094,180.97594463955588,172.89092462755204,177.28146529632235,1198516
2009-02-24,173.30853271484375,176.2319819104974,169.8389327355931,171.60585731953842,576268
2009-02-25,175.25750732421875,178.33089322882716,173.4798766348423,176.69246694289492,491176
2009-02-26,178.67356872558594,181.1793918423533,172.9230371605463,176.26412593486032,1290056
2009-02-27,185.98756408691406,188.47196199345706,178.83419120970072,178.83419120970072,984924
2009-03-02,181.97183227539062,186.97275938521906,178.83419712102855,184.16710235981043,596088
2009-03-03,178.20237731933594,183.73874898841046,176.713874566062,180.54757080001207,430372
2009-03-04,182.21812438964844,183.5352916789758,176.15703979882502,177.763334994559,491792
2009-03-05,175.25750732421875,187.358264151217,174.33656738365633,183.76016562061074,448796
2009-03-06,172.69815063476562,176.68177067997942,163.8421147586623,174.55074971020883,986608
2009-03-09,180.76173400878906,182.58220170911454,169.19640979495657,173.37277687217386,2137004
2009-03-12,186.50155639648438,187.40108421512946,178.8877206750707,182.0467675232686,529032
2009-03-13,185.91258239746094,191.3954105578505,184.46691688414933,188.47194840210656,739924
2009-03-16,189.58566284179688,191.87731317924727,186.65149445115833,190.61368911248528,475528
2009-03-17,192.5841064453125,196.71763719826646,188.0436423081959,189.48930812320768,658336
2009-03-18,195.55039978027344,200.6798390491444,193.82631199517147,193.82631199517147,670704
2009-03-19,196.80331420898438,198.13117459220388,191.25623562877502,195.98944742950763,418592
2009-03-20,197.3065948486328,200.46564209315636,194.89715203501314,196.61053359136488,278964
2009-03-23,200.0801544189453,202.2861307850361,198.10976281223756,198.13117485506686,448756
2009-03-24,195.036376953125,204.42784473820197,192.56267177915475,201.92202150206364,380368
2009-03-25,189.6820526123047,195.92517883018348,187.64741200919616,194.76865412007595,461804
2009-03-26,197.44580078125,202.3931845070413,189.9711689499954,191.04203236008556,952044
2009-03-27,204.99537658691406,206.02340278984352,197.2530293274827,199.15917132179584,537156
2009-03-30,201.15098571777344,205.16672350864653,197.30658345823164,205.16672350864653,694900
2009-03-31,202.2432403564453,208.81834363717698,198.10971063014225,200.2514372315492,836764
2009-04-01,202.10406494140625,207.9616828070958,198.96642979175283,205.14530669370464,290360
2009-04-02,199.75889587402344,212.24516266781805,161.70040142704605,203.99951305862433,916884
2009-04-06,197.1245574951172,208.8183816380207,196.41777713038334,203.67823685923864,670888
2009-04-08,198.4202880859375,200.03728925511814,190.20675771279178,194.46879940433325,765228
2009-04-09,196.51412963867188,202.307497715171,193.8262652597039,200.2728573616161,934492
2009-04-13,196.56768798828125,200.61555696998403,194.25462560104967,198.96642467847315,409600
2009-04-15,203.05711364746094,206.67663718554599,192.99099763946026,194.83289053948118,875552
2009-04-16,200.9261016845703,216.10023058556405,198.12043177922078,205.60576943720662,1592460
2009-04-17,199.59823608398438,206.676640697609,197.1566622500267,201.7506689504121,845496
2009-04-20,195.43255615234375,202.26466937159023,194.2546064988228,201.32230441994864,596008
2009-04-21,192.45555114746094,194.68295208774066,186.97273616347368,188.4719448154145,568392
2009-04-22,192.46627807617188,198.53806813496968,189.14660164025813,192.75540595628127,559484
2009-04-23,194.3509979248047,195.7431203222013,190.09966245259432,192.51982415494942,213480
2009-04-24,192.74472045898438,196.71762135700763,191.25621760675864,195.53967152852255,264100
2009-04-27,187.27259826660156,198.19540504259263,186.33023323749475,192.75541369396007,684836
2009-04-28,181.318603515625,187.82945885764622,179.96931811315852,187.82945885764622,430720
2009-04-29,182.9034881591797,186.0732415456519,178.88774998238273,184.18852437575472,927736
2009-04-30,182.6892852783203,182.6892852783203,182.6892852783203,182.6892852783203,0
2009-05-04,191.0955810546875,193.39793745293673,185.2593753009859,185.2593753009859,1800576
2009-05-05,196.26785278320312,200.2086223242958,192.75541553790927,192.7875466693242,724300
2009-05-06,188.48268127441406,199.1806102114755,185.5163946199828,197.03888321995427,725288
2009-05-07,204.31004333496094,205.1774401281882,189.54283352134297,191.68456045378753,1319740
2009-05-08,201.6864471435547,209.67508675165095,197.06030868352747,204.53494162188628,1244280
2009-05-11,198.50596618652344,204.96327846414113,192.96960699706494,203.4640695307566,441980
2009-05-12,201.36517333984375,203.20705331442028,194.95069841823388,198.10974571476666,397256
2009-05-13,198.36672973632812,204.96324536349954,195.36831235379,202.1790006511427,283048
2009-05-14,197.28517150878906,199.18059451812013,190.88140307986512,193.18375941434877,420108
2009-05-15,197.69207763671875,202.90718992079354,196.23570611570224,197.28515741270385,755980
2009-05-18,222.63250732421875,227.23722007791832,217.35314538010527,217.35314538010527,5432
2009-05-19,218.79881286621094,229.16477619585834,196.08580191466964,224.88132243518808,962836
2009-05-20,235.9754638671875,239.01670539575576,216.31440183666066,216.31440183666066,921228
2009-05-21,247.7657012939453,251.63152927568098,224.90276385926853,224.90276385926853,1049612
2009-05-22,248.3867950439453,254.65134667579304,243.12884466964883,248.4403382202859,504020
2009-05-25,245.01361083984375,251.6529656790353,241.15850157837767,246.98398956027324,363784
2009-05-26,240.60157775878906,246.5127381003995,233.87655083026607,245.01352944123113,279432
2009-05-27,245.9130401611328,249.29697867990126,233.5017448503113,240.944244858152,380760
2009-05-28,246.81256103515625,258.0566248843687,243.36438668355544,248.2260952616615,1034160
2009-05-29,246.5020294189453,252.50958340023985,242.2935572775749,251.6528927016809,393724
2009-06-01,242.55059814453125,253.73040333645497,231.5207033944709,252.723802040218,370180
2009-06-02,240.4838104248047,246.85544823546104,236.8750056667544,244.58522284939738,174864
2009-06-03,243.04318237304688,251.01039609168484,238.1600345170252,238.58837990284718,809072
2009-06-04,260.04840087890625,263.4323389424822,243.30011141354453,249.29694514556851,1581688
2009-06-05,255.11175537109375,271.8921771444494,246.78043411948943,263.43235753262917,1030392
2009-06-08,254.65133666992188,278.2103333340862,248.86867385235428,266.60218361721286,1370140
2009-06-09,255.7971954345703,264.48191011368317,246.74839757127353,254.86554928575552,688180
2009-06-10,260.0913391113281,268.786745736611,255.82929703775446,259.59873143041415,610916
2009-06-11,258.8276672363281,264.5032428935583,257.02861161049447,257.02861161049447,322464
2009-06-12,251.96347045898438,265.9382395777829,249.83246248396105,263.0040839522539,300036
2009-06-15,241.2322235107422,261.5214770902804,238.95036045928327,255.74146686993564,337728
2009-06-16,245.17169189453125,246.47406325922938,238.08928389026684,240.45726049315374,244164
2009-06-17,236.13027954101562,247.45350559855237,233.3532840964165,245.40843530434947,245464
2009-06-18,229.8121337890625,238.93958597808287,227.32574791003697,238.93958597808287,321780
2009-06-19,238.1753692626953,240.88777325009661,230.55478565759918,234.6449265796294,302376
2009-06-22,228.2621307373047,246.26951815524683,227.3257090663817,243.25573034565465,213180
2009-06-23,230.43634033203125,231.4158318058151,219.57595203900593,224.95771556937373,225528
2009-06-24,234.4081573486328,236.36711451751063,228.18683186572065,228.18683186572065,147500
2009-06-25,240.28497314453125,246.67852413322032,235.72124807658867,236.797600807532,609080
2009-06-26,247.38894653320312,252.23253471063126,232.95506953135592,232.95506953135592,829124
2009-06-29,250.29510498046875,256.1720026104381,247.56117899328052,247.56117899328052,375808
2009-06-30,239.80062866210938,253.76094543433794,238.1107600297622,250.82249704866152,239028
2009-07-01,240.5218048095703,246.16188291427588,232.49220249009002,239.16558978378706,364188
2009-07-02,242.6314697265625,254.8803711994635,237.3573404238709,243.6863008427303,185196
2009-07-03,241.67355346679688,244.31061841632413,238.30456319401563,241.1030810996364,160844
2009-07-06,234.22518920898438,243.23425865442496,231.4158973393262,241.5336156416037,350024
2009-07-07,231.24365234375,235.43068099700045,227.78857521469473,234.64493810459865,232016
2009-07-08,221.11517333984375,235.50600582595604,219.64056203783707,235.50600582595604,165320
2009-07-09,219.33920288085938,222.137720467598,217.6385600148272,220.6523481851611,289764
2009-07-10,215.10911560058594,221.68564198034343,213.7636745472923,218.198243003319,219960
2009-07-13,207.59617614746094,217.35870472010507,204.95911157320072,215.27057749063127,218548
2009-07-14,211.1374053955078,214.26959005025742,209.46905821750948,209.46905821750948,196348
2009-07-15,227.15350341796875,230.33951848395884,211.44952526249398,213.7636839762347,460672
2009-07-16,227.76705932617188,231.4158853324805,220.6523557821326,227.11047351234134,306588
2009-07-17,228.165283203125,235.61363969575828,225.02233812567235,228.6173461460898,290344
2009-07-20,236.88372802734375,237.86319330245212,229.71520791203466,232.27693281595816,321584
2009-07-21,233.6008758544922,240.8016662661767,230.83465414869195,238.73507394750848,292968
2009-07-22,231.40513610839844,237.87402857316442,229.26320400942996,235.7213224322308,257868
2009-07-23,236.7653350830078,243.21270452825365,235.71050401689595,243.21270452825365,1055932
2009-07-24,244.00918579101562,246.05425616156228,238.19688052735665,238.95032750597912,419204
2009-07-27,250.75794982910156,254.88038702006435,244.33212775994343,245.40848074567006,694360
2009-07-28,246.140380859375,252.72765520272648,245.4084556483034,252.72765520272648,280972
2009-07-29,238.63821411132812,248.63752213078345,236.58236954262426,244.43974578312086,447572
2009-07-30,236.43173217773438,268.6577334423738,229.04793940920328,268.6577334423738,763722
2009-07-31,230.79159545898438,241.53360321033202,226.03412065138025,238.8857644285851,629556
2009-08-03,220.30789184570312,231.63111781407073,194.21709788046738,231.63111781407073,1261278
2009-08-04,214.99075317382812,222.1162179943643,213.13941811035346,221.72872039891215,900490
2009-08-05,214.66783142089844,219.10240024583197,213.54842174362113,217.20802171301787,682824
2009-08-06,209.22146606445312,216.56218702919753,208.0374779643929,215.39972072987302,843048
2009-08-07,204.50704956054688,214.8400373278166,202.9355769654226,214.8400373278166,1075218
2009-08-10,196.88644409179688,209.24297918838587,195.89620479571107,206.65973253173914,818546
2009-08-11,199.98635864257812,201.0627114878019,193.7435121402802,193.7435121402802,533504
2009-08-12,202.6342010498047,204.85148546956185,198.04894017147552,198.04894017147552,736796
2009-08-13,207.6499786376953,208.68328784549888,203.2584670608196,203.2584670608196,503102
2009-08-14,208.7478790283203,210.92210657834752,204.95910902808885,209.1568852370296,350520
2009-08-17,204.9806671142578,210.23326184945324,204.2272200173217,206.65977515961475,714044
2009-08-18,204.9375762939453,209.19993082014355,203.86122347727544,205.41117416109455,311756
2009-08-19,204.44248962402344,207.00420185772606,201.53633654994866,206.6597741564285,267764
2009-08-20,207.84375,210.47005376712082,204.55011267442273,206.22922061108233,354270
2009-08-21,207.17642211914062,210.27631074736962,204.50706153401435,207.99444773746185,513990
2009-08-24,209.5228271484375,212.94563420560988,207.9513547352916,207.9513547352916,750946
2009-08-25,208.08053588867188,211.8262492095928,207.52083764029214,209.52285139220226,470732
2009-08-26,211.8047332763672,214.1511747632106,208.64025305743053,208.64025305743053,491926
2009-08-27,228.59584045410156,231.28672277821957,210.9651742108509,210.9651742108509,2548706
2009-08-28,227.32574462890625,234.6449447400642,225.60357989686906,232.49223882501775,1237200
2009-08-31,226.6584014892578,232.14780134105527,223.902927522979,226.03411154460042,512786
2009-09-01,221.70718383789062,230.61939143676287,220.43708211305497,228.18682328109205,369654
2009-09-02,220.95372009277344,224.2904139547919,219.4898696936618,220.43706546496074,246046
2009-09-03,220.9322052001953,223.4508604570946,219.72668207729103,220.2863803256968,243132
2009-09-04,221.57801818847656,223.40781811586055,218.3058896102664,221.72869708300234,183708
2009-09-07,225.689697265625,228.1007174206302,221.7287130582746,221.7287130582746,321560
2009-09-08,221.90093994140625,229.86595196014454,219.640585553771,226.89520723649073,1056510
2009-09-09,222.30992126464844,227.7562775432459,216.26082311860947,222.80505411839272,762972
2009-09-10,223.58001708984375,228.96178154067834,219.70514668524282,226.03410693505367,924594
2009-09-11,223.5154571533203,227.97154771640467,222.1592419672612,224.74248896688053,744684
2009-09-14,220.6092987060547,225.5605219969215,219.18850500870977,223.8814009783254,504824
2009-09-15,221.42735290527344,223.88144321149127,220.43711331592988,223.4509019745461,273404
2009-09-16,221.77175903320312,225.0008179957026,220.5232053345928,222.5036843203328,671526
2009-09-17,232.9873504638672,236.66847198749477,222.58977133049754,223.8813947618157,3198132
2009-09-18,238.1753692626953,242.07176141173696,233.0303972683017,235.5060088790042,2118402
2009-09-22,234.06373596191406,241.0600305238071,232.51377186131262,238.9503681138841,454998
2009-09-23,231.2006378173828,240.09132462460028,228.61739046746794,234.64496761726934,798974
2009-09-24,230.01657104492188,233.7838054794433,226.03406607128494,229.43535110056678,689882
2009-09-25,244.41824340820312,245.75291061100535,220.00655222118183,224.37655589299928,2263702
2009-09-29,242.05027770996094,248.91741538403033,240.67254055846843,248.91741538403033,1221762
2009-09-30,243.75088500976562,247.99170486821515,240.50027827239583,243.2557521710791,804820
2009-10-01,237.8739776611328,244.54736526972567,235.9365425489607,244.54736526972567,788860
2009-10-05,235.78585815429688,242.60992448982458,233.353290281251,234.83866242151154,789854
2009-10-06,233.33180236816406,238.06775544176475,228.61737109835914,237.83096304371443,410174
2009-10-07,238.99334716796875,241.64118536743914,233.7838105203019,237.37881808978986,913348
2009-10-08,246.70010375976562,251.65132748269284,241.10306824689135,241.10306824689135,2517754
2009-10-09,247.9271240234375,253.0720962977171,246.26955101822776,249.7138804030981,1237742
2009-10-12,251.6944122314453,253.8040749346999,248.4223091387987,249.713932929815,697458
2009-10-13,252.25411987304688,252.25411987304685,252.25411987304685,252.25411987304685,0
2009-10-14,266.0097961425781,268.2270932189677,252.72761431706908,252.72761431706908,1829246
2009-10-15,257.05462646484375,271.2409647163529,254.49290098689258,268.22717621950454,807102
2009-10-16,261.3815002441406,265.21332667653655,257.7219007688962,260.9079155291902,503338
2009-10-20,257.7649841308594,266.5049639615292,256.30113375293035,261.76901145171206,495920
2009-10-21,244.3751678466797,261.76904235663676,241.96414770465435,261.76904235663676,1023088
2009-10-22,240.8016357421875,249.62772843028912,238.08923202537525,244.37512167247306,510976
2009-10-23,243.12661743164062,248.4437906646235,239.81144498324426,247.13064527896265,603644
2009-10-26,244.3320770263672,251.39296165785797,243.12656718829754,245.40842978859789,718634
2009-10-27,234.19284057617188,244.95636825888826,231.6311157320566,244.33207839766195,435260
2009-10-28,233.1595916748047,237.27125505676236,230.38259555923312,234.64496413458954,362886
2009-10-29,232.1477813720703,235.85042455999888,227.15348852255957,230.3395033796293,505668
2009-10-30,229.62911987304688,239.16561719036628,227.32573515123923,236.79764078254087,411208
2009-11-03,224.93626403808594,228.61738618716444,223.08494206093863,228.61738618716444,488552
2009-11-04,234.36509704589844,235.72131236804307,223.90295090327558,229.2631942209734,379562
2009-11-05,238.4767608642578,240.2419691225373,230.44715765741594,234.21439283630878,352250
2009-11-06,237.72328186035156,243.72930925822942,236.36706686706992,239.6607168346718,573522
2009-11-09,243.7292938232422,245.19314400017166,237.6586751327388,238.95029836715588,339202
2009-11-10,245.58065795898438,249.670798475733,244.65498406762063,245.429952804639,546718
2009-11-11,250.03680419921875,251.4360631120857,243.9015920428023,249.71389829624948,284058
2009-11-12,249.77847290039062,252.89989641555255,245.4515130740961,249.7138812129557,437752
2009-11-13,247.38894653320312,253.11516513436962,246.0973230192223,249.79999285952263,382048
2009-11-16,247.84104919433594,253.15822243663487,246.87233150644067,250.31666106340168,266882
2009-11-17,245.2577667236328,251.78044911634797,244.22445749402183,245.92510022360662,350952
2009-11-18,243.6432647705078,246.7000966434872,242.07177894904132,245.40847310085113,237548
2009-11-19,241.2322235107422,246.05429009455926,239.51005875067526,243.25577235945056,402654
2009-11-20,243.68629455566406,245.40845918149915,238.51980067815882,238.9503418346176,218200
2009-11-23,257.7865295410156,260.477411895306,243.68630600453417,243.7939412987058,900008
2009-11-24,255.2032470703125,262.6300813376476,253.24429024383267,260.0468346359658,1058212
2009-11-25,257.7003479003906,260.88636227657815,254.01922706883485,254.01922706883485,531744
2009-11-26,254.12693786621094,259.61633804883553,251.09162772674236,259.61633804883553,446622
2009-11-27,252.72767639160156,256.17200588245817,244.28907965026238,253.5887587643157,542032
2009-11-30,260.60662841796875,263.4912602151709,253.1582696184975,260.305244269935,771884
2009-12-01,267.27996826171875,269.0882465340574,262.60860681314716,263.08219161578745,1042482
2009-12-02,274.59918212890625,277.6990841377014,268.57160510886314,269.08825982335406,1337456
2009-12-03,278.92608642578125,282.86554864186996,274.03945465837177,277.6990546027491,1137586
2009-12-04,290.0986328125,293.2846479567423,275.0081701781207,279.8517583025885,1287680
2009-12-07,288.5487060546875,301.3788280503439,286.848063126488,301.2927145581284,1206104
2009-12-08,287.8813781738281,292.6603748876557,286.15921340803095,290.61530422827155,593174
2009-12-09,285.8363342285156,292.768037547422,284.6307977572699,286.26687546020304,395322
2009-12-10,287.2140197753906,291.3902746094652,281.14339945612744,285.2335407958414,610234
2009-12-11,284.9967041015625,291.75620504701874,283.2960613953082,288.1826926725559,300450
2009-12-14,281.5738830566406,287.81672908771293,280.2822597398671,287.0848039525792,234258
2009-12-15,275.8477478027344,288.4195559027148,273.8241989385961,276.92410078598357,947384
2009-12-16,285.642578125,287.17099420283324,277.26854612687345,279.8517934510369,720840
2009-12-17,283.83428955078125,287.12794028208435,280.7128658128318,286.3099014808791,731964
2009-12-18,286.28839111328125,292.55276064406934,282.00450069443036,283.72666558416734,956034
2009-12-21,285.27655029296875,291.90689439370055,282.52110274994527,282.52110274994527,524614
2009-12-22,287.32159423828125,291.8207540149749,285.3841592770571,291.8207540149749,328510
2009-12-23,287.515380859375,289.3021371813215,285.6640591304364,288.0320355060466,427350
2009-12-24,285.2335205078125,290.1847438826651,284.2432810884714,288.0320380675118,240486
2009-12-29,287.9674377441406,293.7797432707129,284.7168573163906,287.45080938651796,510036
2009-12-30,290.4000244140625,292.07914551867214,287.17096558069636,288.4625891140428,320080
2009-12-31,291.3902893066406,294.8346190295989,286.30990822090723,292.72498284117717,650938
2010-01-04,288.8285217285156,294.4901483968183,287.6445335587916,291.04581917580293,257058
2010-01-05,288.3764343261719,294.9206645469297,287.81673613083575,294.9206645469297,158842
2010-01-06,296.1262512207031,298.580341474756,284.1572103436755,288.89316384940344,746184
2010-01-07,305.6411437988281,307.7507794661003,299.1830271636492,299.2260707632928,1752498
2010-01-08,297.9129333496094,306.5452775531673,296.10465538931294,305.7272389136075,567574
2010-01-11,296.4921569824219,301.37878825210885,295.78175361314106,301.37878825210885,356230
2010-01-12,294.2102966308594,302.6704410930112,293.2200572001248,296.4921858436945,506520
2010-01-13,299.8503723144531,301.7662855798628,289.15140957159986,292.18674553095934,371390
2010-01-14,298.6663818359375,303.12247194109335,296.98726094748025,301.3787856511691,217766
2010-01-15,296.642822265625,300.6038056995465,295.3511989466165,299.22606890364204,256248
2010-01-18,292.6819152832031,297.934523408168,289.9695108604063,295.9970879235773,925432
2010-01-19,288.87164306640625,294.83462858119725,286.9987729519831,291.90695347746646,413530
2010-01-20,283.575927734375,292.2513157966016,282.82248075169764,289.7541824810714,369072
2010-01-21,273.4151916503906,286.2668626060765,271.2409637836281,280.7128704554373,600892
2010-01-22,268.7438049316406,270.98262428261665,258.3892949962928,269.6264090789842,507480
2010-01-25,264.86895751953125,271.17637047609077,263.0606791827758,270.2722444467881,348632
2010-01-27,255.5261688232422,263.92172112661746,252.0172479903167,263.49117998285465,396276
2010-01-28,253.22280883789062,275.41720170134255,247.60422534293699,265.0196215571865,616366
2010-01-29,263.0821533203125,264.56752548059256,246.26952737981927,253.07207200636006,266356
2010-02-01,266.0097961425781,269.0881753801843,256.62400584094576,264.78276457410135,373326
2010-02-02,263.51275634765625,273.30756939638553,262.71626557803114,266.9355644049304,550884
2010-02-03,262.3071594238281,267.79655832847124,261.4675990416071,264.7827706945495,400610
2010-02-04,255.5907440185547,267.7965741456055,252.81374856479215,263.66338994336195,931122
2010-02-05,243.34190368652344,253.5026660042955,238.95037797088779,246.7001199591328,890410
2010-02-08,247.8625946044922,251.00554036891867,242.02876611741436,247.02303393939465,277744
2010-02-09,246.78623962402344,250.14445598052413,243.25579626333243,246.2695848896038,1351896
2010-02-10,248.63754272460938,250.53193451377092,246.78622082228978,248.85281332437094,350568
2010-02-11,246.70010375976562,251.86659807934186,245.70986427080996,251.0055156927458,173424
2010-02-15,249.3694305419922,250.14439932903483,246.72159205160568,249.7138581942172,209914
2010-02-16,250.5534210205078,251.86656623842947,246.80770785671743,251.43602509956037,237878
2010-02-17,260.7357482910156,262.3933477292874,251.86660980735022,251.86660980735022,504806
2010-02-18,260.4989318847656,265.6008605598663,258.92747236769026,261.3384924290883,531438
2010-02-19,255.8490447998047,260.69263210144175,253.2227546408409,260.0037768631327,221208
2010-02-22,252.27566528320312,259.9392947207898,249.71393944191814,257.4636823901156,191016
2010-02-23,250.33819580078125,253.976274338906,248.07785441224905,251.04857304171537,149196
2010-02-24,262.4148254394531,264.22310348728195,248.48683003936392,248.48683003936392,1058866
2010-02-25,259.5302429199219,264.7398074640588,257.8941915347639,264.7398074640588,549166
2010-02-26,268.2272033691406,277.46231859630905,250.14447055773786,250.14447055773786,553304
2010-03-02,272.81243896484375,279.20596520500163,270.8104118950594,271.24095309044105,631980
2010-03-03,279.80877685546875,281.5309419045176,272.66177613502424,273.3937015365006,543642
2010-03-04,279.8302001953125,283.6404785142975,278.17260115199286,280.41142018358346,250718
2010-03-05,282.693359375,285.7932614676407,276.83800919412954,279.8517977856675,352614
2010-03-08,278.9906921386719,285.7501941019824,277.7851820579,285.7501941019824,209760
2010-03-09,275.5893859863281,280.97115048596856,274.68526006164734,279.33509933370726,210456
2010-03-10,275.0296325683594,277.1823379364244,237.22813156076586,273.47969521460925,351248
2010-03-11,276.428955078125,277.6990567950653,271.3485744885115,272.1881350321261,331228
2010-03-12,275.80462646484375,278.51705649914396,272.3818456391542,278.51705649914396,351780
2010-03-15,267.92578125,276.4074480742638,264.93351467954756,276.4074480742638,426778
2010-03-16,265.6438903808594,269.5187607429789,264.78280807816617,269.5187607429789,376644
2010-03-17,273.13531494140625,275.11579371195523,266.9355118957938,268.6576764886699,809508
2010-03-18,274.72833251953125,276.8379949362149,273.39366529470675,275.1158301154608,408592
2010-03-19,272.4034118652344,276.4074396133495,270.87499592050983,276.4074396133495,267856
2010-03-22,278.49554443359375,280.4114578897405,266.33275641907403,269.0882304097286,645204
2010-03-23,284.049560546875,285.405775856502,279.8517837900246,279.8517837900246,653348
2010-03-25,291.8638610839844,293.41379873921306,284.1571638560244,285.49183093257426,957872
2010-03-26,289.71112060546875,295.329676780557,286.9556470170781,292.76795194540597,362328
2010-03-29,288.22576904296875,292.5527022085253,286.3098557301977,289.7111412193034,363428
2010-03-30,286.24530029296875,291.82081397142287,284.1571860281126,288.4625979376295,280848
2010-03-31,292.0360412597656,294.49013093989373,286.9126176141018,286.9126176141018,561010
2010-04-01,294.9637145996094,297.86986719703805,293.1985064961329,294.4040163920299,665558
2010-04-05,295.5664978027344,297.3962976798817,293.8012896089802,297.0303482157107,234446
2010-04-06,301.8739929199219,305.6842722814656,293.71523138297647,295.3512827958949,706290
2010-04-07,305.253662109375,307.2772106822312,300.2378474181815,302.6704153214254,398116
2010-04-08,300.7975769042969,306.84667464419084,298.0421031068217,306.1147494531603,341802
2010-04-09,299.8719482421875,302.9072584712775,297.71924222465566,300.51776004744704,329512
2010-04-12,301.8739929199219,305.6412286698695,298.8171344302165,301.3788599958112,279802
2010-04-13,302.58428955078125,307.2771982028896,299.721206910635,301.37877968765946,272756
2010-04-15,309.3437805175781,312.14229766909415,301.5940407133799,303.5314756644295,785860
2010-04-16,303.18707275390625,313.00340538376526,301.3787947298978,310.8506997071231,596710
2010-04-19,296.32000732421875,301.42191048791915,295.04990541532806,301.3788668753405,227134
2010-04-20,300.3670349121094,303.100960622374,294.87763541220136,296.21230242641093,220474
2010-04-21,302.9503173828125,305.21065861933016,299.65666678405586,299.65666678405586,184490
2010-04-22,300.2593994140625,302.62737566723916,297.93446676332167,302.1107210472806,250044
2010-04-23,295.54498291015625,302.1537791685049,294.49015181833545,300.56077162964766,232420
2010-04-26,298.8601379394531,303.18707106984056,272.96307828203646,294.9206760618217,517442
2010-04-27,297.9775390625,304.71551901578977,296.68591552728645,299.2476407944229,408536
2010-04-28,291.0028381347656,297.9345416710538,289.0223326400031,297.07345918067506,548328
2010-04-29,288.22576904296875,294.92067845892547,287.321616889565,292.33743164030716,363472
2010-04-30,289.9909973144531,292.85410658169315,282.43500510129047,282.43500510129047,650436
2010-05-03,286.28839111328125,291.51945119896686,285.01828925147004,286.3099129187728,282716
2010-05-04,297.8699035644531,300.08720114298114,285.8793422653364,288.37647584274737,875214
2010-05-05,301.9169921875,305.2536862188057,292.76799242424244,295.35123941622106,694212
2010-05-06,301.9384460449219,309.06389547206004,300.0871247062362,304.3925353906872,651570
2010-05-07,297.4394226074219,301.37888569599517,290.8306246966353,297.07347304319524,288540
2010-05-10,299.8072814941406,304.3925546748277,297.934438239011,297.934438239011,188568
2010-05-11,295.889404296875,306.54529772189886,288.979224119307,298.4080595042585,356740
2010-05-12,297.2671813964844,299.4414092345054,292.7680205312202,297.5470174139258,153288
2010-05-13,297.37481689453125,300.9483036565687,294.4901855523505,297.740766409177,171140
2010-05-14,298.17132568359375,299.95808231195457,294.4902033967645,294.87770101775766,149848
2010-05-17,302.6058044433594,303.9620194322536,294.9206562480081,296.21227956004316,354800
2010-05-18,301.8309020996094,309.47300837670156,300.45316500810935,304.8231686862697,381426
2010-05-19,295.9755859375,303.101038330113,293.284703139825,301.2927598344449,199874
2010-05-20,294.74847412109375,298.149759871318,291.64859872328907,296.21232460861626,128044
2010-05-21,297.2886962890625,300.7976175530461,290.6153077409373,292.33747252755023,274230
2010-05-24,309.75286865234375,314.29507301355363,301.37883713628435,301.37883713628435,959380
2010-05-25,300.1733093261719,314.29505446284554,295.82482773726315,312.14234861036033,864356
2010-05-26,301.5080261230469,306.50232029061294,298.4296720136599,301.1635983855272,485776
2010-05-27,309.408447265625,312.57291460887643,299.4629296702709,299.4629296702709,706958
2010-05-28,315.43597412109375,319.37540975259583,310.6784735409595,313.41242552421545,661092
2010-05-31,320.0643310546875,322.0448100167933,316.447774548587,316.447774548587,505266
2010-06-01,314.2304382324219,323.7669349253236,312.3575947983009,316.87827673542307,264112
2010-06-02,322.36767578125,324.6280167466611,314.811684095362,314.85472769773065,301340
2010-06-03,321.05462646484375,326.41487046803337,319.0741208795765,326.2641652584389,300582
2010-06-04,322.5183410644531,325.058544172556,319.82745907626975,323.33637970011864,265556
2010-06-07,317.9331359863281,321.89412005260493,316.49080728295377,319.07405433337584,182782
2010-06-08,316.68463134765625,321.80808306016746,313.43404995879683,318.42831826555994,161280
2010-06-09,320.86077880859375,322.90584918677666,316.87827333529015,318.6434814662531,257578
2010-06-10,332.0763244628906,333.4540611525903,320.8607347630316,320.8607347630316,784992
2010-06-11,327.31890869140625,335.69293929928523,326.37171290750194,335.69293929928523,329832
2010-06-14,324.4774169921875,330.67719509954213,322.21707547553535,329.36404956930795,461000
2010-06-15,328.0938720703125,330.1820123763127,323.01349184933764,324.1974799900716,153448
2010-06-16,329.2778625488281,330.65559946891113,325.05856458206756,328.9764784915996,251396
2010-06-17,331.5382385253906,335.73601513322774,328.07238719711387,329.36401076875603,304254
2010-06-18,328.6966857910156,333.1527767186729,327.64185459090777,331.9903102181081,111470
2010-06-21,332.31317138671875,337.71648376483523,328.5028927747057,328.5028927747057,451582
2010-06-22,331.4521484375,334.0569438467712,329.4716693323879,332.31323087940103,176612
2010-06-23,333.7770080566406,335.1762667166652,327.8785893726002,331.452075464111,252516
2010-06-24,328.61053466796875,334.96101666777554,325.05857015960225,334.96101666777554,365606
2010-06-25,330.54791259765625,334.29362523146716,327.21121924352815,328.0723013994322,267388
2010-06-28,334.01385498046875,334.96105086837423,328.93347411752944,331.5167212964629,111030
2010-06-29,332.6791687011719,335.17630224194994,329.1056822309078,334.70271746423515,136322
2010-06-30,333.0020751953125,334.5735347083771,328.5029146861182,332.37778523942757,313672
2010-07-01,336.3602294921875,338.190029140625,328.5243763303089,332.2485673025036,172654
2010-07-02,334.1041564941406,339.2889481463915,332.9977847856208,338.29104477167806,212952
2010-07-05,334.1041564941406,335.7528698716924,328.702428174277,328.702428174277,52052
2010-07-06,334.25604248046875,335.3407258653593,331.91311577649407,331.91311577649407,61890
2010-07-07,332.650634765625,336.20840080491683,331.08867513588785,332.433698134955,135100
2010-07-08,330.112548828125,334.9502475820579,328.9411118935667,333.64862744896703,182456
2010-07-09,328.98443603515625,331.9130808663297,328.0299094605428,331.9130808663297,742148
2010-07-12,329.39666748046875,333.3883077768987,327.5960824041055,330.6115076189834,507264
2010-07-13,333.19305419921875,334.10417766832506,327.9865738465461,330.6115023947129,247166
2010-07-14,331.9781799316406,335.70947987463205,331.1754984042527,334.0824549317825,133188
2010-07-15,334.68994140625,338.4212419427504,330.61152097484074,331.97823273683696,174178
2010-07-16,340.7424621582031,343.1504806997236,334.5814810984902,334.5814810984902,221348
2010-07-19,341.2630920410156,345.8404507735812,339.72284688210874,339.72284688210874,341496
2010-07-20,332.5638732910156,343.19376878433576,328.9844186861221,342.00061724937126,138224
2010-07-21,334.6681823730469,336.6423272090022,332.5639073159739,332.5639073159739,171270
2010-07-22,338.160888671875,339.20216878936156,333.43165871685216,334.51634205685497,143126
2010-07-23,334.0390930175781,340.98106641516154,332.9977864153298,338.464579873316,286514
2010-07-26,333.19305419921875,338.6598479769136,329.74375566926744,329.74375566926744,253756
2010-07-27,333.99566650390625,336.8158430000109,333.2146998474438,333.2146998474438,141332
2010-07-28,333.757080078125,336.16507191465473,331.93480668129536,331.93480668129536,153140
2010-07-29,326.6632385253906,335.731175171732,324.64571696201716,335.3840818064006,776770
2010-07-30,325.2965087890625,330.2643634026529,321.95567906104594,327.57434362886585,358926
2010-08-02,328.3336181640625,330.61145297788653,325.4266617720203,327.6394314800784,235334
2010-08-03,327.33575439453125,330.1559311711745,326.72832111156623,327.6394710360138,113984
2010-08-04,327.50927734375,331.8914139297016,325.92565555502455,325.92565555502455,499110
2010-08-05,329.1579895019531,334.0390641249415,326.4679697467568,329.24474297669764,423476
2010-08-06,329.656982421875,333.08459264988227,322.6282285061502,322.6282285061502,149490
2010-08-09,328.5722961425781,331.8480347732017,327.248987667078,329.6569795620911,185392
2010-08-10,330.0691223144531,331.4358338407347,327.44419407148456,328.65903404955407,232090
2010-08-11,326.8368225097656,334.5814784840926,325.42673397880884,331.6962098204458,213090
2010-08-12,325.6870422363281,330.82843086436316,322.02080711601747,326.66325727822294,366086
2010-08-13,324.36370849609375,331.47924208637045,320.91443652086235,324.9711417836276,282032
2010-08-16,318.11590576171875,327.53096157643535,314.796764456397,327.1404650176242,145920
2010-08-17,311.88983154296875,318.11592969472883,308.09343991928324,318.11592969472883,371558
2010-08-18,320.5889587402344,322.97526164294374,310.4363139797349,310.4363139797349,328106
2010-08-19,325.0362243652344,326.48968946659437,319.3958709259444,322.15095605175594,312330
2010-08-20,324.81927490234375,328.8542915229296,322.6932850201885,326.18595998527826,189196
2010-08-23,323.712890625,328.4421206563885,322.93192390389265,323.73460547737216,153462
2010-08-24,324.5155334472656,327.1187731944489,322.15091871393594,322.15091871393594,131696
2010-08-25,324.1033630371094,328.7675011263315,322.9535881713422,323.69117809571026,206734
2010-08-26,327.24896240234375,328.81089581324443,323.66950739429694,323.66950739429694,349366
2010-08-27,323.12713623046875,334.0824369217334,317.4650950308923,329.70032723783726,531948
2010-08-30,324.7107849121094,326.05578153541416,320.220180415222,324.62400495671324,165926
2010-08-31,322.780029296875,328.22513361977485,320.24185474084186,322.36784438796127,261576
2010-09-01,323.2356262207031,326.27273948720637,322.4980362739614,323.2356262207031,223024
2010-09-02,323.25726318359375,327.35737073764597,321.9773317856644,325.4049410910994,108306
2010-09-03,328.31195068359375,330.9151906364466,321.9340075027991,325.8388674320783,339048
2010-09-06,330.4596252441406,332.2818720055311,328.875977031261,331.37074862483587,320280
2010-09-07,330.69830322265625,334.0391336226528,328.5940013918032,331.9131434186013,186890
2010-09-08,327.7261657714844,329.74368708110296,322.8884946723004,327.6611006695269,270308
2010-09-09,328.4637451171875,331.43579282742354,327.59599860001293,329.78705325957424,213982
2010-09-13,333.1279602050781,335.60104365110755,329.74375329649865,329.85222163639884,300448
2010-09-14,325.4049377441406,336.68564225260417,323.66944474283855,334.08240275065106,374166
2010-09-15,324.9494323730469,328.8326039319021,323.6695007667391,327.57436069556036,194570
2010-09-16,313.2782287597656,324.5372468304702,312.3671053706328,317.40002534384246,467178
2010-09-17,312.80096435546875,317.1613857718964,308.09342311002155,317.1613857718964,1149436
2010-09-20,311.49932861328125,315.81637307248576,310.6532704157047,315.4258765254432,411510
2010-09-21,307.2257080078125,319.3307850443606,306.3145845670089,314.558178202665,1104624
2010-09-22,307.1389465332031,310.6533099780535,305.18651651239134,310.63162160746106,433178
2010-09-23,307.5510559082031,310.08923041887,305.1430645633572,307.18227422243785,452782
2010-09-24,308.8744201660156,311.34747684927186,306.3145570428772,307.52939701529743,207082
2010-09-27,311.3692321777344,314.7751275134211,309.1347737468126,311.73801394678577,356200
2010-09-28,309.8289489746094,313.8639923191582,308.57073214717684,312.38881233496534,187118
2010-09-29,305.88067626953125,310.60990582857784,305.05630640754254,309.4167542544768,138010
2010-09-30,299.3074951171875,308.48392630233553,297.203220136568,306.31455973199564,669770
2010-10-01,304.8610534667969,307.13888805740316,301.6070040516451,303.7112787475011,382072
2010-10-04,309.7638854980469,311.9549406331704,307.0955537859726,308.0067037156816,521608
2010-10-05,312.2586364746094,314.16766321065484,310.43636321811397,310.43636321811397,332816
2010-10-06,313.3432922363281,315.2523188045394,311.56439587600136,313.0395756400261,156406
2010-10-07,311.8681335449219,319.2006031614842,311.0871668741789,314.55815339439283,351150
2010-10-08,314.86187744140625,318.3762407834455,310.6749892599846,313.9073508295171,333264
2010-10-11,315.6645202636719,318.4630083994544,313.2565286981009,316.7275151656699,228234
2010-10-12,311.9332580566406,317.1397383864605,310.02420467642867,317.1397383864605,109474
2010-10-13,315.3391418457031,318.37625526066466,311.84646671480283,312.38880839604593,326828
2010-10-14,314.2978515625,319.7212681998876,313.27823334575515,316.72753162343906,395048
2010-10-15,310.13262939453125,316.5973521540318,308.91778945142045,312.9962090620688,87716
2010-10-18,305.1647644042969,311.8681119536793,303.3425177925627,311.47764188610364,469474
2010-10-19,304.101806640625,310.1760328421833,302.4530669149823,305.4468032783602,264014
2010-10-20,304.6224365234375,306.63995798214864,302.04091154665707,305.40342965682567,160362
2010-10-21,307.87646484375,309.74214110841655,304.3621019146083,304.3621019146083,196670
2010-10-22,309.4601135253906,312.822631408071,307.334123884377,309.78551848177904,333100
2010-10-25,312.7358703613281,314.55814352356265,306.85689242350304,310.6099070733251,327158
2010-10-26,312.2586364746094,314.9486563788144,310.21942655618653,312.8226664993154,123474
2010-10-27,308.4405822753906,313.99415598814335,308.0500856587049,310.2411408308168,110084
2010-10-28,300.4356384277344,310.0893214910231,297.3117446794876,310.0893214910231,623468
2010-10-29,300.3704833984375,305.92405639953637,295.9015936585503,301.10807331236646,228248
2010-11-01,303.4292907714844,306.74843220764257,301.54195245305743,302.84357239170373,93140
2010-11-02,302.0842590332031,305.01290355524856,300.2402976674708,304.5790302927233,87476
2010-11-03,302.6049499511719,307.18230814487873,301.54195502922414,303.7981015717911,139548
2010-11-04,303.5811767578125,305.8807001291447,302.8435867945291,305.79392016613605,89878
2010-11-08,319.91650390625,321.50015222574905,305.22990160703705,307.6162050311148,906896
2010-11-09,321.5434875488281,328.44208351513754,319.3307443423266,321.9339841059869,956198
2010-11-10,313.1263732910156,321.06624957196317,301.021297342922,320.6323762617308,1457140
2010-11-11,306.2494201660156,314.53641505540975,305.01289200724347,314.53641505540975,271910
2010-11-12,301.45513916015625,309.22148119457677,300.2402993147249,304.9261252794016,378518
2010-11-15,306.2060852050781,306.7484268366847,300.67420056269094,300.67420056269094,370466
2010-11-16,303.2557678222656,309.677087778674,302.4097095365825,306.81353440723655,162062
2010-11-18,299.1773376464844,304.34044066316704,296.33547274298485,303.27744575014117,276916
2010-11-19,290.998779296875,301.4334251332886,288.78600994530757,299.806400528395,275426
2010-11-22,285.423583984375,294.25292289471304,284.62092884776644,292.4306494563942,570384
2010-11-23,280.0000915527344,287.0505318717269,276.85451048733773,287.0505318717269,418616
2010-11-24,273.3402404785156,283.77489039412745,271.66983849042583,280.28221483987477,580410
2010-11-25,268.50244140625,276.377251229333,262.9271809183293,276.377251229333,740342
2010-11-26,269.934326171875,273.2968447698647,257.7424686566983,268.56761447169345,866528
2010-11-29,272.7544860839844,275.0540094922113,265.37863929586166,270.7369644581517,369726
2010-11-30,267.6781311035156,274.2079188105312,266.0727946369593,274.2079188105312,1577934
2010-12-01,274.48992919921875,276.3338905587036,266.44155902142586,268.1336753321503,485890
2010-12-02,275.01055908203125,279.4143833248692,274.20790413248034,275.6830838295996,228546
2010-12-03,269.60888671875,277.2233580494384,267.3744285689309,277.0714865012954,262880
2010-12-06,265.8993225097656,274.64188276708126,263.6214869891856,272.1471105302555,217994
2010-12-07,262.7319641113281,266.91885193089445,261.19171923605813,266.91885193089445,422882
2010-12-08,263.4478759765625,264.61933919585283,260.8012329283103,262.49334940967685,200058
2010-12-09,259.8683776855469,265.1833247792412,256.5492368670806,265.1833247792412,435196
2010-12-10,261.69073486328125,265.40034689685064,255.55141605806918,261.71242323557124,414186
2010-12-13,262.3848571777344,267.960118043966,259.04402773877825,260.86630074925637,332220
2010-12-14,260.7361145019531,264.5758818716883,259.02231000211765,262.7102323388312,367650
2010-12-15,260.3239440917969,262.23299694107845,258.1545778910319,261.2567821507342,561080
2010-12-16,261.1266174316406,261.92929887151365,259.21759092908354,259.89008920250166,296928
2010-12-20,264.0335998535156,267.2659613380816,260.996486656492,262.3415098183749,232816
2010-12-21,267.0056457519531,269.4136373278196,264.2939375625708,264.6627192837167,201314
2010-12-22,266.68023681640625,269.82581826946495,265.5738387063174,268.1337017917613,140642
2010-12-23,272.68939208984375,273.3835788358865,266.44160544935113,266.8754787860096,302396
2010-12-24,276.5942077636719,277.59211098165196,272.9062849934896,275.07565132889096,557296
2010-12-27,278.3297424316406,280.2821724253154,276.8545625104757,278.11280576567674,208666
2010-12-28,279.5445251464844,281.8874512511075,276.8111290121048,278.1344371068459,151486
2010-12-29,282.66845703125,284.1219220043418,278.5683490197565,279.00222232295107,92674
2010-12-30,280.5859069824219,285.05479729051854,278.11282353610716,285.05479729051854,171582
2010-12-31,280.65093994140625,283.1023347351715,278.8069783741657,282.45152477026306,226454
2011-01-03,283.1239929199219,285.5102958701774,279.8265667085414,279.8265667085414,102182
2011-01-04,288.6559753417969,290.6951856719211,280.2605354228398,286.3564515574148,222926
2011-01-05,289.7188720703125,292.6692049695574,284.6642379515049,286.3563542739143,265696
2011-01-06,286.3780517578125,292.3438093284422,283.3409388127647,287.3108898978294,127366
2011-01-07,275.94342041015625,288.0918728810436,274.6418005025612,284.6208864607901,214438
2011-01-10,270.47662353515625,281.1498960326758,266.832077253234,281.1498960326758,186182
2011-01-11,269.8908996582031,275.42278461627717,268.17709470821995,271.30098798084947,128680
2011-01-12,273.70892333984375,275.50950788159963,269.0447860016907,272.45070683055695,114324
2011-01-13,275.7048034667969,278.11279507008453,271.6046953414554,275.50955517863287,239184
2011-01-14,270.80206298828125,274.6418315572526,269.93431628509876,272.92802652216164,124416
2011-01-17,267.2442321777344,271.19246813861395,266.07276911281275,269.02310190043363,79486
2011-01-18,267.13580322265625,268.9797647967784,265.6606233707484,268.9797647967784,111298
2011-01-19,268.63262939453125,271.0839973322047,266.09445503030355,268.35060119355444,183472
2011-01-20,271.27923583984375,272.88457207994213,267.26590848035784,269.8474594835744,312162
2011-01-21,269.8041076660156,272.4507507501992,269.435325944531,272.4507507501992,66340
2011-01-24,272.08197021484375,272.90634018161245,269.95600666514383,270.73697340751374,75232
2011-01-25,273.6438903808594,276.3339100857963,272.255490551067,274.51163696428904,118300
2011-01-27,267.2442321777344,275.0756390012609,266.3981740485398,275.0756390012609,152190
2011-01-28,268.4808349609375,273.34022198135625,256.85303398883,266.83212145799064,349882
2011-01-31,275.4444580078125,279.4144093544492,264.228843628664,265.964336854468,326722
2011-02-01,270.4549255371094,279.8049168411968,269.0014604963925,277.65723859415425,144012
2011-02-02,271.6698303222656,273.77410564467215,264.7712329154694,268.5676250301934,197802
2011-02-03,274.0777893066406,276.2905327087311,266.8320993610198,268.13371935790286,182728
2011-02-04,285.0330810546875,288.52575596213455,274.5116531117074,276.333926340405,875302
2011-02-07,282.38641357421875,292.36549900993674,280.32551549510305,288.5257310761937,751738
2011-02-08,279.8916931152344,283.31930324170395,275.98683288678825,283.2976148700738,281736
2011-02-09,271.27923583984375,281.5837250060913,260.7578100595699,280.3037936870323,427622
2011-02-10,273.3184814453125,274.0343564773378,263.9468025913715,271.1708033861891,307682
2011-02-11,275.5963439941406,276.81118401955126,267.2659707774977,274.05609897184183,216368
2011-02-14,277.85247802734375,279.7398163312688,274.68518168242093,276.81117149181773,269490
2011-02-15,284.7510986328125,286.35643546124976,275.5096007846873,281.9743248445305,293102
2011-02-16,283.2541198730469,287.2240704116772,281.6054069404016,285.4885775390991,196930
2011-02-17,280.1086120605469,285.01140188886086,276.09528374651075,282.45153864189206,350500
2011-02-18,271.7348327636719,282.01763490177996,269.0014363678517,280.2821417639229,189364
2011-02-21,280.6075439453125,285.9224916273072,267.0706923079274,272.1036382467303,283504
2011-02-22,272.9280090332031,283.27590369448785,271.5613239521833,280.75941723129046,147490
2011-02-23,269.02313232421875,272.906303626013,267.28763913740784,272.8412120388978,395878
2011-02-24,263.0791015625,269.0014835262951,260.80126641973703,269.0014835262951,555848
2011-02-25,259.1958923339844,268.1336707669403,256.41909291789926,264.53252805779874,621588
2011-02-28,255.7683868408203,262.4934250020293,253.88104801399726,260.2372778709946,221290
2011-03-01,263.1658630371094,265.53047798211156,252.40580974851866,256.91810297350503,241880
2011-03-03,261.9293518066406,265.0966220271901,259.0657717517999,261.2134501725484,187022
2011-03-04,267.13580322265625,268.0469265843182,262.0594801811209,262.92722680423714,241752
2011-03-07,267.0923767089844,270.0861128902567,261.71236400377904,266.28972174521294,181068
2011-03-08,269.41363525390625,271.14912848175135,265.5521522293409,266.83208378118167,150978
2011-03-09,270.2813720703125,272.038553603504,265.6606109260644,271.08402706648513,117216
2011-03-10,269.3052062988281,272.9063499767787,268.35067958765916,271.6047298656017,109288
2011-03-11,270.6067810058594,272.03855759161564,266.0077081624453,267.72151298424757,147246
2011-03-14,269.3702392578125,271.7348541404667,266.8754676758846,270.7369508040007,143894
2011-03-15,264.9664306640625,267.6998271686694,263.361094151349,267.6998271686694,181792
2011-03-16,268.95806884765625,270.6067820888076,264.48915267933126,265.74739583999985,132120
2011-03-17,270.5199890136719,271.17079893110656,266.8754428834285,268.95805580443806,49388
2011-03-18,269.50048828125,272.77622734065346,268.1554647760789,268.1554647760789,47472
2011-03-21,268.3940124511719,272.0385587592162,267.35273242139107,272.0385587592162,47120
2011-03-22,272.7978515625,276.68102309575846,268.39402674585875,268.39402674585875,224542
2011-03-23,274.5984191894531,276.78947403442504,270.38984292871567,276.37728910758295,145718
2011-03-24,273.2100524902344,276.8111959817796,271.21421920082224,276.8111959817796,108222
2011-03-25,277.1365966796875,278.1128116973459,273.49205002115195,275.5095716502568,205308
2011-03-28,277.7223205566406,278.54669051370036,274.6201419951321,274.6201419951321,93496
2011-03-29,281.8440856933594,283.2758887716575,277.67891259701406,279.30593747551217,171274
2011-03-30,294.49151611328125,297.6370976850253,280.7160381956434,281.58378483612455,714294
2011-03-31,292.8427734375,300.24030750975214,291.30252860134857,295.0338281887738,584484
2011-04-01,300.6524963378906,301.5419312705133,271.88670301083556,294.1660854696518,329472
2011-04-04,300.1101989746094,302.6917506817663,295.9233105896091,300.26204405322494,167002
2011-04-05,296.0752258300781,316.72758957114576,290.95549840247014,308.48399477408856,151734
2011-04-06,298.0926818847656,300.6742336314422,294.38307001289104,296.5090600352195,261430
2011-04-07,301.8022766113281,302.67002326803873,297.4201665875503,299.3725965651491,135528
2011-04-08,300.3271179199219,303.7113245254719,297.6370980349625,299.91493296890354,150836
2011-04-11,306.5748596191406,313.1046738933593,297.8106402463678,298.91701185218574,773554
2011-04-13,307.5510559082031,309.82889056875086,303.732976440161,305.7938744663708,294016
2011-04-15,304.4272155761719,308.05004708662284,303.7113140290648,307.61617378086703,136178
2011-04-18,302.583251953125,308.48391827835707,301.17316371908186,305.4684935277137,132748
2011-04-19,297.7021789550781,304.14518694467705,295.6195659049017,304.14518694467705,238676
2011-04-20,300.28369140625,304.5790475411059,297.78892000545034,298.8736032231893,368798
2011-04-21,300.8043518066406,303.6462166084524,267.6998245096169,293.7322223549605,202614
2011-04-25,305.27325439453125,306.0976242871352,299.39427626193395,300.80436453823893,247850
2011-04-26,308.91778564453125,310.2194055278649,304.18855614247576,305.07801758130654,345366
2011-04-27,310.7400817871094,314.55816176463696,307.29078354455737,308.93949688922544,300312
2011-04-28,308.5706787109375,312.77925477794224,307.18227893357715,311.41254336804377,318210
2011-04-29,306.66162109375,312.3453768039847,305.57693792174217,310.21938719424026,108058
2011-05-02,311.239013671875,312.3887885556972,306.33625048112543,306.6616554692043,156128
2011-05-03,310.82684326171875,314.9920163564671,307.3124536365954,311.9549032511017,243380
2011-05-04,303.8415222167969,312.3020531128493,302.08434032699955,311.5210863264426,1766770
2011-05-05,293.86236572265625,305.8155692283188,291.6929993339145,304.1234793340142,618538
2011-05-06,298.3095397949219,300.6524658751204,292.88612431438906,297.0947000235867,655426
2011-05-09,303.2991027832031,306.31452729294386,299.3725550030188,299.5027116871504,246660
2011-05-10,302.9303283691406,305.8372846316269,300.73927360884574,304.9261348577903,97324
2011-05-11,311.43426513671875,314.5581583504352,302.0626119770955,305.01294526945645,1986442
2011-05-12,306.2494201660156,313.6903569292134,305.01289200724347,310.65324420652394,324324
2011-05-13,306.4664001464844,309.74216480318483,305.5552767933846,308.89610655729217,163118
2011-05-16,307.1389465332031,309.7855633021372,305.0346449551898,307.59450824175383,102504
2011-05-17,309.113037109375,312.77927178152447,305.012929138309,307.2907639576207,514020
2011-05-18,307.0955505371094,310.826877220272,306.3145838067122,310.30622390616475,600954
2011-05-19,308.07171630859375,310.6532676136994,304.40548180651285,309.1347111379341,512830
2011-05-20,315.5995178222656,320.5890618601279,303.71137621770333,309.00463692808944,4475680
2011-05-23,322.9101867675781,326.5547328910543,316.70580419585946,320.63235206078633,3930402
2011-05-24,320.1551818847656,324.92778912722895,318.9837184471277,323.6695457161494,570232
2011-05-25,318.0508117675781,321.17470476985113,317.16137681426704,319.7646165692405,654916
2011-05-26,315.5995178222656,320.046720116882,313.43015084928203,319.33081842318524,2645036
2011-05-27,325.3832702636719,327.0319834244323,314.5581266769001,315.6211215047336,789106
2011-05-30,333.7787170410156,335.38405351195723,326.2727144126673,327.1404609935521,1018956
2011-05-31,336.6205749511719,337.11953981764265,331.28393888356794,334.08242684631256,517416
2011-06-01,335.7745666503906,341.6318563606633,329.743717022759,341.6318563606633,210006
2011-06-02,339.91802978515625,340.7857763535112,331.2839408374148,332.78080896413184,332684
2011-06-03,335.2756042480469,341.87048393396094,324.6240196585033,324.6240196585033,363896
2011-06-06,337.27142333984375,338.2910415568503,331.91309829333966,336.20845486386406,186092
2011-06-07,337.27142333984375,340.5688765451379,334.03908820835204,340.5688765451379,315690
2011-06-08,332.69403076171875,337.7486651415948,331.9130641423944,336.4253569141946,210286
2011-06-09,335.1671447753906,336.6857014183859,331.0453481729748,335.51423814034143,199364
2011-06-10,340.3518981933594,342.10907967279957,334.08242403050815,335.3840438643932,605276
2011-06-13,347.424072265625,348.8341606013893,340.15669391976274,340.59056725384403,1218904
2011-06-14,344.690673828125,349.70190551532085,341.8921855410333,349.2463438131261,412756
2011-06-15,340.395263671875,347.0986108910122,338.4211456187369,345.3197411028047,591450
2011-06-16,343.603515625,345.7569538393562,338.4836480047513,342.197217093545,364206
2011-06-17,341.0764465332031,346.72371488317987,339.73605350251137,343.3177845342752,260020
2011-06-20,329.43035888671875,342.4168630324266,312.9940144903191,341.0325064328744,704182
2011-06-21,331.9793395996094,339.53828617975233,329.650101245174,331.75960215661877,467262
2011-06-22,329.716064453125,335.73687632631675,326.26619700061127,335.73687632631675,212290
2011-06-23,327.47479248046875,330.9246603483562,324.8599109815572,328.74925382998697,197332
2011-06-24,332.5286865234375,333.69327888885147,325.82669444538345,329.6061677731481,213806
2011-06-27,334.5282897949219,337.9561885534067,330.9245903520354,330.9245903520354,253936
2011-06-28,343.7353515625,344.7681069917422,334.2207079250732,336.98939481538923,394014
2011-06-29,344.06488037109375,345.29540462066103,341.0324930923236,344.98776685241495,186486
2011-06-30,346.0865173339844,352.34903526669456,342.4388806747042,343.66940514942956,1357014
2011-07-01,349.4485168457031,350.61310936789613,346.30626022721674,349.3166529021073,202808
2011-07-04,348.833251953125,353.20603320056057,348.15207112501923,350.9207580278051,294570
2011-07-05,346.28424072265625,351.49200737636147,345.42725933291007,351.49200737636147,126016
2011-07-06,346.9654235839844,351.4920095592817,344.10883681603514,347.932273700897,197398
2011-07-07,362.2151794433594,364.2367530391104,347.1851340962802,351.47001391582285,1315328
2011-07-08,356.5020751953125,365.3794743107102,354.8320757950111,363.44577385346344,419286
2011-07-11,357.974365234375,360.8089844230906,352.4809275909053,358.17213435422514,394658
2011-07-12,355.7329406738281,360.3254584530901,353.3377972556085,356.0845152069114,356512
2011-07-13,360.56719970703125,361.6878553766247,356.8536313071923,358.6115309688041,333376
2011-07-14,361.3143005371094,364.6982358156112,358.1281075052951,359.9079754894178,285814
2011-07-15,361.3143005371094,363.88521797824006,359.49046896884107,363.88521797824006,174392
2011-07-18,364.6982727050781,369.3786916028832,361.0286676404147,362.1273550038974,347664
2011-07-19,365.42340087890625,367.79657620808945,364.3247135641771,364.3247135641771,201548
2011-07-20,360.9187316894531,368.27993565389556,360.0617503408496,367.79652403335865,126220
2011-07-21,353.9311218261719,363.8852396547927,351.16243515000434,360.8748471333937,270942
2011-07-22,358.6554870605469,360.32551328781943,356.6339130701096,359.0510252350949,83238
2011-07-25,362.3690490722656,364.58839210962685,357.337055746508,357.337055746508,125254
2011-07-26,362.47894287109375,365.5992311917164,355.9747188057474,363.2260556703089,386414
2011-07-27,365.8189392089844,368.23605130249456,362.12733910043687,364.76418865699344,272326
2011-07-28,365.2696533203125,369.99400952298663,363.44582135921246,364.7642463460052,882876
2011-07-29,362.3250427246094,368.89519704742327,360.36937429212134,365.22556598344784,240958
2011-08-01,360.5452880859375,366.45620516991596,358.28198118593593,362.56686228567577,104860
2011-08-02,358.43572998046875,363.59956023223504,357.4908750071763,360.0837609118835,292466
2011-08-03,355.8208923339844,358.06220377615114,350.2615236693372,357.73259757445476,219744
2011-08-04,352.5687561035156,358.67746824745393,351.71177464110406,357.29311151406444,150204
2011-08-05,351.5579833984375,354.9639141813134,339.5383277028805,350.7010019012876,618392
2011-08-08,343.515625,346.74575533746236,329.6501680775133,329.6501680775133,396746
2011-08-09,333.93499755859375,342.52675345442844,332.2430298949779,336.1983040603943,364418
2011-08-10,342.15325927734375,343.66945340706,335.78087171416934,335.78087171416934,178764
2011-08-11,336.0005798339844,343.6254865868532,334.90189241916954,342.61467270648495,120310
2011-08-12,335.34130859375,341.45002027852297,334.0009155473555,339.2746142138927,120910
2011-08-16,324.0468444824219,339.2526938853896,322.33290826708895,337.5167624637626,286398
2011-08-17,320.9704895019531,329.05683856808605,319.2345850677421,327.8043458050746,211224
2011-08-18,318.6632995605469,323.0141126232088,307.1490764604726,322.57463764004797,513702
2011-08-19,315.0595703125,317.3008815999741,310.7526947821858,314.2904892282895,151794
2011-08-22,315.34527587890625,319.93779492068063,312.4886884242573,314.20265162641664,398656
2011-08-23,315.2134094238281,320.333303345651,308.73115387973405,320.333303345651,169810
2011-08-24,314.3564147949219,318.46552152016756,310.26930327510405,315.5649708629198,206042
2011-08-25,307.1270751953125,314.68605012128296,304.55615732389583,314.68605012128296,535848
2011-08-26,307.6544494628906,312.68644326808067,303.25969973319167,307.63248107892684,364966
2011-08-29,311.52178955078125,314.6640459908119,307.2808726227508,310.6868032881541,225602
2011-08-30,318.707275390625,320.7728132554782,309.9617121605431,310.9724992959403,381386
2011-09-02,321.2781677246094,326.5298989198351,315.6748619221492,322.8602936922991,206670
2011-09-05,323.36566162109375,324.39844384373714,315.43314416830975,318.35566330411433,218786
2011-09-06,322.1790466308594,324.2885476630901,316.9493112822886,323.38760263650744,74056
2011-09-07,321.1683044433594,328.6393789736505,319.95974826934173,324.7500361975449,232758
2011-09-08,322.5086669921875,329.5622610848836,319.7619486767828,329.5622610848836,95562
2011-09-09,316.88336181640625,326.9693158348671,314.88375644580947,317.300868323621,131866
2011-09-12,313.1918029785156,316.8833761006188,309.03875974565733,316.8833761006188,162118
2011-09-13,311.7855224609375,318.00407718499883,310.7088034210314,316.8614529937251,194174
2011-09-14,318.2897033691406,319.4762909900851,309.87374811851754,312.4886291960719,111862
2011-09-15,320.3552551269531,323.84908618010707,312.02719985075925,312.02719985075925,168430
2011-09-16,316.42193603515625,326.3101215362549,315.10351130167646,320.8166851467557,326968
2011-09-19,318.795166015625,319.7180527581343,312.64251620309733,314.6640904121295,137322
2011-09-20,321.6517333984375,324.46435704353127,319.16868914935225,319.16868914935225,149488
2011-09-21,327.27703857421875,328.6394003478022,319.14675105659234,319.9378006936223,294230
2011-09-22,315.2572937011719,325.14547847804107,312.2688698888461,323.05797280292427,193938
2011-09-23,315.8286437988281,317.7403488613651,310.7087505463141,314.1366493602177,84270
2011-09-26,320.3552551269531,321.4759108321555,308.4674636522528,317.3008990031664,205160
2011-09-27,317.6304931640625,324.288548821048,313.5873186024095,322.2669481285115,256926
2011-09-28,321.9373474121094,324.7719660119451,316.5537796399222,317.7623356704132,291080
2011-09-29,327.3648986816406,329.0129297325482,315.14747369884185,322.13513608405856,361180
2011-09-30,323.23382568359375,336.06649958663434,319.38841987158634,328.57345705477866,607600
2011-10-03,320.0036926269531,322.5746103314247,315.6528799326237,322.5746103314247,218122
2011-10-04,315.6968078613281,323.8710577213542,314.31247791436925,321.6297194656636,235674
2011-10-05,315.0155944824219,319.4543069470865,314.2465134281077,318.5313935878583,67974
2011-10-07,318.0919494628906,321.6517124954668,317.38880030316795,317.7403748830293,95450
2011-10-10,322.1131896972656,323.3656826521144,316.46592014980564,316.6417208699427,141108
2011-10-11,320.025634765625,324.6840580813683,317.1031158853147,318.17983477929323,141518
2011-10-12,325.01373291015625,326.9694020370252,320.81675199869403,320.83872038414586,274144
2011-10-13,323.0359802246094,327.3648235522546,321.32204441906265,327.2769232183614,228752
2011-10-14,322.99212646484375,323.4535698070851,320.15750761475744,321.0364575327115,481998
2011-10-17,320.3992004394531,326.0025059383939,319.14670758670565,324.7719814680167,128570
2011-10-18,318.3116760253906,319.8498382300921,314.22456467472506,315.54298942161205,383384
2011-10-19,319.5861511230469,321.23418199020017,317.344813049667,319.80588857200064,191008
2011-10-20,319.498291015625,322.7064528096944,317.74039120260915,322.7064528096944,148110
2011-10-21,319.1906433105469,321.95933006572204,316.4658933199691,317.91618207958516,217440
2011-10-24,316.55377197265625,322.0472083418312,315.69679053438097,320.04760286813547,64762
2011-10-25,316.0263366699219,319.8937365977313,314.246468989177,316.88331794536634,284018
2011-10-28,334.5063781738281,335.7588710866014,323.0140971840995,329.5622848495817,331878
2011-10-31,338.81317138671875,341.9114639926626,334.3744589092153,336.1982904298032,271878
2011-11-01,334.2646789550781,340.9886680080496,332.81441679943896,339.05496725158025,226482
2011-11-02,335.2534484863281,342.3290111404817,334.44043057369765,338.6154425190986,577794
2011-11-03,338.3736877441406,340.10961887724926,334.55025094014115,335.14353129618513,324234
2011-11-04,339.076904296875,340.59309829266897,337.16519892614997,340.15362332713005,299358
2011-11-08,336.1983337402344,340.46124608175575,334.4843707212095,340.46124608175575,194614
2011-11-09,334.3744812011719,339.23070051208987,333.53949494960005,336.22028122460375,335322
2011-11-11,324.6401672363281,334.00097877683635,323.14594160190444,334.00097877683635,376046
2011-11-14,320.4431457519531,329.07881175787196,318.6193141210645,329.07881175787196,210544
2011-11-15,320.06964111328125,324.2886172597717,317.30095394355584,324.2886172597717,266108
2011-11-16,313.5873718261719,321.36608446613974,312.0272409859271,321.36608446613974,385268
2011-11-17,313.87298583984375,318.48747239121474,310.7746930914643,318.48747239121474,250382
2011-11-18,313.01605224609375,318.1139512479347,310.0056593841881,318.1139512479347,159500
2011-11-21,312.4666748046875,315.9605058581161,310.33523212645713,313.0819504352184,186086
2011-11-22,312.9720458984375,315.10348833282796,311.5876892998257,315.10348833282796,137614
2011-11-23,313.5213928222656,317.98204679864216,305.52294457267766,308.53333679724415,382976
2011-11-24,318.6192626953125,321.651649855848,304.6000044073524,313.4774016429946,395690
2011-11-25,322.9261474609375,325.21142227947706,313.43350045890406,316.6855985876475,197640
2011-11-28,323.5634460449219,329.6062268708882,322.5086953895657,329.51832651237123,308096
2011-11-29,324.50830078125,326.551843122654,317.4767018635494,323.56341894731554,227000
2011-11-30,328.8152160644531,329.6062657375379,320.3772902968868,324.552302996229,387766
2011-12-01,333.5174865722656,336.1982725257841,329.6500862923203,333.09998008483774,388976
2011-12-02,335.5390930175781,337.2090923070747,330.0676250359081,334.0228992168619,147098
2011-12-05,334.8799133300781,336.19833818570834,331.8035886669409,335.3193882819549,66056
2011-12-07,330.85870361328125,339.2746595902582,327.848310951208,334.85794173100203,431116
2011-12-08,324.5961608886719,331.75962344864547,322.6185237748333,330.485135468137,195646
2011-12-09,320.552978515625,325.18943299484755,312.4446618599401,325.18943299484755,209978
2011-12-12,324.0468444824219,325.12356347736187,317.7403896631515,321.7176326061455,221810
2011-12-13,320.9045715332031,325.1235197674316,320.06955850895724,323.8929954343999,82388
2011-12-14,321.4319763183594,324.5302692274,318.39958855513254,323.8930252106731,129898
2011-12-15,326.6837158203125,327.672534525817,317.74041070211905,322.1790972730141,234738
2011-12-16,332.4627990722656,338.32977891476025,325.2773943821612,329.4963431651436,614692
2011-12-19,325.89263916015625,334.87990712417036,324.88185215425585,330.5290944518498,250630
2011-12-20,324.5742492675781,330.48519326174505,323.673330900632,325.8926742406968,265894
2011-12-21,328.88104248046875,331.8035613996483,326.28815657153024,328.2877620735593,224652
2011-12-22,330.35333251953125,332.4628069610769,325.67291347008876,325.67291347008876,93830
2011-12-23,333.42962646484375,334.8359515705592,330.4851391423752,331.4300209477488,141662
2011-12-26,334.1108093261719,335.31936536122214,331.8914663355818,335.31936536122214,148440
2011-12-27,337.8243713378906,339.05489573088187,332.7044778667666,334.8798840530551,517902
2011-12-28,343.58148193359375,344.7680695644652,337.0552901989308,337.0772585799169,579238
2011-12-29,337.6266174316406,346.9654597621611,334.55029289923385,343.2299228299529,848460
2011-12-30,341.31817626953125,344.4604055673715,331.89143472917453,335.97854574834923,446030
2012-01-02,343.49359130859375,345.822829874292,304.99559853421914,332.77041921210594,164758
2012-01-03,344.50433349609375,347.07525054856893,341.9333896202034,347.07525054856893,157968
2012-01-04,344.50433349609375,347.20708763423676,342.94417637487675,344.98774508468074,290132
2012-01-05,339.450439453125,347.0972869786913,338.61542637448815,346.3062374861735,351586
2012-01-06,338.54949951171875,341.91149343488775,336.24225614342424,337.9781874709205,312006
2012-01-09,348.1740417480469,349.38259790431965,338.9450674637818,342.0653289924259,282394
2012-01-10,349.11883544921875,350.26145934255055,345.4272359388265,348.5474966791364,354906
2012-01-11,347.9981994628906,351.14045582321734,345.471218710721,349.4264929315082,138162
2012-01-12,342.1752014160156,348.8991899256463,341.0545456055517,347.1852268107554,284504
2012-01-13,342.5487365722656,346.0425676000459,341.0325427122756,341.0325427122756,205604
2012-01-16,342.76849365234375,344.5483618405345,339.1208569210124,342.76849365234375,134556
2012-01-17,340.85675048828125,346.218350085631,339.99979581966613,345.31743182925266,190042
2012-01-18,344.39453125,349.1628233951917,340.9666054206123,342.35096214582046,353906
2012-01-19,343.3836975097656,347.141229310146,342.3729106188021,347.141229310146,66872
2012-01-20,341.6258239746094,346.2623059159176,332.7264566976356,344.9438811341437,526156
2012-01-23,346.35015869140625,348.74530226614365,339.1208180298882,339.1208180298882,138902
2012-01-24,349.206787109375,351.05258727763703,345.86678819417506,347.53678765177506,282018
2012-01-25,353.62353515625,357.6447149218943,343.2738784520597,351.1185225347044,617194
2012-01-27,359.2926940917969,361.40216821753097,354.326633156122,357.4908577564325,273226
2012-01-30,345.25152587890625,359.3147249260865,336.19835222165335,359.3147249260865,792224
2012-01-31,345.16363525390625,350.59114013808215,340.59308506049973,345.2515087848616,908200
2012-02-01,348.4376525878906,350.4592531572641,343.7792295262976,347.66857153749623,280146
2012-02-02,343.7353515625,351.09655716111274,342.35099470563057,350.6350869932076,110258
2012-02-03,343.4496765136719,346.3062637143614,341.82361381936414,343.40573974764567,165612
2012-02-06,344.7241516113281,346.7457255939139,342.35097622010005,346.7237572117291,125348
2012-02-07,340.43927001953125,348.50362436855227,338.48360118897045,348.0641494324002,199532
2012-02-08,338.19793701171875,341.4720307016636,332.7045002243689,340.4172801091237,157932
2012-02-09,337.2310791015625,344.0209721809635,336.2202921203666,344.0209721809635,190340
2012-02-10,331.6058044433594,341.4500536455927,330.0456738000673,341.4280852636857,298840
2012-02-13,328.2878112792969,333.1220360772517,327.40886131603236,331.62781041033236,482600
2012-02-14,322.31097412109375,329.518347991075,320.8167483991796,328.09005424820197,497080
2012-02-15,320.72882080078125,329.16674540687023,318.1798713946249,321.3221280914962,1829332
2012-02-16,325.0795593261719,329.16667015973354,320.20137228582934,324.2225779844371,1024196
2012-02-17,332.7485046386719,337.7365351242138,324.3325477185033,328.66136570868235,1127116
2012-02-21,332.6385803222656,339.2746409376625,330.2214682430465,335.86871028058107,403634
2012-02-22,324.6401672363281,334.00097877683635,320.9925303327921,334.00097877683635,531854
2012-02-23,318.0919494628906,325.0796115901016,316.3340497401629,324.991711239281,911288
2012-02-24,316.7295837402344,323.0140698016226,315.8945706535558,321.69564502692214,200212
2012-02-27,314.81787109375,319.9377650132346,312.2908901200878,319.9377650132346,489036
2012-02-28,317.9161682128906,319.4762988159512,315.3012870712824,317.3668245622763,254428
2012-02-29,319.84979248046875,325.87060332808494,317.3887440343299,319.05874311016817,569756
2012-03-01,326.9913024902344,327.8482839322211,319.56419258099606,319.56419258099606,541624
2012-03-02,324.70599365234375,329.0348371716628,323.27770033943784,327.40877480459415,304966
2012-03-05,318.75115966796875,324.7500031599122,318.1798476266934,324.6401344279969,224188
2012-03-06,317.8502197265625,322.48667453210373,316.4438946893934,318.17982589980124,186242
2012-03-07,322.1571350097656,323.0141166021706,316.42199177355485,318.94897295785756,120410
2012-03-09,327.3428649902344,328.2877467443682,323.036016381565,325.18945409760914,186698
2012-03-12,327.93621826171875,330.4412308811783,326.31015555621536,330.02372430736455,103492
2012-03-13,325.3652648925781,332.17712654198743,324.2446091471984,328.0900149170262,369544
2012-03-14,324.22265625,329.1667496187733,323.08003206747503,327.84832472043377,221862
2012-03-15,320.9266052246094,325.21148629402387,319.27857404406535,321.2562114607182,183094
2012-03-16,318.81707763671875,323.01405764690276,317.74035874654516,323.01405764690276,275504
2012-03-19,316.8174743652344,329.5842151770269,316.4439045964835,329.5842151770269,92302
2012-03-20,322.9481506347656,324.7719823747639,314.24655214150636,314.6640587013951,160450
2012-03-21,327.3428649902344,328.6173529157983,320.8166735252862,320.8166735252862,304426
2012-03-22,326.1563720703125,328.72729001283454,322.5966085844076,327.364928283595,335634
2012-03-23,326.8814392089844,328.63933888402426,321.25616561354076,325.38724057925265,324962
2012-03-26,326.7496032714844,329.5622534910173,324.33249120962404,329.12277857067903,130048
2012-03-27,330.111572265625,331.80353985205954,325.43115398735114,327.7164287655854,342080
2012-03-28,326.3321228027344,335.75886596176423,324.3544855032214,330.48516649639623,297412
2012-03-29,327.1671447753906,330.0457004465581,323.9589828787439,326.50793232443215,497388
2012-03-30,336.6597900390625,339.2966398170437,325.05766710999916,326.55186589013465,893634
2012-04-02,336.4620056152344,340.5051804553241,334.7920061965991,337.51675620775234,151114
2012-04-03,334.5282897949219,339.6261877615487,330.814721630139,337.8682882112059,342352
2012-04-04,336.76959228515625,338.3956546918657,328.8590445131386,328.8590445131386,150118
2012-04-09,332.6385803222656,336.7696285090604,331.43002428265606,336.7696285090604,109510
2012-04-10,338.923095703125,339.71414526920955,331.62779524753324,331.62779524753324,200052
2012-04-11,340.505126953125,342.79040166222336,337.51670317511224,340.1535524186678,392974
2012-04-12,350.78887939453125,355.0517913967616,341.8895124450143,341.8895124450143,1055988
2012-04-13,353.4037780761719,366.74183156240434,351.4920460237052,351.5799463749832,803490
2012-04-16,355.88677978515625,358.2379866677383,352.50281758464394,355.53520521884514,212722
2012-04-17,355.79888916015625,358.08416413875534,351.579940602297,358.08416413875534,247604
2012-04-18,359.512451171875,364.32470688687425,357.2931082014822,357.5567824228163,234570
2012-04-19,372.4989318847656,373.50974566064747,356.5899612214731,360.36943480838806,635022
2012-04-20,366.1925354003906,374.63046057268133,360.4134285527908,373.86137934021724,332988
2012-04-23,364.89605712890625,371.79581942620484,361.8856643558293,364.7642200044327,245340
2012-04-24,362.10540771484375,366.9396323957731,361.31435813174005,365.22566927952874,158018
2012-04-25,362.61077880859375,366.21447884569534,359.46854893828385,362.1713038485429,360910
2012-04-26,363.9950866699219,365.55521720343086,359.95191221696365,360.5891561879516,400006
2012-04-27,365.09381103515625,368.2360676253753,362.6766988345022,364.76420482597615,217288
2012-04-30,376.2784729003906,378.8054539659481,364.8301553506801,369.99398622377583,520692
2012-05-02,380.6952209472656,386.03485295745463,377.9265337959706,377.9485021814124,584290
2012-05-03,380.8710021972656,383.5298204619361,374.87215799009437,380.14585775079905,202178
2012-05-04,378.2121276855469,395.52745128215673,375.7510787180489,395.52745128215673,310558
2012-05-07,378.3439636230469,382.2333058767304,369.59840211822967,382.10146876741265,350110
2012-05-08,364.7861633300781,382.2552919435554,358.3698400278298,380.1458176266122,617298
2012-05-09,361.7757263183594,366.06060639525236,355.97465254188216,360.3694013386955,228306
2012-05-10,360.7650146484375,366.0167190964265,357.86446374397303,363.8852762151156,239862
2012-05-11,361.2264404296875,365.5992215458128,356.50208471833184,364.676308056983,103218
2012-05-14,387.5509338378906,390.20977846908403,373.55366885770786,373.55366885770786,1241700
2012-05-15,394.3628234863281,400.2737667461493,379.8821457893209,388.4958438142039,1342570
2012-05-16,389.68243408203125,392.40718407065555,380.67319782545565,388.97925808502606,404508
2012-05-17,394.25299072265625,401.680128555514,390.53944862965125,392.40721727993673,586664
2012-05-18,401.89984130859375,403.8115466095063,387.6608422157493,390.6932300965991,469772
2012-05-21,407.8326721191406,409.59057156793006,393.3519700450546,393.3519700450546,342146
2012-05-22,406.7559509277344,413.1063680134759,396.2744862559081,413.1063680134759,394214
2012-05-23,414.84234619140625,417.06168911971974,406.07481638210857,406.95376620111745,685402
2012-05-24,413.5458984375,417.8527472754594,407.08561176885075,412.2274736815887,382328
2012-05-25,416.68817138671875,417.69895837505027,413.4799828944968,415.9190902485546,302344
2012-05-28,412.5351257324219,417.5011871197941,409.30496887486333,417.5011871197941,394236
2012-05-29,407.6349792480469,416.5343468707171,405.1958986717031,405.1958986717031,356414
2012-05-30,408.294189453125,411.3046088995294,403.6577341802464,403.6577341802464,294788
2012-05-31,410.24981689453125,417.6989217732614,405.877036298888,408.99732416578485,1041792
2012-06-01,399.3508605957031,412.5570764257942,397.32925989280034,408.71167091982807,243774
2012-06-04,406.66815185546875,408.6018524485365,395.06602876733257,399.19707738208865,201440
2012-06-05,412.60101318359375,416.0948441222332,406.1187581878903,409.4148200501124,378020
2012-06-06,409.98614501953125,416.1607620010547,405.9649389543773,413.10640608077364,346838
2012-06-07,415.6114501953125,419.25908678060625,410.03011317222814,411.7880129071573,700694
2012-06-08,412.2494812011719,418.40213064621423,410.0960699894608,416.22672422774684,236668
2012-06-11,404.7784118652344,414.4248927287483,403.4819553515043,411.7880429340797,265826
2012-06-12,410.3817138671875,411.7880391092998,400.42762207882333,403.89945818216916,365680
2012-06-13,402.8227233886719,411.7880229856034,400.9549548745963,411.348548041115,214086
2012-06-14,402.14154052734375,408.2282845713499,400.99891640690174,400.99891640690174,284616
2012-06-15,405.6792297363281,407.2173917357106,399.28487593215016,405.5693610220865,460954
2012-06-18,403.328125,410.403660783843,399.92219422500676,410.403660783843,243364
2012-06-19,415.5015563964844,417.0616869524339,400.9109841120736,403.32809610178737,336442
2012-06-20,421.8519592285156,425.41169512154954,414.0073163184317,415.2818042335972,712684
2012-06-21,416.7540588378906,438.77176829538155,413.58983406768243,432.8827936723991,514742
2012-06-22,418.885498046875,421.89589028464286,412.24941117855514,420.5774656275034,163010
2012-06-25,416.8199768066406,423.5878742137816,416.1827328330782,423.4780054881129,206426
2012-06-26,430.7952880859375,433.73977539928336,416.7101223379928,417.4792034439866,470980
2012-06-27,435.6295166015625,439.5188589334037,431.1248986493143,431.1248986493143,596102
2012-06-28,432.77294921875,439.03546714346913,429.82846174209243,437.2775673751269,446960
2012-06-29,450.5277404785156,453.9776079899224,433.2563540691455,436.5524160826251,780658
2012-07-02,459.2073974609375,463.1846136697299,448.5061660669377,452.6592098129155,567850
2012-07-03,452.2417297363281,461.3608351702332,447.385509962185,460.503826808819,402242
2012-07-04,452.8349609375,459.5369533585734,448.7258544082325,448.7258544082325,350950
2012-07-05,454.9444580078125,456.9660857451753,450.4618348659337,453.53815959184743,110360
2012-07-06,448.70391845703125,456.5485354891297,446.7262812062412,455.2960426263314,97812
2012-07-09,445.4957275390625,451.9560141664114,444.3311082827515,450.0003454262948,230318
2012-07-10,458.4382629394531,465.4039295312086,443.86965894855587,444.748608768256,577542
2012-07-11,461.1850280761719,466.70040656817,454.30723430746855,454.30723430746855,407720
2012-07-12,461.7782287597656,465.62363394810535,457.16374253375795,461.0091477220977,271614
2012-07-13,459.8006591796875,461.7782964234711,444.6168052615444,452.6591913549134,249432
2012-07-16,465.1842346191406,469.71084806330794,460.6576211749733,461.36082401251565,287916
2012-07-17,465.9093933105469,483.1587856289086,463.69002328600646,470.6776859354254,198454
2012-07-18,465.4479064941406,469.7987192068092,463.2505317551004,468.50228956951315,539334
2012-07-19,472.65533447265625,474.19349688144683,458.83386800097674,458.83386800097674,226030
2012-07-20,475.90740966796875,479.0276709235151,470.6776473019125,472.5674109486961,267232
2012-07-23,469.9085388183594,480.7855426394998,468.56811890893795,476.9621324520162,208162
2012-07-24,480.8075866699219,482.41162730714785,466.45871893754116,466.45871893754116,271568
2012-07-25,483.8179931640625,485.37809708063605,476.346918859957,480.32413505138817,372678
2012-07-26,481.1940002441406,489.5103628215571,477.991991643441,487.8648967355104,377420
2012-07-27,473.45574951171875,492.6234479082416,471.8992069968845,479.39283653215045,317840
2012-07-30,485.8192138671875,487.4869381543406,471.94371522533385,475.81286814426903,187050
2012-07-31,487.7315673828125,495.3141764911735,483.41774172471884,484.7741793665241,406492
2012-08-01,490.68890380859375,494.09107191201156,485.21880120174694,490.97798685045973,165814
2012-08-02,491.9120178222656,493.64646219566987,489.42156004174296,491.44508752536586,76958
2012-08-03,496.2924499511719,498.98306663347137,489.2213429719766,489.4214481552008,245878
2012-08-06,499.9837646484375,506.98820698173785,494.93612976106823,503.25249354639715,605770
2012-08-07,490.4221496582031,503.0968549542891,488.7544252771392,502.45202324210555,249532
2012-08-08,495.9366455078125,498.5382840361503,484.79622770424857,489.64375622105393,339386
2012-08-09,497.38214111328125,500.3395832711128,494.02443423768455,500.3395832711128,299242
2012-08-10,501.051025390625,503.5859442362796,496.31467822205644,498.9830367071213,254250
2012-08-13,504.00848388671875,506.0986763886319,498.09360066367987,501.67367013360774,149728
2012-08-14,507.6552429199219,515.0154873861316,501.807079242021,501.807079242021,436154
2012-08-16,520.8192138671875,523.287467754856,507.6775778457738,509.58986929857645,578310
2012-08-17,522.6869506835938,531.6704020945864,519.8851526964212,525.6665957974079,656430
2012-08-21,523.3096923828125,527.9126554535853,519.6852145503708,527.9126554535853,282936
2012-08-22,512.7918090820312,523.8877113032203,511.5465534181062,523.4652429286164,213382
2012-08-23,526.6005859375,534.4277607091692,514.7931310979343,515.8604311625139,947806
2012-08-24,524.5771484375,530.7810612039441,520.752457226405,528.3573235696605,220854
2012-08-27,528.00146484375,533.3826438995079,523.4874806291155,527.4455567948515,182772
2012-08-28,502.8967590332031,533.2270852885848,486.9532702254022,533.2270852885848,2386924
2012-08-29,513.8814697265625,515.8382771802459,499.2944188404527,504.74231845460275,623248
2012-08-30,511.2574768066406,515.7937188210733,507.9442867236953,514.1259947616259,392364
2012-08-31,506.96588134765625,520.7746589644771,499.04978332298293,499.04978332298293,447448
2012-09-03,496.11474609375,511.1242678075031,493.64649191899053,511.1242678075031,350318
2012-09-04,495.13623046875,498.09367250683977,476.25761254291496,496.5593878200822,1120566
2012-09-05,498.493896484375,505.07581547491293,484.4182932634374,485.9748358628609,618680
2012-09-06,504.72021484375,508.6782923287685,492.801520587542,506.5658410388449,434408
2012-09-07,513.1920166015625,515.8826330840974,505.2314573316987,510.545916190124,433872
2012-09-10,515.371337890625,522.5536823395113,512.5695932729534,520.0854283375531,279880
2012-09-11,507.7886962890625,520.7079674440971,505.43162432408565,520.7079674440971,353028
2012-09-12,506.45452880859375,514.7041723041568,501.6959229781269,507.8776318060253,547066
2012-09-13,496.8483581542969,506.98814272393383,494.09107593534253,506.98814272393383,576306
2012-09-14,493.37957763671875,502.9411971479423,489.2880613661519,495.87003511694553,655158
2012-09-17,479.059326171875,498.09364058065216,471.4767725197033,498.09364058065216,1036126
2012-09-18,487.1311950683594,492.3122700141657,478.97047407882246,482.55054436996886,338650
2012-09-20,476.3465881347656,495.51429123159556,473.4114038160336,489.19919605226585,793004
2012-09-21,478.2588195800781,483.55107501994996,471.8547480514893,476.74673884184404,671216
2012-09-24,464.9170837402344,480.70487414327073,455.844652482036,475.8573445422229,1136930
2012-09-25,472.966552734375,479.41508589342385,461.2257642630798,464.73911387627817,404546
2012-09-26,474.30078125,479.415135665729,469.29760845200417,475.85732389826535,536538
2012-09-27,474.2563781738281,482.97300722566035,472.41075223338646,474.9901877992936,698156
2012-09-28,481.46087646484375,490.3109442757918,467.42978859141505,476.30206015362637,939832
2012-10-01,499.00537109375,500.1838528413211,482.5282332122186,484.24041931119797,710372
2012-10-03,503.87506103515625,508.63361227063876,497.11524080174064,499.11650979967374,925600
2012-10-04,503.1636962890625,511.1020554022694,496.1369941515721,496.1369941515721,778240
2012-10-05,487.2200622558594,504.9868614248247,483.61773474140386,504.9868614248247,262930
2012-10-08,489.354736328125,498.98307478744056,482.28357494548305,489.64381937698045,336856
2012-10-09,504.03076171875,507.0549235967194,488.30969099467137,495.82557960982007,353034
2012-10-10,499.89483642578125,513.4367364293504,495.64767670031273,506.5434757843483,423912
2012-10-11,497.3153991699219,504.1419399575535,494.95832704957394,500.76202947939373,361090
2012-10-12,507.9221496582031,510.10132047246697,495.8700717757634,495.8700717757634,461564
2012-10-15,506.6769104003906,532.9602350306511,505.34273093400276,532.9602350306511,415130
2012-10-16,498.538330078125,515.8381991337762,496.3369559557389,515.8381991337762,193210
2012-10-17,501.2289733886719,506.3877894149154,498.5383566177259,502.54089471724376,259614
2012-10-18,505.43170166015625,509.07843749326753,500.31734656196727,501.6515261527992,251494
2012-10-19,501.3846130371094,508.50023627187295,496.8483706522094,503.1190570581624,200724
2012-10-22,516.7499389648438,519.3293743999965,498.53841036385876,501.0511259659138,563266
2012-10-23,515.6826782226562,524.332587661019,513.9704376231234,516.7722365242613,356790
2012-10-25,511.8580322265625,521.2195483902033,509.14521096368395,515.8828294647063,706900
2012-10-29,514.7263793945312,520.7746479667974,510.6793797512579,518.1285474313978,396426
2012-10-30,516.2607421875,520.2855386927355,513.7480266267239,517.5059980918553,243130
2012-10-31,533.2938232421875,534.1165564557497,514.5708473996962,518.084143516416,1191476
2012-11-01,533.6718139648438,540.3427116394043,520.3300186157227,534.2277221043905,561086
2012-11-02,530.6032104492188,540.7874588123954,527.0898600154715,537.1851847880848,436882
2012-11-05,510.01239013671875,530.5809914965871,490.97807354150575,526.5561948126293,937042
2012-11-06,506.49896240234375,514.3038789907356,502.0739016727261,507.4551351229674,951340
2012-11-07,516.0161743164062,519.0180781602901,506.5434782494342,510.50155491598736,451964
2012-11-08,517.839599609375,520.040974290915,508.344698735721,511.4577845492409,290080
2012-11-09,518.5066528320312,522.5536532464012,512.6140265294655,519.8630361251622,614896
2012-11-12,528.5574951171875,533.2271238077474,508.18899778034387,515.882788671382,1049840
2012-11-15,532.1597290039062,540.0536245266719,526.1114593482694,537.6743485647148,1132714
2012-11-16,521.0860595703125,536.8961096115816,516.5276125845857,532.3599206677773,436668
2012-11-19,518.43994140625,523.8655832425836,511.94694506286066,521.8421101465314,271044
2012-11-20,516.79443359375,522.5536198591651,512.324910704475,518.1063550092998,222608
2012-11-21,522.1978149414062,526.9786246365672,514.192738242532,516.349705116716,299138
2012-11-22,522.9984130859375,527.0009519615952,519.4406007520196,523.1985183145572,318680
2012-11-23,521.0860595703125,528.9577518159704,519.6406983309357,523.4431319219975,453626
2012-11-26,523.620849609375,527.0007592329539,519.4404107882617,521.2415743387701,858570
2012-11-27,523.5098266601562,529.0689080835366,522.5313957568986,525.6667393948469,722426
2012-11-29,525.0885620117188,532.7823522527334,518.7290055717611,524.8661987595265,1823112
2012-11-30,526.9564208984375,548.9703818208972,515.9049786464597,524.888431893596,7061922
2012-12-03,520.730224609375,524.332498089817,516.7721482445863,523.4207871286152,432690
2012-12-04,521.0860595703125,523.8878584571904,517.7061487604282,522.4424972178135,346694
2012-12-05,519.01806640625,523.8655416659021,516.6165325279493,522.1311518034803,201234
2012-12-06,518.64013671875,522.0645640950842,509.2119545591097,519.4629243551381,512718
2012-12-07,525.4666748046875,530.4475904299688,511.43553049211,516.7945071137343,251410
2012-12-10,525.5999755859375,528.5574175133228,519.4849865318288,524.8439622907713,166776
2012-12-11,517.3057861328125,532.7822883441107,514.3928604512486,521.3973020551048,274036
2012-12-12,522.1756591796875,523.8878454400556,514.3262251709883,517.2169475779157,1515652
2012-12-13,504.00848388671875,524.7771864135199,498.8718719147169,524.754928376904,401190
2012-12-14,502.7410888671875,508.7671551207119,499.0943530019396,502.830066746771,266198
2012-12-17,487.7981872558594,506.0986912094571,479.0148400226548,506.0986912094571,926648
2012-12-18,487.8205261230469,491.08925515716174,481.3497336018748,489.99969690842505,463986
2012-12-19,492.6902160644531,495.4252947521279,483.0841350309685,489.26584391103916,384942
2012-12-20,497.7155456542969,502.1628095134464,494.0910147515122,495.8476622607207,301522
2012-12-21,478.3033142089844,497.80455888656405,475.5015157578727,496.15909267743416,579212
2012-12-24,473.9228210449219,482.55052628399244,471.9882715643853,479.08163775565436,343892
2012-12-26,470.87640380859375,508.50025196603525,469.2531413504841,508.50025196603525,299428
2012-12-27,482.37249755859375,486.4862167325064,464.7390850528386,475.7238053480223,2316586
2012-12-28,479.65972900390625,488.95446827474814,475.4792895630307,486.04154263252934,405128
2012-12-31,491.1559143066406,496.31473039582767,475.6572080008738,475.6572080008738,502612
2013-01-01,488.42083740234375,497.7823511523943,487.10891605323087,495.6476424174023,134850
2013-01-02,491.7785949707031,493.979969473316,485.1966209276505,492.4901465269484,372366
2013-01-03,486.3973388671875,494.8471421505967,485.3077806852769,494.51359728414633,275836
2013-01-04,493.7798156738281,497.537732586923,480.8160283649333,486.4418290032724,554734
2013-01-07,486.842041015625,496.3814562919134,482.90622264586625,487.44246517553796,357672
2013-01-08,479.50408935546875,488.3986193326646,476.76906481780316,480.86052689215217,430782
2013-01-09,482.6839294433594,487.86500438580356,480.30465336068175,482.8618309132965,241784
2013-01-10,475.4348449707031,486.8642933062127,473.56696126127906,483.1508382134777,207458
2013-01-11,472.8777160644531,479.88215854164804,469.2531841789906,472.32180793134245,218730
2013-01-14,471.12103271484375,475.83512301539514,469.4533082485233,473.05558223819435,165240
2013-01-15,475.3904113769531,479.6375715326697,472.32184169316196,474.0562317621196,135744
2013-01-16,473.0777893066406,480.0822313104757,470.9653385435792,475.3014216888105,132294
2013-01-17,468.85284423828125,475.8572855916158,467.2295818924692,471.5212028490754,255086
2013-01-18,467.40753173828125,472.2995230314507,458.957728595534,470.8986237580993,424972
2013-01-21,474.4564208984375,477.63622599799646,464.8503400599682,467.60762244274866,160964
2013-01-22,471.43231201171875,482.1502089850404,469.40878487620233,482.1502089850404,142188
2013-01-23,463.3827209472656,475.3014119875876,460.66990035396884,467.89670544851697,187208
2013-01-24,457.1343688964844,466.67373037028625,454.0657452648323,462.6489882176141,289644
2013-01-25,460.24737548828125,464.2943749873937,446.9500448872899,457.13429059851904,254728
2013-01-28,470.3427429199219,472.2550886150789,459.4247397464106,459.4247397464106,139316
2013-01-29,476.2353515625,479.0593539199988,470.52062701633747,471.4100799974648,566438
2013-01-30,472.89990234375,479.1038694527758,465.62863508891036,479.1038694527758,205356
2013-01-31,467.05169677734375,474.07839641307146,463.67178660983933,473.61141192471035,547106
2013-02-01,473.16668701171875,475.8573037621683,469.1864069804557,473.36684648790833,219168
2013-02-04,464.4056091308594,480.01549712939,458.06825703115646,476.70230669417833,429330
2013-02-05,454.4215087890625,463.40498905363313,452.2868271281621,463.40498905363313,344522
2013-02-06,462.64898681640625,471.41007690793083,454.28810713344467,466.5180855437919,498394
2013-02-07,464.20550537109375,468.674973766684,459.4246958776072,462.91578776643394,346770
2013-02-08,458.2906494140625,468.9418271685445,455.3999272197962,466.89609616556714,294404
2013-02-11,462.4043884277344,465.49521595476824,458.0683049584673,461.6261170358146,130488
2013-02-12,467.9856872558594,469.1641689739604,460.78108585126637,462.96025641724634,114844
2013-02-13,475.9907531738281,478.39223263417284,469.05297694826044,473.18895475289514,313706
2013-02-14,466.0955810546875,479.1038298125533,459.86941070904237,478.08093725489556,362548
2013-02-15,461.60382080078125,465.62861709541914,452.8871927900992,465.62861709541914,277814
2013-02-18,459.5803527832031,466.05109045917396,455.37768214133285,460.71437272827836,106782
2013-02-19,469.7201232910156,471.3656439687791,460.4253825605468,460.4253825605468,104284
2013-02-20,470.8540954589844,473.1889091554752,467.85219213492474,468.586001582829,110146
2013-02-21,465.3840026855469,470.4761534477735,460.58098928043086,468.2969828409809,379270
2013-02-22,466.7404479980469,475.85734097942844,462.96027285942523,475.85734097942844,112796
2013-02-25,464.9615173339844,473.14449511547156,461.6260688595655,467.0295062457037,108146
2013-02-26,458.135009765625,464.0276358254528,454.99966626014066,464.0276358254528,159770
2013-02-27,456.9564514160156,462.5155323334854,442.0581145571966,458.1571911790292,371634
2013-02-28,449.1737060546875,464.2944050703898,444.28171519666614,454.3547799573529,468104
2013-03-01,463.07147216796875,468.74173509247447,449.1737689216311,450.0632219293967,257134
2013-03-04,462.02630615234375,463.9831133322801,454.5771383342792,462.4265708031322,171854
2013-03-05,467.78558349609375,470.69856394398084,455.55560408389044,455.55560408389044,168058
2013-03-06,461.9596252441406,470.45389004688616,456.73408917038023,470.45389004688616,216406
2013-03-07,457.2010803222656,464.2499841856841,455.399916359784,458.66864513623165,258046
2013-03-08,461.3148193359375,464.29446516542043,458.0682941766121,458.0682941766121,142240
2013-03-11,461.2035827636719,466.0510575971115,458.0682396026891,461.1590666887333,173658
2013-03-12,462.9824523925781,464.73910000279074,458.2461052526746,461.6260151223892,97720
2013-03-13,458.9799499511719,462.20421668215494,453.6209745658967,462.20421668215494,176934
2013-03-14,455.5555725097656,461.15911546721776,453.6654849134253,460.24745872878304,135430
2013-03-15,451.8865661621094,459.469174372876,450.0631984488985,454.51046325570576,259734
2013-03-18,455.86688232421875,457.49009048282073,447.88400974569214,451.33063983175646,240610
2013-03-19,444.68206787109375,457.9794019657028,442.3917153857301,455.48888996924535,795746
2013-03-20,428.96087646484375,448.6400211683773,426.9373766190326,441.1908533992431,645648
2013-03-21,431.117919921875,434.0308733381132,411.1274564649844,432.65220477394087,345668
2013-03-22,444.72650146484375,449.50731135559084,432.71888592529297,432.74111682157593,918980
2013-03-25,438.8116455078125,454.04352822059906,436.94378876825715,446.8611843466242,317842
2013-03-26,444.6153259277344,446.5054135848415,439.01178279012686,439.74556524122085,937116
2013-03-28,439.16741943359375,449.1737656991693,432.7411160698005,444.65978085956243,516084
2013-04-01,442.814208984375,446.8612095281755,438.85613203093686,439.8345358205011,265274
2013-04-02,463.649658203125,467.274135934737,444.08166404994444,444.08166404994444,277542
2013-04-03,455.1108093261719,471.81030951682794,451.50853587878396,462.5599774876785,266348
2013-04-04,442.9698181152344,457.91264457286064,441.1686812465964,455.1108459505894,283252
2013-04-05,449.3516540527344,450.95265855095636,444.03716709565634,446.50539367372795,105390
2013-04-08,456.3783264160156,459.8249568954705,442.50288091066216,442.50288091066216,157418
2013-04-09,456.48944091796875,465.8286963276776,453.6432079366169,457.6235150757348,156934
2013-04-10,457.84588623046875,464.2944198393486,454.1546620762445,457.5790612145774,134700
2013-04-11,463.3160400390625,464.6279613590885,457.17879327795447,457.17879327795447,77894
2013-04-12,462.2486572265625,464.294387924975,458.0682179719581,458.5129443971736,200686
2013-04-15,455.0663757324219,468.2969886598976,452.73156168639673,463.84972381032594,271100
2013-04-16,462.71563720703125,466.0066239654466,454.5104554937568,454.5104554937568,143140
2013-04-17,471.2099914550781,477.36944270961845,463.40501955452146,463.40501955452146,380944
2013-04-18,472.1882629394531,478.3032510396815,464.7390956173567,472.2994445412755,201606
2013-04-22,471.7213439941406,478.080954216553,467.4075189596253,475.7906020434241,551570
2013-04-23,470.0315246582031,475.85743189200895,462.07090816429655,469.78690332851454,248502
2013-04-25,470.3427429199219,474.3008196895863,464.87263945686294,467.4520206245798,636644
2013-04-26,472.2106628417969,477.6363049256024,467.4075944849238,467.9190408645393,182916
2013-04-29,483.70684814453125,487.86503057397454,472.74432771206466,472.74432771206466,373054
2013-04-30,478.0142822265625,490.7779657380547,463.8497536277263,484.3071732508091,374550
2013-05-02,482.3948059082031,485.819232481774,476.7468011544631,478.01426080368327,195924
2013-05-03,476.0352478027344,484.8185960180434,474.52316687264516,484.2848916550051,99290
2013-05-06,480.1933898925781,482.0390155388163,476.03520839498685,477.1914863206634,115160
2013-05-07,490.26654052734375,492.7569982529905,480.0822920704903,480.0822920704903,244174
2013-05-08,485.7747802734375,496.31477666486893,480.8382726666096,488.30969962188715,324738
2013-05-09,481.5720520019531,489.6438483708232,480.304592407347,485.641310100762,155528
2013-05-10,483.9069519042969,485.64139632016503,480.3046776792841,482.0835838929111,51522
2013-05-13,491.2227783203125,493.1795318924372,480.74944537609326,480.74944537609326,199612
2013-05-14,498.5827941894531,501.6514174409528,493.64634163072486,493.64634163072486,530450
2013-05-15,508.0555725097656,510.43484846489423,499.65023066896856,499.65023066896856,413416
2013-05-16,502.2963562011719,512.3249611400391,500.89551106587965,511.3243264503125,223824
2013-05-17,498.3828430175781,505.52067191466386,496.3148536033153,502.31866231625867,143038
2013-05-20,481.2829284667969,502.496412087103,478.16984340740515,496.3147037544462,249594
2013-05-21,447.594970703125,472.2995212095422,443.3923000432331,472.2995212095422,1609216
2013-05-22,442.5028076171875,453.17624217277796,437.0326778362369,448.284251334799,969762
2013-05-23,435.69854736328125,448.2843015922905,433.65278922440626,448.2843015922905,571370
2013-05-24,440.01239013671875,442.05812108698586,434.9424974075173,438.9005739368018,414306
2013-05-27,440.5460510253906,447.394849842791,435.8764228709678,435.8764228709678,285114
2013-05-28,437.05499267578125,444.281798710868,436.12107783036663,437.6109008323264,314464
2013-05-29,442.39166259765625,444.72647659980527,438.27794268910804,438.27794268910804,239326
2013-05-30,432.6076965332031,444.7264934805481,429.5835618063256,438.0555960783398,453678
2013-05-31,434.7646789550781,438.9451195223974,431.38476791968134,431.38476791968134,420960
2013-06-03,424.11346435546875,438.9006214139333,421.8008809806927,433.60836487227004,284384
2013-06-04,429.2945251464844,432.1407858700991,423.04612266624935,424.6693854005529,184500
2013-06-05,432.40753173828125,433.5638368209423,424.26904294701814,429.294446517496,182592
2013-06-06,427.537841796875,435.34281416901564,425.26974733533456,433.9196838341093,324282
2013-06-07,420.0441589355469,430.4952311801052,418.22079123131033,426.9374193521704,146796
2013-06-10,416.419677734375,424.1801611531584,412.30595730988034,419.37712003226875,218216
2013-06-11,427.1375427246094,430.0060338794215,414.52953103781647,414.52953103781647,389616
2013-06-12,431.5848388671875,436.7214245314092,426.9374414971007,427.02639222620286,577146
2013-06-13,425.314208984375,432.8523291476469,422.5791570927494,430.49528395149656,485852
2013-06-14,431.4736633300781,432.2741656153903,426.93744752137314,426.93744752137314,200030
2013-06-17,430.2062683105469,435.38734409014234,426.982000440625,435.38734409014234,154012
2013-06-18,427.71575927734375,433.6083860622928,424.3803101537876,429.16112056421804,121198
2013-06-19,430.5174560546875,433.58607957094824,426.93741338168314,430.4952251598638,92302
2013-06-20,430.93994140625,436.23219715829237,418.9545578341182,429.18326645366795,287718
2013-06-21,436.36566162109375,445.70491842912304,426.4927275666723,426.4927275666723,606694
2013-06-24,430.8955078125,442.3472149510996,427.4711084044004,438.36690742947576,315230
2013-06-25,430.0282287597656,437.6997597101347,419.4214870724523,425.60319533351696,362246
2013-06-26,435.76519775390625,439.74550487894817,427.38211509479777,431.51806561853846,406440
2013-06-27,432.6966247558594,441.1686585872377,428.27159094708657,441.1686585872377,668824
2013-06-28,440.7684326171875,442.50287686146146,435.00924603550897,438.05561176737643,300764
2013-07-01,440.0568542480469,444.70425141700076,433.60832025451816,442.05812341845234,493776
2013-07-02,435.54290771484375,441.1019892302931,433.1636316838125,438.2779866780259,273150
2013-07-03,428.8719787597656,437.7665085387327,426.95966028607785,435.8319591693877,232916
2013-07-04,428.115966796875,433.6083280951668,427.49333885279907,431.3846956433967,177766
2013-07-05,433.0079650878906,438.0555999762291,429.29448254791424,430.89551422506105,141010
2013-07-08,431.05108642578125,436.2766219073422,429.65018733272024,435.8318954833795,146314
2013-07-09,441.19091796875,442.5028665697823,433.16361008941504,433.8751616303387,504840
2013-07-10,447.884033203125,453.1762892442247,441.63563150347414,441.63563150347414,704224
2013-07-11,447.1724548339844,456.0447259820157,444.2817328484837,451.95326427154316,469152
2013-07-12,449.21826171875,451.86439002827444,441.34662377189807,447.3948937845653,916688
2013-07-15,445.34906005859375,451.39732867887966,444.48183808702225,445.1711586281365,590896
2013-07-16,443.05877685546875,447.9285374727834,440.3681869517867,446.95013374127586,146682
2013-07-17,443.34783935546875,447.6616645020094,437.6108568983072,442.94757466535975,215530
2013-07-18,442.2582092285156,447.7950587794898,440.2791711616762,443.8369826458109,141324
2013-07-19,434.0531005859375,445.63822145864646,428.49401886736763,442.94763133564936,220006
2013-07-22,425.80340576171875,435.83198321193765,423.0016341555753,433.6083506445298,325098
2013-07-23,429.04986572265625,432.2741326586389,424.6915517069455,425.80336789176715,453052
2013-07-24,430.98443603515625,431.384700738783,421.6007178354292,431.384700738783,227338
2013-07-25,424.0956726074219,434.5529612371977,422.1307092267788,433.7172934938654,452350
2013-07-26,427.9126892089844,430.487488727052,425.8799571006195,426.01546706037175,99086
2013-07-29,434.6658935546875,436.3146762238846,425.81222673035745,425.81222673035745,196448
2013-07-30,418.087890625,437.7150573808291,415.1517215094423,434.6885390860376,705076
2013-07-31,423.12451171875,425.9703313237409,408.9179665226049,418.08784194788467,295182
2013-08-01,416.1003112792969,428.20635586202275,411.51535963597433,422.8083168158858,653746
2013-08-02,419.1494445800781,424.57006447728855,414.79035171779196,417.9523799911647,222224
2013-08-05,431.2554626464844,433.19784580487993,411.06364930390066,422.3566067023595,724764
2013-08-06,421.20477294921875,432.70101025189723,418.49446290084035,426.8738326196038,325230
2013-08-07,427.1673889160156,429.8099297416406,422.35657835883757,422.35657835883757,117856
2013-08-08,437.8505554199219,441.7805102584464,424.7733047401565,426.9415746998237,196438
2013-08-12,455.3998107910156,459.60078542645067,441.1029157053143,446.27509570468237,701100
2013-08-13,451.13104248046875,459.35232052168016,446.4331614367207,455.33201688400953,245794
2013-08-14,450.90521240234375,456.8227111018104,447.51732515363454,451.71829982789455,172512
2013-08-16,448.05938720703125,458.3359784037916,443.56478466397914,447.3140409930535,245288
2013-08-19,430.46490478515625,455.94179712451296,419.96245564506376,449.5500005343566,390266
2013-08-20,426.8963623046875,429.9906491180528,423.9601934344453,429.1323733430881,247120
2013-08-21,426.94158935546875,437.5795504811272,424.6603897392078,432.7687392526842,254784
2013-08-22,427.30291748046875,433.6495538745984,421.5660897431968,425.5637855396998,712434
2013-08-23,422.31146240234375,429.15497831079364,420.5497499510687,423.7569389492692,390672
2013-08-26,429.22271728515625,433.22041305457674,421.09178820509067,421.09178820509067,295770
2013-08-27,424.0956726074219,431.2780038889963,421.2724335141449,429.2226913432295,281426
2013-08-28,432.3170166015625,434.10130949604496,414.3837936191679,420.1432022519198,223646
2013-08-29,432.2718200683594,437.89571825317114,428.68065417415215,431.3909638949582,532974
2013-08-30,449.1208801269531,453.97685142327174,431.9555862422921,439.9735853594693,352458
2013-09-02,449.86627197265625,459.80407470463365,446.4331963046456,449.4597144689782,268028
2013-09-03,430.8489074707031,454.38344735817293,420.21094705824044,454.38344735817293,287912
2013-09-04,439.5218811035156,446.74937349576254,427.32548769159894,430.8488847186802,516786
2013-09-05,436.6986389160156,450.36311662711927,429.5614957413799,450.36311662711927,389200
2013-09-06,443.993896484375,446.29764862206105,439.6573845707315,444.4907755507167,188118
2013-09-10,449.52752685546875,453.50264281977843,437.06008385791085,445.39429292630064,620722
2013-09-11,449.05316162109375,452.5088177260932,444.942536022163,449.5274879038684,203112
2013-09-12,449.3016052246094,463.0112442077506,440.877048143185,449.0531381101848,427036
2013-09-13,452.8927001953125,467.5283823223774,450.9277368631046,451.9441029116315,635382
2013-09-16,443.6777038574219,460.3009311869324,440.4704875000609,460.3009311869324,640750
2013-09-17,446.7268371582031,449.7533554101103,438.75399779834214,441.46430771276084,272350
2013-09-18,448.5111083984375,451.266578983572,443.24857920683684,446.77197641148814,187384
2013-09-19,456.46136474609375,458.4940971967196,447.6528574600484,453.52519565074533,387810
2013-09-20,450.7019958496094,464.9988930403955,444.9877475399484,458.94585595911116,709180
2013-09-23,449.6855773925781,452.57658560349154,445.07804511861514,446.6816396042181,202110
2013-09-24,447.2237548828125,451.49249888061627,445.39430104681105,446.29773776293035,639716
2013-09-25,442.141845703125,449.9114056113558,439.5218852006518,448.55625077517703,242052
2013-09-26,440.8544921875,446.25253153098186,438.6184810285701,442.27738832812975,216636
2013-09-27,444.80706787109375,449.3919926132507,441.32883103761935,442.6839860971003,199364
2013-09-30,438.3248596191406,445.82340025363675,432.40736067114204,441.396566243538,262826
2013-10-01,448.4884948730469,449.4597002284523,434.41748662941825,435.14022486783864,381792
2013-10-03,457.8616638183594,459.3975170866527,448.48850897121287,448.48850897121287,426614
2013-10-04,461.81414794921875,465.58598435818084,456.4612976444077,456.4612976444077,301692
2013-10-07,473.94281005859375,476.56279820957326,461.24953707768844,463.01124944532,400874
2013-10-08,478.1663818359375,480.76376180734314,471.1873016975013,476.562759970949,446212
2013-10-09,473.1297912597656,478.79882323307584,470.9389683811112,474.21392628322906,231560
2013-10-10,472.8812561035156,481.0347928677459,470.28387607198505,476.11105273621865,305538
2013-10-11,467.1218566894531,478.821371028716,464.8181045174988,477.4662162050498,274702
2013-10-14,462.9434814453125,471.8875257011937,461.4528165928979,469.24498471603573,268358
2013-10-15,466.1506652832031,468.88358298238387,458.5166427577959,467.0767098302359,233574
2013-10-17,455.6708679199219,469.24502586842027,453.97692417300766,469.24502586842027,108788
2013-10-18,465.42791748046875,467.5284185049286,456.2354615362105,459.2619795179661,133794
2013-10-21,465.9247741699219,471.6390211497872,464.84069446613097,467.48323524155177,146278
2013-10-22,466.98638916015625,469.78702049501175,463.8243611375937,465.7215558945742,142644
2013-10-23,460.00726318359375,469.71920543876655,454.51890305622624,469.71920543876655,222230
2013-10-24,447.74322509765625,460.7527078038607,445.43944501621723,460.2784090599672,458514
2013-10-25,440.3575744628906,449.2564305019067,439.1605375083077,449.2564305019067,550996
2013-10-28,436.6308288574219,444.490737065516,435.09500342217206,440.4252730069899,141130
2013-10-29,447.7205810546875,449.4596853919964,432.4073204437071,432.4073204437071,529102
2013-10-30,439.4767761230469,451.0859151960339,438.6862690422412,451.0859151960339,608678
2013-10-31,439.29608154296875,443.271197383665,435.9985432059377,441.5546732218529,769782
2013-11-01,441.5545959472656,444.9424828726922,437.7149907651155,441.7804550756274,477978
2013-11-05,444.603759765625,451.2666050351632,443.36153437638905,443.8132526997476,538306
2013-11-06,465.11175537109375,467.5510452023164,444.9425223888436,446.74939557620945,561542
2013-11-07,451.80865478515625,469.6967162297265,445.93631681222763,469.6515002860497,432420
2013-11-08,460.9333190917969,464.36636680644614,451.7182556482939,453.9316861292483,299326
2013-11-11,497.47735595703125,510.7578290659962,474.3041865027683,474.3041865027683,2713396
2013-11-12,514.2361450195312,520.379503125371,502.24300160188017,505.47279860875875,1799262
2013-11-13,514.7102661132812,523.9704889466497,511.4127564330563,519.7017741361124,700162
2013-11-14,518.7081298828125,525.3032058302924,507.2796351901811,514.9588460523655,383232
2013-11-18,521.8475341796875,527.0422943121838,518.3015567696964,519.4308524506738,304866
2013-11-19,514.6652221679688,522.434809833026,512.9487257525229,522.4122018619915,334196
2013-11-20,514.5071411132812,525.6194002091348,510.3965156322265,517.1948429282111,344404
2013-11-21,511.6161193847656,519.9277468703989,506.82791658435053,516.3140005845925,276452
2013-11-22,510.1932067871094,519.9277581115238,508.6348007242187,512.9261245313946,293974
2013-11-25,524.8965454101562,529.5944256916732,511.63862734395053,515.3653024727232,434744
2013-11-26,525.2355346679688,530.746476724888,519.5664470684422,523.9255403668118,569074
2013-11-27,521.7572021484375,534.5859567146986,517.5110394445926,528.4200465329709,658400
2013-11-28,517.217529296875,525.5291582632012,510.53207542058163,521.9154113336161,960950
2013-11-29,520.5150146484375,524.8966600640151,511.97752782393684,518.6177647199964,289154
2013-12-02,524.173828125,527.6068755334132,518.7983703340112,521.1247301713609,260706
2013-12-03,520.334228515625,527.8327399374652,518.5725164297904,523.9253663071696,209076
2013-12-04,514.326416015625,524.4449163867658,512.7454020558027,523.9931981125309,246100
2013-12-05,513.0842895507812,523.0672543052164,510.9160745018197,521.7347071962108,187954
2013-12-06,514.2811889648438,515.8622027209939,509.5381476963933,509.5381476963933,203004
2013-12-09,504.1627502441406,519.2501514941719,500.9781695246826,519.2501514941719,202634
2013-12-10,504.1176452636719,514.0554483065041,495.53499718122583,503.71108774727674,457036
2013-12-11,513.7167358398438,514.9589614046356,499.894164219895,501.452570599163,308232
2013-12-12,515.0491943359375,515.8623093494386,505.0436778955597,506.8279431611823,262998
2013-12-13,501.2266540527344,523.9481083854067,496.9127770334605,514.4845761716499,588158
2013-12-16,506.6923828125,511.7968215357419,501.79125040418296,501.79125040418296,250370
2013-12-17,521.350830078125,525.2582054739337,509.5835430765816,509.5835430765816,410624
2013-12-18,533.2534790039062,536.6413664181623,509.5382671041137,525.348408370642,680182
2013-12-19,531.4465942382812,539.8259909851243,528.5104252093405,534.382763267222,527834
2013-12-20,535.6249389648438,537.9964598837266,525.2128107787158,530.5882692231286,255384
2013-12-23,540.7971801757812,545.3369715962193,530.9949141531214,537.5448301507566,553828
2013-12-24,541.5875854492188,549.4474941968348,539.3516021201007,544.0946438472874,244722
2013-12-26,531.83056640625,545.991925066315,530.0463010539108,541.497349725776,455102
2013-12-27,551.95458984375,554.7100603857917,529.8881623949553,535.647570595215,474148
2013-12-30,549.8314819335938,557.826928771819,547.7310359928515,553.354906661136,465808
2013-12-31,551.7061157226562,558.662588331943,549.470132271032,549.9670113556826,213110
2014-01-01,554.2809448242188,557.578455226775,551.7287254803563,554.7100551393087,168936
2014-01-02,557.5107421875,562.389322219943,551.0963639424341,554.619788981576,617586
2014-01-03,564.444580078125,566.0029860357937,553.8065928809921,558.3237755309186,280924
2014-01-06,566.4096069335938,569.1650776303503,558.7755563720186,567.7196010770539,327226
2014-01-07,555.7490844726562,569.3909560070637,554.1680703147628,567.8099418491702,143272
2014-01-08,558.8658447265625,564.557539277332,554.8003801282372,555.3650279891157,232766
2014-01-09,557.8043823242188,562.9088216337915,553.4001284997163,562.8410528543654,319842
2014-01-10,564.6478271484375,568.7132915039062,553.8291968368292,554.755186188519,302964
2014-01-13,569.910400390625,572.1915447054479,566.025634065029,566.9064626875477,363092
2014-01-14,580.5482788085938,587.2337310338421,568.8488201264919,568.8488201264919,378860
2014-01-15,583.7103271484375,586.7820334447351,577.8379896312846,582.7165690097831,714052
2014-01-16,582.67138671875,589.266462197241,578.696244027978,583.6199840236377,192082
2014-01-17,573.4337768554688,583.3941874787366,568.6907346808449,580.4806264851683,327550
2014-01-20,585.5625610351562,586.7821786108111,569.6620408932695,573.3661647129916,322490
2014-01-21,588.9051513671875,595.2292078433189,586.3303790013211,587.2338156407685,446264
2014-01-22,598.7074584960938,601.2370700012535,589.2439268263383,590.8249409097376,514772
2014-01-23,598.72998046875,603.2697713022351,592.2929948895236,600.7853207277968,602726
2014-01-24,599.385009765625,606.454412029294,593.0835065380612,598.0976236679699,428284
2014-01-27,591.1636962890625,599.4075549731059,587.8435779295207,599.4075549731059,325360
2014-01-28,582.806884765625,595.7937849137709,576.4376682429863,590.7571703607323,254898
2014-01-29,583.9362182617188,591.141158156392,580.5257782171335,585.8786289880128,247880
2014-01-30,573.0724487304688,585.8786518738343,557.872116472001,585.8786518738343,327530
2014-01-31,594.2353515625,596.9230530648937,574.1564976198507,576.8441991222444,337794
2014-02-03,593.1287231445312,607.9902107825264,584.9977939190002,598.9106841756287,753396
2014-02-04,605.9800415039062,627.8883769589487,601.4628589358563,616.5954205388238,1547316
2014-02-05,607.1544799804688,613.7947712438804,596.2680813418235,609.0968904838189,535454
2014-02-06,617.0245971679688,619.7575149720345,600.0174470837834,609.7745514515657,413398
2014-02-07,625.8106079101562,627.8433404682395,617.0472609648066,620.6610077347323,438504
2014-02-10,619.5541381835938,630.0113707197822,617.5665670146302,627.8883171715111,189462
2014-02-11,612.620361328125,622.9195610437093,607.5611382188463,620.2318591059168,124926
2014-02-12,626.104248046875,628.6338598067668,613.4335261317033,616.5955546169182,378660
2014-02-13,609.8648071289062,627.6625174649338,605.4153933302465,626.7816889212327,192064
2014-02-14,616.234130859375,617.9280746164743,610.2714708909451,610.2714708909451,313374
2014-02-17,614.7435302734375,617.0472828928538,612.0783809076258,617.0472828928538,91172
2014-02-18,613.7044067382812,622.6484501931715,611.6039058361522,616.572806613005,147126
2014-02-19,616.776123046875,622.4226012951776,611.7168454515623,614.7885516751946,106484
2014-02-20,629.96630859375,633.309034927638,610.8134423008983,610.8134423008983,246996
2014-02-21,641.9821166992188,645.4603811859874,633.2639853610465,636.019456352475,484010
2014-02-24,644.7601318359375,649.1192246441864,641.0109028716822,643.6986048141723,229316
2014-02-25,644.827880859375,648.2157681493542,639.0458644945859,646.8380052615381,159402
2014-02-26,641.25927734375,653.6363695930722,635.3191707659558,644.1502854455571,437542
2014-02-28,643.4953002929688,647.7640159987468,634.799723369694,634.799723369694,468386
2014-03-03,647.3348999023438,654.991502652658,639.4749908422336,646.4088553765197,259112
2014-03-04,647.0639038085938,652.7329909421942,643.8115538687628,650.5195600830378,273378
2014-03-05,644.7826538085938,651.3777293605265,643.5404285965677,648.2157015480968,161392
2014-03-06,647.6510620117188,657.2500751365654,645.4827922846092,645.4827922846092,342132
2014-03-07,628.9500122070312,652.6652247756051,619.3509975959419,650.4292410756989,366344
2014-03-10,621.3611450195312,627.8658445876092,610.2940463952771,627.8658445876092,363260
2014-03-11,620.6383666992188,631.7958423418411,617.0698360671339,625.5847154119004,349502
2014-03-12,625.9235229492188,630.7117262798046,618.4024016308343,620.6609933095444,470724
2014-03-13,627.978759765625,638.7296773820791,625.2910579322086,630.5987479670314,291566
2014-03-14,631.9312744140625,638.3682599923221,626.0815446644116,626.0815446644116,382216
2014-03-18,639.5879516601562,643.585647584764,626.0815634690177,637.7810784611115,392728
2014-03-19,638.1423950195312,645.5054250737805,634.6641863041718,642.3660050699714,627142
2014-03-20,635.0706787109375,647.1993023133448,632.9250170909839,637.8261489209164,212604
2014-03-21,636.3355712890625,641.4400103292268,632.8347543312797,635.9290689167594,201054
2014-03-24,636.3131103515625,645.0538500221107,633.4221016761238,639.2492798369573,234700
2014-03-25,637.8262939453125,645.9346160646159,634.5061751857041,637.6682035551214,325326
2014-03-26,624.0037841796875,645.9572865256346,619.48660035783,645.9572865256346,477446
2014-03-27,604.963623046875,628.2948800190541,601.9596858709322,628.2948800190541,616054
2014-03-28,614.1109619140625,621.5869210207669,600.853042282408,604.9862753051789,362076
2014-03-31,617.0020751953125,621.2933993109775,589.5375787984976,614.8789659690398,1057934
2014-04-01,609.2776489257812,620.593158955621,604.9637172187192,617.0471814230133,329190
2014-04-02,618.8992309570312,625.629844646124,607.5611126707846,610.8360703413149,233626
2014-04-03,621.8579711914062,624.6812103960112,571.8753332848001,571.8753332848001,302960
2014-04-04,609.6389770507812,623.597082871326,608.4419125856257,621.5191898204966,174168
2014-04-07,610.0907592773438,614.336922564525,601.2144831546577,611.2878238679732,289768
2014-04-09,614.8110961914062,616.2791803844472,607.5609968122973,609.6614975321554,733158
2014-04-10,607.2674560546875,617.04716780253,603.0890619828182,612.823612931135,235786
2014-04-11,608.5775146484375,619.7123824116095,606.296315045785,609.5261121046722,353988
2014-04-15,595.2516479492188,611.92006027465,587.5498307133576,611.1747142290214,414146
2014-04-16,598.323486328125,600.3336106729935,590.8475265314338,597.4652105441814,285528
2014-04-17,598.4364013671875,604.7830101372093,593.1964251888542,599.4979283003977,227244
2014-04-21,605.0540161132812,610.948961607156,595.3646812556241,595.3646812556241,182542
2014-04-22,613.9981689453125,614.8338368668569,604.4443147879588,609.2099654502744,232298
2014-04-23,617.7699584960938,621.9935137262621,615.2403469524685,617.0020594147526,372476
2014-04-24,617.7699584960938,617.7699584960938,617.7699584960938,617.7699584960938,0
2014-04-25,618.65087890625,623.3713135355209,615.6921017021123,621.993550532379,398282
2014-04-28,631.2537231445312,636.2678404421846,620.073695097927,621.090061283982,829218
2014-04-29,628.1369018554688,638.0294884766646,626.1493303143603,635.9742033039158,311684
2014-04-30,623.9359130859375,634.6642229037047,613.4786232247611,632.4056313631221,208818
2014-05-02,623.0325317382812,637.8036996674684,618.4024186693543,627.8658960073327,441080
2014-05-05,614.7435302734375,626.9173180806854,609.3680707338651,624.274776689549,178868
2014-05-06,610.7908325195312,619.5541774508004,606.6575995730901,618.8539921184911,116326
2014-05-07,611.468505859375,617.4537735109186,607.3352722641808,610.7683204171644,95336
2014-05-08,618.15380859375,620.6608669030793,608.4870822907565,616.5050811171973,147856
2014-05-09,604.5798950195312,622.4679319634961,600.7854495728953,616.3697337911397,209702
2014-05-12,602.7503662109375,608.893724711232,596.0423597760314,604.3991492082835,349784
2014-05-13,612.4171142578125,614.3369171238245,593.1061560173393,604.7605107663941,318800
2014-05-14,614.9465942382812,618.0860689851407,604.6700046251661,614.3367856631426,187688
2014-05-15,599.9046020507812,616.5955737299881,598.5268389686697,610.2715165635267,204636
2014-05-16,588.3405151367188,604.8508421066443,580.458052357758,604.8508421066443,568800
2014-05-19,574.2920532226562,599.4301878011491,553.5807800680544,589.4923851397887,686548
2014-05-20,578.199462890625,585.8335137023823,574.2920883045299,574.2920883045299,240958
2014-05-21,583.507080078125,586.7820375625968,576.4828388652189,578.8318069733987,119192
2014-05-22,578.1316528320312,589.4923790582526,575.9408301143847,585.6753814956206,280272
2014-05-23,585.3365478515625,587.7306215630812,578.3574675962295,578.3574675962295,344264
2014-05-26,561.3276977539062,575.9407722006812,546.5790857747642,575.9407722006812,1137278
2014-05-27,565.2576904296875,570.926777218972,561.9375719133019,561.9375719133019,420358
2014-05-28,568.4874877929688,571.1977976275002,561.0341357480073,566.9064737228254,321158
2014-05-29,567.67431640625,573.4563322022216,562.3892348103709,566.9064174192896,381166
2014-05-30,576.0311279296875,582.716580522471,560.1306665487317,569.1650321382274,894950
2014-06-02,563.3603515625,581.3613104017529,560.5822736663367,576.0310137043765,246184
2014-06-03,559.7918701171875,570.0233000344342,557.4203491826584,566.4998754465774,299514
2014-06-04,558.8433837890625,566.9065455399763,555.6587472734924,560.5824884582554,272356
2014-06-05,557.8947143554688,562.3892894313138,554.8456157983111,559.7693012071242,301648
2014-06-06,573.795166015625,579.5545742948608,556.5395491492957,562.3892790312561,479714
2014-06-09,587.0079345703125,597.1715963847273,579.1028642702121,579.554582573075,445364
2014-06-10,600.175537109375,604.3990922338513,582.7166135886907,594.0095712163785,639290
2014-06-11,597.9169311523438,609.029190161501,590.8475288197614,604.3539168447609,513792
2014-06-12,602.95361328125,606.2059630083435,592.8576650897168,600.3336250656397,287584
2014-06-13,609.3906860351562,611.6040619238839,598.5268372348236,603.1343425290515,522916
2014-06-16,606.2962646484375,618.5830351780472,596.2681407022745,612.7558582292692,385092
2014-06-17,608.6903686523438,613.8851287558703,605.3250895983545,607.561072977664,443294
2014-06-18,610.1358642578125,623.009835354251,603.5633963092027,603.5633963092027,403246
2014-06-19,610.068115234375,618.1312751092286,607.7869159755329,614.3368307147713,204994
2014-06-20,598.2330932617188,616.1211261265834,594.0321463413459,612.033108776243,567812
2014-06-23,611.8975830078125,614.3368727957211,601.2596503909281,609.8196899075173,364076
2014-06-24,608.283935546875,619.9834521568399,605.3252133591278,616.2567756684655,595552
2014-06-25,610.6780395507812,612.0331945811589,605.9123889707269,605.9123889707269,390880
2014-06-26,613.1849975585938,618.3797581211,608.3064728977728,609.8197182072673,998842
2014-06-27,649.36767578125,654.9915466598055,621.6095526672785,622.0161101727946,972880
2014-06-30,659.124755859375,664.0032803211765,647.9447281483311,654.9463616643384,630934
2014-07-01,664.432373046875,669.5367560955734,655.9174952152363,663.9354940090565,439840
2014-07-02,683.9467163085938,691.8066263235067,661.0220109309131,665.1552447021636,517654
2014-07-03,678.4130859375,690.6546402637995,674.4831589687863,688.0347073317874,395588
2014-07-04,690.5643920898438,697.8822069273849,679.8586898013303,684.3532650963946,346360
2014-07-07,693.0714111328125,699.7568089013479,675.9964373021021,694.7427467895978,296476
2014-07-08,680.2200927734375,698.3339882846191,668.7690431838786,693.071513415578,237118
2014-07-09,661.586669921875,688.1025695721753,653.1847198237907,686.1601586530692,295632
2014-07-10,667.0750732421875,676.9225553269715,633.760844935696,655.2400745308821,547162
2014-07-11,665.9231567382812,678.9326670252651,655.8950316172221,659.5087783478956,259994
2014-07-14,644.42138671875,673.0377331468518,639.2492336707232,660.4122273280232,336086
2014-07-15,647.8543701171875,654.9915413833013,635.5224934918422,646.8606119040603,335870
2014-07-16,672.0213012695312,677.1257401800145,648.2383765898,652.8458812509447,272544
2014-07-17,672.563232421875,675.296094420283,662.4447338126889,672.7439307283818,114788
2014-07-18,676.2222290039062,682.0945663299254,666.3070353446061,673.5119194688205,119726
2014-07-21,677.4193725585938,683.8789112871021,675.3188713952059,676.9450462779789,166078
2014-07-22,667.594482421875,678.6615807026403,662.6707419543986,676.2222908696215,208696
2014-07-23,667.88818359375,677.1258017275358,664.3195976264124,673.5120549538065,404632
2014-07-24,677.735595703125,679.8360969978766,669.8756856132087,670.7565694549554,278366
2014-07-25,676.71923828125,679.0229908011169,667.1879922770013,677.5775141608002,110130
2014-07-28,665.177734375,680.7394061077017,656.4369420812762,675.3187870809649,389330
2014-07-30,673.760498046875,676.0868033362912,662.7159517791305,662.7159517791305,246760
2014-07-31,675.7749633789062,681.7500279547186,668.7240004149361,679.0028821066808,457222
2014-08-01,684.9322509765625,698.2330404309422,670.921815572968,676.7137270537263,654802
2014-08-04,687.816650390625,703.8187528012458,684.4971824489828,684.4971824489828,377798
2014-08-05,691.3192138671875,697.3171373570318,687.2442699756433,687.8165919859495,406036
2014-08-06,695.5772705078125,704.1850160775734,691.6397061734496,691.6397061734496,375780
2014-08-07,687.8624877929688,700.0414911404671,686.5346893168917,699.7439283553244,86200
2014-08-08,687.1527709960938,696.4243882402004,681.2921708262048,686.5346184671597,259070
2014-08-11,691.5253295898438,698.1642658901293,683.1923422451276,690.9072329055693,315814
2014-08-12,674.8821411132812,685.4357817549982,663.0693919993381,685.4357817549982,936198
2014-08-13,676.4617309570312,687.1069208210101,668.5408275174681,679.4607207804172,354844
2014-08-14,668.88427734375,673.5086286053628,666.2515957567474,672.1350556034484,395038
2014-08-18,668.67822265625,674.9279911314284,666.3203003301143,673.0507858321034,317302
2014-08-19,682.3910522460938,684.6345659076412,668.9300261676352,668.9300261676352,194346
2014-08-20,694.5014038085938,696.0581310832458,682.3453160602365,686.5575843179261,350436
2014-08-21,706.3370361328125,713.0904370615185,697.4546416578912,699.972858953341,530782
2014-08-22,712.8614501953125,717.8292504410259,705.3067989238509,708.7407313199698,325076
2014-08-25,722.45361328125,728.7720154581563,712.0144362712969,715.4941433110054,367096
2014-08-26,721.8583984375,734.1290064704142,710.3661819857323,729.2528110588303,236518
2014-08-27,714.8760986328125,727.7648038841713,710.2059725150222,721.85842845932,209990
2014-08-28,716.4328002929688,721.5379245711613,709.7251741448127,718.3786954207816,249674
2014-09-01,717.43994140625,729.2069152187971,714.2578534539211,717.2110126070661,223460
2014-09-02,732.480712890625,736.944825112596,714.2808707548967,719.2943898170868,382782
2014-09-03,739.9207763671875,745.8500097668333,735.3192852581549,740.5388729319244,766566
2014-09-04,738.4557495117188,744.430814604203,733.1675268314615,740.7221785668263,153240
2014-09-05,756.7243041992188,762.3559761950314,732.5723108266526,738.2955320049858,204474
2014-09-08,771.3299560546875,778.3580603033785,757.7544645894654,762.9969126981179,261646
2014-09-09,764.1874389648438,777.9002551258852,754.5265964987002,777.9002551258852,347424
2014-09-10,765.263427734375,768.2852776004048,751.6650195009862,766.911704398497,382644
2014-09-11,788.2477416992188,793.3299505820074,754.228950861742,767.2778942614896,430226
2014-09-12,804.0896606445312,807.6609730176085,783.440289802803,790.7431535638502,543488
2014-09-15,790.2622680664062,805.8065122227387,789.5754816225478,804.0895461130926,329550
2014-09-16,765.194580078125,803.700396385118,760.5015392728591,793.9251469591436,322070
2014-09-17,774.9927978515625,778.3122659656925,755.9230146798086,765.5380257690126,271028
2014-09-18,796.6036376953125,801.2738193566645,766.9115796551862,766.9115796551862,355154
2014-09-19,784.8596801757812,799.5111271953984,778.5412771830723,799.4424932501619,411768
2014-09-22,786.0040893554688,788.4307568985337,776.6180089162004,784.7449810038596,367244
2014-09-23,783.3258056640625,796.2145106167318,779.1363966870792,788.4080147664288,245624
2014-09-24,792.2997436523438,797.565106597878,780.3038956458048,782.9365771185719,284522
2014-09-25,789.140625,803.5402266482768,781.6088326459213,789.8044962782208,564970
2014-09-26,786.4163818359375,812.6974252445475,782.9366744609443,783.3945321653075,390596
2014-09-29,819.8170166015625,823.6858912888069,787.2404344588624,787.263293806282,297660
2014-09-30,824.3040161132812,833.3009301915921,806.2873286084581,817.2759123032923,615618
2014-10-01,818.53515625,836.9410146271294,816.4290218716018,824.14391343868,374694
2014-10-07,810.8888549804688,830.8972129553952,803.6546813830871,822.9991680877932,357670
2014-10-08,791.4985961914062,814.8035646693241,787.9501989601082,813.567371216044,251548
2014-10-09,810.728515625,813.9335191636397,792.574504579509,793.9251622858909,372424
2014-10-10,808.9887084960938,818.168721020358,799.2820925952267,809.0344830838073,171634
2014-10-13,790.5598754882812,808.9886448037083,774.7866468502727,806.3330482354667,304888
2014-10-14,808.1187133789062,814.3227065943203,794.0166760808938,794.0166760808938,316992
2014-10-15,808.1187133789062,808.1187133789062,808.1187133789062,808.1187133789062,0
2014-10-16,779.4339599609375,808.5536953474898,776.0687174087464,807.6608952855626,318974
2014-10-17,780.7389526367188,793.9252771744974,778.4038894702547,779.8232372074517,248584
2014-10-20,798.1603393554688,799.762841112385,780.7846640903794,780.7846640903794,94364
2014-10-21,798.320556640625,805.8294329898315,785.363219178749,795.8252549004806,164806
2014-10-22,816.7951049804688,818.3289727692114,799.4423453398311,799.4423453398311,134936
2014-10-27,825.6776733398438,842.5039438397672,816.6121244009153,837.7651278159144,234222
2014-10-28,831.92724609375,837.8336202188646,821.3049722974223,826.4329549803075,202170
2014-10-29,831.8358154296875,839.4133261352638,824.6703319036587,834.6745105530213,364774
2014-10-30,838.4060668945312,842.3436315999147,826.8909355452893,829.1802238496782,359786
2014-10-31,858.7120971679688,864.4582335309437,841.0845761117348,841.0845761117348,257412
2014-11-03,826.7078857421875,857.5675071620647,822.5643069222748,856.2397085996105,681916
2014-11-05,788.041748046875,833.3925171947965,776.1145332637183,826.4788774844765,943928
2014-11-07,801.9835205078125,811.7587710340854,770.4142550645629,783.9897467830862,1026738
2014-11-10,796.8782958984375,808.5994960291338,781.1051227801046,802.1665739218893,228282
2014-11-11,794.0167236328125,798.9616086674288,784.6306416971779,797.290417047065,176824
2014-11-12,802.3497314453125,811.6213485620722,788.2934685041746,796.2144279528472,499574
2014-11-13,800.7700805664062,814.8492027053319,794.7034669618284,809.1946721463997,343862
2014-11-14,789.3236694335938,810.2935720555806,786.9199167830545,797.8398663938793,291964
2014-11-17,785.7067260742188,794.2457274408271,780.1895184495075,781.7920203946796,250752
2014-11-18,785.18017578125,793.3300092535353,780.647373402681,782.0667210852466,258754
2014-11-19,786.4849853515625,793.9022569918525,782.9365885321914,789.346595689765,250564
2014-11-20,796.3976440429688,800.2894342461141,785.7982277821192,788.0875161369105,209314
2014-11-21,795.6193237304688,799.8316482150748,791.3383653017347,798.8701581981087,154170
2014-11-24,791.1322631835938,801.2509063079457,784.7680305210393,801.2509063079457,178594
2014-11-25,793.4902954101562,798.9616724727632,783.7379042150443,789.1177320955916,361706
2014-11-26,798.1373901367188,803.3569782437618,790.0333325245265,790.9490477752069,655436
2014-11-27,795.1156005859375,804.8222165052083,789.9189273269715,796.2144701472849,535008
2014-11-28,791.0866088867188,801.3654925771531,787.0574385031431,797.1303085712461,248306
2014-12-01,787.7898559570312,798.8242140674621,782.2497896085571,789.8044407812472,272518
2014-12-02,793.4215698242188,796.5578836946568,779.6400650953811,789.918947460386,201772
2014-12-03,792.9179077148438,798.0458910843563,789.9189177242029,796.7867825356001,102806
2014-12-04,786.16455078125,796.9470655967749,782.9824063748769,794.3830737702646,209874
2014-12-05,773.84814453125,791.9792969070779,767.8959948796866,785.7524438343771,298170
2014-12-08,761.5546875,776.0458380929323,752.5348578353214,770.6889256917452,551920
2014-12-09,764.0728759765625,772.4058629298484,759.1279909529867,761.8751368792339,270598
2014-12-10,765.034423828125,770.7805042913263,764.1644830407453,769.1780023796172,247226
2014-12-11,781.6318359375,786.782735406523,763.7066946071329,764.1645523377128,266036
2014-12-12,782.5245361328125,796.4434205414819,774.3747031047125,783.8523345599409,310026
2014-12-15,791.109375,796.2144992700931,766.6369045524293,778.0833464625802,254396
2014-12-16,770.0250244140625,794.3830292366301,764.210198677085,791.5901087269896,388648
2014-12-17,748.940673828125,767.7357532901536,740.4932222843316,766.9115871386883,516166
2014-12-18,765.4007568359375,768.6515914823663,751.45901109608,752.260262136091,281230
2014-12-19,779.1364135742188,785.2259432455166,761.4173432170811,770.1166393813172,287068
2014-12-22,785.8898315429688,790.2623949606426,776.961606339184,779.8461322228937,181812
2014-12-23,783.4860229492188,791.6359118357273,771.5130895852454,781.10518542033,116550
2014-12-24,765.9957275390625,786.1414609590977,758.6700062954134,783.806398490848,566780
2014-12-26,774.6951293945312,778.3809057648247,769.2237529351021,770.1165529796699,70864
2014-12-29,781.9063720703125,784.3101246414552,774.7180295948436,779.731548315469,93814
2014-12-30,786.233154296875,792.0937547228317,776.5952840528078,781.2425504971218,183636
2014-12-31,789.0032958984375,792.0251455953206,781.1281656713076,787.0574006379887,138518
2015-01-01,799.1675415039062,802.6243888091849,789.57544694891,794.2914026793028,186924
2015-01-02,802.5787353515625,810.1791616320527,799.4195061935936,803.082367619452,204160
2015-01-05,797.7483520507812,808.416458812219,793.2384648860171,802.5100833067628,121542
2015-01-06,766.5224609375,792.0938016806424,763.2487672841796,792.0938016806424,682896
2015-01-07,755.304931640625,777.9688867601302,748.5973054624438,767.461019488407,415972
2015-01-08,756.8616943359375,769.1551624189261,755.4652059927694,760.0437829987861,124860
2015-01-09,779.38818359375,786.9886093946749,760.0436979090175,760.0436979090175,152108
2015-01-12,781.2426147460938,790.1479246419913,769.658792596371,784.310238975362,194864
2015-01-13,789.3009033203125,792.0480495311442,780.6473815780259,780.6473815780259,112556
2015-01-14,780.78466796875,796.6723059670497,777.0073423801131,787.5151530248997,256164
2015-01-15,776.3434448242188,791.2925087497764,773.8023683204914,783.2342250319513,188754
2015-01-16,783.9210205078125,787.2404886137845,778.8158963114968,779.273753981286,233268
2015-01-19,783.9210205078125,791.1780533958062,780.8304812367352,787.9730497072815,188148
2015-01-20,775.8627319335938,789.7815602970566,773.9626114374701,789.7815602970566,196708
2015-01-21,768.857421875,780.6701710345899,765.9042625305144,780.1893981688254,225258
2015-01-22,758.2122802734375,772.9094998904275,753.8397172911335,769.6587217026863,491236
2015-01-23,768.4912719726562,771.4444878172781,760.5016770713771,760.5016770713771,284424
2015-01-27,773.0927124023438,778.3580758566683,762.5849007346113,768.6056846675433,550398
2015-01-28,796.283203125,798.5038017165157,771.5588881635941,776.0000853466255,565222
2015-01-29,809.6298217773438,814.9867346996538,793.4216474484084,802.3956475062603,519390
2015-01-30,797.7483520507812,819.5652826239369,783.0740463070141,812.2395594272983,555528
2015-02-02,773.6878662109375,795.7565822105026,759.1279708314231,787.5151446502098,1081282
2015-02-03,759.9979248046875,779.8689580030896,757.3881026638471,773.7794288986219,226616
2015-02-04,749.078125,771.9480951420934,744.0874648081626,760.4558778575872,258772
2015-02-05,742.6452026367188,748.5973528428084,737.1509101387899,748.551578250159,390698
2015-02-06,734.6097412109375,744.9344543762336,727.9937200111932,743.5608813196087,267052
2015-02-09,740.9967651367188,744.1101633415476,719.7521609137715,723.5752607684507,181220
2015-02-10,746.971923828125,756.6785406223693,734.7700608109706,743.7440605710585,338944
2015-02-11,750.2227172851562,760.0437420779645,742.8511639896883,748.5973001791999,119496
2015-02-12,752.8552856445312,756.4265414451039,746.445279145696,751.8021907919656,125904
2015-02-13,756.838623046875,766.8199412183407,753.1757621972833,755.4650502282781,382978
2015-02-16,751.2300415039062,765.0802373018603,744.4766402470526,765.0802373018603,182534
2015-02-18,762.195556640625,764.622224379716,743.8354772812885,749.9707805592664,182914
2015-02-19,763.0655517578125,770.5744284298877,758.6701294761283,766.9115672133463,218156
2015-02-20,774.7180786132812,777.900167004851,761.2570521850023,765.538010142502,165942
2015-02-23,771.5816650390625,777.8543481803202,767.7814801986572,776.5265498591178,593010
2015-02-24,772.5432739257812,777.9001863429709,768.2394006218803,773.779467286416,189252
2015-02-25,799.3050537109375,806.7452410933249,762.0125676183189,772.5432943749288,890970
2015-02-26,787.812744140625,800.7929968043139,778.8158305112281,800.5640679887609,517330
2015-02-27,777.9917602539062,796.2602931635629,776.2977091664663,787.4465326790719,303472
2015-03-02,807.8211669921875,813.6588522709995,785.5006056320238,798.9616322766267,324572
2015-03-03,811.7816162109375,821.9689489580855,801.8689868765586,809.8128059529108,754516
2015-03-04,796.4205322265625,820.8243693285146,789.1177244667103,814.8493041498494,270110
2015-03-05,811.6214599609375,828.7224338119852,795.7566795388012,798.961683426472,1166766
2015-03-09,806.76806640625,825.5173141636197,795.7794831894298,812.2394427766286,643736
2015-03-10,807.2030639648438,822.2894516809126,800.0147209756004,810.4080676221064,352058
2015-03-11,812.0105590820312,823.5943802231243,802.7160262383221,810.4080572738626,501972
2015-03-12,823.8919067382812,826.8679813939344,810.4309368546027,814.0708827309561,151164
2015-03-13,811.9647216796875,837.4215943990556,809.1718013511085,833.3008757825485,275896
2015-03-16,814.9866943359375,821.8545597376448,799.2135191530157,820.0231289638562,143212
2015-03-17,824.1209106445312,834.1480050376305,816.1084012262057,816.314470717175,223370
2015-03-18,824.8533935546875,832.3851288271859,817.2987430455299,826.2498257203724,265376
2015-03-19,838.9783935546875,849.0054875608632,828.722370716822,836.2770221625831,467244
2015-03-20,827.0283813476562,849.1657898435366,819.6797429464744,836.0481556320415,323112
2015-03-23,825.9982299804688,834.2167535773254,808.1646385141148,820.7099510358704,193710
2015-03-24,833.4383544921875,839.7109823310218,827.4175148420188,831.9274017968738,180638
2015-03-25,824.0979614257812,839.7108954687085,821.3965902240257,834.3310683030829,209228
2015-03-26,826.8909301757812,832.7515305532916,813.6130580965466,824.0980096407284,217200
2015-03-27,821.5111083984375,835.5902314767443,808.1874616390835,835.5902314767443,140264
2015-03-30,828.7453002929688,831.1032225875007,821.9460691615,825.9752390252719,138064
2015-03-31,817.4819946289062,840.1688656461471,802.532985683072,828.585043670824,392544
2015-04-01,825.2198486328125,828.2646136422237,810.4539371955756,810.4539371955756,136006
2015-04-06,859.5133666992188,865.5342066280017,820.0460553442865,826.8452310061698,432418
2015-04-07,886.0689086914062,887.694325506256,846.1666082005147,867.5943659536946,503404
2015-04-08,889.8235473632812,901.5218342524487,878.1710909579465,892.6622987100544,401488
2015-04-09,885.4967041015625,897.4010031225763,875.1262170454755,897.4010031225763,399102
2015-04-10,887.442626953125,893.7152546621916,877.0950548117289,885.9545895288518,118882
2015-04-13,884.878662109375,894.1960547790086,875.6985932101247,892.7995664897138,271886
2015-04-15,880.2771606445312,896.691347224528,874.9660227572945,883.711093229921,338338
2015-04-16,868.3727416992188,882.1084701534639,851.615164163204,878.8576922641237,343912
2015-04-17,866.9534912109375,879.5216617955833,859.2614600601283,865.3509893787547,432288
2015-04-20,835.5444946289062,869.3114986589857,810.4080967219081,865.0763151026706,473784
2015-04-21,814.5286865234375,837.6047211983872,808.576537605616,837.6047211983872,287870
2015-04-22,823.2510375976562,825.8378888200953,803.5402417888954,811.8503699975279,356776
2015-04-23,819.9086303710938,835.5444811288619,813.6130873485598,829.1802482770073,211648
2015-04-24,813.2009887695312,822.7244505712272,805.8294915308522,819.5652215001281,175572
2015-04-27,796.351806640625,811.3466441817684,773.7794028864824,809.4922984043201,465446
2015-04-28,806.8826293945312,811.6672198984094,785.2488535433397,791.1780882721486,181234
2015-04-29,806.1271362304688,811.827441995513,795.3903400898442,803.0823714774311,155312
2015-04-30,789.0948486328125,812.3311274356203,786.5995464674652,802.1667086210704,341696
2015-05-04,816.5662841796875,826.4331398679619,792.0938127266338,792.0938127266338,147716
2015-05-05,800.5640869140625,819.542263815718,797.3590834205547,816.566189143175,165138
2015-05-06,786.0270385742188,800.3350886429209,778.3579237373945,800.3350886429209,333450
2015-05-07,789.8731689453125,794.1312117330101,766.7284414183413,782.4787564119374,568372
2015-05-08,788.7514038085938,796.603674207012,775.1072784647527,793.4673602738819,369032
2015-05-11,792.7576904296875,803.1510937295527,782.9366651442981,788.9345898219154,219268
2015-05-12,797.7255249023438,808.0730981571331,785.6838445554456,792.0938526112592,527612
2015-05-13,798.84716796875,808.1187857657794,786.874178746519,805.8065821810529,254000
2015-05-14,807.2259521484375,818.6494781590353,791.6129615715577,798.8700500363557,323802
2015-05-15,821.8544921875,826.1583653303242,807.6609048572424,815.3987104186773,163648
2015-05-18,830.98876953125,833.30097315926,823.6859619304994,823.6859619304994,195660
2015-05-19,823.8233642578125,832.3852807074366,817.9627634674562,831.5840297496599,303456
2015-05-20,816.5662841796875,828.5621893288907,796.6723896788109,827.806712953615,1733214
2015-05-21,843.0762329101562,846.0980824379847,818.4892977040788,821.6256116525889,510674
2015-05-22,848.3872680664062,858.3915019345937,828.7680799166807,843.0761307684093,435806
2015-05-25,831.3779296875,866.4268986897383,815.948093599276,858.4830797697672,737036
2015-05-26,842.9388427734375,847.6776582383928,822.8617402539327,833.255142368026,267204
2015-05-27,835.7277221679688,841.4051132070479,831.5153975918487,841.0617199156115,367600
2015-05-28,827.7380981445312,841.0159725093062,819.5653487223115,837.8796581909664,311790
2015-05-29,833.2552490234375,844.5872272292017,821.5341029463489,827.5320277073948,452612
2015-06-01,836.437255859375,841.405000297356,825.8836703199382,834.21665738424,93282
2015-06-02,830.0272216796875,842.4122933499738,824.6016197572842,832.4081149713945,202058
2015-06-03,810.728515625,835.13235063983,803.7233271393261,827.8066282657963,550536
2015-06-04,830.1874389648438,833.2779779919329,808.3476521964106,810.9116437666456,309984
2015-06-05,820.526611328125,831.4465041434739,817.619226684117,821.1676231599965,179306
2015-06-08,809.675537109375,819.5652518756299,797.6567729408079,819.5652518756299,318354
2015-06-09,806.7452392578125,814.9637623297878,801.2509470494732,801.7088047335016,269884
2015-06-10,810.98046875,821.8545893613268,803.9981386732534,806.5163560779816,338480
2015-06-11,807.1115112304688,826.913855168412,804.9137720902734,818.9699799974071,303822
2015-06-12,807.7982177734375,818.7868006051615,805.3715500417694,810.407983839643,131248
2015-06-15,808.027099609375,814.3912754167883,803.769001653289,814.3912754167883,170008
2015-06-16,811.2780151367188,816.657842749176,803.5402093499974,808.1187860414504,148674
2015-06-17,822.4267578125,831.011588269833,813.1551409185804,813.6129985429715,300096
2015-06-18,841.9773559570312,852.302068968882,825.059537084032,825.059537084032,257668
2015-06-19,836.09375,858.2769841966037,831.6296384116494,845.8919137925952,279886
2015-06-22,828.3560791015625,842.7557364426324,822.7244632617884,841.5424024317982,227130
2015-06-23,835.5444946289062,840.5351545382975,826.4331155836408,831.0116924012787,231240
2015-06-24,830.9659423828125,843.350959506248,825.5631992219094,835.5445193358383,250544
2015-06-25,835.0408325195312,842.4123297543646,791.0864966407796,831.0116627076477,473758
2015-06-26,838.5892333984375,844.2895390033816,827.8066629707777,835.5902433195073,162046
2015-06-29,839.2530517578125,841.5194247131035,808.9886730171606,829.1801837061639,193272
2015-06-30,860.7037963867188,867.640351802249,840.6496624230981,844.2896088249853,396722
2015-07-01,854.293701171875,868.5788936555481,852.2562569473138,863.5195441713837,287874
2015-07-02,848.3187255859375,859.8567166802674,845.594438875589,855.7359975907453,122364
2015-07-03,851.2032470703125,858.0253380440266,847.05966838,848.0440177317917,122286
2015-07-06,873.2948608398438,878.1710564555763,838.9784490557462,839.0471388879627,242832
2015-07-07,874.2334594726562,880.4373974603069,867.2511298997586,868.0981554238786,240574
2015-07-08,864.3895263671875,879.1325213259074,860.7724395123473,867.6403047212224,196412
2015-07-09,853.1033325195312,877.7131831154925,851.1574373561297,867.1824563488486,179696
2015-07-10,859.14697265625,864.5726305698489,852.0730942569281,858.4144115878753,181606
2015-07-13,861.6651611328125,865.328022243848,852.5080083552239,862.8098052300111,117164
2015-07-14,864.7786865234375,868.7620259528126,860.7724318539048,864.435293266049,104128
2015-07-15,863.54248046875,869.4259403474198,858.9867631198159,865.6943891604438,191312
2015-07-16,873.6383056640625,874.5082465115343,863.9775189357409,868.4416317124359,145282
2015-07-17,904.2689208984375,909.1222011438276,870.5019168902047,876.9119244307506,567652
2015-07-20,897.0117797851562,915.6007882356283,892.8223713261534,908.8473882473921,369436
2015-07-21,891.2428588867188,905.1846024096868,883.6652921854809,900.5831105266902,260050
2015-07-22,889.9608154296875,897.3552277238346,883.5050336830639,893.28028342293,90866
2015-07-23,905.0701293945312,908.2751330144941,888.884872291884,891.9067216696835,288528
2015-07-24,895.4552001953125,912.4417097520283,891.8610284147505,905.0702119320383,156680
2015-07-27,872.8599243164062,897.1034670044869,869.9296238788584,895.5696548984458,200888
2015-07-28,876.8203125,889.6174114248452,870.8452478281295,874.5081090177325,158692
2015-07-29,873.7526245117188,889.1595454239289,870.4560718283723,877.2552466695405,216962
2015-07-30,883.73388671875,889.1594882780184,876.7973326737412,880.9180512085002,373364
2015-07-31,898.133544921875,905.6424214752649,883.7797189345955,883.7797189345955,396792
2015-08-03,903.1242065429688,913.3802289893532,894.7683045052455,900.1481318446016,221158
2015-08-04,897.5613403320312,902.8953937705563,888.3354964031158,902.8953937705563,304904
2015-08-05,914.2503051757812,920.2940046409705,894.3105793855599,906.9932157001491,248208
2015-08-06,923.268798828125,935.6866438922201,912.0765070847154,918.0426393064807,442702
2015-08-07,911.26708984375,932.2409984329553,905.5091123708812,926.3211607638447,210878
2015-08-10,954.0012817382812,992.0410856034969,950.4169841096439,975.8539350225541,1150876
2015-08-11,990.3297729492188,1005.2682212249341,956.0592217821417,962.8809486853821,971462
2015-08-12,1008.1358032226562,1015.1656291885018,991.11614731251,991.11614731251,582158
2015-08-13,1009.3150024414062,1034.127543460016,999.8108112461413,1017.4779050143272,786688
2015-08-14,1009.5925903320312,1023.698536273942,996.6660165513915,1009.1532473852141,418214
2015-08-17,1021.6634521484375,1024.7621122476576,1004.8057159623991,1009.6155663033448,279608
2015-08-18,1059.4488525390625,1065.1143544242982,1018.4028694929676,1021.6402991416737,577384
2015-08-19,1117.46826171875,1132.0366960186798,1056.003388837417,1063.7269488837503,975914
2015-08-20,1111.872314453125,1123.8507609375827,1099.9400492236125,1112.288510310653,904628
2015-08-21,1128.4293212890625,1149.1488961553414,1088.0077399005186,1088.0077399005186,1141290
2015-08-24,1028.9476318359375,1123.388054151636,1021.2009254106432,1100.726047295551,839972
2015-08-25,999.7413940429688,1063.6344508621048,950.8793740946303,1045.2273275553816,1064464
2015-08-26,997.8685913085938,1085.949800007606,987.4162708641442,1013.0151406625988,824334
2015-08-27,1023.2359008789062,1047.7710161141977,1001.290774613656,1021.6403330815548,911324
2015-08-28,1039.561767578125,1054.4770682140474,1024.415221971103,1040.6023699480731,502104
2015-08-31,1093.3726806640625,1109.9760269014228,1031.237102493103,1040.140035208875,870912
2015-09-01,1061.2296142578125,1116.9133658847059,1044.764924858613,1105.2123461357749,748214
2015-09-02,1040.764404296875,1085.9265070951417,1035.977587688721,1085.9265070951417,666404
2015-09-03,1036.370849609375,1057.2522297162877,1026.7510342105375,1049.852389088352,551404
2015-09-04,1006.7250366210938,1047.5397762475145,985.2424002161074,1036.370688698918,731552
2015-09-07,968.5465087890625,1015.628012077162,962.4416635394235,1008.228172280607,622694
2015-09-08,968.2921142578125,982.6987450727498,941.1671217373965,962.0716465271285,682920
2015-09-09,958.1173095703125,990.6535244095854,949.0757209077583,981.8662149026843,808550
2015-09-10,998.515869140625,1006.1932479915049,927.9167622382881,945.9307808749319,899004
2015-09-11,990.4222412109375,1022.1028032109137,981.5193095540099,1010.7949463642426,601782
2015-09-14,1013.8243408203125,1021.2472147460957,986.5374317177801,996.6659172196147,540042
2015-09-15,1010.4248657226562,1028.392644510906,1003.6031393148708,1021.0852810983554,385476
2015-09-16,1022.843017578125,1039.377036507302,1010.610065690648,1017.0155979093721,1300500
2015-09-18,1029.2021484375,1044.7648914968393,1017.4779819801001,1034.590111677038,736506
2015-09-21,1032.971435546875,1036.6713556204702,1019.744176118732,1024.346042040346,795264
2015-09-22,1021.6865844726562,1041.5273579832356,1007.0025286929192,1035.9774786334137,1237088
2015-09-23,1031.074951171875,1040.6022883995856,985.103499684941,1023.7677009878399,558209
2015-09-24,1037.2724609375,1051.7021244958232,1031.3525671177158,1032.2775469985388,504230
2015-09-28,1025.47900390625,1051.7021618771334,1012.3442213841548,1045.2273024812318,546436
2015-09-29,1019.512939453125,1031.1214839440208,1012.8531284312203,1015.1655784961317,163955
2015-09-30,1031.3062744140625,1042.4523271587434,1023.675190386503,1042.4523271587434,417245
2015-10-01,1041.481201171875,1045.227415392081,1027.4215501298709,1045.227415392081,291154
2015-10-05,1054.153564453125,1066.2707808461707,1040.9725983919168,1049.8523845243146,628718
2015-10-06,1051.65576171875,1073.3466062563255,1037.7348831682166,1071.1266321046814,406514
2015-10-07,1050.4534912109375,1059.1020310655047,1041.666181782883,1053.459676015272,279738
2015-10-08,1007.7657470703125,1054.4772387885785,1005.4532969852497,1050.7773186524782,322234
2015-10-09,1013.2229614257812,1022.9352499576913,996.0183586089138,1012.806652741151,289890
2015-10-12,1014.9805297851562,1018.4029103861773,1001.6607961131187,1015.6279705758608,339264
2015-10-13,1013.8243408203125,1021.085410998976,1002.2620912005954,1019.2354510598212,270165
2015-10-14,990.7922973632812,1013.6855511567032,985.2885989057926,1011.2806258659732,486198
2015-10-15,983.8087158203125,1000.8283705827986,981.4037903774023,991.5785704849908,151136
2015-10-16,989.4048461914062,994.1685156131582,973.0789271598651,985.1036667540459,214349
2015-10-19,1018.541748046875,1025.7565242884389,991.902278922,991.902278922,297844
2015-10-20,998.007080078125,1030.797687322293,995.1396647921105,1022.1028531384161,234968
2015-10-21,1006.701904296875,1011.9280635880518,987.4623891169788,998.9783443099598,273662
2015-10-23,1008.2279663085938,1015.5815104391187,999.9031482381558,1015.5815104391187,241811
2015-10-26,1011.3731689453125,1019.3279744757614,1002.6783342393152,1010.0781743444023,354438
2015-10-27,1015.905517578125,1033.4338423504719,993.9834251595423,1012.8067444359027,201887
2015-10-28,1026.49658203125,1032.1852317635717,1009.1532065745382,1015.628066745044,548935
2015-10-29,1036.9949951171875,1046.3372699914232,1010.4481158259028,1026.7277402967384,665771
2015-10-30,1067.2880859375,1078.8966294012114,1040.0011775860328,1042.4523970204623,473494
2015-11-02,1069.2305908203125,1077.5554108591275,1036.2551439966408,1072.0518249985057,407864
2015-11-03,1100.35595703125,1105.3508705770419,1071.126617680514,1071.126617680514,567727
2015-11-04,1087.5450439453125,1113.9532634710824,1083.7063550371554,1106.2758856547682,419054
2015-11-05,1067.2880859375,1098.0436690794081,1060.7670450790258,1086.8514343381041,257738
2015-11-06,1037.22607421875,1076.6764851979062,1017.4777781079869,1067.4266872151063,375940
2015-11-09,1053.6910400390625,1071.1268912914677,1009.1532283238267,1026.542898321579,286276
2015-11-10,1031.4451904296875,1061.8770554551288,1017.4780148089212,1055.2172445232372,290554
2015-11-13,1059.4256591796875,1069.6004376311514,1025.8026638794113,1025.8026638794113,237426
2015-11-16,1042.3135986328125,1079.9603490652512,1035.9775087732792,1059.1944821463055,278606
2015-11-17,1039.90869140625,1054.3383558025514,1024.87776746998,1050.7772056370914,281249
2015-11-18,1047.30859375,1052.6272286928681,1038.0124996848178,1040.1399988270036,174558
2015-11-19,1066.1781005859375,1075.7516199349134,1044.3023034449848,1058.177001896424,290252
2015-11-20,1062.8482666015625,1072.9767519832642,1056.650833131345,1067.8893622109297,123194
2015-11-23,1064.0045166015625,1085.8340215561225,1052.1647276876001,1062.8482916260816,212724
2015-11-24,1059.148193359375,1078.0639856080595,1048.1409108637445,1065.5767579755338,216009
2015-11-26,1044.3948974609375,1062.8020220794724,1037.0875328641205,1059.102102072233,534645
2015-11-27,1059.7960205078125,1065.577146519747,1046.2450385533148,1046.2450385533148,598446
2015-11-30,1064.0045166015625,1079.451637108949,1040.6024779327913,1060.9520375012548,544833
2015-12-01,1050.638427734375,1063.726916286857,1047.2622284175554,1057.2520567964154,144274
2015-12-02,1052.7198486328125,1065.2995556421788,1047.0774925013259,1059.5647240815097,242630
2015-12-03,1042.128662109375,1057.5757817959777,1037.8274828466106,1054.4771216088557,198431
2015-12-04,1045.0885009765625,1058.1769889379887,1031.5838172317237,1037.827431458412,278270
2015-12-07,1043.608642578125,1063.6344813466098,982.1899504922272,1046.1523374747258,144834
2015-12-08,1045.22705078125,1063.1253852187533,1040.6021523264658,1041.5271320174224,231568
2015-12-09,1038.798583984375,1053.5519662661823,1020.345169681073,1045.2271482711028,277050
2015-12-10,1023.3515014648438,1048.0022386637684,1016.6453971132883,1042.3135896313108,179075
2015-12-11,1041.4349365234375,1045.22733169308,1015.7204490388725,1026.7277329020521,279448
2015-12-14,1044.256103515625,1056.7896274127797,1035.7000386984973,1045.2273776599045,268495
2015-12-15,1035.0989990234375,1047.2623966905262,1032.000225439319,1044.2562114440764,301425
2015-12-16,1032.5087890625,1051.7021215355544,1029.5026044582867,1044.3022825097985,230698
2015-12-17,1045.6434326171875,1049.8521361252767,1034.451198946738,1036.6711731827347,377943
2015-12-18,1061.969482421875,1065.9931227143402,1044.3023875533147,1046.152347495836,455033
2015-12-21,1073.947998046875,1085.279002243768,1070.2480783091141,1072.0517440162366,433168
2015-12-22,1076.7689208984375,1085.0012633821457,1070.2015871552794,1072.7915756600084,176056
2015-12-23,1079.035400390625,1091.0138455176218,1071.7280362399938,1079.4515962009875,180507
2015-12-24,1079.1279296875,1089.1639400129557,1074.82675014442,1083.9840746429718,104277
2015-12-28,1084.9552001953125,1096.6562192856177,1078.98912461132,1079.127894188002,162979
2015-12-29,1079.3592529296875,1095.54640395469,1068.0282472121858,1086.8515688215962,189792
2015-12-30,1071.681640625,1086.7588574716156,1068.351735719559,1083.1514134438125,138608
2015-12-31,1068.213134765625,1079.2204193929495,1059.1945797289152,1073.0230985327626,302126
2016-01-01,1075.2894287109375,1077.6018790952621,1059.6110602702634,1067.4270974042338,100178
2016-01-04,1063.4495849609375,1085.6491075520687,1052.442412006257,1073.9019053459726,233101
2016-01-05,1061.414306640625,1070.6641045198462,1053.089488549326,1060.951816746664,302272
2016-01-06,1051.88720703125,1067.7044553041317,1049.8522962036475,1062.8020161568202,392164
2016-01-07,1042.406005859375,1051.2859028266762,1031.3525417207632,1031.3525417207632,316523
2016-01-08,1044.9498291015625,1054.2459229842946,1037.8275284828942,1054.2459229842946,366442
2016-01-11,1017.0151977539062,1043.3771196602147,1012.2053483956751,1043.3771196602147,168277
2016-01-12,1017.7554931640625,1025.6178228086974,1007.0256353189574,1017.4779540115678,275705
2016-01-13,1003.094482421875,1032.832611013817,979.5537873710548,1022.1028659537445,239949
2016-01-14,1005.8692626953125,1017.4778046313643,985.1035108476391,994.8157989827566,366830
2016-01-15,996.2959594726562,1010.6794439849789,982.8837491488237,1007.2569501547855,152999
2016-01-18,987.323486328125,998.9782095233826,958.2790972835411,997.035774476269,229101
2016-01-19,990.3762817382812,999.718672340842,961.9794339959508,984.965170004579,667040
2016-01-20,980.6636962890625,998.0996586493278,963.5053859909905,986.9536051042479,359534
2016-01-21,978.5823974609375,995.3708044979753,972.2001267587043,989.4972049710582,337935
2016-01-22,1000.6895751953125,1009.1531646490866,981.4037650712015,982.3287450571311,162161
2016-01-25,1005.5457763671875,1021.9179907814859,1001.1059399339388,1017.2930905931421,210420
2016-01-27,1058.362060546875,1062.6170588355913,1003.603290244211,1003.603290244211,383545
2016-01-28,1044.4412841796875,1067.4270166790325,1024.7391632301874,1053.5523154223724,334538
2016-01-29,1055.3558349609375,1069.2768284549072,1031.4914198588936,1061.8769888116205,349675
2016-02-01,1056.28076171875,1071.126734420441,1045.7360810882035,1065.5768549674854,283070
2016-02-02,1040.139892578125,1074.1329037406383,1029.8726383197197,1054.4770809595932,303619
2016-02-03,1023.5368041992188,1050.314933697803,1018.4031193318195,1035.9777417362743,249442
2016-02-04,1005.7308349609375,1028.392845767522,976.8713901862156,1028.392845767522,512652
2016-02-05,1027.143798828125,1035.9774012988735,993.7983439713631,1001.7531478631072,474625
2016-02-08,988.4798583984375,1009.7081033489436,978.8600442167185,998.9783583785079,520662
2016-02-09,956.1055297851562,994.3534274104737,946.2082332164163,975.8538287609766,301134
2016-02-10,941.3057861328125,955.4117291330011,922.5286496298237,947.9194147777123,366989
2016-02-11,943.0634155273438,947.3645389628715,915.7302658529923,926.8300266512103,462682
2016-02-12,913.093994140625,949.1219185771561,888.2120105239037,944.5895506268599,736094
2016-02-15,918.2738037109375,933.7672171706788,912.2151966045062,927.7548477683911,455879
2016-02-16,896.9993896484375,917.5801954434132,878.9160412411909,912.2615602379701,395940
2016-02-17,914.3427124023438,924.0550022154188,860.2313834437832,900.1905299659797,526313
2016-02-18,902.1791381835938,933.3509726335319,888.9981743850424,923.9624603630767,342584
2016-02-19,920.9563598632812,925.9049802822703,888.6745352709203,902.3179902750796,212929
2016-02-22,917.0252075195312,948.1045133754657,912.5852582918552,938.8547132449734,359241
2016-02-23,906.4803466796875,917.3950987464083,899.0805071149554,915.6839084295822,314131
2016-02-24,871.2386474609375,905.5553814162566,857.0864088988945,905.5553814162566,823896
2016-02-25,870.267333984375,874.3372682094438,860.3237998576873,864.8562240421369,679713
2016-02-26,863.9775390625,890.5707134885699,853.9877665693576,881.2284382727131,583423
2016-02-29,879.23974609375,885.3908858048907,848.9466504603178,864.8563180842506,792995
2016-03-01,885.6220092773438,888.7669070377557,871.747310891223,883.3557972496856,486669
2016-03-02,897.6467895507812,921.6500301643491,886.0845403589177,890.7556777411716,616872
2016-03-03,904.2604370117188,912.0302916938617,893.8544118782949,902.7804915752627,479030
2016-03-04,934.8309936523438,946.9019705097626,903.8904035432095,904.2603616433383,531786
2016-03-08,946.0232543945312,948.6132434484022,923.1300003771618,934.8772571642025,387188
2016-03-09,933.8597412109375,946.0232502176675,923.2224717144787,946.0232502176675,203045
2016-03-10,940.149658203125,950.601864051115,926.8299241360169,934.2297638496776,262703
2016-03-11,928.9573974609375,946.2545346544836,924.5175047772789,946.2545346544836,248070
2016-03-14,936.5885009765625,942.184618764578,922.7138007800119,938.3922232933741,503296
2016-03-15,891.4031982421875,943.4795586696553,870.4986172841604,943.4795586696553,1371394
2016-03-16,902.6416625976562,912.9552116337883,881.5521310061896,887.0557730058795,464515
2016-03-17,911.3798217773438,919.3702711758411,903.2491660395939,915.8656831027439,623673
2016-03-18,919.4637451171875,923.4823852531898,893.9036377785325,914.4638887258693,314050
2016-03-21,927.03369140625,933.6223058804245,905.679032868074,915.8657254883043,276676
2016-03-22,914.9778442382812,931.94007335662,897.3614709778666,931.94007335662,630746
2016-03-23,905.9594116210938,915.8656911787391,895.3054409686041,915.35169633165,519608
2016-03-28,908.5761108398438,914.9310855211013,897.2212231725648,913.9965287432452,382087
2016-03-29,913.06201171875,917.0338781975674,873.9040582053738,906.520113988933,528121
2016-03-30,917.9684448242188,925.7719715261208,908.5294436723882,912.8750987005624,573823
2016-03-31,922.6412353515625,925.1178337806357,905.3519339041036,921.4730393078153,461518
2016-04-01,942.5471801757812,945.2574175135428,913.949767007309,920.4916641280146,228313
2016-04-04,944.463134765625,947.5472180195193,925.9122040117963,943.9491399035838,112395
2016-04-05,947.0330810546875,960.7243605658492,935.2109721263012,941.6593796215614,275291
2016-04-06,930.0242919921875,951.7527392195791,908.2490712886365,946.5191865231104,729242
2016-04-07,947.5471801757812,957.5468924913895,921.005743739758,939.042678911175,226225
2016-04-08,947.1266479492188,953.2479838885738,934.1830013944731,944.0893381966325,133452
2016-04-11,953.3413696289062,969.135402377912,939.3230176176539,948.4817198976617,276931
2016-04-12,955.0236206054688,967.1728590546896,945.771485431657,959.7898374884503,187964
2016-04-13,956.0982666015625,967.2662311129136,942.5939102276199,967.2662311129136,444316
2016-04-18,971.0512084960938,980.3500022556661,942.9677333421994,942.9677333421994,300959
2016-04-20,979.9295654296875,984.5088024243594,965.3037288850458,980.3032968794769,362803
2016-04-21,1019.6482543945312,1023.5265738953253,979.4155380435768,990.6302197769002,566475
2016-04-22,999.4616088867188,1033.9935471140773,994.3683205466449,1027.4983096540113,648920
2016-04-25,990.58349609375,1006.1906640727457,987.6863926500183,998.059950958424,234919
2016-04-26,989.1815795898438,998.7607865987063,982.3126100632309,994.2282090254746,448874
2016-04-27,974.0418090820312,1000.9103166484581,970.2568084704529,1000.9103166484581,320238
2016-04-28,981.4246826171875,989.461846940117,968.3875489830295,974.4155077864428,323697
2016-04-29,982.3126220703125,991.5179836628262,972.8736212796049,989.6956435495692,183734
2016-05-02,986.705078125,990.3965317141154,975.1165514226099,979.415489725306,105563
2016-05-03,972.0791625976562,997.6860386851527,969.0885127447477,990.7235229051464,245808
2016-05-04,982.2191772460938,985.9574043716735,957.920700929825,974.2754446042367,248101
2016-05-05,975.6774291992188,994.8358461518853,970.4439332382361,990.6303399915439,240051
2016-05-06,955.3038940429688,975.7706520604107,952.5002238728412,975.7706520604107,320213
2016-05-09,981.3313598632812,995.3029376273685,952.687172691763,958.855224418479,285857
2016-05-10,1001.0972900390625,1004.555218964141,976.9857908439806,990.6302985549163,294333
2016-05-11,995.2562866210938,1012.966207641761,979.4155934099566,998.1067306887726,265876
2016-05-12,994.415283203125,1008.3868627776252,992.5928288575494,1003.6206455567299,283261
2016-05-13,1008.012939453125,1010.2558985845344,987.0321849717915,988.7610922316719,162565
2016-05-16,988.0601196289062,1008.0128833380721,976.6117994913285,1008.0128833380721,219481
2016-05-17,1018.8070678710938,1022.4050885565425,988.7610454230548,990.6301589304708,784700
2016-05-18,1000.583251953125,1018.6201295858114,998.1066536385366,1013.0595623072787,224889
2016-05-19,987.1256713867188,1006.5177259962093,983.2472376484913,1001.7981682778674,440328
2016-05-20,974.9764404296875,997.7328770664736,971.0045737900267,988.2471021577777,164093
2016-05-23,966.98583984375,984.9293981942947,961.0047678085383,977.5463769288868,175588
2016-05-24,962.8271484375,975.1165932406791,947.1266055202576,950.4442707701407,201240
2016-05-25,971.98583984375,977.7332728651533,963.9019007542371,967.3130558708107,125503
2016-05-26,973.3408813476562,981.1911810754772,959.6029423851979,973.247448486466,202483
2016-05-27,1013.6669921875,1017.732291195508,974.7426810990953,974.7426810990953,224931
2016-05-30,1037.4981689453125,1047.4512208624571,1010.255817651159,1047.3110145376688,694026
2016-05-31,1027.498291015625,1049.7875589866067,1020.53588941736,1041.9372600978404,538448
2016-06-01,1052.077392578125,1061.5631675904733,1020.5360983302799,1020.5360983302799,506466
2016-06-02,1067.0301513671875,1071.3758629979282,1035.488861585149,1044.834428927975,483965
2016-06-03,1066.095703125,1076.9833130037055,1054.5539490983801,1068.1050231245142,471371
2016-06-06,1067.310546875,1092.0295264670401,1063.6189793849048,1066.3292166871142,456329
2016-06-07,1073.104736328125,1076.6093239712607,1056.282715641074,1073.805653856752,278491
2016-06-08,1063.0584716796875,1075.2077113560267,1058.8529656378778,1073.1049583351219,160125
2016-06-09,1040.629150390625,1072.450859759975,1034.1340253046399,1068.8527242835992,194652
2016-06-10,1049.7877197265625,1053.2455343219365,1025.2088297703322,1041.7972132966981,337843
2016-06-13,1048.5728759765625,1053.1988871496787,1030.5826550651998,1042.0309774633397,250050
2016-06-14,1042.077392578125,1065.2076686526514,1033.6196096333786,1049.7407111398666,343112
2016-06-15,1049.7408447265625,1053.1519996000907,1036.6102770655027,1043.2457210996117,445509
2016-06-16,1035.0684814453125,1053.2455664853605,1030.1152845239471,1049.0868341491991,197059
2016-06-17,1040.3018798828125,1045.2083028712677,1023.5732910677519,1038.292560033118,295478
2016-06-20,1049.5538330078125,1051.3293992787048,1026.890835506501,1039.133504123876,191427
2016-06-21,1044.0867919921875,1055.0678341888326,1035.6291215577971,1050.72223641462,360516
2016-06-22,1035.8162841796875,1054.1803530396649,1029.9286432101176,1054.1803530396649,179789
2016-06-23,1030.5826416015625,1039.834777908581,1028.0593835549462,1037.2179729048153,299256
2016-06-24,1028.0123291015625,1036.984050248306,987.8263926003195,1010.9098965393142,385379
2016-06-27,1026.1900634765625,1036.6570532246772,1010.2558255901519,1010.2558255901519,298080
2016-06-28,1034.7412109375,1041.5635209966017,1023.5733031597381,1027.0778910500362,580907
2016-06-29,1037.9654541015625,1046.4698975209499,1032.5917529086664,1039.227082869655,285257
2016-06-30,1037.0308837890625,1047.6380797102127,1027.077831937131,1047.6380797102127,781154
2016-07-01,1059.41357421875,1063.385440650824,1043.199036424141,1046.7036244524415,441798
2016-07-04,1069.5069580078125,1073.9927627578052,1060.1613888432591,1063.0584924679397,284864
2016-07-05,1064.5535888671875,1069.0395069746737,1057.2173410736336,1061.8901249015835,138753
2016-07-07,1049.5072021484375,1070.0206766290157,1045.5821095361894,1067.263779922988,256965
2016-07-08,1048.3858642578125,1055.8623186605591,1037.3580483811047,1055.8623186605591,351498
2016-07-11,1075.020751953125,1079.413123359246,1051.3764188564082,1052.4978414038646,253886
2016-07-12,1087.730712890625,1096.6090027400157,1079.4131343206566,1079.4131343206566,340867
2016-07-13,1089.599853515625,1098.0575245535815,1080.5813571027195,1093.4315137817787,691963
2016-07-14,1078.01123046875,1095.7210355663794,1074.833714645406,1095.7210355663794,289284
2016-07-15,1077.0299072265625,1089.6464236598997,1073.385227077797,1079.8803510163787,270276
2016-07-18,1075.955078125,1092.8705300660042,1065.628181880835,1077.0297269685964,402223
2016-07-19,1083.2447509765625,1088.7118853741838,1071.8432037869654,1077.1701318499524,288709
2016-07-20,1108.8515625,1112.5430159586872,1081.983056455436,1083.2446852272892,385006
2016-07-21,1110.1134033203125,1118.6646218677124,1102.309875933974,1112.5900019494666,473335
2016-07-22,1125.81396484375,1134.5520488285292,1108.3844562690574,1113.0572406546773,461601
2016-07-25,1125.3466796875,1148.5703951290689,1119.645905587404,1127.0755870835287,481192
2016-07-26,1108.8048095703125,1131.7482233981982,1105.580634417893,1127.075439651715,211255
2016-07-27,1111.935791015625,1118.6177812593744,1097.4033862968129,1109.3189861906042,241400
2016-07-28,1117.2626953125,1124.2718715691656,1090.2073205944287,1112.1226327242784,415548
2016-07-29,1120.06640625,1130.8138102315395,1114.832910605754,1118.6645709480601,390486
2016-08-01,1098.43115234375,1130.7667901055836,1092.590173193071,1120.5334402662438,263163
2016-08-02,1104.0853271484375,1113.4308943088581,1096.328460772636,1099.9732547815263,109773
2016-08-03,1095.9547119140625,1113.0571469584224,1093.4314541908936,1104.6461357723385,150079
2016-08-04,1075.4412841796875,1107.449855966048,1066.3293549850302,1098.7584317169474,228739
2016-08-05,1106.655517578125,1112.0758788632234,1077.777688075025,1079.4131625637579,165700
2016-08-08,1114.832763671875,1121.1876810874412,1098.571453496267,1110.2534128060954,124723
2016-08-09,1107.1229248046875,1117.5899171176359,1098.4314994493277,1116.7955665184527,185024
2016-08-10,1083.9921875,1108.2906583007377,1077.0764460711598,1108.2906583007377,182258
2016-08-11,1098.9923095703125,1107.4500964458796,1069.413670411588,1085.1141602919452,364846
2016-08-12,1115.90771484375,1121.2346435542931,1096.235246417325,1102.8239182113182,444729
2016-08-16,1179.317138671875,1197.7278602809652,1130.9538287855728,1130.9538287855728,1254941
2016-08-17,1190.7655029296875,1200.9054208261732,1171.373450414401,1178.4760588807817,630246
2016-08-18,1192.12060546875,1200.9054620149927,1167.027778748033,1195.7186262545686,573970
2016-08-19,1214.923828125,1220.0638904747595,1192.1206196115565,1192.1206196115565,600203
2016-08-22,1218.2882080078125,1237.6336019999533,1210.4846816316108,1215.3911047766144,342572
2016-08-23,1228.2880859375,1233.33460154858,1205.8119485683046,1221.045270513044,266945
2016-08-24,1259.642333984375,1268.4271905388239,1229.783290475225,1232.5401873454905,665901
2016-08-25,1250.2503662109375,1291.1838932480582,1244.596250882131,1261.6519156680133,624369
2016-08-26,1244.59619140625,1261.6518553770884,1235.1571892305008,1242.9139432997513,358191
2016-08-29,1218.0079345703125,1256.6984951902282,1209.5033763447193,1247.7267726418656,396327
2016-08-30,1228.054443359375,1251.838868958516,1218.2415966822086,1224.3162160537877,483127
2016-08-31,1235.9512939453125,1247.7266861034364,1225.764602619342,1228.9421183652823,635036
2016-09-01,1231.605712890625,1244.8297150371156,1215.017328925228,1233.6150329196641,389591
2016-09-02,1228.7086181640625,1239.9700738357985,1219.8303280917607,1231.6524950569972,309086
2016-09-06,1242.773681640625,1244.8296609735405,1222.353524239973,1232.6804225406156,251201
2016-09-07,1231.3253173828125,1256.978855074921,1224.8768528564353,1238.2877196834722,247033
2016-09-08,1244.4091796875,1247.5865816111657,1229.1758578841439,1238.100921150554,333250
2016-09-09,1237.493408203125,1266.8385145078385,1226.3253860061725,1251.3715538518454,293125
2016-09-12,1218.6622314453125,1231.9796676401713,1209.3166621857627,1225.344336282222,251865
2016-09-14,1224.4561767578125,1229.7832185449274,1213.148063189675,1219.6433008842757,212868
2016-09-15,1250.2503662109375,1254.1286863900689,1219.9239239371796,1224.2696366852574,403832
2016-09-16,1254.73583984375,1271.1840154355998,1244.1286438002583,1263.0066440678986,573650
2016-09-19,1256.51171875,1266.231133068747,1161.1869174762921,1251.3716559362215,452375
2016-09-20,1248.9417724609375,1268.3338267149975,1245.9978956253176,1265.3431764051436,329038
2016-09-21,1242.259765625,1259.5022948847827,1238.2878987798572,1248.5680247319917,189804
2016-09-22,1242.02587890625,1255.4835184691901,1235.4839818766459,1251.838724450656,226991
2016-09-23,1247.586669921875,1256.3248680754202,1228.9423056700357,1243.4279374098726,346847
2016-09-26,1245.15673828125,1262.9133176041412,1236.8859333603368,1251.3715638605902,292044
2016-09-27,1233.4281005859375,1253.1938854853945,1224.9703159797043,1250.436988579702,168646
2016-09-28,1232.0262451171875,1236.418616337735,1224.9702958160894,1233.6149460059034,264258
2016-09-29,1210.2978515625,1239.64284435278,1140.159316809705,1233.6149985154184,1097313
2016-09-30,1206.325927734375,1214.9238044098513,1186.8871012311624,1192.0271634805888,233870
2016-10-03,1214.7371826171875,1231.7460736617954,1206.5130357339742,1206.5130357339742,333442
2016-10-04,1213.662109375,1225.6711404317566,1208.7556865863864,1219.5965217410921,197552
2016-10-05,1199.9241943359375,1225.6245071200306,1185.9526153823335,1220.5312180372953,434420
2016-10-06,1186.3265380859375,1207.447500967648,1181.7471865120674,1196.2328182961219,641255
2016-10-07,1188.42919921875,1197.1205091683353,1181.2798167519843,1186.373105772253,311475
2016-10-10,1181.88720703125,1196.23263021002,1178.5694849632484,1196.23263021002,163028
2016-10-13,1164.925048828125,1186.8403601108475,1150.2992121215761,1181.8872775299167,300081
2016-10-14,1153.8038330078125,1173.7099390074343,1149.7385336365217,1168.196030925139,251771
2016-10-17,1144.411376953125,1163.1959425648288,1131.7480888727266,1155.205437675482,341435
2016-10-18,1195.812255859375,1200.7186792923712,1135.4865659219731,1135.4865659219731,498335
2016-10-19,1184.9713134765625,1196.2327691626665,1178.7098282081354,1195.2982123117583,169237
2016-10-20,1174.036865234375,1196.139154210138,1168.1958858053483,1186.2795353012891,139088
2016-10-21,1191.0927734375,1195.9991971805732,1159.878550046189,1173.8034707238132,273426
2016-10-24,1183.4293212890625,1204.9707870767363,1174.0837532905123,1198.10181741413,174109
2016-10-25,1193.989990234375,1212.0269858137208,1179.551130339776,1179.551130339776,396724
2016-10-26,1191.933837890625,1203.2419530407367,1181.279866907566,1197.1673334719874,183546
2016-10-27,1192.681396484375,1218.4752565966044,1182.2144054835035,1193.2422218550591,1586411
2016-10-28,1196.13916015625,1207.867778459062,1191.6065829131194,1193.989634083031,302744
2016-11-01,1203.3353271484375,1212.1201839890505,1197.6813268903034,1205.5782863113918,243446
2016-11-02,1184.4105224609375,1200.9054725855415,1173.2892738673584,1191.5599047054984,369096
2016-11-03,1177.21435546875,1189.6906644437236,1169.223850149537,1184.4103963374478,267019
2016-11-04,1171.887451171875,1182.1675759494578,1133.9912414634975,1177.5415654322017,280678
2016-11-07,1183.896484375,1195.5784432353405,1174.1302983187775,1186.8870202105952,362185
2016-11-08,1163.570068359375,1183.9901130074675,1155.3926958049726,1183.9901130074675,173337
2016-11-09,1169.6912841796875,1177.541584224177,1056.049198550254,1098.104255129689,496344
2016-11-10,1173.429443359375,1193.4289808110636,1163.0558861545567,1184.550691603777,135935
2016-11-11,1141.1405029296875,1173.803213926602,1130.7668323056387,1163.5230902377543,287849
2016-11-15,1085.48779296875,1126.1410163816993,1067.8714189728016,1126.1410163816993,756365
2016-11-16,1077.5908203125,1102.777081758998,1038.292659181565,1102.777081758998,542704
2016-11-17,1090.627685546875,1098.1041392609923,1047.6848501590653,1078.3382419379684,279284
2016-11-18,1106.7021484375,1112.1226236644886,1074.740350600136,1078.4785779065714,190525
2016-11-21,1093.338134765625,1119.0851087853944,1080.6281838042732,1113.7581801141737,424566
2016-11-22,1102.16943359375,1110.0665062456067,1072.9178770072122,1102.776918271836,356426
2016-11-23,1100.62744140625,1113.1505247017494,1090.6277297906097,1104.6460810732653,235062
2016-11-24,1072.544189453125,1098.4313685107807,1067.7311988694628,1086.515768698452,565194
2016-11-25,1079.4599609375,1092.4502101966057,1056.0492656547071,1072.9647222262977,501144
2016-11-28,1089.88037109375,1097.5904666502522,1074.4135205778896,1079.4133779103179,322168
2016-11-29,1097.5902099609375,1115.4869958532738,1082.216795927781,1089.8801162075658,179598
2016-11-30,1097.169677734375,1111.935720733473,1086.889552985586,1097.590182659624,519489
2016-12-01,1075.0675048828125,1106.515367319325,1066.5162864491072,1106.515367319325,409981
2016-12-02,1061.516357421875,1070.2544410062392,1048.946613633215,1065.3947911005437,315145
2016-12-05,1058.245361328125,1074.5066723363666,1055.2080517520492,1061.5163101023604,281718
2016-12-06,1078.7120361328125,1087.3099118624516,1061.656376908707,1061.656376908707,252914
2016-12-07,1084.7867431640625,1089.6931660816686,1066.1423817098128,1085.954939096826,384693
2016-12-08,1085.0205078125,1097.1697469180663,1017.3119093529834,1045.769119932978,1392033
2016-12-09,1085.48779296875,1092.8708149796153,1070.5348832076652,1087.8241851189196,143298
2016-12-12,1074.4129638671875,1086.2351270777976,1067.9177273755095,1085.9547144792812,98459
2016-12-13,1084.4130859375,1094.9736246359764,1067.0771237342033,1074.7404447510712,387406
2016-12-14,1095.113525390625,1106.5150708597405,1084.1791441637304,1085.6277526002918,296015
2016-12-15,1076.609619140625,1102.777214050293,1073.1518040173687,1094.3662014007568,313230
2016-12-16,1076.235595703125,1085.9550093084445,1065.3947595625016,1079.78695720099,226907
2016-12-19,1086.188720703125,1091.5624226984298,1070.8153058448693,1077.4506367966549,258789
2016-12-20,1066.3759765625,1085.95489394898,1064.0395847941072,1085.95489394898,140238
2016-12-21,1073.4320068359375,1087.3101536524964,1065.441613981143,1067.2639542598724,387260
2016-12-22,1035.7225341796875,1074.7402790946453,1032.6852246952897,1072.871165565785,402626
2016-12-23,805.1207275390625,1035.675857163382,748.6734708941094,1028.4798150397428,13374164
2016-12-26,712.4127807617188,794.373440042506,694.983327154697,794.373440042506,18358412
2016-12-27,736.8512573242188,744.8417058724033,710.263107230899,710.263107230899,5970762
2016-12-28,770.635498046875,786.8968088367894,735.4961859317735,743.4399185625488,6649536
2016-12-29,737.5989379882812,781.9436685697665,730.2159166162268,773.7195803209181,5931262
2016-12-30,732.4122314453125,747.5520641685238,721.4779046429475,739.2344851976314,3817278
2017-01-02,745.6361694335938,751.243510604866,732.5056569323627,742.7857824130285,2246725
2017-01-03,726.945068359375,758.3462147051075,723.0199749768819,748.5800836044742,2244443
2017-01-04,703.067138671875,733.4402376717438,699.6092667621863,730.2627784624069,3592668
2017-01-05,714.0014038085938,721.4778582987361,702.973644843798,710.2631765635226,2766188
2017-01-06,689.1421508789062,719.608677255474,687.0861146785846,714.0013369132237,3469778
2017-01-09,686.1047973632812,716.8516773696663,680.4974573819671,685.7309518815355,5617248
2017-01-10,690.964599609375,698.113982487322,682.6937941191281,691.2917287386497,2965489
2017-01-11,691.6654052734375,700.8708231848395,689.7962918344705,695.3101992957495,1664183
2017-01-12,689.9833984375,693.8618326731191,682.413509808959,687.366650333858,1669512
2017-01-13,697.3662109375,706.9921334011574,690.637391385929,690.7308242382621,2252584
2017-01-16,689.7028198242188,706.5248398199313,688.7682631577902,695.3101598227896,1772100
2017-01-17,690.0767211914062,696.244772873015,684.0955352255663,696.244772873015,1754258
2017-01-18,690.87109375,698.4877542586677,687.4132222851911,689.235619398884,1610696
2017-01-19,684.2825317382812,694.375734232828,681.291938433017,693.4411773899843,1272642
2017-01-20,667.6473999023438,684.048860313692,664.4698839699847,682.2264631478043,2245530
2017-01-23,642.0872192382812,664.469865351317,639.8910336388906,664.469865351317,2931044
2017-01-24,638.3489990234375,647.1805720282321,632.2276635048361,643.9096232887392,2842017
2017-01-25,629.2371215820312,641.8069227402601,627.5549306444625,640.1714482374637,3149495
2017-01-27,662.1334838867188,669.1426597923651,630.8258315081654,630.8258315081654,3560127
2017-01-30,655.2177734375,670.0772499129873,654.1897837365287,663.3484293006757,2056687
2017-01-31,654.283203125,661.6662247771184,647.7413054224014,656.7130850676008,1262953
2017-02-01,648.3020629882812,658.8625434106713,645.7787482223742,654.1897594148509,962459
2017-02-02,689.3757934570312,694.1420099551054,640.2180753232336,648.3020138394747,3714463
2017-02-03,710.5902099609375,720.8703343254406,686.9926517606009,695.3102297445714,4003286
2017-02-06,705.8707275390625,725.2160643758078,683.9086431153106,722.4123940238395,4132473
2017-02-07,689.6095581054688,713.9547538992035,683.6283711397272,706.6184480226957,1253993
2017-02-08,690.9177856445312,698.6745951690574,685.9646463366398,690.637430031031,741700
2017-02-09,707.5061645507812,710.0761955710403,687.8337566947799,692.4131075108407,1524937
2017-02-10,701.0111083984375,714.8425961614528,697.6467263722495,709.1417648426893,815744
2017-02-13,691.9459228515625,705.5904302088071,688.7684067071402,703.8147493561904,634245
2017-02-14,677.0863647460938,694.3756646050347,673.6284933661422,694.3756646050347,1023673
2017-02-15,663.0679321289062,680.3572298658827,658.9558601210852,680.3572298658827,839676
2017-02-16,685.2171020507812,686.805860123011,655.1243597115032,664.2830055432424,981043
2017-02-17,699.5158081054688,703.5343911860863,682.2265062351265,691.5720748136899,1169616
2017-02-20,707.2258911132812,714.9359850699176,696.2448482053446,701.8521892647166,990960
2017-02-21,712.506103515625,717.2723202212893,702.3194119170018,709.3285876846365,839400
2017-02-22,701.8521728515625,714.0948443952278,695.8709863784429,712.8799319356065,687454
2017-02-23,700.4970092773438,707.9267469405268,697.3662669421848,702.7866847515196,1331033
2017-02-27,716.8984985351562,728.0197472725933,702.7399972382367,704.6558272702637,1867238
2017-02-28,709.1884155273438,723.2535412114895,708.2071422807529,719.6087468203566,800786
2017-03-01,714.7957763671875,731.6177994897649,711.5716009013518,712.5061577414949,1615887
2017-03-02,702.3662109375,723.8610191524562,699.9831023044417,717.7396830037533,996652
2017-03-03,708.861328125,710.2631633157548,699.1419146527722,701.7587193081704,467700
2017-03-06,708.1137084960938,713.9079721438583,705.0296824218901,711.7584458416723,389466
2017-03-07,705.5903930664062,710.3098935588848,700.9176090063638,709.3286203144402,756161
2017-03-08,723.7675170898438,735.2158377620635,706.478216482818,706.478216482818,3371633
2017-03-09,710.1697998046875,735.4962685745983,704.6558913662606,719.7957243130642,1454586
2017-03-10,711.4780883789062,717.2723520117911,706.8053043267122,717.2723520117911,540659
2017-03-14,721.3375854492188,728.0196888499833,713.0667812484431,724.1880290934149,667664
2017-03-15,717.1788940429688,726.4309719179611,714.9359349600996,721.477832404179,318722
2017-03-16,720.730224609375,728.4870347385164,718.767621080263,718.767621080263,580238
2017-03-17,713.8143920898438,726.1505518695353,712.1322014473435,723.346881785097,545476
2017-03-20,738.9072875976562,742.9725864809429,714.3284004248171,719.6086686670768,1390193
2017-03-21,592.9296264648438,665.0306558412985,587.462434468922,665.0306558412985,20647975
2017-03-22,585.967041015625,597.7424324206663,571.4346959839264,579.4251442259769,9453821
2017-03-23,581.8082275390625,602.7890356131394,579.6120422411374,587.6959229903775,5171016
2017-03-24,582.6493530273438,589.611811456218,581.2942344809222,586.9015743633748,1913210
2017-03-27,593.0230102539062,602.789140291601,586.9483910106576,591.5744586117572,4793870
2017-03-28,591.6677856445312,599.8451562400651,587.8361262389482,596.1069296821067,1638403
2017-03-29,585.7334594726562,596.8547079255608,584.1914179756268,595.125743665131,1342990
2017-03-30,582.18212890625,592.1351238997627,581.2942886007063,587.6492629843192,1482125
2017-03-31,583.023193359375,588.3034617016976,581.808281018194,584.5652347806384,943936
2017-04-03,586.2474365234375,588.6773182923597,584.3783230277206,586.9016376551018,1394464
2017-04-05,590.4061889648438,596.8546529427955,586.8548849506616,588.6305084373458,1845745
2017-04-06,587.0418090820312,594.284623447325,585.0324893772695,591.4341799031713,944868
2017-04-07,581.3410034179688,591.5276946075849,578.5373332234853,586.9950602353471,1103003
2017-04-10,615.0317993164062,617.7420368177135,600.1723806129075,613.0692528780938,5746326
2017-04-11,615.8728637695312,620.6858535788965,612.181353405542,618.4896111148657,1917078
2017-04-12,608.1160888671875,616.5738160497789,599.9854337308951,615.7794656283,1243019
2017-04-13,606.4338989257812,613.0692290457729,604.004017147146,608.4431617172182,839170
2017-04-17,598.0228881835938,611.6673939410472,596.340640398008,607.4618885587176,1080488
2017-04-18,590.7800903320312,604.6582356761215,589.7053272204524,599.8920189222047,847780
2017-04-19,591.9015502929688,595.4996283423155,590.639921378505,592.6959578294429,543978
2017-04-20,589.6118774414062,596.2472075618966,588.3034751727491,594.7519395755605,497703
2017-04-21,589.5652465820312,595.3127948113778,588.7708959672967,592.1352782707773,484788
2017-04-24,593.3033447265625,597.2284945826748,566.3414046325767,570.2198380581867,2643935
2017-04-25,604.891845703125,606.7609591699559,592.8360410257396,596.2471959190325,1302405
2017-04-26,601.3873901367188,603.2097875756018,586.7148347889314,586.7148347889314,1064558
2017-04-27,588.4437255859375,601.3873147498504,586.0605600580011,598.1163658739771,899486
2017-04-28,587.2755126953125,592.4155750669458,584.0979967765202,588.9109870862868,664760
2017-05-02,585.7334594726562,594.8921044710853,582.2288715619702,588.67733613396,678683
2017-05-03,583.8642578125,590.7332262645582,581.9017116950006,588.4903245646747,605083
2017-05-04,585.8737182617188,591.1539302954258,584.0980374116577,584.3316766266224,370345
2017-05-05,584.9859619140625,592.5091343090313,582.2757238146127,585.4999568526941,750235
2017-05-08,585.9204711914062,588.2568634865783,582.4158827486482,584.6120686897789,456711
2017-05-09,590.6865844726562,597.0883324567917,587.9296306424558,588.303476160076,742101
2017-05-10,595.6397705078125,600.1256889073264,591.5277546960207,592.5090279556061,517605
2017-05-11,593.6304321289062,602.5087208519022,592.8360247028862,596.247179502258,748146
2017-05-12,584.8923950195312,593.4903296426677,583.6774824951459,592.2287006828876,501407
2017-05-15,583.3970947265625,589.6586368270263,580.3597850623873,587.3689612104838,393660
2017-05-16,581.7149047851562,586.9016837348397,580.359785986203,584.7054980212688,895976
2017-05-17,579.2849731445312,584.7521643043622,577.5560659898528,581.7148548958394,529890
2017-05-18,572.2757568359375,584.2848443282157,570.0795714671024,575.6869115143198,599481
2017-05-19,571.0142211914062,575.6870053255421,563.7246893503186,575.6870053255421,792474
2017-05-22,556.294921875,573.8178614552709,551.481931653958,572.8833046776564,677559
2017-05-23,538.3048095703125,557.7435829521855,535.174066567095,556.3417475105962,1471397
2017-05-24,520.7350463867188,538.3981352079825,516.8098965239428,537.5570683350569,1381402
2017-05-25,513.7724609375,522.7909544187548,504.8474573352869,518.6788828018417,2057066
2017-05-26,509.61383056640625,524.2863842797252,506.9970828373457,512.1371454283234,1229349
2017-05-29,532.2300415039062,549.519340481645,497.7916498699792,508.39884561567163,3661131
2017-05-30,549.5194702148438,552.4633473358972,526.1555471614915,529.893774850028,2338661
2017-05-31,544.0521850585938,553.117339071654,537.4167985161127,550.3604425440104,9021300
2017-06-01,562.6032104492188,575.6870060410611,544.6597079436707,546.341898825886,2970631
2017-06-02,577.9766235351562,584.5652371015185,563.6311434441465,566.3413807890012,1949558
2017-06-05,589.5652465820312,594.7987998817948,579.7991717974609,579.7991717974609,1920453
2017-06-06,589.00439453125,593.4435391151825,581.2943013065252,592.2286267424803,1275238
2017-06-07,603.5367431640625,608.396449715886,587.7894846014146,588.8641906490795,2639884
2017-06-08,608.2094116210938,617.9288228816456,600.5460362472902,603.723551439611,2609516
2017-06-09,608.3030395507812,616.7140506901422,603.7704048789669,611.3403491288838,2066229
2017-06-12,602.6956787109375,613.0692359542012,598.6770390011443,607.4618953814494,1130204
2017-06-13,603.30322265625,609.4245592197702,597.5557316859582,605.592898572909,738157
2017-06-14,601.5275268554688,607.4619399136812,600.3593308171733,602.8825886272339,653215
2017-06-15,614.3308715820312,620.4522640745162,600.7330819504199,600.9200047130823,1299049
2017-06-16,599.4246826171875,620.405434634255,596.6210125526371,616.6204914552748,1356699
2017-06-19,603.0693969726562,608.302948455678,594.4714643540437,604.471231952621,708952
2017-06-20,602.2750854492188,607.4151473736905,598.5835750225715,605.5927503741239,661839
2017-06-21,602.415283203125,603.7236855236837,598.490190323088,603.5367627577725,290273
2017-06-22,598.5369873046875,605.592880601056,594.8454760842162,601.8546529430248,324395
2017-06-23,596.8079223632812,604.4245827511928,592.976262474885,599.7985153946436,503545
2017-06-27,599.7985229492188,605.4993534647351,595.6397339189136,598.1163321731455,624815
2017-06-28,599.0509033203125,602.7891304861179,595.5463153523699,599.5181817160382,409519
2017-06-29,595.6865234375,610.2188701790994,591.9015227883461,599.0041886487354,1257720
2017-06-30,604.891845703125,607.0880312103247,596.1537630620174,596.1537630620174,501156
2017-07-03,626.433349609375,629.8912208351791,606.1534576491002,606.1534576491002,1298948
2017-07-04,612.181396484375,630.1716141806293,610.265566527483,628.0221450328768,518839
2017-07-05,609.79833984375,619.4242639151113,605.172272064357,612.134731950431,601009
2017-07-06,614.14404296875,620.9662964120087,612.6020013846338,612.6020013846338,543530
2017-07-07,635.4985961914062,640.87229755626,611.3870432146606,612.9758011133027,1764390
2017-07-10,687.2730712890625,699.0484637715608,677.5536580673551,678.4882148371032,1281487
2017-07-11,687.0861206054688,706.2912500351791,682.6936925579865,693.6747341562841,2039831
2017-07-12,684.0955200195312,690.4504943164676,673.9556024093384,688.2075924097454,791255
2017-07-13,681.9928588867188,697.6934025032843,679.1424719124175,684.5628902151717,778554
2017-07-14,687.7404174804688,693.4411915216622,681.2919523171048,681.2919523171048,892835
2017-07-17,683.0675659179688,690.4038137451602,677.6470910200389,690.4038137451602,651371
2017-07-18,686.8992919921875,694.0486747863949,678.5349966883356,679.422837113361,685734
2017-07-19,706.151123046875,709.3286391082211,689.32909998502,691.6654920769442,1547904
2017-07-20,695.9644775390625,711.0108195739591,693.441162708643,711.0108195739591,627321
2017-07-21,674.0491333007812,700.9643593817846,660.8719044297055,700.9176429470862,977652
2017-07-24,642.881591796875,651.1991123971086,635.4985708777049,643.4423030136762,2439455
2017-07-25,631.2931518554688,644.3769477488463,629.8913165811782,640.1714419259749,950863
2017-07-26,634.3771362304688,639.7041213297643,631.1061874727563,632.2276670264216,948487
2017-07-27,616.9945068359375,639.8911520010093,614.0039132021296,637.08748116447,2063178
2017-07-28,630.1716918945312,633.1622853145138,607.5086875862257,614.0038693013072,879841
2017-07-31,628.8632202148438,636.2461838495445,625.3118591562538,632.6948798317683,733178
2017-08-01,624.05029296875,630.7791132265957,619.5644318104594,627.0876025189535,971964
2017-08-02,625.2651977539062,627.9287187822415,621.4802542302915,626.1530380966847,346352
2017-08-03,626.1998291015625,639.8911102769218,623.8167204540604,630.8258970883757,604522
2017-08-04,637.5079345703125,654.1430339577521,616.8074789381074,625.2652064456856,1211462
2017-08-07,639.2835693359375,647.3675084938145,636.2929761598016,641.1059665089593,427725
2017-08-08,629.6110229492188,640.1715049808836,626.6204293280035,639.2369480393056,360022
2017-08-09,597.2284545898438,632.3210476699448,584.0979442121183,632.3210476699448,1428857
2017-08-10,585.1260375976562,604.2377371314658,572.7431589832411,587.8362753560092,1219649
2017-08-11,586.1541137695312,598.3500702118373,571.0142802021595,575.6870648191984,1248311
2017-08-14,597.2284545898438,601.2470370378602,571.9487069725062,592.5089546087728,933408
2017-08-16,614.2374267578125,616.807457832113,593.9108173519814,600.5461474911211,781871
2017-08-17,603.4432983398438,616.2467370841756,601.8545404739077,615.8728915719024,398334
2017-08-18,593.6304321289062,602.5554372791235,589.2380041946295,598.1162929176255,325046
2017-08-21,581.4345092773438,597.4154070082856,577.7429986784367,595.4060871640855,310755
2017-08-22,588.0231323242188,603.1161899668514,580.3597553859984,585.9203795873129,752436
2017-08-23,596.6210327148438,601.7610946735559,585.0325065734211,593.4435170513136,743570
2017-08-24,629.3306274414062,631.7604525193815,595.3127341048017,596.2472909872268,1927158
2017-08-28,649.423583984375,659.7037094309838,634.0033958144618,634.330467898706,2008764
2017-08-29,642.4610595703125,657.6008905729583,636.6200797884907,647.4141990171338,958208
2017-08-30,656.6195678710938,662.6007540526355,646.853495196485,646.853495196485,1072727
2017-08-31,650.8253784179688,663.4418952195514,647.1338676493416,658.8625440826488,956295
2017-09-01,665.357666015625,671.0117227447962,653.3485779787812,654.1897018403306,769185
2017-09-04,662.6942138671875,675.1238651237209,649.8440576770897,664.0026162228713,838545
2017-09-05,676.619140625,681.1984918792604,659.423272245826,666.1988092203167,613300
2017-09-06,653.0682373046875,671.2453772724743,650.8253353572959,666.5258771523036,1116325
2017-09-07,650.7786254882812,664.4699058585163,647.2273209438966,656.8532448807994,844736
2017-09-08,661.011962890625,670.0771745684026,656.9933803648355,661.1521692162753,1098200
2017-09-11,672.507080078125,679.8901019395712,663.7222799957707,664.4699140605293,1275485
2017-09-12,752.4118041992188,758.4864245887369,673.3483062535148,676.6192556940246,9950074
2017-09-13,774.046630859375,808.8588699170408,740.2623814139307,756.9909701130018,14259641
2017-09-14,813.1111450195312,816.8026558448432,777.5512696371964,779.8409452408066,8987791
2017-09-15,821.0054321289062,844.3100766094446,803.6568838537637,817.6018743920496,8306635
2017-09-18,788.3883056640625,835.5648813076922,749.2477682534928,828.190593047394,7798290
2017-09-19,816.136474609375,824.2198304104833,756.5275608977994,795.1008110587713,9669769
2017-09-20,891.3448486328125,897.1119639160993,818.3581769250503,826.2997537035903,18987654
2017-09-21,936.8197631835938,945.1394748367469,898.2464549392583,902.7372146178176,16933145
2017-09-22,917.2966918945312,949.535594031779,908.551528895279,942.6812770864193,7292332
2017-09-25,900.70458984375,918.9512439492584,879.6689260805082,916.871301609387,4565575
2017-09-26,907.7479858398438,924.6237645967242,890.5885339980719,890.5885339980719,3559032
2017-09-27,804.3187255859375,873.4764504326009,792.075484546053,850.8808146075154,13299756
2017-09-28,806.4931030273438,841.4264954758285,786.591959815606,814.9546506743417,13462318
2017-09-29,809.0458374023438,823.6998958069436,800.347933131062,816.8455781660824,4835013
2017-10-03,808.9039306640625,824.4088916155127,805.7840461700877,822.5180455338258,1777997
2017-10-04,824.2197265625,837.3138692059493,808.7148246112888,810.180218661282,3130671
2017-10-05,816.23095703125,841.2374079349883,813.0638129345755,829.1360045856078,2266261
2017-10-06,817.4127807617188,827.7651751409325,814.1037999457903,822.3762519856112,1353429
2017-10-09,831.5468139648438,836.2266695011647,817.7909204279338,818.7363434573302,1648284
2017-10-10,837.78662109375,845.6808801239672,830.0814005017811,836.6993615536177,1301458
2017-10-11,812.5438232421875,843.2700712848832,807.3439966503468,840.4810618448148,1675671
2017-10-12,835.5650024414062,838.8739836011005,814.718432676143,820.6273276041685,1283989
2017-10-13,825.0707397460938,837.5503360380313,821.8090185544214,837.5503360380313,871875
2017-10-16,826.0161743164062,832.9177514081503,818.9255010637829,831.0269052074507,805305
2017-10-17,834.2886352539062,836.3685776374476,822.612625218869,829.0888081470764,685961
2017-10-18,829.419677734375,834.3358894167905,821.856292901135,834.3358894167905,964826
2017-10-19,831.8304443359375,836.6993961067636,822.9435023217493,833.7212904288341,203741
2017-10-23,825.77978515625,834.3358523276968,820.5326987022501,834.3358523276968,654295
2017-10-24,822.2816772460938,829.8923210681264,818.0272736271143,826.2997251084632,521040
2017-10-25,823.0380249023438,829.1360151176207,816.4200635502076,828.1905920673155,304274
2017-10-26,811.7401733398438,824.8815762610343,808.3366735853115,823.0379898506455,760876
2017-10-27,823.5579833984375,839.3465596370039,803.845936183752,813.0638107827424,1008712
2017-10-30,825.2598876953125,835.7540615402731,813.3475214264944,827.1979936049071,800374
2017-10-31,834.3358764648438,843.6955881323,822.6126070736909,826.2525205906111,1410837
2017-11-01,873.2400512695312,882.5051859163923,833.8631568903148,836.6994261314384,3578561
2017-11-02,1014.344482421875,1056.6048494681713,960.5498841361731,960.5498841361731,10648166
2017-11-03,992.457763671875,1023.7985582378656,971.516621785466,1023.7985582378656,3177065
2017-11-06,991.7960815429688,1006.5918597219033,979.5055820816118,979.5055820816118,1034461
2017-11-07,961.495361328125,997.4214416924011,949.724831352177,992.2216142712558,1494151
2017-11-08,961.1170654296875,987.0216805093476,955.5391039649445,971.8949114593959,946549
2017-11-09,954.3572387695312,973.691150252711,938.994115343441,961.1642957668221,670869
2017-11-10,960.9281005859375,1029.565797326055,956.6263791446142,994.5851412185581,2507352
2017-11-13,945.80126953125,964.2842791500674,930.3435675962963,960.5498464542443,739717
2017-11-14,968.1605834960938,976.669391499605,937.3870150534901,943.5322652782482,1164915
2017-11-15,960.2662353515625,1001.2030432367706,955.8227353280217,1001.2030432367706,1262085
2017-11-16,951.04833984375,974.5421375342496,947.5502629769102,960.5498300668902,665741
2017-11-17,964.946044921875,974.7311502643472,954.9717857273229,958.6589586499011,1679469
2017-11-20,990.3780517578125,997.4214079540594,959.6044825340003,961.968040372754,1538322
2017-11-21,985.2726440429688,1011.6026526206844,979.4582692663822,997.4213070231981,1256707
2017-11-22,969.1531372070312,992.4578382723722,962.8188489892941,990.8033479489841,939683
2017-11-23,981.4437255859375,986.5017162364937,956.7682050395603,970.0041288246925,795495
2017-11-24,989.3380126953125,997.2323883525477,970.4768669485442,985.1309258259943,690988
2017-11-27,984.3744506835938,990.3306621658219,977.8983257596403,987.0216814330482,274364
2017-11-28,976.8110961914062,994.6324138695887,973.1240384451132,983.2400194045964,340814
2017-11-29,990.1887817382812,1001.2029830565447,977.0946959291208,978.4655131515642,700142
2017-11-30,984.1854248046875,1000.2576171405949,976.6220401760252,987.0216940404358,889359
2017-12-01,978.512939453125,998.8868540658467,974.8257661648706,987.8726515208177,444515
2017-12-04,977.992919921875,987.872660968744,969.0587174220524,984.1854876452259,256844
2017-12-05,967.7823486328125,978.2765216276057,944.5249064896907,978.2292043108725,389829
2017-12-06,964.3316040039062,977.000297177342,958.6590651568245,967.1678734274471,376314
2017-12-07,964.7097778320312,972.7458743778745,958.706306378296,962.4407392551151,429699
2017-12-08,993.0724487304688,1002.148487421726,963.3861402667347,967.1678326720997,792945
2017-12-11,987.6834106445312,1003.7556024371339,978.2764974938602,1001.9593909750183,423683
2017-12-12,1005.3157348632812,1022.8060640323984,989.858088652196,989.858088652196,1434393
2017-12-13,985.3198852539062,1011.6026929728866,980.8291256355686,1011.6026929728866,452631
2017-12-14,1002.9520874023438,1006.8756164070512,985.5090771123329,994.4905966953065,564894
2017-12-15,992.64697265625,1016.32986830892,987.8726550778898,1016.32986830892,606073
2017-12-18,995.1051635742188,1008.1992508684884,962.1098731916225,998.3668272158043,402545
2017-12-19,999.8320922851562,1006.8754471371105,991.7486798561774,1006.8754471371105,224548
2017-12-20,1001.9593505859375,1011.6026191095433,994.6795241755335,1004.0392350414345,217170
2017-12-21,1026.8712158203125,1036.9399938645647,997.4212662517374,1003.0938042588563,790565
2017-12-22,1030.4638671875,1038.4999635804365,1026.209463214769,1035.0492615734743,623289
2017-12-26,1028.2420654296875,1036.1836419716712,1018.2206043827463,1036.1836419716712,351265
2017-12-27,1062.1356201171875,1079.6732661820724,1021.057029314044,1028.4785781584562,1626564
2017-12-28,1053.4375,1075.040390873961,1049.7503274905193,1061.5209122166282,1026977
2017-12-29,1038.4053955078125,1067.0517604066602,1032.59102060362,1061.331904726908,481728
2018-01-01,1039.0673828125,1058.8266347706,1030.6057761826146,1035.2383728046393,429620
2018-01-02,1021.907958984375,1048.8997220736996,1014.8644869062473,1039.9655190054855,413942
2018-01-03,1039.398193359375,1055.0448766323432,1021.1514811179483,1021.5296734447111,768114
2018-01-04,1046.1580810546875,1051.5469470950345,1032.4021274243898,1046.4889560908307,450896
2018-01-05,1047.197998046875,1062.1829322199824,1041.9036513728818,1045.4489882628015,568810
2018-01-08,1055.2811279296875,1073.433319144242,1047.1978303599035,1047.1978303599035,468360
2018-01-09,1029.849365234375,1066.3426715534242,1024.4603846531554,1055.2811527233964,639168
2018-01-10,1020.3950805664062,1054.1466351890479,1015.9988405757059,1025.7839454530197,807750
2018-01-11,1041.4307861328125,1046.5832954893772,1016.3770758071861,1025.7839888039516,459962
2018-01-12,1034.1038818359375,1049.4196906168356,1024.3659772822896,1046.4889019498858,276559
2018-01-15,1019.4970703125,1034.103927792109,964.3316504493005,1034.103927792109,279071
2018-01-16,1033.1109619140625,1042.6125090310677,1016.3297040106312,1020.1113959325312,804279
2018-01-17,1047.1033935546875,1051.2159609305227,1019.3551334290721,1031.4565951912532,840913
2018-01-18,1030.889404296875,1058.6375500878416,1022.0969230223909,1047.103434062135,582399
2018-01-19,1038.358154296875,1043.3688270834443,1023.5149435627245,1030.511097027833,322347
2018-01-22,1019.0243530273438,1043.4635191858,1009.0028903857608,1036.136489529684,690857
2018-01-23,1041.2415771484375,1047.1977880925738,1020.1113966025582,1020.1113966025582,1019038
2018-01-24,1042.70703125,1064.6407982969474,1027.2020712439473,1044.6450791207071,821655
2018-01-25,1059.1575927734375,1064.5464585227912,1035.3328603360612,1039.965456816226,2015896
2018-01-29,1040.34375,1054.1469061377604,1022.9479394090196,1054.1469061377604,909205
2018-01-30,1020.9622802734375,1047.764998178384,1009.9480796788259,1039.9652587378503,662548
2018-01-31,982.6726684570312,1020.9622991456057,953.9317867844856,1020.9622991456057,960918
2018-02-01,986.83251953125,1000.8247099202878,966.6949645706079,992.694095647079,763908
2018-02-02,972.1312255859375,993.8759551638384,951.8518901561738,969.0586007542777,1850108
2018-02-05,978.1819458007812,991.370550700161,945.4230152410619,950.1501303172672,545693
2018-02-06,948.4483642578125,960.549767105738,924.9545681072607,928.7835774169283,659453
2018-02-07,957.949951171875,967.8768936710654,950.8120183442188,954.8773261126018,382513
2018-02-08,973.6913452148438,992.5998086022255,960.549940078993,960.549940078993,424810
2018-02-09,961.0697631835938,971.8948683455662,950.1501388008697,950.1501388008697,472189
2018-02-12,979.9310302734375,986.0762803426873,961.9679916094767,966.2223955035727,488773
2018-02-14,993.35595703125,1007.6319374782462,975.0148421035343,983.2399765130526,365498
2018-02-15,990.8978271484375,1002.0538647559165,980.4509722018523,997.4212689559267,260354
2018-02-16,988.58154296875,1009.948078821242,979.032794137335,995.1049844859998,632838
2018-02-19,961.30615234375,987.9670940788394,952.2773736946516,985.1308249092351,502939
2018-02-20,958.5645141601562,973.5494473696853,947.6921483968629,961.3062065562976,396055
2018-02-21,951.8046875,968.7749856532522,942.8704278371397,962.4406971691085,628446
2018-02-22,963.6224975585938,969.6732284983188,942.6340931349775,942.6340931349775,775993
2018-02-23,992.788818359375,995.0105396615153,961.4008162073673,961.4953354399502,806228
2018-02-26,978.84375,1004.9847209018784,975.9129615719322,1002.1484516989568,240854
2018-02-27,979.0328979492188,987.9670997212618,969.7203884626958,979.2692537147024,338955
2018-02-28,969.9096069335938,977.9929054067733,961.0226064777581,973.7858186641328,362857
2018-03-01,962.8661499023438,976.1020153531526,961.7316306625471,970.85498649019,272425
2018-03-05,956.8627319335938,964.2370785504626,952.9865201613823,962.4407515121896,472011
2018-03-06,958.3753662109375,967.829596798588,954.4045778233154,956.7681354702281,409750
2018-03-07,936.7251586914062,960.7389275581453,931.2417164702582,956.4845237773168,571021
2018-03-08,947.9757690429688,952.0410768970523,926.9873643471299,938.0015667195638,405968
2018-03-09,944.1940307617188,958.8008287218358,942.3977038486001,945.612165365535,371889
2018-03-12,958.4699096679688,962.629794313326,942.6340730332804,950.1501980812999,244331
2018-03-13,978.9382934570312,992.6942455949409,952.9864757711433,958.6590143174001,839762
2018-03-14,997.2796630859375,1003.9921448834832,972.6514573868152,972.8404958680555,411421
2018-03-15,1025.3585205078125,1045.6851142088024,998.3666487555931,1000.2574946812665,1000506
2018-03-16,1027.8167724609375,1039.0200134000559,1005.930204056105,1025.3586954198631,629875
2018-03-19,1028.620361328125,1051.215997126419,1013.068197065033,1030.5112075805664,614731
2018-03-20,1034.6708984375,1044.6923586149971,1011.6025554009475,1021.1513041039583,545426
2018-03-21,1026.6822509765625,1049.3724071820557,1022.1442889803254,1044.6926086279136,498066
2018-03-22,1010.4681396484375,1037.0345026324412,1007.91542832611,1023.8930999667642,422829
2018-03-23,981.0653686523438,1003.9918756478894,968.7276681531954,1002.0538278065143,710829
2018-03-26,997.6104125976562,1003.4721050839051,970.0514214585512,970.0514214585512,341662
2018-03-27,1028.28955078125,1039.5873116846296,990.8034983948986,1006.875692548251,855115
2018-03-28,1030.7001953125,1063.4119261961737,1022.9477722222956,1023.4204837621396,1588702
2018-04-02,1030.84228515625,1042.1873649002355,1020.3481094746874,1032.4967759522478,279687
2018-04-03,1048.663330078125,1055.3286095649335,1025.8786548479738,1025.8786548479738,405008
2018-04-04,1036.892822265625,1079.484180617664,1028.573052522776,1063.6010258024419,619642
2018-04-05,1057.6446533203125,1065.2080372443925,1041.0997509863873,1049.844913648605,783319
2018-04-06,1053.4375,1062.4663351468503,1042.3287805698901,1057.9755762282953,225924
2018-04-09,1068.1861572265625,1079.1058390782134,1054.2411679275,1054.2411679275,465413
2018-04-10,1081.2330322265625,1104.2540590926396,1069.7461197459947,1070.0769947129081,1402585
2018-04-11,1061.3790283203125,1087.2363212261203,1049.4194057052116,1087.2363212261203,385766
2018-04-12,1059.63037109375,1074.6153057656518,1050.837889150838,1054.1941876815886,320269
2018-04-13,1082.9822998046875,1090.923877943803,1058.8740076658664,1060.7648541081269,665920
2018-04-16,1109.2176513671875,1112.7629879899253,1071.4952466196403,1084.8730065577222,798396
2018-04-17,1116.119384765625,1125.053587681027,1109.8794994318357,1112.763086302999,523489
2018-04-18,1110.777587890625,1137.7221453823747,1107.0904148364518,1117.4900686051974,879419
2018-04-19,1115.36279296875,1124.9588595753783,1099.7633133468094,1108.0357646614748,561972
2018-04-20,1129.071533203125,1133.5622929123274,1103.87598459514,1111.533888596582,258462
2018-04-23,1114.1337890625,1134.4603854029076,1110.919442897932,1134.4603854029076,335330
2018-04-24,1113.94482421875,1142.7802302350215,1107.941410310097,1124.769873100963,729547
2018-04-25,1097.4945068359375,1121.9336736568607,1093.8073332467757,1113.944893720432,435624
2018-04-26,1107.32666015625,1111.8174192902882,1084.7310279581056,1094.847123041733,502965
2018-04-27,1123.82421875,1129.7804295207454,1101.41774091353,1115.5045660033954,480121
2018-04-30,1132.144287109375,1135.8314606876363,1119.4283911752302,1129.7807290987082,174054
2018-05-02,1123.9189453125,1138.998396492327,1116.9699937088224,1138.998396492327,509127
2018-05-03,1132.9478759765625,1137.3441169666582,1113.1413059715162,1124.1081920809283,408993
2018-05-04,1126.89697265625,1138.7147609319693,1114.7483093904284,1138.7147609319693,284847
2018-05-07,1142.543701171875,1147.5544892599823,1115.9300205081418,1125.0533755850486,373131
2018-05-08,1145.1436767578125,1154.2197150152042,1137.1075807805646,1148.689013218363,570345
2018-05-09,1130.0643310546875,1143.867485886073,1126.6135134948165,1143.867485886073,167176
2018-05-10,1125.337158203125,1138.951158469589,1119.3809465304773,1128.8351774977957,260948
2018-05-11,1135.1693115234375,1156.2522898732368,1118.5772076797512,1128.8350238010178,608254
2018-05-14,1108.650390625,1136.3985347607088,1096.690765659253,1130.7259963176436,541698
2018-05-15,1087.0948486328125,1115.5993813306359,1066.9574036214535,1091.9638012176988,358690
2018-05-16,1101.5596923828125,1107.0903941567176,1076.8841738013298,1085.3456639555181,531175
2018-05-17,1102.2689208984375,1146.7983300898866,1097.6363241833126,1122.1228078991694,994750
2018-05-18,1093.4290771484375,1109.8793459296953,1088.4182888087107,1104.254124932529,165721
2018-05-21,1076.4114990234375,1099.8579222742421,1064.451873922864,1096.6907780227773,208137
2018-05-22,1060.3863525390625,1076.2695041859115,1055.8483916457303,1071.4478702457134,577110
2018-05-23,1033.67822265625,1063.6008839393603,1022.4749830937051,1063.6008839393603,513617
2018-05-24,1067.098876953125,1071.873309190369,1029.7546690474849,1033.4418417704169,449315
2018-05-25,1086.149169921875,1091.7745059103102,1053.012163643571,1068.1861332616788,240092
2018-05-28,1032.543701171875,1103.9231341213917,1021.0567892116292,1096.6906254495275,918222
2018-05-29,1008.5301513671875,1032.4020860491855,998.6977274660514,1030.6057589716925,753542
2018-05-30,994.1596069335938,1006.8755001858538,985.3198095116,1002.1957024749831,605331
2018-05-31,990.283447265625,1010.8937184102482,987.3054566246126,995.5305919906396,2300110
2018-06-01,995.7666625976562,1003.0936900224194,970.382080988316,992.0794902313231,543631
2018-06-04,989.999755859375,1006.5446589999095,978.9855544013449,1000.1630535028462,400870
2018-06-05,978.89111328125,996.9486716394736,959.8408144921532,994.5851138593895,536791
2018-06-06,996.9011840820312,1002.1483276210128,973.312927628144,982.8616763474462,273602
2018-06-07,1001.5339965820312,1013.7299783681975,995.5778999479269,998.1778136252526,268495
2018-06-08,994.6795654296875,1020.9623723196728,987.9670848724585,997.4213153497069,547755
2018-06-11,968.6804809570312,999.6430873471013,962.7715866077812,994.5850968657618,458526
2018-06-12,1006.0720825195312,1017.2753239253792,964.3316267694115,967.4515116681495,1371537
2018-06-13,983.523681640625,1013.5880665034131,981.443681608449,1006.8282683630009,499228
2018-06-14,1025.547607421875,1035.190875935483,982.3418221408306,987.4943313686549,1978196
2018-06-15,1040.8634033203125,1050.6013063614052,1005.8355504947987,1027.6747986635298,1940627
2018-06-18,1040.34375,1055.9432333643704,1023.0897759757721,1040.580105808551,1278580
2018-06-19,1032.26025390625,1046.6779570926446,1021.2460510133841,1030.5112441423075,957879
2018-06-20,1023.9404907226562,1047.0560383634722,1011.9808659387379,1030.5111348227401,516618
2018-06-21,998.6031494140625,1030.5111790403107,993.6396781388684,1026.965842415172,463272
2018-06-22,987.258056640625,997.6577105769878,976.6220469329812,993.1196336051565,493344
2018-06-25,976.4802856445312,1003.0466533023261,972.8877468890435,990.8034695696438,319767
2018-06-26,986.0762329101562,995.9086556296121,973.549377602333,978.3238101281719,518815
2018-06-27,964.0480346679688,994.7742305204852,957.6664281600662,985.1309601828959,722523
2018-06-28,945.5648803710938,970.9494660163899,940.648669002354,966.2223507972254,1136478
2018-06-29,981.9163208007812,985.6034936427882,948.259284531143,948.7319960388853,374782
2018-07-02,993.0724487304688,999.3122181177023,969.2950346501176,985.036352369068,559319
2018-07-03,1026.5404052734375,1037.08178007174,979.9310022266758,993.6396366041836,1241172
2018-07-04,1042.139892578125,1045.5905944450803,1013.4935274941136,1026.7294504278052,1347815
2018-07-05,1018.6934204101562,1046.914277699064,1015.33712214255,1035.2383251499964,1060147
2018-07-06,1015.38427734375,1028.3365259660022,1011.6971046516683,1021.0568152060056,374934
2018-07-09,1035.805419921875,1044.5033808020216,1015.8097003091124,1018.8823250715817,1196862
2018-07-10,1031.3148193359375,1044.6452626594948,1019.3551934156303,1039.965464233683,415562
2018-07-11,1060.95361328125,1065.4916897112191,1021.0568100160751,1031.4564627106834,1147280
2018-07-12,1045.9686279296875,1077.4984593346524,1042.2342535465298,1060.9535581797757,1044297
2018-07-13,1047.8123779296875,1068.2334920547437,1031.5510327610054,1053.7684737034504,660138
2018-07-16,1011.64990234375,1047.575975457025,1005.9773644837593,1047.575975457025,513097
2018-07-17,1015.9990844726562,1021.0570756081677,983.2401468819393,1011.3191702979208,951853
2018-07-18,1025.9732666015625,1033.82032575407,1006.8757630800956,1017.2754188489979,572307
2018-07-19,1019.35498046875,1032.4018633668356,1013.4934043308131,1021.0567879452221,197820
2018-07-20,1031.078369140625,1038.358195968562,1014.4862636344235,1022.0023308199563,344871
2018-07-23,1021.7185668945312,1037.8380748442296,1016.2823847671305,1031.0782774650634,399079
2018-07-24,1024.3660888671875,1032.7330615275816,1016.3299912618612,1022.0025307479739,614412
2018-07-25,1037.081787109375,1044.6924889614247,1017.8897680954802,1025.6421910810986,696780
2018-07-26,1016.991455078125,1049.4195095081395,1009.0971962638913,1044.6923946004454,524569
2018-07-27,1042.8016357421875,1046.346972219099,1018.3151553933689,1021.0095880342038,343379
2018-07-30,1093.4764404296875,1099.9525662111587,1031.6930579342168,1041.856357244909,2177271
2018-07-31,1086.716552734375,1100.992534088955,1069.320859755082,1082.5094660383375,565352
2018-08-01,1100.2362060546875,1109.8794761550414,1082.6040409812995,1086.7166086591533,482301
2018-08-02,1134.79150390625,1141.59850472772,1095.7927972230048,1101.938047973092,1309397
2018-08-03,1142.1656494140625,1150.5799382726966,1121.650013851321,1135.264129875526,1039224
2018-08-06,1127.6060791015625,1155.212502716949,1096.6907900621845,1139.2348293318382,2336944
2018-08-07,1099.054443359375,1134.4132932639122,1088.7493076475462,1130.7261197916666,859756
2018-08-08,1070.171630859375,1106.097708625053,1062.7028807029849,1105.6723143936968,1567894
2018-08-09,1054.099365234375,1079.0113544982187,1050.4123077295048,1068.3280280544402,839082
2018-08-10,1062.939208984375,1073.055189719819,1039.9653821073136,1054.1467282269589,962927
2018-08-13,1059.0628662109375,1072.1097506090985,1050.2231836768628,1056.5102701108178,325959
2018-08-14,1091.538330078125,1094.4218014039998,1021.0569889810547,1058.7793952666966,466382
2018-08-16,1100.8505859375,1103.1196242637525,1078.8221834409258,1091.3963557515167,451485
2018-08-17,1110.6357421875,1121.2244343196467,1085.9602233486294,1102.3632903942328,959814
2018-08-20,1178.658935546875,1188.2550031174305,1113.7084145780962,1113.7084145780962,2795952
2018-08-21,1179.6043701171875,1190.3350147597512,1161.9723214132634,1189.342274329386,1794448
2018-08-23,1223.5194091796875,1243.1369398071533,1177.1463568826061,1186.5060692756438,2201914
2018-08-24,1229.9954833984375,1237.369829923327,1206.170866854804,1227.1592140285718,849165
2018-08-27,1227.1591796875,1247.013064720965,1220.9194103300297,1238.50425684948,631476
2018-08-28,1210.9925537109375,1229.0501130596554,1197.4729563040407,1223.377574076303,635318
2018-08-29,1207.0689697265625,1241.7659521037313,1199.0328731981303,1202.5782099018504,1565025
2018-08-30,1229.8536376953125,1235.6680129418837,1197.614732512725,1210.2361080330752,1028865
2018-08-31,1244.1925048828125,1265.248193272476,1233.8075378673618,1236.6657792678268,1235827
2018-09-03,1226.2806396484375,1264.2952681843371,1217.6106652144558,1252.7670527521993,873820
2018-09-04,1203.93896484375,1236.0941813027673,1194.7926154225026,1229.0438291002133,716718
2018-09-05,1217.658447265625,1232.1401563030993,1199.5562528177154,1209.8935353341215,811104
2018-09-06,1254.767822265625,1261.4370513892843,1220.6594325123453,1229.0436527886532,1723420
2018-09-07,1251.4334716796875,1268.4876701537198,1239.3811961034994,1256.6735813821908,1139483
2018-09-10,1218.373046875,1266.2009051225048,1208.1310154754012,1250.8616999612073,826691
2018-09-11,1185.836669921875,1229.2819132727545,1174.546640345811,1218.3730057870407,837631
2018-09-12,1211.465576171875,1229.7582732861915,1174.8323817670405,1184.264600964351,1186268
2018-09-14,1266.72509765625,1270.9647762134637,1215.1813806316607,1219.564110832737,1525334
2018-09-17,1300.2138671875,1336.751810006237,1254.8155627878605,1265.2480965814407,4137410
2018-09-18,1314.600341796875,1327.1765555294276,1289.16192741213,1301.452386829288,1408422
2018-09-19,1325.4141845703125,1341.4679503463449,1305.2635596409746,1314.5528440982737,1346458
2018-09-21,1322.365478515625,1341.3728556383035,1242.430078527655,1341.3728556383035,1484382
2018-09-24,1297.403564453125,1335.3705190105438,1284.9225987696705,1322.3179282389453,890761
2018-09-25,1322.794189453125,1330.0350446593227,1291.0676622824424,1300.4998824928193,1029316
2018-09-26,1319.88818359375,1357.6646297088844,1306.2639697225152,1333.8459519946935,1804070
2018-09-27,1301.3572998046875,1329.7967777558026,1296.7840671593633,1320.6027448909736,645479
2018-09-28,1248.9561767578125,1318.3160947518081,1234.617286610339,1301.5002017463505,1189157
2018-10-01,1257.2449951171875,1266.6295303828447,1220.4689819200692,1252.0048862955166,842259
2018-10-03,1247.288818359375,1263.247331377675,1222.850833372418,1243.430146302755,937244
2018-10-04,1223.23193359375,1244.0017490412813,1200.6994431011544,1242.3821256130968,1197193
2018-10-05,1221.0885009765625,1252.8625975864813,1208.4646002784477,1214.7527086865123,876772
2018-10-08,1217.0867919921875,1233.5216802182238,1190.9816133009504,1213.7046094139114,707482
2018-10-09,1189.0760498046875,1235.9034761423318,1177.071343453115,1217.6107785719637,1206742
2018-10-10,1236.4276123046875,1243.3350291332054,1188.028010626768,1188.075694505063,868523
2018-10-11,1191.8388671875,1230.9491798322797,1176.928469002907,1200.461274449437,675008
2018-10-12,1221.7078857421875,1235.475037440733,1200.3663233734678,1200.3663233734678,825580
2018-10-15,1238.3330078125,1250.623468311458,1216.658011907338,1225.1850516876366,791699
2018-10-16,1245.8121337890625,1262.104086580597,1220.4690831908822,1245.0023219825803,815814
2018-10-17,1239.71435546875,1257.101988297147,1230.6632589279407,1252.8623106488808,693098
2018-10-19,1224.5181884765625,1277.3004001373797,1217.9918942181685,1248.098678781791,1205785
2018-10-22,1230.9969482421875,1243.3349767782508,1216.6580577362654,1226.1855288226889,503682
2018-10-23,1190.6480712890625,1249.909014022078,1182.8355911506883,1224.2800923307568,962440
2018-10-24,1182.359130859375,1209.988796286387,1155.205838974208,1195.9834606769966,1237155
2018-10-25,1193.7921142578125,1205.2250794382544,1167.3056984022676,1179.5009077822601,1084503
2018-10-26,1196.4599609375,1217.992024048958,1178.3100805500726,1201.4141997765446,858836
2018-10-29,1372.0987548828125,1384.0080935942522,1262.2469680876388,1267.153638897179,5731814
2018-10-30,1415.5440673828125,1429.597087738792,1368.6212706009828,1376.0050609575144,3338430
2018-10-31,1414.3531494140625,1440.553696136115,1394.4407106448741,1414.8295229908272,1801064
2018-11-01,1434.408447265625,1445.2696711967765,1400.347738337575,1408.160218060357,953639
2018-11-02,1428.406005859375,1451.9388113276689,1415.925042842157,1440.5535306715858,924743
2018-11-05,1397.156005859375,1430.5975237287648,1385.7707239844842,1428.6443455584285,835508
2018-11-06,1407.9697265625,1413.8767121273522,1375.5286409257849,1396.7272641365892,873983
2018-11-07,1426.73876953125,1433.8843727175501,1410.9231910726662,1419.5931663449499,138777
2018-11-09,1475.757568359375,1489.0007762589676,1432.931632899619,1433.7891285467547,1937340
2018-11-12,1440.3153076171875,1489.095908524814,1426.4052243843362,1473.8996400752699,1464492
2018-11-13,1458.2747802734375,1464.372385359697,1415.4488419394359,1438.6482120319731,953328
2018-11-14,1432.78857421875,1481.2357366362953,1414.2100074395871,1470.4220812842336,2290976
2018-11-15,1458.46533203125,1474.852535909388,1415.9727176061037,1437.6953983767871,1004108
2018-11-16,1485.0469970703125,1500.5768227728845,1455.4165827509091,1458.4654435371963,1664868
2018-11-19,1488.4290771484375,1503.434843168657,1471.9941905548637,1491.0491315329202,755395
2018-11-20,1461.7999267578125,1494.8602047134113,1457.7983191436456,1481.5217452704617,508270
2018-11-21,1465.896728515625,1479.139937041676,1452.7012038675011,1473.8045763101986,841267
2018-11-22,1457.0362548828125,1498.6712585845528,1438.743439923636,1471.0415913887791,1282102
2018-11-26,1434.8848876953125,1481.5218140342477,1428.3109091185906,1461.5141239411805,1535951
2018-11-27,1451.1767578125,1457.7030521384445,1425.4049024286753,1442.4114147765301,1263798
2018-11-28,1410.160888671875,1453.5585634195472,1397.679925548737,1448.1755193143015,772057
2018-11-29,1387.7237548828125,1420.1647219830184,1377.1006020708876,1414.8293617915704,1613812
2018-11-30,1371.3365478515625,1411.1137402258464,1352.9009142870227,1391.9635463192537,12273274
2018-12-03,1387.9144287109375,1400.443077155886,1352.9486543746189,1357.3788356376958,952050
2018-12-04,1422.546630859375,1429.0253574740025,1382.769440577745,1393.2020908041468,1136996
2018-12-05,1410.3990478515625,1431.78828853598,1393.9165939524682,1419.6883314286501,838036
2018-12-06,1390.4393310546875,1419.5933730392237,1377.862997834391,1410.065900736947,679445
2018-12-07,1421.30810546875,1427.119839253224,1386.4374701576437,1402.4436672283853,839928
2018-12-10,1403.0631103515625,1414.8295143654868,1384.2939217601763,1395.8698228654132,569332
2018-12-11,1408.207763671875,1435.2656856953547,1386.2468985857997,1387.199645595137,648455
2018-12-12,1456.655029296875,1462.4667632061928,1413.3526048656136,1414.8294093558284,845326
2018-12-13,1450.0810546875,1479.7591494679764,1444.1263854419042,1463.4195137976346,773320
2018-12-14,1420.927001953125,1457.0837067004682,1407.4456076664803,1446.365302174323,793454
2018-12-17,1413.01904296875,1445.2219378737582,1405.7781890777069,1428.0724919887032,594795
2018-12-18,1425.690673828125,1430.5019765310553,1406.1593597833255,1413.7813359959302,545698
2018-12-19,1444.5074462890625,1453.7967299183401,1414.8293527668936,1433.8842935448988,650629
2018-12-20,1441.125244140625,1451.8913329209215,1429.6922789093592,1429.6922789093592,451924
2018-12-21,1405.1114501953125,1447.2228249128714,1400.728720554132,1443.3641526903077,552808
2018-12-24,1378.7679443359375,1419.5931329872587,1365.8106074563461,1419.1167594526992,849081
2018-12-26,1387.00927734375,1390.0580215487048,1360.570545268372,1370.4314545117343,345177
2018-12-27,1401.634033203125,1410.0658224621486,1379.7208481243213,1395.7746148020592,434791
2018-12-28,1397.8704833984375,1411.9711868459583,1392.9639289285012,1405.3972086670176,305371
2018-12-31,1412.5904541015625,1422.9277364592028,1395.7744452043737,1405.3019158201032,420785
2019-01-01,1405.730712890625,1420.593661228565,1399.6332242723465,1414.8294945447487,254899
2019-01-02,1401.395751953125,1413.4955937689326,1392.344654378456,1407.1122346318632,247208
2019-01-03,1369.9552001953125,1412.7335720504816,1364.4292200029731,1409.6847112780317,536515
2019-01-04,1391.487060546875,1401.6814074172257,1360.7609683163807,1369.9550005698072,391849
2019-01-07,1415.7823486328125,1424.3570734899424,1392.2971067359097,1400.5383933312478,456830
2019-01-08,1389.9151611328125,1419.5932582142984,1386.3423593084476,1418.4500081513588,345960
2019-01-09,1403.634521484375,1407.2073227438805,1391.0106237007892,1391.820435392519,248643
2019-01-10,1448.604248046875,1453.463351185787,1397.9181500243346,1401.2050809221787,1072651
2019-01-11,1434.02734375,1461.2282041085552,1427.0722432879602,1448.1279312741324,1149372
2019-01-14,1458.1318359375,1466.1349352949262,1433.1699070129594,1433.7892159237508,965710
2019-01-15,1450.2716064453125,1462.4668159920293,1443.888247319818,1458.6558275464474,383535
2019-01-16,1447.985107421875,1453.939776872218,1441.172942310255,1453.939776872218,362391
2019-01-17,1434.2178955078125,1474.852584617024,1428.3584772891188,1453.8921473679447,927211
2019-01-18,1437.8382568359375,1448.175539233858,1413.3525874768227,1441.2681230105386,454592
2019-01-21,1426.4527587890625,1446.4128781770978,1423.0705767276638,1443.4117018731745,351617
2019-01-22,1432.59814453125,1449.890526985016,1414.8293885459868,1421.4986179869443,710962
2019-01-23,1432.264892578125,1441.0778040568916,1425.3574754731458,1436.7427578356667,302963
2019-01-24,1422.689453125,1446.2699412983425,1419.2119033258803,1437.0283419492355,365424
2019-01-25,1424.6903076171875,1436.7425813110256,1416.7348928444926,1429.5969782872637,195017
2019-01-28,1403.8251953125,1428.5490528202588,1391.1060445402322,1428.5490528202588,211598
2019-01-29,1433.69384765625,1443.3165698712803,1396.7272145564139,1405.301938247415,424613
2019-01-30,1432.1219482421875,1441.4588008337976,1421.5464777945388,1434.789570567442,218871
2019-01-31,1435.0274658203125,1448.0801693282317,1423.8803725892085,1437.5999524674212,512854
2019-02-01,1459.9420166015625,1474.9002160698183,1418.3070142484862,1439.791391883843,609053
2019-02-04,1533.3988037109375,1543.4026484575488,1473.185232328379,1490.0488098089545,2399611
2019-02-05,1539.7822265625,1559.6469800485684,1534.1133116185504,1539.44878834277,1031235
2019-02-06,1575.1292724609375,1581.5126320344316,1533.9229570011246,1539.7823754078624,916887
2019-02-07,1591.230712890625,1595.851513415309,1562.5530462681877,1567.2690982496615,753538
2019-02-08,1605.47412109375,1619.6700761985055,1577.7492036380736,1588.2294217781814,1045291
2019-02-11,1557.7413330078125,1600.6149476777523,1549.1666100738244,1597.851958138598,880642
2019-02-12,1560.695068359375,1573.1760326456285,1536.9716412888417,1560.5998169057066,795159
2019-02-14,1560.07568359375,1571.0322751820843,1538.7342417155726,1562.5052352059306,469510
2019-02-15,1544.736572265625,1552.4062333632141,1458.3224520647914,1540.592145413161,2159194
2019-02-18,1500.3385009765625,1544.4507383818209,1485.3327340990384,1541.4495617458888,890862
2019-02-19,1512.8193359375,1541.2588112897006,1452.9392088527482,1495.8605087236424,1840314
2019-02-20,1486.8094482421875,1519.536285991744,1480.044851178042,1519.536285991744,775963
2019-02-21,1476.758056640625,1486.904836870874,1467.2305853074597,1479.7115494934783,799999
2019-02-22,1491.049072265625,1499.0997379879982,1473.6137554428828,1476.853118540818,611185
2019-02-25,1519.393310546875,1529.063716062858,1487.23809861337,1498.671062856394,599083
2019-02-26,1544.831787109375,1552.8825701375524,1495.8129938015127,1495.8129938015127,857201
2019-02-27,1561.028564453125,1572.0328408600033,1541.544931219082,1551.0724029818698,556471
2019-02-28,1576.08203125,1584.7996912557444,1557.7416479333535,1572.0328557125586,578587
2019-03-01,1590.89697265625,1595.851210490356,1572.0802195773338,1572.0802195773338,480280
2019-03-05,1585.0850830078125,1603.4254621287037,1580.845405524091,1594.8984232920466,529749
2019-03-06,1625.2913818359375,1643.4888290888991,1573.9859712143732,1591.087735987514,692075
2019-03-07,1572.8902587890625,1633.4372690658347,1564.4107860791194,1626.339349474456,800855
2019-03-08,1569.5556640625,1587.1814861790706,1558.6943233896986,1579.6547605012959,428683
2019-03-11,1610.761962890625,1615.239827892711,1572.1280201452373,1572.1280201452373,637436
2019-03-12,1619.622314453125,1648.1571586166917,1612.6673307121764,1619.6699983268693,885899
2019-03-13,1588.2294921875,1631.3413005387204,1582.8941314309818,1619.6701480016497,639516
2019-03-14,1614.429931640625,1623.4810289263057,1592.3738134156183,1597.4234194747992,672355
2019-03-15,1627.2919921875,1645.0130643923471,1614.9062803031688,1616.8117744392198,830304
2019-03-18,1609.5233154296875,1641.15458942828,1604.5213930760467,1636.8195435342693,464384
2019-03-19,1615.8590087890625,1632.389146968784,1602.0918603352675,1617.7645029032005,283112
2019-03-20,1596.184814453125,1630.1502714823096,1592.2785746433722,1613.953570947418,426057
2019-03-22,1585.03759765625,1611.6668302532207,1577.320370081099,1600.7102395607362,459571
2019-03-25,1625.1483154296875,1629.1974904791239,1573.080664768861,1581.3696340631045,684585
2019-03-26,1627.1492919921875,1691.078606234144,1606.9510977522334,1629.1977217448696,509657
2019-03-27,1587.1815185546875,1638.7251166973558,1582.560718084894,1625.386656445168,460961
2019-03-28,1576.36767578125,1618.7172355706484,1563.934280276174,1590.9923197168273,1681103
2019-04-01,1641.869140625,1659.6854650550808,1628.2448104357825,1628.2448104357825,888473
2019-04-02,1618.7650146484375,1652.444601536805,1613.6677245969388,1643.9651290451395,508894
2019-04-03,1596.6136474609375,1626.8633680898,1586.752621867772,1626.8633680898,393202
2019-04-04,1620.6705322265625,1633.008560888617,1596.613667487684,1600.5674749872146,590246
2019-04-05,1637.7723388671875,1641.2022053216642,1611.2383541942527,1626.339373150837,464487
2019-04-08,1604.8548583984375,1637.7723182975246,1597.9474416982298,1633.6754591130973,461738
2019-04-09,1634.77099609375,1638.4867328346559,1605.6169597381036,1613.0007493467494,392667
2019-04-10,1641.1544189453125,1650.634205233741,1625.3864093095308,1632.865450124768,484391
2019-04-11,1637.2008056640625,1642.4884828231484,1623.5289066552346,1634.4378155338875,357943
2019-04-12,1650.253173828125,1654.6834709563777,1632.055728083072,1635.8667163564708,370739
2019-04-15,1662.40087890625,1666.3548029283443,1639.011005627565,1648.2526066701175,422148
2019-04-16,1633.580322265625,1671.0233336641081,1630.436326293831,1665.6879726162758,530087
2019-04-18,1642.8692626953125,1649.9196137407419,1632.0556075287373,1634.9138485226579,334997
2019-04-22,1621.0992431640625,1655.6840105352596,1614.9063868134504,1639.6778122158987,324129
2019-04-23,1607.2366943359375,1632.1510545793255,1602.711145553182,1622.5283320069461,340440
2019-04-24,1660.352294921875,1667.307395148204,1607.2843289228686,1607.2843289228686,573966
2019-04-25,1635.1998291015625,1660.1617556061801,1629.7215334948278,1654.207086468425,334093
2019-04-26,1640.9639892578125,1657.7323154155174,1635.0570035972805,1652.0158326593357,333124
2019-04-30,1664.3062744140625,1667.3074510864458,1626.387009022065,1640.9639700988523,557187
2019-05-02,1633.29443359375,1687.743838435266,1626.434584551588,1659.1138572735751,686686
2019-05-03,1621.48046875,1643.488905616963,1616.0974238566803,1636.8196752753288,344975
2019-05-06,1614.5728759765625,1633.1037603177326,1610.1902626320893,1617.7168715857536,246788
2019-05-07,1609.3326416015625,1625.6722761484634,1591.0875130270842,1591.0875130270842,559625
2019-05-08,1589.658447265625,1615.763739603113,1575.9388665340423,1606.9031455488057,443167
2019-05-09,1548.7381591796875,1586.0858005283067,1538.6866303368165,1582.9893723248426,553836
2019-05-10,1572.3660888671875,1579.4641242529447,1527.2535387890841,1533.160524046455,637110
2019-05-13,1548.3568115234375,1574.7002893545002,1537.6384077650405,1574.7002893545002,255768
2019-05-14,1540.9256591796875,1557.598735163675,1518.6790353414824,1557.598735163675,422106
2019-05-15,1532.8270263671875,1575.8435777630432,1526.3007325129354,1534.3990822172798,639846
2019-05-16,1562.791015625,1570.4605595127396,1522.3945178842866,1536.0187307697101,494855
2019-05-17,1555.5501708984375,1574.890983888094,1545.4510747219542,1558.694282904369,363216
2019-05-20,1581.274169921875,1610.1424509177596,1562.505100298891,1600.614980793986,482091
2019-05-21,1616.33544921875,1633.9612705040709,1579.6546860033525,1579.6546860033525,494321
2019-05-22,1600.8056640625,1625.5770891756813,1591.0876899620305,1624.3385877013054,342013
2019-05-23,1650.5865478515625,1661.5908225839069,1612.047976956405,1629.197423519771,543073
2019-05-24,1682.218017578125,1690.1734329677988,1654.9217886499812,1659.7807758225495,572794
2019-05-27,1518.155029296875,1648.3003941429852,1503.4828149755838,1647.7763366448737,3084161
2019-05-28,1541.402099609375,1552.0252546001875,1510.6760011067008,1524.3955846287906,1231843
2019-05-29,1514.0103759765625,1547.6423947414953,1510.2946390687728,1541.5447901110372,474654
2019-05-30,1510.5328369140625,1549.9290223775024,1506.1026559591314,1523.4426065864152,925477
2019-05-31,1517.05908203125,1533.7321543928854,1508.1984884839317,1520.5365155106927,787381
2019-06-03,1539.87744140625,1544.4029899579466,1492.5259588704032,1521.7752471994634,765932
2019-06-04,1511.390380859375,1533.9228736614762,1505.7215819775688,1533.9228736614762,803652
2019-06-06,1505.673828125,1522.4898373865992,1480.9976554350908,1522.4898373865992,925968
2019-06-07,1492.240234375,1505.959816693689,1479.6640184257856,1500.5767719972068,632011
2019-06-10,1487.2857666015625,1504.3875289115947,1482.5220315511774,1488.1908297402854,363052
2019-06-11,1482.283935546875,1497.5754562135116,1478.6634501660794,1492.954656192169,475514
2019-06-12,1462.0382080078125,1486.2855768268544,1458.417722261351,1482.2840852562551,500761
2019-06-13,1473.4710693359375,1480.9501107867052,1445.3173460996936,1467.1828454542433,597842
2019-06-14,1450.366943359375,1476.7579912630279,1424.4045851258797,1469.1360145339283,993176
2019-06-17,1467.7069091796875,1508.1034095249695,1459.9896809215459,1466.5636591792727,1053764
2019-06-18,1470.0887451171875,1478.6634688411375,1452.9392976692877,1471.9942392780654,548508
2019-06-19,1467.6116943359375,1481.378843768757,1460.8472130101304,1476.758043473799,420314
2019-06-20,1527.2537841796875,1538.6867507487184,1466.3732139391689,1475.1385580900492,758268
2019-06-21,1472.7088623046875,1524.3953936196021,1467.230566358867,1524.3953936196021,1014804
2019-06-24,1501.8153076171875,1509.4848520285245,1463.467236654092,1468.8025971798345,512756
2019-06-25,1526.68212890625,1532.9702371343767,1491.0493605440022,1492.7643520162858,457699
2019-06-26,1522.4422607421875,1534.8756575617288,1505.530998841678,1512.0097259779413,461263
2019-06-27,1526.110595703125,1532.0175821482576,1503.4351645708648,1519.6318678647208,511835
2019-06-28,1521.4893798828125,1557.2173948426657,1516.8685798750978,1523.9666152950679,551806
2019-07-01,1534.113525390625,1545.355989094789,1522.490055840612,1523.2046162548052,273406
2019-07-02,1540.830322265625,1546.975494838052,1515.3443361035563,1534.113408363737,300935
2019-07-03,1553.54931640625,1562.505161936311,1524.3952799378644,1543.4502209370876,598945
2019-07-04,1543.259765625,1561.5047791525265,1535.7806080105263,1554.31160848484,214179
2019-07-05,1534.6851806640625,1543.2599051533157,1508.1987629430675,1543.2599051533157,607948
2019-07-08,1501.1959228515625,1528.4444654073432,1490.5727699110416,1524.4905418623975,329224
2019-07-09,1529.254150390625,1539.4961803991907,1493.859576914553,1495.9556900464158,548646
2019-07-10,1546.7371826171875,1556.55052394855,1522.061126572272,1532.9700339912577,685813
2019-07-11,1532.63671875,1565.2683084808411,1529.1591684087666,1559.6470770623994,672371
2019-07-12,1536.9239501953125,1544.4029913904167,1512.1048426468717,1538.6388251299513,548484
2019-07-15,1538.1148681640625,1553.9304460095582,1524.4905387628075,1538.6864931363805,331641
2019-07-16,1570.698486328125,1575.8433427510959,1537.7334674729557,1543.54520019245,399507
2019-07-17,1573.8905029296875,1577.9873619222487,1558.3131113267611,1574.4145603480852,325110
2019-07-18,1564.315673828125,1582.9894959609142,1558.2657522800375,1574.5100224964203,769446
2019-07-19,1547.6424560546875,1581.464979056532,1543.4980293134809,1566.4115279320383,464691
2019-07-22,1548.547607421875,1554.2165229302736,1525.3482368242958,1541.5449389017554,248393
2019-07-23,1542.5928955078125,1566.7450126283209,1533.065423957147,1552.9778627584665,298001
2019-07-24,1528.3016357421875,1552.1679976785506,1519.6316601889978,1537.7338555141332,321561
2019-07-25,1564.172607421875,1571.9850874007047,1527.2536559751884,1528.2064031092966,382130
2019-07-26,1587.9434814453125,1595.7560771336668,1548.118724041744,1567.2689167242706,586809
2019-07-29,1575.1292724609375,1599.376641626836,1565.315930003985,1591.0877876968186,461396
2019-07-30,1580.083251953125,1593.945767642655,1562.505115919877,1575.176697832029,863878
2019-07-31,1556.550537109375,1573.8429198180252,1491.2396784576279,1573.8429198180252,1115866
2019-08-01,1539.02001953125,1569.6508623513719,1521.8230039920818,1543.7361875029053,470130
2019-08-02,1523.252197265625,1547.2613790402197,1504.4354409626421,1533.9229188760798,432681
2019-08-05,1503.00634765625,1532.5415099872046,1492.049755178638,1513.4388826684228,571020
2019-08-06,1539.6392822265625,1545.4034485849597,1492.7641723825973,1494.8124855641497,634515
2019-08-07,1556.693603515625,1578.7020395880165,1525.3958826599,1525.3958826599,591808
2019-08-08,1572.9854736328125,1577.7015252915353,1549.214479834383,1566.3162438839151,678997
2019-08-09,1586.2762451171875,1603.902066550446,1564.7441838159045,1574.8909637392617,374284
2019-08-13,1452.3675537109375,1543.450143879448,1440.7439705004474,1538.6864088674745,2698990
2019-08-14,1474.9947509765625,1487.415580009116,1411.5427054443167,1464.499628227016,1340125
2019-08-16,1451.3087158203125,1465.9440378538625,1434.8920212884852,1465.9440378538625,913721
2019-08-19,1461.7073974609375,1483.9012104019475,1444.2797783098235,1449.3829472075006,512242
2019-08-20,1465.60693359375,1484.6713552837664,1459.8778868774136,1461.7073313543597,382353
2019-08-21,1476.1502685546875,1483.7568326053783,1459.8299532635797,1467.3883276382844,461174
2019-08-22,1510.235107421875,1517.7454087160027,1474.609542248391,1480.482922729296,604653
2019-08-23,1513.22021484375,1518.8528831120748,1483.323690556886,1506.8172169251402,469022
2019-08-26,1559.8702392578125,1564.6363151727958,1509.8018771722832,1516.4936593213251,635005
2019-08-27,1534.3548583984375,1568.0065327972366,1528.7702624800813,1564.7809978856853,645617
2019-08-28,1518.08251953125,1555.970769400268,1511.679522251498,1534.3547620995867,419022
2019-08-29,1555.0078125,1573.3020220588235,1513.6051277089784,1522.3670677273635,479265
2019-08-30,1565.021484375,1582.3046508604893,1541.9610816351328,1551.734064307915,357258
2019-09-03,1578.549560546875,1597.373386772401,1565.1178060268464,1565.1178060268464,697815
2019-09-04,1601.658203125,1608.9277922286826,1532.9105746131668,1586.7821673206877,817587
2019-09-05,1578.1163330078125,1604.3058920080266,1572.9169024242415,1598.6251523790927,312286
2019-09-06,1576.7684326171875,1593.3295787647876,1560.736902762648,1583.8935700565157,426978
2019-09-09,1566.70654296875,1592.2221517114795,1556.9335598865473,1575.2277699285044,405327
2019-09-11,1556.5003662109375,1578.0681835676662,1546.7273828572881,1568.48784137286,464103
2019-09-12,1584.0379638671875,1594.4848975693453,1553.0822100116873,1564.636448399871,426448
2019-09-13,1567.8619384765625,1593.5219990070052,1550.2417959576555,1593.5219990070052,455745
2019-09-16,1583.7010498046875,1597.8549453615137,1555.2968793387852,1558.2335111875113,363401
2019-09-17,1541.9129638671875,1585.8190413219513,1538.6392398497135,1584.9043778995556,486724
2019-09-18,1556.115234375,1565.5993149590759,1545.3793976072059,1552.600796661445,457444
2019-09-19,1523.618896484375,1569.5469461845523,1512.1609201281092,1560.7850057482744,400672
2019-09-20,1577.1053466796875,1598.817733281781,1516.5900467681406,1536.7137020883606,592869
2019-09-23,1551.83056640625,1596.4107197687565,1543.5019796592564,1580.042214198148,944775
2019-09-24,1569.11376953125,1583.8935429138958,1528.722006532426,1551.83048375427,692476
2019-09-25,1572.7723388671875,1591.788687467487,1559.9664632426297,1559.9664632426297,450237
2019-09-26,1612.8272705078125,1641.6646763119982,1570.4135408005095,1574.2649535308603,999909
2019-09-27,1598.7696533203125,1633.8657252734504,1593.7628633677014,1608.9278022579242,659001
2019-09-30,1603.6318359375,1609.7941192765381,1589.6222763366436,1602.9578857826993,269573
2019-10-01,1562.2774658203125,1626.210822599804,1547.7864785249394,1609.7942464905768,412172
2019-10-03,1567.8619384765625,1586.685764995764,1535.798998383574,1550.1936062847603,348048
2019-10-04,1561.9886474609375,1588.7078245095065,1558.9075641489337,1575.22787933185,282510
2019-10-07,1585.482177734375,1594.4366415913767,1556.5003211563658,1570.4135022892492,476604
2019-10-09,1589.2855224609375,1593.5221001921725,1560.9776139110897,1589.2374503207773,248324
2019-10-10,1605.2205810546875,1617.5932199741194,1580.0419487961487,1583.8933612246585,566891
2019-10-11,1627.1737060546875,1632.0361616923346,1590.3445714324268,1615.234420493358,598374
2019-10-14,1621.1558837890625,1655.8185989455167,1608.0130316542063,1632.9990251485008,571690
2019-10-15,1630.2066650390625,1638.5835580697494,1616.678648634733,1622.407577934192,545212
2019-10-16,1656.2999267578125,1660.729145236708,1628.040210565974,1632.9989277511486,306125
2019-10-17,1658.9478759765625,1669.8763538387057,1641.7609698424733,1658.9960656509384,348490
2019-10-18,1673.43896484375,1677.8680663298476,1653.2672360735603,1656.107606174482,271062
2019-10-22,1676.4718017578125,1707.6682676250887,1662.1252661776375,1668.0468366142618,814403
2019-10-23,1670.88720703125,1687.3039004170053,1661.6438402061003,1674.401644571003,228759
2019-10-24,1698.5211181640625,1712.9639151750578,1670.8871626948885,1671.5130407391882,283296
2019-10-25,1693.802978515625,1708.1013229031216,1682.6339065629847,1695.5842331636961,199141
2019-10-27,1694.1402587890625,1704.0576940759165,1687.929902467666,1701.3616580166372,15839
2019-10-29,1689.1815185546875,1696.0659425667295,1672.0428018052648,1691.7331030881317,343418
2019-10-30,1672.0908203125,1695.5362718986328,1664.7731596016288,1675.4127343276841,335535
2019-10-31,1689.8555908203125,1694.0439788202655,1673.9203230145708,1679.216015724712,334257
2019-11-01,1678.3974609375,1706.0312988179182,1674.209073319497,1687.8815407827165,339865
2019-11-04,1670.6947021484375,1689.8073140739684,1652.6892773402508,1689.8073140739684,515116
2019-11-05,1624.7666015625,1673.6795916256197,1614.5123089086585,1670.5503186943479,587695
2019-11-06,1642.0018310546875,1657.9851721270718,1580.71619577114,1589.6707783631575,1000255
2019-11-07,1654.1817626953125,1659.5256448568684,1618.6524568578538,1639.7389650000682,362279
2019-11-08,1636.80224609375,1663.6178016730514,1632.036169780389,1650.3303805330895,469867
2019-11-11,1647.008544921875,1655.1446072334018,1629.099381844646,1636.8503969149406,207500
2019-11-13,1610.371826171875,1655.1444957784474,1598.3361622991406,1646.4788177900784,878362
2019-11-14,1594.9661865234375,1631.7471285373144,1582.4009063463538,1606.5204239144916,892696
2019-11-15,1682.7781982421875,1693.6102948601058,1566.5618842091426,1583.8932387978118,2475371
2019-11-18,1671.46484375,1697.9433048208941,1656.5406202373142,1685.4744038036406,546681
2019-11-19,1668.3355712890625,1681.622991496996,1653.6520610569817,1673.4387398922297,385992
2019-11-20,1698.0877685546875,1731.017416354744,1662.5103921642124,1667.6616329389399,1047192
2019-11-21,1682.1527099609375,1713.8304858335357,1675.4608097794774,1698.0397875709768,429107
2019-11-22,1668.96142578125,1683.0672474434673,1653.5557759190672,1680.178688094308,376747
2019-11-25,1698.5211181640625,1703.1909323571278,1661.8845093985246,1670.550187605122,608852
2019-11-26,1717.970703125,1738.4313322080357,1696.1139840129647,1699.4357803086032,1008355
2019-11-27,1744.0640869140625,1750.4670840786036,1707.9090204679057,1718.6929290870778,795959
2019-11-28,1726.395751953125,1757.2070537169286,1721.2925830841796,1756.2442005368098,633764
2019-11-29,1719.8482666015625,1735.879795215485,1715.6118067281031,1728.6103243822372,258455
2019-12-02,1718.7410888671875,1728.3214308427812,1707.234923026177,1707.234923026177,401926
2019-12-03,1728.4659423828125,1733.0394950745983,1713.8305032476233,1728.3214908959137,263215
2019-12-04,1742.1866455078125,1755.281425835742,1718.8855269856642,1731.2100952565356,1107902
2019-12-05,1734.580078125,1738.9129176207327,1724.5183089770048,1738.9129176207327,196491
2019-12-06,1717.5855712890625,1756.2441488400395,1706.705401195461,1735.0613795009601,541954
2019-12-09,1739.20166015625,1754.3184073213802,1713.9267654294738,1717.7299882883328,574599
2019-12-10,1746.27880859375,1753.9334448653126,1728.706736899746,1742.8606325649814,418388
2019-12-11,1754.1258544921875,1770.1091927174568,1737.9498751221674,1743.7269938206346,580804
2019-12-12,1761.2027587890625,1771.6496913422675,1745.7489196301626,1756.9179920032082,438783
2019-12-13,1773.575439453125,1779.3043684783058,1750.466964671977,1765.5837115769991,534166
2019-12-16,1791.5328369140625,1800.4873011867103,1762.0213627144465,1770.6870415474684,686055
2019-12-17,1776.849365234375,1798.9949894132662,1765.583911978419,1792.8327052650245,466589
2019-12-18,1769.5797119140625,1776.0308988091917,1753.644562139418,1772.7089847818804,461114
2019-12-19,1761.058349609375,1786.092530631706,1758.1697902606445,1764.9579517444733,380436
2019-12-20,1750.467041015625,1765.872691541615,1728.3214183845143,1765.872691541615,725073
2019-12-23,1740.9346923828125,1769.675834336259,1736.9870181215106,1752.8740945067682,328818
2019-12-24,1749.407958984375,1756.2441930268283,1739.009097669243,1743.8233635492506,219970
2019-12-26,1748.5413818359375,1764.9098859610538,1741.5606962531674,1747.5785286521073,291471
2019-12-27,1762.1658935546875,1769.0983899189675,1750.948629719657,1757.1589861486661,266306
2019-12-30,1780.508056640625,1788.9812116541636,1762.0213225657262,1767.7502519827037,361262
2019-12-31,1777.234375,1788.210806780798,1766.931775867929,1783.2040174609879,287988
2020-01-01,1751.285400390625,1780.8931342800918,1748.4450306578187,1776.464033368011,157063
2020-01-02,1758.0736083984375,1765.6801718697993,1752.8741778271406,1752.8741778271406,102841
2020-01-03,1766.6429443359375,1779.2081069788724,1749.5041118560023,1749.5041118560023,281177
2020-01-06,1770.061279296875,1776.4642770274672,1733.1358800267972,1760.3846744882048,500000
2020-01-07,1775.4051513671875,1782.9635259584613,1764.524862504168,1769.7242936204411,302472
2020-01-08,1765.8245849609375,1777.4270130735947,1754.3185361972314,1754.3185361972314,147762
2020-01-09,1774.923583984375,1786.0926574184864,1758.795793142456,1776.4641255725646,221553
2020-01-10,1796.9730224609375,1814.4969041575068,1772.612788832035,1775.4531588340426,499335
2020-01-13,1809.056640625,1811.8971279754842,1790.9068820213495,1800.727937263281,208532
2020-01-14,1804.0498046875,1816.9038705667056,1788.0182764400488,1808.719618897486,328250
2020-01-15,1796.9246826171875,1808.8158954558162,1783.2522149667116,1808.8158954558162,277859
2020-01-16,1828.4580078125,1831.4428288678612,1799.668677073331,1800.535268356701,381703
2020-01-17,1832.6466064453125,1842.7565649997039,1821.7664358558702,1828.8914554750947,362279
2020-01-20,1821.7181396484375,1854.8403111492023,1817.0001357584704,1834.2352304599754,420979
2020-01-21,1801.3056640625,1830.2875194697924,1798.6096283119598,1821.7181031939122,393410
2020-01-22,1786.2371826171875,1820.418472080792,1775.45315598325,1802.5574977552108,460611
2020-01-23,1826.9656982421875,1831.7318919495249,1784.1669219006028,1786.0926282383261,294035
2020-01-24,1839.531005859375,1843.5749422130832,1815.0745115075022,1826.051061299296,200949
2020-01-27,1847.08935546875,1863.120884259067,1823.3550013171553,1839.0495550050737,434503
2020-01-28,1874.434326171875,1879.296781480611,1832.4539533153002,1847.0892738406367,527383
2020-01-29,1888.444091796875,1920.314510283446,1864.1320476777908,1883.3409226506303,829522
2020-01-30,1886.3736572265625,1901.6348552156949,1863.8428713841931,1888.6363384838407,350522
2020-01-31,1879.7783203125,1910.3007192663001,1875.6380046021939,1895.8579214895892,322232
2020-02-03,1899.4686279296875,1946.8891474712093,1889.5031209342108,1920.795849565672,910769
2020-02-04,1888.444091796875,1922.7697155046883,1881.6077398179223,1905.4865469967267,565885
2020-02-05,1889.743896484375,1916.077908554587,1873.9048904876613,1889.1662080593062,519051
2020-02-06,1947.8519287109375,2002.1567525168603,1858.3065854731137,1877.5636485350115,1730330
2020-02-07,2008.463623046875,2017.17749168398,1936.2978213730232,1947.8520599888743,890175
2020-02-10,2011.3521728515625,2033.9792233634696,1999.0276047073557,2007.5489496734526,628865
2020-02-11,2067.1494140625,2079.7628848464506,2007.548895789282,2007.548895789282,1068378
2020-02-12,2042.981689453125,2098.971501404247,2033.545682359684,2078.7997766167414,984894
2020-02-13,2075.718994140625,2093.0503518956457,2042.9819850478082,2055.7397900619208,591980
2020-02-14,2066.716064453125,2108.648365493578,2056.3653932526427,2088.6691629438096,660382
2020-02-17,2074.80419921875,2089.391330376855,2054.3435698314192,2077.8370926051857,243414
2020-02-18,2094.4462890625,2099.2123650827157,2062.912848783545,2074.804179070037,532206
2020-02-19,2104.652587890625,2113.462599916321,2075.6706149292067,2089.3912718990505,365113
2020-02-20,2088.765625,2153.324742196217,2076.7299603367865,2117.7955541390406,578488
2020-02-24,2080.196044921875,2103.641613198297,2067.5346200035424,2091.220666496359,419664
2020-02-25,2052.598388671875,2100.130203910496,2030.2875366210938,2087.519722316576,572634
2020-02-26,2077.91650390625,2098.141634735359,2028.4446132998453,2052.598441630437,578955
2020-02-27,2091.93359375,2106.920619854868,2053.6171275970223,2083.6397290277428,569625
2020-02-28,2043.8197021484375,2085.288789830491,2024.7100178799308,2075.8794769495994,1076121
2020-03-02,2046.0506591796875,2100.033126584554,2023.497297640786,2066.178928079997,557614
2020-03-03,2117.68798828125,2143.7818903155435,2001.7200110576875,2061.2316422523973,1399046
2020-03-04,2109.63671875,2144.6549157373947,2093.0975389372743,2117.5909755532707,634747
2020-03-05,2157.1201171875,2171.913183758432,2109.830806018128,2109.830806018128,1094422
2020-03-06,2172.931640625,2181.6134252545844,2106.387001220531,2114.6808657425495,968953
2020-03-09,2116.378662109375,2191.265486619993,2073.018046613792,2172.883329036324,879424
2020-03-11,2084.803955078125,2128.9891980096154,2061.3776508417286,2115.4572260958744,573237
2020-03-12,1855.5355224609375,2065.2090742815585,1772.112328290804,2065.2090742815585,1552639
2020-03-13,1903.8919677734375,1933.6721809032938,1577.2804894356032,1746.0669624748375,962602
2020-03-16,1835.21337890625,1926.4938545770235,1815.4731458211033,1891.5725158233615,682663
2020-03-17,1838.511474609375,1904.279922934476,1816.1520707318641,1835.3103046199424,1300859
2020-03-18,1751.1595458984375,1876.0032783738795,1734.086915927578,1870.2316047595555,1076620
2020-03-19,1814.890869140625,1888.1286703625615,1582.179063034486,1668.4638159169592,1743757
2020-03-20,1935.127197265625,1956.710524556328,1808.5373450662207,1819.353283323661,1881347
2020-03-23,1796.2662353515625,1867.3214543279373,1673.847598282274,1794.5201211720323,1203381
2020-03-24,1862.4227294921875,1915.8233205516449,1804.7540698158662,1867.3214643351475,1285829
2020-03-25,1870.2802734375,1914.853435474662,1824.7369557862387,1843.0706825743962,676624
2020-03-26,1826.8709716796875,1920.673514651354,1817.8495790185036,1879.3014074335138,596430
2020-03-27,1806.74267578125,1872.171631818304,1770.0752254717358,1872.171631818304,538787
2020-03-30,1837.1533203125,1872.0746565386357,1777.786977680429,1795.5387042938082,606185
2020-03-31,1929.4525146484375,1974.0256760371021,1838.2204698232474,1884.7822548108547,937675
2020-04-01,1820.759765625,1940.4623759234912,1788.9910483505096,1940.0743373734683,1165088
2020-04-03,1844.0892333984375,1881.8721342966683,1768.3292347050638,1852.7710188178537,1219731
2020-04-07,2005.8916015625,2085.580066102206,1863.6840474413318,1901.272990493174,2241715
2020-04-08,2103.962158203125,2148.244498912583,1978.972887440221,2003.1268376395865,1228880
2020-04-09,2241.65869140625,2393.663697945504,2134.3241785437262,2158.3325973229366,2527934
2020-04-13,2271.05078125,2348.459788175781,2216.534744312953,2313.5384530356205,1782628
2020-04-15,2323.675048828125,2345.5494302094335,2260.186175511985,2299.9576919051146,1136701
2020-04-16,2321.492919921875,2375.13602306625,2283.2735499558007,2323.6269543418493,1350131
2020-04-17,2262.320556640625,2376.1545090502887,2250.631561810361,2357.190235714732,1326979
2020-04-20,2272.360595703125,2303.8382541686706,2227.2538677794014,2265.036767782672,817776
2020-04-21,2334.491455078125,2400.3083323460964,2226.235216487374,2226.235216487374,1365316
2020-04-22,2313.053466796875,2340.6509749488177,2292.82809851554,2334.8307523441704,596850
2020-04-23,2344.870849609375,2380.762224152476,2304.80826795698,2316.448713754743,993530
2020-04-24,2352.72802734375,2386.291407727342,2318.970923719209,2337.789549846705,894214
2020-04-27,2353.164794921875,2398.3198363265137,2322.4629759870986,2376.591098159251,924358
2020-04-28,2292.537353515625,2371.740790712502,2278.61722592379,2371.740790712502,855492
2020-04-29,2298.8427734375,2336.8196354224506,2281.527514534497,2316.4488540426782,635110
2020-04-30,2262.99951171875,2301.6070366168146,2231.7643636928474,2294.13779812754,843162
2020-05-04,2218.620361328125,2273.7185185260305,2159.302684644999,2159.302684644999,936799
2020-05-05,2215.807373046875,2256.3064242998935,2205.0884151106216,2205.0884151106216,609756
2020-05-06,2222.69482421875,2244.5206611330113,2174.5323353326544,2240.785923197487,762810
2020-05-07,2191.16845703125,2240.785761301305,2160.272679834635,2212.0242552424957,498471
2020-05-08,2231.861328125,2245.4903962631597,2185.590607456256,2202.954176202083,641799
2020-05-11,2257.17919921875,2285.4073731332196,2240.834216425531,2249.516000974506,654101
2020-05-12,2292.731689453125,2303.208139574484,2234.0444332722423,2260.1868909331697,676613
2020-05-13,2269.40185546875,2325.0818917511315,2244.66590876456,2316.4486560629944,538167
2020-05-14,2295.690185546875,2306.65141670096,2233.0256862418623,2259.216691249912,413755
2020-05-15,2265.230712890625,2340.6996507781146,2257.6160633329446,2304.8082761080814,600190
2020-05-18,2260.380859375,2307.7187267765444,2248.9343719191183,2271.827346830881,600640
2020-05-19,2252.183837890625,2287.3476859033462,2238.6518665032404,2279.5873884108837,322942
2020-05-20,2301.607177734375,2305.487326468053,2241.8530293310237,2255.336451450361,600994
2020-05-21,2286.71728515625,2318.8739235639528,2263.387843161697,2303.8383469836385,317110
2020-05-22,2250.486083984375,2303.983535604076,2235.93552740689,2280.557234244511,479501
2020-05-26,2226.9140625,2274.6398391560624,2218.862707424023,2269.8382030068306,404978
2020-05-27,2221.77294921875,2250.4861430149917,2192.2839151783974,2235.935586055843,720014
2020-05-28,2216.632080078125,2231.0855394950945,2187.7734736433513,2226.7203721352125,392876
2020-05-29,2318.48583984375,2335.9465081890257,2194.515047227196,2216.5348427197555,1000264
2020-06-01,2405.740966796875,2418.205803558732,2289.287945750685,2330.126609343643,1128386
2020-06-02,2338.759521484375,2461.905687828298,2328.0891130495643,2425.0928260932965,1305076
2020-06-03,2310.822509765625,2368.8307801667456,2296.271952147893,2347.489962327406,888450
2020-06-04,2348.60546875,2365.9207274758674,2313.5387187494644,2320.328979139924,704299
2020-06-05,2386.339599609375,2401.8116425913513,2343.3669125969536,2356.6563723011304,770517
2020-06-08,2340.748291015625,2397.9319360577297,2266.976915277878,2397.9319360577297,1943064
2020-06-09,2349.236083984375,2383.2842468215063,2328.08922614843,2328.08922614843,1215283
2020-06-10,2322.8994140625,2370.770843125025,2304.8083155749014,2339.7296536896724,702873
2020-06-11,2285.698486328125,2344.9192991724412,2276.677093853175,2322.8992673471485,470891
2020-06-12,2323.336181640625,2328.380327692059,2233.8985627563525,2240.785921574504,589371
2020-06-15,2265.085205078125,2376.203003590315,2252.8626427403133,2336.770852903769,1261564
2020-06-16,2250.825927734375,2294.1379942917592,2216.5350177406635,2281.5275106022063,660650
2020-06-17,2231.182861328125,2267.8017689578246,2223.616523115032,2259.265393456528,699526
2020-06-18,2241.222412109375,2262.1267612345955,2227.738989694991,2236.8086954631376,304464
2020-06-19,2235.693115234375,2260.186553203642,2217.504918722543,2249.225086074083,728257
2020-06-22,2278.85986328125,2298.0180977389723,2247.5761639768675,2265.0368333560577,445228
2020-06-23,2308.73681640625,2329.107595234369,2252.426116137715,2289.2875254457394,838016
2020-06-24,2271.196533203125,2339.7295618325847,2261.6415727249882,2323.238930592471,501579
2020-06-25,2260.622802734375,2306.748111968302,2255.6757558594873,2270.420271699577,316334
2020-06-26,2280.314697265625,2310.5312579942615,2262.6600695311813,2273.766946885303,497117
2020-06-29,2247.188232421875,2297.048048887983,2238.942916368012,2288.851282058357,519075
2020-06-30,2210.6171875,2264.9878078033476,2199.073842123746,2264.9878078033476,684233
2020-07-01,2174.095703125,2215.564790156163,2166.0928968558283,2215.564790156163,788450
2020-07-02,2130.83203125,2174.823311154526,2027.4262121637205,2037.0780345336773,4392566
2020-07-03,2124.817626953125,2181.1283255516028,2115.7479225534416,2139.9017505745323,1516409
2020-07-06,2096.34716796875,2153.385157170379,2092.369921325063,2153.385157170379,932519
2020-07-07,2119.046142578125,2140.871978333679,2082.6697496522015,2114.1959568546686,1348625
2020-07-08,2098.675537109375,2146.692379765679,2076.8982487646954,2108.860927975864,1586276
2020-07-09,2111.140380859375,2128.1160304595132,2088.4899193770034,2105.950587537145,819353
2020-07-10,2137.0888671875,2159.8847394369423,2095.280172714718,2118.900671243796,1011412
2020-07-13,2168.17822265625,2172.8829970899515,2131.3653638876067,2153.4822560445054,600585
2020-07-14,2151.687744140625,2188.98586088481,2145.043131960377,2176.278279875873,811086
2020-07-15,2158.623779296875,2177.7334643359736,2147.8077226682462,2152.5124977111473,1234453
2020-07-16,2138.447021484375,2174.82341672396,2127.5341029124997,2171.913305104793,833354
2020-07-17,2195.58203125,2206.3980877681383,2111.8194638911973,2134.081769530981,1233698
2020-07-20,2229.872802734375,2244.665868636147,2174.386727503968,2211.6846069535072,1650713
2020-07-21,2213.867431640625,2257.2765969669117,2208.7747362671503,2235.935778259017,549204
2020-07-22,2193.981689453125,2237.875873800535,2178.4610938827705,2224.2953526764745,314826
2020-07-23,2325.61572265625,2336.6742892351635,2206.4951027834354,2216.5350829000745,2533883
2020-07-24,2278.71435546875,2360.2943373903704,2258.2464769483495,2318.388780028589,1234340
2020-07-27,2291.130615234375,2323.2389391443885,2250.6801140557027,2279.587268053993,915026
2020-07-28,2271.390625,2319.5043274310656,2262.126722489203,2292.197875318176,1049978
2020-07-29,2351.030517578125,2362.0405343060074,2272.118135046806,2285.5046955016037,937679
2020-07-30,2485.574951171875,2499.9313124853165,2357.6754497166658,2361.9920679558627,3392829
2020-07-31,2538.150634765625,2566.330260034441,2480.3848777906637,2492.9953601572174,2698997
2020-08-03,2562.595703125,2649.171520860935,2527.5772664310284,2543.049548808928,2802784
2020-08-04,2609.933349609375,2625.599353941183,2524.085066823841,2594.849225438463,1260214
2020-08-05,2587.816650390625,2635.203060694458,2561.868156192162,2619.100349003725,1237767
2020-08-06,2656.010009765625,2670.5120163943943,2582.917622832277,2601.6393853867653,1340401
2020-08-07,2701.407958984375,2735.504668903822,2640.828951590297,2665.661996506278,1448742
2020-08-10,3024.3818359375,3194.332295134047,2971.5148119214646,2971.5148119214646,6015324
2020-08-11,3037.622802734375,3073.805235993772,2994.504698544465,3045.8681185547925,2731072
2020-08-12,3023.60595703125,3037.186477852051,2921.8491493255847,3028.456143038679,2244001
2020-08-13,3031.85107421875,3084.7180982292834,3000.9552966493775,3016.815498582727,1916602
2020-08-14,2997.220703125,3089.568188424915,2968.4106483876694,3041.0663330336292,1959949
2020-08-17,3035.779541015625,3044.946343905362,2979.3234312557424,3026.5156396893053,1194516
2020-08-18,3056.441650390625,3065.3173955875313,3002.2649808048764,3036.070870230075,1416520
2020-08-19,3064.92919921875,3094.4182312060175,3046.35284736561,3071.767771053058,1002926
2020-08-20,3093.739501953125,3110.909111988152,3027.5830162849825,3036.313350556231,1018936
2020-08-21,3150.05029296875,3235.073956033563,3126.0901854531844,3158.4410197437123,3851456
2020-08-24,3143.114501953125,3181.722030048692,3115.614089306992,3171.536639403719,842857
2020-08-25,3148.643310546875,3171.0027129418936,3124.149873908887,3157.228233564038,887308
2020-08-26,3101.014892578125,3164.406679954392,3087.385822885938,3151.5536873683454,700169
2020-08-27,3170.517822265625,3179.7817242575225,3089.5682708237364,3104.118827829186,1013525
2020-08-28,3174.7861328125,3199.0853735899764,3161.351023759186,3181.7218035993033,636688
2020-08-31,3029.23193359375,3195.2536901918697,3002.1194437422137,3186.5719054249835,1472451
2020-09-01,3134.286865234375,3162.708761867221,3008.3760064392927,3020.695429838153,981942
2020-09-02,3230.90283203125,3239.9242252931213,3142.920505972968,3150.0018248484366,992629
2020-09-03,3184.14697265625,3249.042363827263,3174.3011902280373,3230.2237376832636,829828
2020-09-04,3126.574951171875,3221.444625916773,3112.849021081771,3143.8902079545087,867200
2020-09-07,3103.24609375,3151.262935033949,3075.017916568029,3146.121690521277,582355
2020-09-08,3019.337646484375,3119.639390362226,3002.264898374095,3112.8491304951444,687872
2020-09-09,3062.50439453125,3074.4842112914143,2987.714435205493,2997.414806748368,904326
2020-09-10,3061.970458984375,3089.56796534426,3031.414292294157,3065.3170393996425,503343
2020-09-11,3052.3671875,3077.2973307694456,3024.5757189371943,3062.989283349842,464651
2020-09-14,3069.9736328125,3130.940325855412,3039.8053825883085,3074.629858517506,773804
2020-09-15,3089.519775390625,3152.620739401275,3071.3801280397806,3079.8679531073994,1365374
2020-09-16,3147.14013671875,3175.9016436175325,3083.748113946285,3085.7852867007873,1064745
2020-09-17,3114.9345703125,3166.3950863509704,3104.1187512687343,3146.8489333192615,688789
2020-09-18,3244.192138671875,3287.4558901445994,3131.27990952693,3133.2199838203173,3362844
2020-09-21,3064.1533203125,3273.147771698995,3026.564381688114,3250.5458593029794,1585478
2020-09-22,3139.622314453125,3175.707648838538,2951.3865593276532,3065.317374505492,1855832
2020-09-23,3053.240478515625,3191.810143282773,3035.2462420199863,3156.258376469329,1499849
2020-09-24,2929.948486328125,3057.3629530560597,2895.560718791655,2997.414613422517,6257683
2020-09-25,2969.041015625,3014.8752680102916,2914.6218402849777,2968.3134878093606,1594964
2020-09-28,3004.350830078125,3036.2166490644827,2931.11301633871,3007.115531022331,1269287
2020-09-29,2970.15673828125,3044.946699377158,2957.3037456827324,3007.1152494645394,1187338
2020-09-30,2956.62451171875,3041.0662880716045,2948.9127641906466,2996.4445817713513,1416088
2020-10-01,2973.06689453125,3004.8841617886033,2960.6989203353273,2968.3138070214427,740845
2020-10-05,3032.5302734375,3050.767020319932,2957.691997542042,2987.7146017759587,1059411
2020-10-06,3067.839599609375,3089.3743770745828,3047.323171696029,3065.3174082774367,1403318
2020-10-07,3086.561279296875,3121.48261858,3056.7326353258727,3094.4186753657737,1304014
2020-10-08,3134.626708984375,3157.471132747694,3077.2491024850706,3092.478639385453,1003283
2020-10-09,3094.41845703125,3171.924329296922,3084.8151841361696,3157.470870732514,952505
2020-10-12,3111.15185546875,3118.6696438793456,3057.605848606122,3096.649846480506,1176234
2020-10-13,3045.091796875,3150.6804274831197,3027.582817087808,3117.6991668505993,1080242
2020-10-14,3036.65283203125,3067.257552317158,3010.0253588994756,3061.437329257733,792943
2020-10-15,3018.17333984375,3055.616866654206,2953.762971099066,3045.916495648955,992780
2020-10-16,3126.138671875,3136.033003427039,3021.5686198758767,3021.5686198758767,1664500
2020-10-19,3000.712890625,3149.613596402469,2992.564673117207,3138.0702487955155,1329702
2020-10-20,2993.291748046875,3035.003340096139,2978.9837019369534,3009.0548496933993,1348612
2020-10-21,2986.695556640625,3031.3658105905783,2924.66173405779,3005.174809987076,1234195
2020-10-22,3000.81005859375,3012.984072739307,2940.182733989868,2986.695970060869,899754
2020-10-23,2976.898681640625,3049.7968806707395,2970.8842616903667,3015.8455795182344,1214597
2020-10-26,2950.99853515625,2989.0724947647645,2929.6094046327466,2988.5874761710256,772978
2020-10-27,3062.261962890625,3083.3117223073145,2952.793172523355,2968.3137673855017,1602501
2020-10-28,3037.622802734375,3114.6922073612973,3016.815553117359,3065.074901595683,1412166
2020-10-29,3014.487548828125,3064.977793138434,2998.966954393331,3027.9224212904583,729760
2020-10-30,3047.9052734375,3065.3173929087056,2962.202396535321,3017.7855725756276,1330322
2020-11-02,2957.3037109375,3040.9694164920365,2949.204042697943,3027.631405461603,977309
2020-11-03,2997.317626953125,3024.090746415007,2966.858555865372,2968.313611557312,724215
2020-11-04,3100.432861328125,3113.916520547139,3012.1109266166413,3027.243601715905,1479510
2020-11-05,3112.84912109375,3144.860346084742,3073.1746975775263,3114.692096893347,1169897
2020-11-06,3140.252685546875,3166.9772557281913,3091.023301411728,3113.8191738683972,1234138
2020-11-09,3321.16455078125,3359.626427409509,3245.404557864568,3312.7252753009843,7053871
2020-11-10,3165.619384765625,3321.0195376430797,3142.0959820636044,3321.0195376430797,2531351
2020-11-11,3252.679931640625,3271.1591864680654,3183.710433285895,3201.1225525323016,2007813
2020-11-12,3266.16357421875,3306.61407527729,3204.178059359193,3236.0438738907337,1258544
2020-11-13,3330.0888671875,3346.6280473663896,3267.2789639796815,3269.0250781520963,1346031
2020-11-14,3341.7294921875,3360.402707658374,3335.7153091152236,3360.402707658374,124536
2020-11-17,3324.3173828125,3385.429724544974,3293.2761933610846,3356.328609434272,1652851
2020-11-18,3348.3740234375,3358.268354239144,3308.2143464301803,3336.9275385854007,817107
2020-11-19,3332.1259765625,3394.1598015346876,3304.2374100308843,3333.0474644393216,1130621
2020-11-20,3365.156005859375,3385.4296877694073,3322.3772723811517,3338.86790409808,1058905
2020-11-23,3440.04296875,3528.8013725248406,3366.514101645744,3381.9375983911773,2306539
2020-11-24,3431.070068359375,3501.7856843289123,3388.339883047459,3501.7856843289123,1608159
2020-11-25,3365.4951171875,3461.965257925639,3346.6279432493457,3461.0437700599814,736967
2020-11-26,3438.102783203125,3458.182505223196,3361.178788386641,3381.0645503381347,963570
2020-11-27,3497.0810546875,3550.2389015106214,3404.587916898329,3440.7218010508927,5745633
2020-12-01,3512.26171875,3657.039751346406,3488.83541825604,3657.039751346406,2077864
2020-12-02,3530.498779296875,3545.3403951521836,3506.6843197465023,3513.474579840064,755137
2020-12-03,3581.716796875,3613.2913169234166,3527.152206710025,3545.4858142752655,940122
2020-12-04,3600.729248046875,3626.9687995650133,3555.186052528958,3599.662349307837,1043566
2020-12-07,3606.161376953125,3629.830186862274,3553.6822764447516,3593.017327216601,1086712
2020-12-08,3579.437255859375,3636.669450465257,3566.438852153658,3606.1618279938293,750038
2020-12-09,3613.776123046875,3624.058611052531,3584.8692068837545,3598.837646414585,653837
2020-12-10,3620.421142578125,3650.2497848540384,3595.685195324929,3613.291274816131,638946
2020-12-11,3532.972412109375,3627.938954723415,3513.862490721707,3618.2385831867214,1322763
2020-12-14,3491.939697265625,3559.793746936628,3477.1951802997874,3540.6355136776874,858167
2020-12-15,3519.682861328125,3542.672932295124,3498.3905922767635,3511.5346436255973,678172
2020-12-16,3606.501220703125,3615.3286539767037,3527.0552685428747,3542.7698238594035,1097589
2020-12-17,3710.10107421875,3738.7171704058296,3600.0989551314897,3600.0989551314897,2080618
2020-12-18,3718.055419921875,3743.3734851006634,3668.680622091399,3722.3237256176944,1336810
2020-12-21,3525.260498046875,3689.972857411626,3437.617781548708,3675.4708490382372,1845053
2020-12-22,3609.459716796875,3627.0660333152364,3493.9767457366256,3549.317412982515,1501765
2020-12-23,3578.0791015625,3603.6879874158303,3550.335944533497,3598.4498815721186,915202
2020-12-24,3637.251220703125,3644.4294005441466,3581.42553799033,3593.9874711248503,656706
2020-12-28,3653.159912109375,3669.990151416065,3625.9988718706436,3647.3396892010755,387691
2020-12-29,3670.814697265625,3714.95138953366,3652.190030530804,3669.650699999477,834002
2020-12-30,3685.85009765625,3705.5418990924386,3648.1642966154773,3676.44078470166,407940
2020-12-31,3726.78564453125,3734.643040203167,3673.3852887024927,3673.530699545297,646191
2021-01-01,3733.721435546875,3752.006493219647,3703.456324675191,3723.972515095896,344329
2021-01-04,3746.526123046875,3797.6470354033313,3733.6731303275087,3737.553279072978,578164
2021-01-05,3726.97998046875,3764.229313814962,3690.0700180435683,3742.6459863488153,621125
2021-01-06,3763.5986328125,3772.7654362753706,3701.2251983322617,3731.7328185374836,486212
2021-01-07,3689.099853515625,3787.025057049386,3677.410858420651,3773.444536865295,731225
2021-01-08,3743.51904296875,3752.7829457851853,3695.9389067864167,3704.572143314533,594069
2021-01-11,3707.8701171875,3772.4261405370903,3691.476583155293,3768.4974424922448,581207
2021-01-12,3654.614990234375,3717.0369760386425,3628.909005565175,3708.403503243134,758091
2021-01-13,3607.955810546875,3678.5745571387693,3565.6137868532956,3674.9854673178834,1142472
2021-01-14,3613.09716796875,3627.938783082818,3573.6167050473537,3626.38662898019,826368
2021-01-15,3535.591552734375,3650.0559397058346,3524.1450666721325,3647.33978824311,1048279
2021-01-18,3458.473388671875,3549.3658193816827,3444.601810501327,3530.935114115694,952462
2021-01-19,3491.60009765625,3522.2048164504304,3448.6759546851868,3468.852774339504,834021
2021-01-20,3497.6630859375,3556.2534749339434,3489.2723588846666,3521.2350372711066,730498
2021-01-21,3496.595947265625,3540.6355384104595,3482.4333103817944,3540.6355384104595,706058
2021-01-22,3438.490966796875,3505.4720857696943,3424.231466694437,3496.596339729284,720287
2021-01-25,3462.111572265625,3481.8516886513535,3377.3787218441153,3455.2727621343683,926197
2021-01-27,3378.688232421875,3492.1340394781564,3365.93210071015,3487.186754858697,944951
2021-01-28,3326.985107421875,3391.9290510012756,3307.8268726025494,3356.3287329046393,717703
2021-01-29,3268.8798828125,3354.3885654223827,3259.4220203160085,3346.628267989364,1015705
2021-02-01,3359.820556640625,3414.530553737369,3212.1807222146804,3315.586770646116,998291
2021-02-02,3442.27392578125,3460.801493253984,3342.845117890044,3433.9315115597,1624774
2021-02-03,3569.97900390625,3605.5307685587604,3454.5445900852205,3482.4331564495446,1693164
2021-02-04,3568.669677734375,3613.145977054935,3541.605735211106,3602.6695281723696,908879
2021-02-05,3707.91845703125,3744.149439317642,3555.2347043358404,3588.1674182166103,2152555
2021-02-08,3668.534912109375,3771.50425584576,3540.635425369605,3685.170953692912,2744564
2021-02-09,3611.205810546875,3726.155213152423,3594.0362003075975,3669.699098225173,1319497
2021-02-10,3637.97900390625,3647.3397678888573,3565.2745283811655,3627.93902444264,953446
2021-02-11,3641.3740234375,3651.898784342195,3600.7778742788164,3608.1502512947063,422563
2021-02-12,3607.955810546875,3641.373777319925,3584.4324114225624,3641.373777319925,561226
2021-02-15,3599.8564453125,3637.396835990698,3591.0775616607943,3609.508267676882,426787
2021-02-16,3576.0419921875,3608.004669260917,3556.1562303972264,3599.856451842899,392393
2021-02-17,3506.9267578125,3564.886476719712,3482.4333201153104,3561.9763653101445,691346
2021-02-18,3480.15380859375,3538.6956473808054,3465.9428585777464,3488.2537138106845,884937
2021-02-19,3417.634765625,3496.9838501445533,3385.4295803063774,3480.4932189510837,745416
2021-02-22,3391.880126953125,3456.2421831918077,3370.878918493273,3404.8302169529175,846786
2021-02-23,3344.930908203125,3413.5610428381924,3337.752727367253,3380.5797767238137,511326
2021-02-24,3375.77783203125,3404.6364372506628,3310.1546767227446,3392.1228159173797,409153
2021-02-25,3336.9765625,3408.225748441586,3329.167715568955,3373.061899464495,876984
2021-02-26,3262.331787109375,3381.4521506578885,3226.731236937071,3317.041783500534,1701176
2021-03-01,3357.832275390625,3380.5796000834785,3280.0353402803435,3294.925269020427,660836
2021-03-02,3411.5234375,3416.422172299414,3351.963253325773,3366.0287915035256,724413
2021-03-03,3458.327880859375,3466.1367273503124,3395.663622516227,3453.3322842233442,725617
2021-03-04,3446.978271484375,3464.0024698846046,3389.358162711019,3443.631690868201,640664
2021-03-05,3392.12255859375,3443.631622093844,3385.4293974950747,3412.590435641167,390702
2021-03-08,3402.599365234375,3442.6133988660217,3396.100163500513,3416.8105520012678,372681
2021-03-09,3398.234130859375,3460.898626112888,3357.783628660655,3460.898626112888,442271
2021-03-10,3422.387939453125,3437.666023564796,3377.911644308965,3404.8301734580996,421799
2021-03-12,3406.819091796875,3458.0371017610223,3398.573775848164,3426.6563045672065,600323
2021-03-15,3308.796875,3420.351152521255,3269.9953871665202,3420.351152521255,834264
2021-03-16,3277.028076171875,3333.0477228525306,3260.343484179269,3327.1304013733857,793917
2021-03-17,3277.076416015625,3290.705484775958,3244.871231329332,3288.425802837315,547364
2021-03-18,3174.83447265625,3297.107701975899,3157.5680009600164,3297.107701975899,622941
2021-03-19,3269.316162109375,3304.4800078084168,3058.8181064764913,3173.9614655797077,1744235
2021-03-22,3303.89794921875,3340.8079097563855,3250.157986399432,3270.3348062740893,748535
2021-03-23,3391.201416015625,3404.733387247523,3301.085057150066,3315.5870655573754,787152
2021-03-24,3376.8447265625,3438.7816932572823,3353.46697336653,3391.2013237330134,762599
2021-03-25,3346.822265625,3389.4070403619544,3289.3961113412033,3389.309941912759,738392
2021-03-26,3361.130126953125,3404.7817980722807,3309.5727479059105,3346.6281191352996,504226
2021-03-30,3476.85546875,3492.13355304457,3375.777650496414,3395.1298432377766,732578
2021-03-31,3514.250732421875,3531.565753937125,3473.7031310556263,3492.1338374197862,883699
2021-04-01,3507.751708984375,3529.9654667379086,3495.044126588811,3509.5946849842685,247000
2021-04-05,3502.8525390625,3570.706587263581,3454.9325639297795,3507.7512738129994,880667
2021-04-06,3577.59423828125,3587.4400209830787,3476.6132725487337,3496.984053442574,490057
2021-04-07,3588.11865234375,3622.118499766911,3580.989021816293,3590.1072757464754,415385
2021-04-08,3603.833740234375,3686.04439593152,3571.1920819945567,3587.7312642226216,752343
2021-04-09,3639.918701171875,3669.213773375731,3569.7364242955555,3607.082851560604,1247594
2021-04-12,3666.40087890625,3781.204872206382,3565.080544305734,3647.3397433288856,1959252
2021-04-13,3607.03466796875,3734.6431050667097,3591.077603884925,3731.7329935562684,606699
2021-04-15,3670.038330078125,3705.444684813417,3584.8207115296964,3633.2740181105705,850076
2021-04-16,3707.33642578125,3729.7926901608744,3621.536453890518,3676.4406490792494,681099
2021-04-19,3693.028564453125,3734.497653019397,3643.459570875296,3697.781651804214,777986
2021-04-20,3666.44921875,3733.5757394234192,3637.639163936715,3700.691576111618,594570
2021-04-22,3642.73193359375,3697.8300899604087,3630.07290167812,3657.0399812658115,619485
2021-04-23,3666.49755859375,3714.902312907508,3626.9685486029584,3638.6089932628233,733544
2021-04-26,3670.960205078125,3727.3677709545723,3657.476546517967,3668.6805230319305,568028
2021-04-27,3791.82666015625,3807.395803737904,3672.5606402424723,3703.9414366926426,804123
2021-04-28,3766.26611328125,3847.700679900952,3754.043551175146,3825.9717069151516,911739
2021-04-29,3793.669677734375,3828.9789333554822,3740.46304820286,3765.6840127394976,653122
2021-04-30,3940.630615234375,4011.1037213151976,3792.4574366537468,3792.845356793814,2499026
2021-05-03,3951.931396484375,4023.0349309715384,3904.448124787637,3940.0969904775734,1014865
2021-05-04,3865.9375,3979.5772529688506,3843.33558791969,3976.1338106807684,492286
2021-05-05,3914.536376953125,3942.764552801322,3855.8976784906085,3879.178570134325,671260
2021-05-06,3941.3095703125,3962.019721793448,3897.6093484457906,3928.650537880899,423190
2021-05-07,3908.376953125,3965.1724413740285,3898.8705412585823,3946.6934222884843,305011
2021-05-10,4015.2744140625,4079.0060415562243,3920.987091299607,3930.5903639443095,1238763
2021-05-11,3951.54345703125,4046.21917827376,3933.5977696288123,3996.6501848265657,483699
2021-05-12,3939.75732421875,3999.608568837238,3923.8002605120473,3956.684425072675,567640
2021-05-14,3900.0830078125,3984.912711325051,3886.4539381508807,3967.4520421907155,481350
2021-05-17,3922.1025390625,3945.1409203900794,3899.5491762891857,3899.5491762891857,305324
2021-05-18,3903.381103515625,3952.7561385841964,3897.6094295999555,3938.3509915818368,404311
2021-05-19,3918.610595703125,3937.380909848338,3882.088790641303,3914.100017550639,545721
2021-05-20,3919.72607421875,3937.3807025833967,3845.566783147653,3928.310760706336,382877
2021-05-21,3957.654052734375,3986.852262574897,3920.695783344462,3920.695783344462,426797
2021-05-24,3974.436279296875,4040.204606601831,3950.330762123937,3969.537307648128,591556
2021-05-25,3975.066650390625,4013.5285269214505,3962.650128066113,3993.8369631258697,235870
2021-05-26,3975.79443359375,3996.553134269716,3933.5007183164316,3985.6402161239553,344734
2021-05-27,3956.9755859375,4002.373372966884,3935.6833173703076,3977.152406486724,781730
2021-05-28,3996.795654296875,4023.374578055302,3956.3451516263717,3969.392104212806,483595
2021-05-31,4068.335693359375,4155.833231303541,3986.852575037442,4064.4555448678543,3090619
2021-06-01,4093.654052734375,4100.444313085084,4030.5528491418404,4079.006396390507,652655
2021-06-02,4087.979248046875,4127.993282331015,4075.1262552162125,4089.579714688046,603352
2021-06-03,4105.39111328125,4116.8373613477215,4081.9160265200785,4104.2268793266285,382915
2021-06-04,4133.91015625,4149.721571351948,4091.1797382576,4106.749117738043,389667
2021-06-07,4103.208984375,4170.189862607813,4093.5569249139267,4136.383971945569,429298
2021-06-08,4114.12158203125,4131.485151576981,4075.901740961279,4103.208664539403,366017
2021-06-09,4139.5849609375,4185.710035014779,4103.451079406956,4122.657624290339,480787
2021-06-10,4241.53564453125,4292.414281234736,4146.9087123793215,4146.9087123793215,1275478
2021-06-11,4204.62548828125,4265.252802393045,4195.410136536257,4241.001876748327,574413
2021-06-14,4256.5712890625,4277.863793777623,4181.830116774451,4204.771400439464,540274
2021-06-15,4183.818359375,4283.053439718133,4167.473613025258,4266.223201163439,798680
2021-06-16,4171.83935546875,4200.5037665049085,4154.524095971594,4190.172964609445,358040
2021-06-17,4173.43896484375,4194.876878214791,4143.028208828909,4171.838498453684,205565
2021-06-18,4071.537109375,4233.194193999681,4022.259407147685,4173.585216267434,1586031
2021-06-21,4102.384765625,4111.842629128162,4037.2951692473916,4064.456213153909,294121
2021-06-22,4160.2470703125,4168.977405172964,4092.5386627439643,4107.913373549663,377841
2021-06-23,4098.01904296875,4181.054317827052,4094.769323782611,4171.159749426172,268303
2021-06-24,4122.9970703125,4132.067011460434,4069.3537372554642,4108.106906864405,389303
2021-06-25,4121.44482421875,4160.488814609996,4113.199509477741,4127.16794795586,215936
2021-06-28,4185.1279296875,4218.691307758323,4123.627672862873,4123.627672862873,475081
2021-06-29,4225.626953125,4238.577042940034,4171.159465532016,4187.262175873324,374334
2021-06-30,4276.16650390625,4299.204887497874,4224.560335200623,4238.0925436548305,636015
2021-07-01,4302.79345703125,4320.447846842514,4280.628016095513,4284.653575052557,321217
2021-07-02,4384.228515625,4394.365593777703,4298.234812979737,4302.794177258679,660211
2021-07-05,4423.32080078125,4445.728278552256,4381.900027739175,4398.148148933405,419343
2021-07-06,4388.6416015625,4444.70955091553,4376.904059087654,4428.218921852771,262654
2021-07-07,4416.14208984375,4429.237590337013,4350.616274984121,4365.166831087747,337061
2021-07-08,4375.35302734375,4423.369871341869,4365.167636192634,4397.178865524713,207589
2021-07-09,4461.8798828125,4486.421632226795,4375.643204842032,4379.717550163022,530967
2021-07-12,4451.25830078125,4485.403800443225,4438.550718447624,4471.871591741011,205249
2021-07-13,4468.03955078125,4480.359212392626,4430.062690022367,4462.171015319314,233256
2021-07-14,4484.67578125,4521.973424145507,4447.765584819519,4471.386083309024,365170
2021-07-15,4469.25244140625,4513.001216198978,4460.134185968207,4487.392327477943,289805
2021-07-16,4615.048828125,4629.017268320168,4481.57162188583,4486.421807623801,1156272
2021-07-19,4663.4052734375,4687.898711407822,4593.659223623032,4607.628137465481,493155
2021-07-20,4644.392578125,4702.740219409135,4620.28705962164,4662.968695276343,361369
2021-07-22,4698.13232421875,4710.888217732711,4626.49498752427,4644.392362011609,384993
2021-07-23,4680.1865234375,4704.679960344448,4657.82735762242,4698.326406765592,177874
2021-07-26,4773.69775390625,4792.613476460615,4680.186276624086,4680.186276624086,619955
2021-07-27,4647.8359375,4796.591230197904,4529.491404392331,4782.283182137756,935854
2021-07-28,4744.0634765625,4766.713937293949,4625.379344134041,4658.7002128318245,956834
2021-07-29,4698.66552734375,4786.550983555098,4679.653179056648,4761.815037442851,658995
2021-07-30,4759.09912109375,4792.90500883035,4716.562899438707,4733.732745605349,659061
2021-08-02,4781.2646484375,4813.469596606373,4746.876643099354,4746.876643099354,359231
2021-08-03,4856.83056640625,4869.4893616678755,4753.182002898568,4782.865234218288,530586
2021-08-04,4815.50732421875,4894.032027532298,4806.09777361721,4866.676788156412,381205
2021-08-05,4776.02587890625,4869.586144793983,4769.187306948132,4850.185403181258,413085
2021-08-06,4768.70263671875,4810.414234232767,4737.66144787111,4801.683899869368,314260
2021-08-09,4758.71142578125,4840.291170996614,4686.249461374752,4830.784996407838,955464
2021-08-10,4806.58203125,4822.636429072654,4748.3314942083825,4783.155730559319,356348
2021-08-11,4771.7099609375,4810.3660370806265,4695.755765965674,4806.049182192698,354008
2021-08-12,4761.76708984375,4782.2349690034725,4726.021125150137,4782.2349690034725,200081
2021-08-13,4800.42236328125,4823.994073274055,4714.913221529432,4753.229683603497,314044
2021-08-16,4752.16357421875,4805.903536340666,4724.080809923204,4797.366925429911,225012
2021-08-17,4780.79931640625,4811.626748940367,4748.315870664836,4766.335120635564,356466
2021-08-18,4782.84521484375,4869.142438291971,4774.614609785691,4784.208738748838,506142
2021-08-20,4693.47900390625,4787.665823222496,4633.3821812158,4734.971598189386,549942
2021-08-23,4747.97509765625,4761.660273508227,4663.576917933709,4722.991745000117,410817
2021-08-24,4736.8232421875,4784.500923683603,4668.301288682587,4762.926617050043,425873
2021-08-25,4730.296875,4748.316125939463,4692.894849249574,4737.0664595088765,345800
2021-08-26,4720.75146484375,4750.458876871626,4703.511235495477,4728.835586732355,281990
2021-08-27,4783.0888671875,4805.831704708175,4698.982696101264,4720.703009559425,349435
2021-08-30,4971.60888671875,5000.537280694928,4801.887017979809,4804.419548442491,866739
2021-08-31,5039.15673828125,5083.376859569028,4977.257890092675,5006.429786967772,896587
2021-09-01,5067.451171875,5134.658102462788,5016.169456914563,5041.4938075708305,581886
2021-09-02,5031.3154296875,5107.921974753316,5019.2867429942335,5079.432078830754,414878
2021-09-03,5072.955078125,5127.743345668222,5002.875081707496,5048.312723138155,547010
2021-09-06,5069.837890625,5111.184479377418,5048.507089560612,5102.808343542186,271793
2021-09-07,5074.7080078125,5098.9123392470965,5045.390105325209,5085.2761497732445,285728
2021-09-08,4952.90771484375,5087.273082513826,4916.869211291575,5087.273082513826,670825
2021-09-09,4923.54052734375,4952.079406981663,4903.865740873158,4952.079406981663,373656
2021-09-13,4953.05419921875,4963.573355968463,4871.042063029491,4927.534852402759,351984
2021-09-14,4962.453125,5056.493944809406,4940.001826888685,4991.819538974184,521157
2021-09-15,5024.83837890625,5030.779956645387,4957.826437290956,4989.822877341858,336784
2021-09-16,5032.630859375,5039.594961613627,4991.917280447191,5022.988219691318,289942
2021-09-17,4989.67626953125,5063.555290134536,4928.069914397272,5043.44200606701,401270
2021-09-20,4977.306640625,5099.545338783757,4947.647738364602,4967.469008841922,451356
2021-09-21,5044.8544921875,5053.620613825426,4947.988657851406,4986.462191706747,340766
2021-09-22,5006.33203125,5052.354170391017,4992.695841874884,5043.831552031569,199338
2021-09-23,5076.65625,5088.928916165021,5007.98829295406,5035.504176451192,258292
2021-09-24,4975.796875,5117.467340195425,4959.677140516769,5099.302082079328,350328
2021-09-27,4804.37060546875,5000.439829035887,4797.016993005844,4986.949645520796,553003
2021-09-28,4659.72900390625,4835.976933544021,4578.8373745398685,4835.976933544021,1028992
2021-09-29,4681.5478515625,4786.5948377049535,4628.610117356292,4664.551124028685,877223
2021-09-30,4673.9990234375,4718.949653755503,4641.759079739387,4672.343010161647,541396
2021-10-01,4706.72509765625,4747.341649564747,4655.784383446757,4675.264652833563,362529
2021-10-04,5085.0322265625,5177.368511710725,4762.9257872759745,4762.9257872759745,2888637
2021-10-05,5082.25732421875,5117.80882318138,5013.34585705146,5114.0587754325525,575663
2021-10-06,5003.06884765625,5091.9965654634425,4984.855080581906,5089.220531873007,304090
2021-10-07,4965.375,5027.906383660506,4930.651512557424,5016.169710787817,314433
2021-10-08,4939.5146484375,4997.663446697879,4891.787985235746,4989.871338420042,314249
2021-10-11,5009.400390625,5088.198470322619,4928.995759219198,4971.365350272658,386696
2021-10-12,5090.09716796875,5151.557516306953,4968.442974226086,5050.45510299081,505001
2021-10-13,5112.5,5194.073640756383,5081.964577864019,5162.272191150173,363526
2021-10-14,5232.546875,5248.959098679051,5090.389880627905,5112.499703184785,549795
2021-10-18,5204.203125,5284.121225463993,5176.443737667998,5243.115158181363,544942
2021-10-19,5057.17578125,5249.932965129472,5033.458456502381,5205.128342421503,388226
2021-10-20,4983.44287109375,5154.479746930515,4956.949987681992,5047.435752066474,623004
2021-10-21,5058.685546875,5083.3768863061905,4921.349631763068,5033.2636972570435,435607
2021-10-22,4941.560546875,5102.857295581668,4918.768723551712,5102.857295581668,372979
2021-10-25,4866.123046875,4938.248557962866,4748.169914208306,4920.716314561814,588823
2021-10-26,4888.4765625,4942.144804789163,4842.8929181165795,4865.197733528157,334367
2021-10-27,5015.53662109375,5091.168675905229,4870.262599508362,4877.713707827902,624281
2021-10-28,4988.0693359375,5074.9025477478335,4970.00157504126,5027.760387618378,410588
2021-10-29,5016.31591796875,5111.964241266982,4953.151042513992,4981.494932663881,442907
2021-11-01,5092.337890625,5147.710181102151,5017.143853467439,5041.104682190164,307144
2021-11-02,5070.13037109375,5139.723834049665,5056.883690825103,5094.091201116178,314359
2021-11-03,5006.57568359375,5075.925639001889,4961.673563554053,5049.286273132956,674471
2021-11-04,5072.7109375,5089.220656949513,5035.747409662943,5039.545967283594,36424
2021-11-08,4769.45263671875,4909.028596864797,4624.421629642864,4892.665358445614,2670018
2021-11-09,4822.63330078125,4960.894720200523,4787.715294033164,4838.899517980896,1441073
2021-11-10,4778.26708984375,4818.299142846904,4739.550050283787,4799.9388918615905,454790
2021-11-11,4707.65087890625,4772.666281827057,4689.875132040262,4772.666281827057,341815
2021-11-12,4717.9267578125,4768.234939365614,4685.005289260131,4768.234939365614,356046
2021-11-15,4780.11767578125,4798.964933771385,4726.692935520183,4741.49813225068,292784
2021-11-16,4726.49853515625,4787.276889252248,4716.17389578014,4787.276889252248,268910
2021-11-17,4640.0546875,4720.50830431435,4633.382599359495,4719.095794386536,372272
2021-11-18,4661.23974609375,4684.323583884322,4550.396709091381,4600.99690765928,631764
2021-11-22,4557.5556640625,4712.569834157464,4545.185976636325,4675.265303328356,456467
2021-11-23,4639.5185546875,4699.615380988142,4514.552806400008,4557.555409534477,507851
2021-11-24,4561.01318359375,4664.453131414497,4533.545812795811,4664.453131414497,322715
2021-11-25,4675.0703125,4690.801012699721,4534.617835970745,4555.461632005729,311013
2021-11-26,4809.48388671875,4945.74876198118,4633.138924836842,4646.044604293213,1570555
2021-11-29,4793.4619140625,4860.327852424738,4685.102901320565,4836.513029724423,551230
2021-11-30,4752.0166015625,4821.074535233719,4714.371077060796,4801.886280145023,864073
2021-12-01,4628.70751953125,4848.444602440213,4602.214159950171,4753.527264539216,603122
2021-12-02,4653.154296875,4699.517432536598,4630.55747003303,4651.888269618179,289153
2021-12-03,4633.4306640625,4672.68369290994,4591.1100634447075,4672.634706880119,300986
2021-12-06,4526.04638671875,4650.915125454913,4514.553216017492,4650.915125454913,406673
2021-12-07,4504.6181640625,4545.429716705143,4480.706319055195,4531.209022215238,404320
2021-12-08,4485.2841796875,4530.137316351777,4465.852417861299,4529.163302738285,637075
2021-12-09,4458.01123046875,4519.422590737342,4398.498911148941,4519.422590737342,710302
2021-12-10,4389.34326171875,4449.050098139494,4373.320549646178,4431.761358772853,784691
2021-12-13,4412.6708984375,4471.501221827461,4373.320846076834,4422.995537201537,531695
2021-12-14,4533.4482421875,4540.8508397474625,4384.034669606034,4402.540925709681,883708
2021-12-15,4469.45654296875,4532.913435968973,4417.1518206983055,4532.913435968973,1210492
2021-12-16,4481.875,4516.8905030179,4453.190109690708,4497.994734591358,835422
2021-12-17,4394.21337890625,4504.812421193902,4385.154768033522,4488.254191753838,424694
2021-12-20,4293.890625,4381.113356296158,4242.80341930326,4373.321247169798,404674
2021-12-21,4291.2119140625,4332.656002566367,4247.673315841494,4332.656002566367,825709
2021-12-22,4444.91064453125,4464.877921448724,4271.049233323005,4314.879841190629,843170
2021-12-23,4362.119140625,4451.241369354973,4354.862550343868,4441.452724633105,703933
2021-12-24,4331.68212890625,4397.671552535098,4324.620530067738,4397.671552535098,295431
2021-12-27,4356.95751953125,4374.294770155682,4316.681964883474,4334.360215362455,242523
2021-12-28,4407.75244140625,4417.736080583209,4359.879769154274,4378.726551419161,403732
2021-12-29,4501.50146484375,4505.592036713582,4399.863047946881,4412.0867287047495,701459
2021-12-30,4507.63720703125,4536.370606718671,4490.202459627562,4521.565886133566,434083
2021-12-31,4556.63037109375,4568.12354072465,4509.682727836915,4528.188985251364,293933
2022-01-03,4530.38037109375,4586.386148323073,4521.370746061207,4567.149381361697,203444
2022-01-04,4501.5986328125,4558.334922333676,4489.228470439531,4531.208549735942,259508
2022-01-05,4439.99267578125,4509.878154581675,4423.9699611363085,4499.845528715393,510511
2022-01-06,4372.49267578125,4438.579587893074,4353.840412087347,4417.151290562891,447726
2022-01-07,4399.3271484375,4431.5666161527215,4354.32753263118,4383.060932074781,269479
2022-01-10,4349.74951171875,4416.712943132933,4346.243443420559,4402.541236248843,361423
2022-01-11,4399.1806640625,4421.875464901126,4319.019539953647,4358.710591710565,476123
2022-01-12,4376.14453125,4420.072628916783,4350.966190768462,4413.303045825905,496883
2022-01-13,4470.77099609375,4499.114887363121,4349.944797584619,4376.243165147267,646137
2022-01-14,4496.630859375,4515.52662632524,4440.527586155472,4470.722004925119,399974
2022-01-17,4510.0234375,4546.694950108917,4442.475507165117,4495.072235379745,315394
2022-01-18,4409.50537109375,4519.763895774126,4394.797671292424,4514.552828135545,340707
2022-01-19,4365.0419921875,4431.761924456794,4348.970767626283,4431.761924456794,365211
2022-01-20,4217.2353515625,4379.165111293954,4199.946610297939,4379.165111293954,805433
2022-01-21,4070.79248046875,4215.823015226516,4030.2734182390595,4215.823015226516,1172704
2022-01-24,3951.183349609375,4081.1166583633417,3690.488487692723,4080.1426448410593,1397434
2022-01-25,3943.975341796875,3990.484723335542,3828.7982476075626,3896.053926065521,561610
2022-01-27,3837.467529296875,3939.4954526264896,3818.133264459097,3924.251997298518,864770
2022-01-28,3838.295166015625,3964.235166150624,3828.019275458116,3838.5874176411817,492149
2022-01-31,3931.216064453125,4002.1730445264225,3892.0120202605335,3915.5343516575804,454611
2022-02-01,4001.588623046875,4016.831839832677,3927.807097375846,3949.6736537943416,309874
2022-02-02,4109.99609375,4124.94729654311,4017.805808321211,4032.416011260561,346003
2022-02-03,4151.68505859375,4162.934727059906,4093.7797514817003,4139.558397286992,504989
2022-02-04,4192.64111328125,4260.919554790978,4122.463630800893,4159.037647510962,964227
2022-02-07,4092.318115234375,4232.917072648281,4069.7697956515512,4192.641515417438,380821
2022-02-08,4166.3916015625,4176.959744030788,4059.93210743729,4092.3180589930485,436195
2022-02-09,4216.94287109375,4244.215248662261,4167.608707625266,4168.777714043782,280094
2022-02-10,4201.65087890625,4248.598521444232,4188.306703264187,4221.861659720462,559595
2022-02-11,4179.73583984375,4357.736824342776,4129.86615353914,4201.651145732823,2585446
2022-02-14,4166.732421875,4241.828960823473,4083.1132644633344,4129.281886669412,1147299
2022-02-15,4213.38720703125,4233.0624690295035,4168.777581096703,4168.777581096703,371572
2022-02-16,4349.11669921875,4381.1131408640285,4199.995123027251,4227.218993185835,1373620
2022-02-17,4326.76318359375,4402.687254487859,4310.009960290739,4349.603515993883,601590
2022-02-18,4240.27099609375,4326.763694942138,4212.609103113216,4317.51056512027,580486
2022-02-21,4147.6416015625,4232.088764382242,4140.0444863076455,4232.088764382242,284980
2022-02-22,4115.0126953125,4134.882954328813,4028.2284592124347,4042.156664228034,430407
2022-02-23,4072.935546875,4147.9831078714205,4064.7049413501895,4122.025739390048,379328
2022-02-24,3834.3505859375,4023.552729840344,3814.821803277483,3993.455804384354,723045
2022-02-25,4030.808837890625,4049.8506114607344,3878.424236521956,3944.7059023458896,450834
2022-02-28,4154.16796875,4173.063737311145,3972.709189050502,4012.9359979484175,611670
2022-03-02,4052.773193359375,4198.826726528771,4027.8383494641416,4120.077629902542,576094
2022-03-03,4052.3349609375,4116.960381046552,4035.630247682736,4090.8570075212992,421554
2022-03-04,3988.293212890625,4049.7533248675077,3957.417031090889,3993.4555322354527,429937
2022-03-07,3969.056396484375,3988.5366671333086,3870.778526179013,3944.7548064090847,540735
2022-03-08,4056.035888671875,4066.5065342390776,3960.3390582553507,3964.137615947268,414138
2022-03-09,4124.02197265625,4168.388576198817,4042.1563221990987,4071.3767293475257,385251
2022-03-10,4189.134765625,4221.374709121898,4141.749101722103,4156.60280830127,414284
2022-03-11,4226.63427734375,4239.880956659496,4139.55756163631,4186.310211744203,352915
2022-03-14,4279.62109375,4290.043230306555,4212.706639652269,4227.219348287082,492612
2022-03-15,4272.2666015625,4361.827330759591,4251.6663116999725,4251.6663116999725,403394
2022-03-16,4287.8515625,4341.373802452385,4256.439622494179,4307.088331960929,227588
2022-03-17,4387.29833984375,4402.444061382104,4316.195345657032,4324.5719578989165,438327
2022-03-21,4340.44775390625,4424.407909671842,4312.444865171371,4407.411183489657,356749
2022-03-22,4332.9482421875,4376.9738495032725,4295.4002061328365,4340.448337546361,292831
2022-03-23,4435.21923828125,4454.9919988262345,4344.343963731292,4348.970528122913,574783
2022-03-24,4377.85009765625,4431.713334667751,4350.675213548704,4425.9177635563465,467266
2022-03-25,4338.40234375,4402.541230916262,4305.139876249973,4385.0089870763295,270912
2022-03-28,4301.779296875,4343.077851320475,4260.822217878554,4317.802009796692,316896
2022-03-29,4443.060546875,4459.667288570284,4295.399989531325,4295.399989531325,589480
2022-03-30,4420.65869140625,4504.813380300252,4388.857239094116,4459.034736219363,360504
2022-03-31,4287.65625,4435.219306007068,4276.55259040907,4412.281476646955,611205
2022-04-01,4265.8876953125,4327.688574921905,4222.446592196547,4310.010322615458,348173
2022-04-04,4380.7236328125,4387.931238285175,4265.108029038412,4265.887525268679,334083
2022-04-05,4345.26904296875,4399.472796961367,4324.619767356082,4383.060575023056,336772
2022-04-06,4272.89990234375,4409.3592943790945,4259.263712787464,4345.074400756603,532706
2022-04-07,4332.85107421875,4353.840877473786,4272.90025060626,4272.90025060626,387968
2022-04-08,4388.8564453125,4410.43074983223,4297.347684149409,4334.262701730189,241609
2022-04-11,4386.76220703125,4402.541417392562,4326.129861183311,4384.035159222107,231619
2022-04-12,4357.15185546875,4417.346174567345,4320.821342491895,4365.236452799469,378104
2022-04-13,4382.330078125,4402.979353799856,4315.025652640673,4354.8141977656,306254
2022-04-18,4407.31396484375,4449.489038326403,4334.603946020258,4373.3209859290955,439474
2022-04-19,4296.76318359375,4460.007946054185,4235.741331164695,4408.38522905465,421066
2022-04-20,4339.86328125,4370.496196944984,4269.393307375247,4360.658565192915,390369
2022-04-21,4411.35595703125,4431.761731504544,4317.850654564341,4326.276252396086,377100
2022-04-22,4375.755859375,4411.307353836255,4328.5647127914635,4411.307353836255,395984
2022-04-25,4295.4970703125,4358.661941477203,4271.0492361229135,4324.619979107351,271185
2022-04-26,4402.15185546875,4411.1124950170115,4300.367436724481,4300.367436724481,244626
2022-04-27,4412.8662109375,4451.242252525659,4289.555991274179,4354.8149039479695,583807
2022-04-28,4445.982421875,4520.201970305303,4392.801186012303,4450.998496625216,799337
2022-04-29,4388.32080078125,4499.601855150795,4371.3730591730255,4433.709929892071,383948
2022-05-02,4392.46044921875,4435.853041571571,4349.019346421711,4372.152170017336,300278
2022-05-04,4231.26123046875,4480.46271369576,4217.479032674487,4383.061350354548,389110
2022-05-05,4252.34765625,4314.879508895828,4222.835239462271,4252.3966422771555,261002
2022-05-06,4057.594482421875,4198.533959141978,4014.3968859346382,4163.907967334849,684913
2022-05-09,4121.1484375,4143.453250570985,4017.8055144817376,4022.675581772018,262555
2022-05-10,4184.703125,4200.4818588314765,4100.5969615606455,4100.5969615606455,301378
2022-05-11,4182.21923828125,4216.309712918666,4129.817498932759,4157.089878642692,366780
2022-05-12,4123.388671875,4183.92351601776,4032.4644161766187,4175.693387266157,481414
2022-05-13,4169.85009765625,4241.537600260415,4143.502742022327,4202.869066583422,436997
2022-05-16,4108.48681640625,4197.75506675276,4100.597211213903,4179.492311952224,116360
2022-05-17,4191.521484375,4201.50512368853,4093.1461116270466,4108.486825694178,338343
2022-05-18,4253.2255859375,4271.975348656999,4162.8368340692405,4163.908344200303,451480
2022-05-19,4090.077880859375,4224.248247091807,4081.116765981059,4169.751998846041,288480
2022-05-20,4192.93310546875,4212.608368316162,4110.336951281897,4149.297491104475,396121
2022-05-23,3796.607177734375,4323.450991871139,3773.669349737036,4210.660417287003,2180936
2022-05-24,3566.54541015625,3810.828058910319,3555.1494990473266,3792.808808024737,4971455
2022-05-25,3427.894775390625,3609.0125523718657,3406.368980232612,3590.2140427871636,1567485
2022-05-26,3359.08056640625,3475.134426471438,3278.091432815037,3457.748189050236,2436609
2022-05-27,3423.36572265625,3446.6933019774237,3361.905604116687,3413.9178378255224,900885
2022-05-30,3473.8193359375,3518.039456114534,3438.560092886651,3482.098451136005,838443
2022-05-31,3497.974853515625,3533.672354431505,3438.2677762999438,3491.838520689886,1013666
2022-06-01,3462.76416015625,3542.7307673369965,3444.1118958838733,3532.94188364832,502863
2022-06-02,3432.764892578125,3459.6475249964374,3413.9176344846383,3457.748246054341,291231
2022-06-03,3387.911376953125,3473.8680727007627,3381.872540505181,3467.488236391966,592744
2022-06-06,3408.706298828125,3433.3976365241892,3379.8268932592728,3379.8268932592728,552885
2022-06-07,3410.26513671875,3424.485830479492,3360.4444359091935,3400.330245500563,414997
2022-06-08,3404.4697265625,3428.479066281462,3379.9246318132623,3391.7100534979036,342198
2022-06-09,3416.060302734375,3425.6056831611254,3362.2948018971297,3384.697113729005,600724
2022-06-10,3436.368408203125,3450.7351074617795,3371.742516758398,3384.6969439881673,376643
2022-06-13,3383.869140625,3430.475784951326,3366.1908894922726,3372.034970897641,605558
2022-06-14,3434.03076171875,3456.7740731256467,3366.6778201630877,3383.8690641233793,384679
2022-06-15,3488.039794921875,3496.6109233741704,3428.965734232034,3433.3975431590516,410170
2022-06-16,3472.2607421875,3533.7210911235097,3441.384560808327,3533.7210911235097,521488
2022-06-17,3391.466552734375,3472.3584284802478,3366.288444254723,3472.212421561098,740538
2022-06-20,3441.725830078125,3447.9594220471326,3362.3437210729353,3390.5413674486495,247790
2022-06-21,3505.9619140625,3519.9876146274137,3448.008105509446,3448.008105509446,315204
2022-06-22,3506.059326171875,3530.799175621858,3453.365097149599,3482.0984973374184,450929
2022-06-23,3571.026123046875,3592.0646742104486,3511.319041576756,3527.536272960945,392345
2022-06-24,3585.343994140625,3603.8015039540833,3543.753661762418,3570.636293938839,345510
2022-06-27,3577.989990234375,3618.460300372493,3562.0650115363414,3608.3306546770395,272457
2022-06-28,3519.549072265625,3585.8307392202164,3489.8416601927697,3585.8307392202164,560883
2022-06-29,3490.2314453125,3506.4486753173346,3452.8779316666532,3496.70854010812,404647
2022-06-30,3536.058837890625,3540.53939551791,3458.7222540533976,3468.46238994203,576558
2022-07-01,3543.023193359375,3554.760104716214,3487.99142534582,3497.049799321468,304397
2022-07-04,3544.97119140625,3583.8342383353774,3501.7248455476442,3564.792225186361,199015
2022-07-05,3516.23779296875,3582.908975357355,3511.5624801976633,3574.629859878073,342952
2022-07-06,3550.084716796875,3565.571437481939,3506.4488611872875,3521.010316537684,228612
2022-07-07,3561.383056640625,3613.590278149654,3506.448787422845,3573.655722515116,284603
2022-07-08,3575.896240234375,3596.0582745503034,3551.5946480455214,3589.2401792301916,220051
2022-07-11,3637.064208984375,3649.6288890644014,3539.2731027458713,3575.896108520596,391665
2022-07-12,3591.626220703125,3642.810680362121,3584.369867308183,3613.6877703087525,311547
2022-07-13,3680.6025390625,3688.540654567929,3594.11008617735,3605.798249059227,480781
2022-07-14,3636.77197265625,3728.4752566013926,3618.5092179303488,3685.6674070831377,377282
2022-07-15,3630.87890625,3681.771112769097,3606.285064822111,3649.628666546509,214591
2022-07-18,3641.301025390625,3691.462724826733,3624.158529037803,3667.1611335329626,194454
2022-07-19,3655.716552734375,3668.0377296846236,3633.070736481508,3637.9408044928773,167954
2022-07-20,3644.417724609375,3691.511375133615,3639.7426497802653,3691.511375133615,223231
2022-07-21,3695.894287109375,3701.2513614483137,3644.3690672224575,3644.417577661251,237218
2022-07-22,3698.0859375,3718.004466992664,3662.2909396194113,3706.1215492691117,214477
2022-07-25,3676.21923828125,3718.7835811081745,3664.238824549228,3698.085794021074,111963
2022-07-26,3591.187744140625,3695.2611808543093,3584.6131530712055,3676.219169531035,247798
2022-07-27,3688.0537109375,3708.9950031261415,3571.756583389794,3590.214093364246,509519
2022-07-28,3749.611328125,3759.5949674398066,3676.9988051016544,3695.4075668660516,339914
2022-07-29,3732.0791015625,3783.3610600912134,3720.731938282849,3764.5625501212594,406169
2022-08-01,3696.576416015625,3756.965260013739,3683.9629872881806,3735.342205367221,364990
2022-08-02,3725.50439453125,3740.2120945005327,3688.5893754878953,3696.5762391721037,293036
2022-08-03,3721.5595703125,3763.5394094138906,3681.771023786147,3737.484548332864,253640
2022-08-04,3787.110595703125,3802.5488052075298,3712.696057441035,3740.21193954839,470197
2022-08-05,3810.53564453125,3847.061151523069,3798.6527271491655,3819.058262829341,374417
2022-08-08,3835.276123046875,3846.3797831900356,3774.302775351073,3808.3932520316635,257202
2022-08-10,3846.184814453125,3870.632412265895,3809.415802360782,3839.5614746494202,342277
2022-08-11,3874.892822265625,3881.763112515342,3832.689610731648,3866.9919405551086,275719
2022-08-12,3657.15380859375,3884.854869919488,3631.4393401087564,3876.8559845170184,2107936
2022-08-16,3662.84619140625,3719.7714537592947,3636.3956217362374,3719.7714537592947,916641
2022-08-17,3678.942138671875,3707.5030121902273,3670.6978863246727,3682.47552660165,671368
2022-08-18,3674.2314453125,3688.3645184561724,3646.1613054988507,3685.4201082498475,420941
2022-08-19,3627.70947265625,3688.069879429597,3604.9394159106214,3674.427541875474,596806
2022-08-22,3514.30078125,3605.430374936027,3492.11970099021,3585.310238094816,1050176
2022-08-23,3466.846923828125,3521.4656397030044,3463.6080245358457,3495.996538225186,987698
2022-08-24,3431.857421875,3484.218948968872,3382.146055815981,3484.218948968872,1864680
2022-08-25,3470.330810546875,3495.9961553126104,3437.3042011321972,3444.9597150890686,1167223
2022-08-26,3521.02392578125,3534.9607530484545,3474.4040967987803,3489.126148056402,580356
2022-08-29,3516.0673828125,3547.032811254682,3446.4812511223963,3459.6819755597,423183
2022-08-30,3559.64453125,3564.306513705344,3514.6931577572345,3518.5699162967608,502761
2022-09-01,3532.5068359375,3556.7982188491346,3511.012738419947,3511.012738419947,313035
2022-09-02,3531.476318359375,3551.9400644808375,3506.0563402436233,3540.1624240349215,318073
2022-09-05,3526.17626953125,3534.1751540190457,3487.211959260896,3523.4772270871026,278299
2022-09-06,3519.06103515625,3545.6589706494974,3509.73706922849,3528.2378764160508,211744
2022-09-07,3524.409912109375,3535.2060829166435,3496.0455228351484,3510.7184525089556,236704
2022-09-08,3502.27783203125,3543.008841449178,3499.1371756139356,3541.1441440936014,326405
2022-09-09,3536.236572265625,3552.7253169455757,3504.8295308244647,3504.8295308244647,292875
2022-09-12,3609.8466796875,3619.6613797410278,3536.236429286042,3543.4992114789725,469042
2022-09-13,3599.6396484375,3639.241821154287,3582.3656797242,3611.8097812013852,356054
2022-09-14,3600.572021484375,3620.495911542427,3538.4940404488884,3538.4940404488884,292682
2022-09-15,3538.64111328125,3612.1533631612547,3523.4774490630807,3602.0932952356566,388216
2022-09-16,3507.4794921875,3552.8233608640735,3494.1316431921846,3552.8233608640735,567321
2022-09-19,3552.47998046875,3565.042845078305,3494.082512278933,3507.7739716034553,386152
2022-09-20,3564.257568359375,3585.162928115209,3548.7994152437996,3570.244391827763,318797
2022-09-21,3507.4794921875,3576.476885066992,3501.8851607900738,3566.367695564015,370336
2022-09-22,3513.760986328125,3529.2191394593456,3478.3298220346437,3503.8480430766585,347349
2022-09-23,3575.102783203125,3631.4390663863287,3504.976558727788,3513.7609070817343,761456
2022-09-26,3601.9951171875,3650.872374057965,3523.4775124531675,3567.4474190277365,809605
2022-09-27,3612.006103515625,3643.2168996634555,3565.7790069908947,3603.958096865358,402344
2022-09-28,3634.72705078125,3655.9757806124917,3577.2128124529877,3582.365529996133,454801
2022-09-29,3625.20654296875,3681.493942901107,3597.038402099431,3652.9330702646594,795614
2022-09-30,3636.542724609375,3670.59968688977,3590.217386895357,3670.59968688977,433624
2022-10-03,3657.7919921875,3726.642024875177,3631.439423765645,3631.439423765645,549563
2022-10-04,3710.054931640625,3724.6787391439416,3668.538701723664,3699.160518533206,287021
2022-10-06,3663.82763671875,3736.0639270638258,3644.247357464878,3728.6046589591565,354601
2022-10-07,3666.52685546875,3680.414561269625,3625.5996010102303,3653.7186229870535,222557
2022-10-10,3618.28759765625,3670.30551052879,3582.463940677991,3614.5579635269514,290753
2022-10-11,3437.304443359375,3636.3957436080664,3425.330556386468,3636.3957436080664,1492286
2022-10-12,3462.43017578125,3474.6003088549774,3407.664097716042,3444.9599605366666,445779
2022-10-13,3458.553466796875,3478.2317503755876,3435.6360443864323,3454.77471110991,299017
2022-10-14,3506.59619140625,3520.9746315823013,3475.434517773362,3480.145621867975,320044
2022-10-17,3512.239501953125,3536.0401493550676,3484.21848564523,3484.21848564523,211512
2022-10-18,3506.056640625,3531.329496247113,3496.9780420034645,3521.5147950346422,300258
2022-10-19,3541.193115234375,3545.0698740670023,3496.045492253455,3518.5701823173317,230936
2022-10-20,3584.230224609375,3587.812733906838,3498.4498417989566,3515.625566930527,329906
2022-10-21,3505.221923828125,3601.013493360269,3496.9776715297457,3599.0505533257306,397013
2022-10-24,3545.511474609375,3562.6380792537343,3518.570169353152,3562.6380792537343,47320
2022-10-25,3530.494873046875,3551.8418465045943,3501.2472574280578,3549.3881713945116,211326
2022-10-27,3553.9521484375,3566.6621375756895,3530.7893595674846,3566.6621375756895,391000
2022-10-28,3481.764892578125,3571.765645401624,3474.4038674352537,3571.765645401624,375361
2022-10-31,3542.027099609375,3552.9215128019423,3501.345214741103,3501.345214741103,356104
2022-11-01,3765.360595703125,3778.8066870016387,3548.0632299645126,3558.8102787184935,1860907
2022-11-02,3711.379638671875,3831.6097122171855,3702.595530201496,3765.360488018749,740136
2022-11-03,3711.379638671875,3724.6786049343077,3665.790405646809,3714.8639050530583,432168
2022-11-04,3676.88134765625,3722.912197798266,3642.0391603940134,3711.3799245494974,386100
2022-11-07,3351.27880859375,3701.8107621747836,3341.9057211294985,3679.5314386239324,2860839
2022-11-09,3237.6240234375,3366.4419554045094,3215.2955818965515,3355.6457858682265,3218306
2022-11-10,3225.8466796875,3284.8820072174653,3200.6720688074834,3237.624320261395,1188273
2022-11-11,3210.781005859375,3263.3878960606,3205.481163468848,3253.57319562132,900708
2022-11-14,3215.00146484375,3226.8773485539414,3135.9440026720354,3226.8773485539414,1081953
2022-11-15,3264.958251953125,3268.295154161744,3218.24018333224,3219.221653348505,526764
2022-11-16,3228.84033203125,3270.209200247772,3204.4998260114025,3265.3509712526607,830117
2022-11-17,3229.036376953125,3246.702837374145,3211.4681593811256,3237.869607163635,276727
2022-11-18,3226.435546875,3253.3768508401795,3199.8867350688006,3245.181480375315,371863
2022-11-21,3205.43212890625,3241.7465215156576,3195.6174282010047,3214.854337429972,465773
2022-11-22,3244.347412109375,3273.1042921628937,3185.36096773069,3221.479112592096,551017
2022-11-23,3238.8017578125,3260.9830748321124,3233.943529416987,3260.590343076736,321234
2022-11-24,3244.151123046875,3254.5548017943534,3232.0792326949945,3254.5548017943534,310442
2022-11-25,3280.71044921875,3284.9799393696553,3215.295572564981,3232.9620317548984,385136
2022-11-28,3313.001220703125,3322.2760645997146,3275.6562379915945,3289.8875534824942,498592
2022-11-29,3310.2041015625,3331.0603408297266,3300.6838896791573,3315.062330550816,233990
2022-11-30,3341.61083984375,3356.6273786716733,3284.3422094776597,3315.1111500121315,1028382
2022-12-01,3345.88037109375,3361.5347697624425,3326.2018495547204,3346.7144768286344,266446
2022-12-02,3318.595703125,3332.090916705176,3270.2583017560073,3332.090916705176,475542
2022-12-05,3306.425537109375,3332.0908835616983,3284.980320259501,3332.0417621349156,379966
2022-12-06,3293.715087890625,3306.425316125419,3286.5505485606286,3297.7392107504234,254786
2022-12-07,3276.392333984375,3296.610712488162,3266.3322661574175,3293.813427050569,211120
2022-12-08,3226.53369140625,3288.759036798659,3223.6384026610435,3279.0914608891903,347880
2022-12-09,3213.382080078125,3246.4084515676163,3202.585909477889,3238.851180070794,384319
2022-12-12,3276.93212890625,3287.384688703054,3194.341283502494,3214.3142941233464,396759
2022-12-13,3293.371826171875,3302.6466700857727,3270.1110342494417,3285.765433395303,217843
2022-12-14,3330.96240234375,3336.9983476258544,3288.464698993288,3307.5542445585675,334854
2022-12-15,3303.08837890625,3350.1009387410363,3288.9061844050475,3330.9622724933793,234168
2022-12-16,3265.252685546875,3317.3688421985144,3251.0213695078573,3278.993266550064,367711
2022-12-19,3283.8515625,3287.9245672366114,3241.942600949621,3267.9026746738523,163186
2022-12-20,3289.446044921875,3292.8320687234486,3247.046586028868,3284.9803082019025,143983
2022-12-21,3453.547607421875,3464.098410059114,3289.4458692106687,3292.831892831372,1455203
2022-12-22,3431.120849609375,3468.514952155867,3402.2657276876944,3468.514952155867,594661
2022-12-23,3433.623779296875,3572.5509099977385,3409.7251278310628,3425.3304054648647,1625800
2022-12-26,3365.2646484375,3483.2373037869634,3356.627663835282,3464.540250894011,654257
2022-12-27,3412.66943359375,3434.850511828586,3365.2643846600326,3370.3679807378103,362159
2022-12-28,3382.4892578125,3434.8505389676543,3374.7846224032587,3405.700927654299,195450
2022-12-29,3348.97216796875,3427.2935284846117,3324.1409269552973,3387.0532550974785,535637
2022-12-30,3349.95361328125,3384.6977977188776,3322.2762050795586,3384.6977977188776,243318
2023-01-02,3310.155029296875,3356.627734271564,3302.6468788958514,3356.627734271564,283161
2023-01-03,3330.127685546875,3338.9609154820123,3295.285500802721,3310.154675346857,244677
2023-01-04,3371.889404296875,3385.0901282567033,3327.183396575884,3327.3796426582408,365514
2023-01-05,3397.7021484375,3406.58426059206,3341.905480905218,3371.889438503055,270647
2023-01-06,3371.251220703125,3420.6192098248857,3351.720063471305,3397.7020290027963,353616
2023-01-09,3395.395751953125,3429.256469814776,3382.1459058333485,3410.6085382387946,164412
2023-01-10,3436.961181640625,3454.7747681924275,3388.7217822294942,3401.775382544021,244607
2023-01-11,3348.23583984375,3435.1450577275987,3342.8868761772005,3435.1450577275987,239027
2023-01-12,3244.05322265625,3362.958231374618,3220.49793986994,3361.535147629624,929239
2023-01-13,3289.593017578125,3297.101406999932,3246.212090624488,3260.29628125589,273260
2023-01-16,3271.43603515625,3305.296753044839,3255.045532681349,3299.8986675843394,123326
2023-01-17,3285.372802734375,3290.034785547382,3258.529740202142,3278.110020093429,136458
2023-01-18,3325.711181640625,3331.1092667812545,3285.372667743056,3289.49503354381,142704
2023-01-19,3319.33154296875,3325.956465474675,3289.9365643657998,3312.461252962605,104419
2023-01-20,3281.201416015625,3336.9980827458667,3274.4293686943815,3319.3316223078,168535
2023-01-23,3322.963134765625,3351.720255451701,3271.681324122184,3281.152653972771,220594
2023-01-24,3293.862548828125,3336.016638779327,3283.0172570511468,3327.1834084912966,127508
2023-01-25,3273.8896484375,3314.228163962344,3242.0409927463365,3287.9738397192605,239083
2023-01-27,3324.6806640625,3341.9055113173013,3253.6223284791186,3297.3468670130883,326612
2023-01-30,3304.020751953125,3341.9547139763226,3290.329292382764,3336.949120766346,292148
2023-01-31,3253.86767578125,3318.4973342295584,3248.4204691288,3312.461389322366,512249
2023-02-01,3294.64794921875,3355.646219127778,3239.145768013255,3270.4054464366186,501235
2023-02-02,3206.462646484375,3307.0633263939703,3194.5378812490926,3266.38144083192,334618
2023-02-03,2830.9033203125,3209.4071607132305,2743.2088728420426,3209.4071607132305,4486682
2023-02-06,2726.52392578125,2824.769178204866,2694.1354126240212,2757.930968842805,2195618
2023-02-07,2699.876953125,2767.696389062313,2689.326150203815,2738.448533971407,1469217
2023-02-08,2747.18359375,2769.7082818537856,2705.912733193085,2706.845081750172,913575
2023-02-09,2770.837158203125,2803.0785461510245,2719.702710847642,2719.702710847642,742365
2023-02-10,2759.157470703125,2785.313549723229,2743.9938074935644,2770.836867573697,380182
2023-02-13,2721.8125,2772.9963032154956,2704.931264271139,2772.9963032154956,473865
2023-02-14,2739.9208984375,2746.5458215874,2703.950115255473,2746.5458215874,213194
2023-02-15,2770.24853515625,2774.4689045956366,2720.6351726664225,2738.3507562559403,214098
2023-02-16,2823.296630859375,2832.5223527938,2774.2231320237233,2782.4673839814354,498759
2023-02-17,2777.364013671875,2822.7078823566253,2773.634379534014,2822.7078823566253,282100
2023-02-20,2846.85205078125,2864.9110033972293,2748.116070405016,2781.9767862725066,740945
2023-02-21,2864.5185546875,2874.03876615248,2829.7743715003003,2856.813919026556,419138
2023-02-22,2866.432373046875,2882.185015111126,2850.532606323318,2861.5741442725534,461368
2023-02-23,2819.959716796875,2880.614614177168,2812.893180317466,2866.4324197922106,432267
2023-02-24,2861.181396484375,2916.928942364069,2826.5845777702657,2826.5845777702657,890366
2023-02-27,2805.5322265625,2862.948226301491,2792.282380468887,2862.948226301491,216200
2023-02-28,2773.241943359375,2829.0874948525347,2764.3104698186175,2813.9729515246413,340040
2023-03-01,2792.57666015625,2804.0598113202204,2770.689831066497,2783.93967616724,154311
2023-03-02,2808.1328125,2818.094876833332,2774.95931798253,2806.0227478332695,236175
2023-03-03,2797.582275390625,2835.4671170729025,2788.3565523032594,2808.967424389978,226069
2023-03-06,2794.048828125,2827.615054011867,2789.3377242282977,2807.004184128407,196556
2023-03-08,2781.976806640625,2806.7098035320105,2769.0705715621625,2795.177530652128,225841
2023-03-09,2758.126953125,2813.874497190802,2751.3057845309086,2785.8534806958546,291637
2023-03-10,2735.847900390625,2780.308543789376,2727.5054045508687,2748.1162766255607,329958
2023-03-13,2715.727783203125,2755.1337121109,2706.992795106733,2736.3386554283743,561906
2023-03-14,2705.9619140625,2736.2401198220114,2679.413102613267,2728.5357240845165,379187
2023-03-15,2724.364501953125,2752.8271322459645,2705.961939263789,2706.894287850042,262757
2023-03-16,2749.6865234375,2795.913617938296,2716.512788602191,2722.5978548461335,477596
2023-03-17,2739.773681640625,2781.927772935074,2733.394126229318,2763.4760878221036,378313
2023-03-20,2748.312255859375,2777.510988463309,2735.5040243904436,2773.241737718132,621061
2023-03-21,2716.61083984375,2770.6899351328066,2710.8202624289097,2762.1020722449525,403214
2023-03-22,2738.939208984375,2743.1104565595033,2718.181213957182,2719.555176135249,209784
2023-03-23,2751.158935546875,2765.242887724077,2734.1303334503914,2738.93944109788,193035
2023-03-24,2754.986328125,2775.744323065581,2743.2086879620147,2764.9972743401972,291918
2023-03-27,2776.775146484375,2806.906230495258,2755.9680283814773,2757.881847144509,435250
2023-03-28,2754.446533203125,2790.8591673668247,2723.57934851002,2785.559085405105,353223
2023-03-29,2767.99072265625,2787.3747548422125,2740.9511766709734,2757.9306553192314,370527
2023-03-31,2771.03369140625,2787.6204401820687,2758.7161937780256,2781.878744273742,362732
2023-04-03,2821.431884765625,2829.578134046089,2772.4075040397815,2797.1896226262065,226841
2023-04-05,2836.25244140625,2841.356038180153,2814.0711205292046,2833.504277107462,227189
2023-04-06,2867.315673828125,2880.6146411338746,2824.3272370524264,2836.252242113691,308340
2023-04-10,2855.734375,2892.147011485052,2848.9132057417646,2892.147011485052,156913
2023-04-11,2873.1064453125,2887.484885691301,2847.4408597474944,2855.7833551684244,137343
2023-04-12,3152.579833984375,3167.694375903433,2886.5032252616566,2886.5032252616566,4323187
2023-04-13,3124.95166015625,3171.277000703628,3085.4474888438226,3150.469882618936,1162380
2023-04-17,3104.046142578125,3134.1774646588715,3073.9641815396903,3124.9515024640455,323709
2023-04-18,3209.99609375,3221.822616352089,3094.624239566786,3115.185989526423,823827
2023-04-19,3280.661865234375,3302.1559633533434,3187.863824641971,3200.573813789643,1736594
2023-04-20,3143.74658203125,3275.1653162242574,3134.6679847357527,3272.907887351768,1041887
2023-04-21,3171.767578125,3203.2728624464544,3147.7215619993967,3147.7215619993967,676213
2023-04-24,3133.686767578125,3181.7296789485963,3125.8350071215264,3179.962984922519,296889
2023-04-25,3166.6640625,3185.8027288835656,3113.2721864868936,3138.7412869047566,389268
2023-04-26,3160.333740234375,3183.6436552438677,3136.3368440742634,3143.059770528019,279817
2023-04-27,3178.441650390625,3187.667612673877,3142.6671148238584,3160.3335758066282,200579
2023-04-28,3207.345947265625,3217.7496258587207,3156.407746457723,3187.814788711034,278679
2023-05-02,3193.4091796875,3223.4913816762596,3184.8704378391335,3207.493371307067,320408
2023-05-03,3208.18017578125,3221.1355323153653,3176.4295243134507,3192.7220227354205,205036
2023-05-04,3221.724365234375,3236.3481722461247,3194.439451575176,3208.1800314421557,180313
2023-05-05,3229.821533203125,3256.321223279263,3203.6652138579543,3230.999249283169,222487
2023-05-08,3225.405029296875,3249.647291278267,3214.3143699596267,3237.86965083872,239343
2023-05-09,3320.50927734375,3331.7470609923853,3212.4004519980176,3242.678657921923,566809
2023-05-10,3361.7802734375,3372.331076426903,3286.943182466152,3336.9981547879715,494159
2023-05-11,3267.51025390625,3368.405429496327,3162.34582709253,3346.8130869995557,818423
2023-05-12,3253.622314453125,3291.850524710304,3130.8894376344274,3249.6473128550433,957967
2023-05-15,3215.78662109375,3274.5276994743767,3204.499715510787,3245.0835979536037,341458
2023-05-16,3218.68212890625,3270.847409421318,3211.4193458834543,3217.2099237300026,301995
2023-05-17,3207.4443359375,3235.1217452581686,3194.8814705416944,3223.2949824486395,173719
2023-05-18,3095.06591796875,3224.0801129237925,3085.741952146425,3223.1477642649043,766236
2023-05-19,3040.888671875,3099.825995681341,3028.325807443708,3085.741804765198,479974
2023-05-22,3204.499755859375,3210.535700900449,2994.4651623666014,3042.5080740295725,1538574
2023-05-23,3323.061279296875,3351.7201562823016,3161.364091669493,3180.993492291937,1376245
2023-05-24,3320.46044921875,3343.8686067830126,3274.0859873254426,3297.7395124129507,552635
2023-05-25,3371.987548828125,3388.819904292062,3302.64678425647,3308.584726100987,641670
2023-05-26,3448.8857421875,3454.774562464428,3361.7311541656236,3371.9874682245977,829186
2023-05-29,3413.40576171875,3469.3984372387426,3401.8243670273487,3459.681979441041,360805
2023-05-30,3393.92333984375,3412.5712702824517,3368.405119243421,3412.5712702824517,327381
2023-05-31,3379.79052734375,3438.825857927119,3356.676858598662,3364.4794979590906,1861153
2023-06-01,3460.07421875,3495.9961163537105,3379.790164986386,3387.5928035102706,791714
2023-06-02,3446.5302734375,3488.5861206999866,3430.237774997125,3459.681876070062,477154
2023-06-05,3398.14404296875,3459.4368040136005,3390.979263172421,3452.7627592770646,633073
2023-06-06,3472.3427734375,3478.329836553647,3377.3855466636383,3398.7816415499797,503263
2023-06-07,3476.465087890625,3503.8480058713403,3460.6633245664834,3489.125955426503,392590
2023-06-08,3434.8505859375,3488.733433881869,3424.3980260563717,3483.2371059153998,434625
2023-06-09,3365.215576171875,3434.1147286706278,3356.6277128714,3416.546509879773,325701
2023-06-12,3374.73583984375,3403.1984729328587,3247.6354610492817,3247.684582477953,799646
2023-06-13,3423.072998046875,3429.207185774407,3371.349575051666,3374.7355987539217,367056
2023-06-14,3421.35546875,3442.407953373781,3397.89843042996,3430.2378206151357,208081
2023-06-15,3514.693359375,3524.458938418314,3422.7296639038013,3435.0960427247164,955066
2023-06-16,3513.270263671875,3565.7789110008075,3503.848055407289,3536.2856882693454,633543
2023-06-19,3518.32470703125,3556.8474058947627,3506.252577680617,3515.47853977719,299174
2023-06-20,3500.118408203125,3520.042297935498,3467.5827722286563,3518.5700928757174,267277
2023-06-21,3444.518310546875,3498.9407776646267,3436.4211825200214,3489.1751984525526,621642
2023-06-22,3478.182861328125,3494.033507375853,3436.2250151370245,3444.5183894432666,496166
2023-06-23,3398.781982421875,3472.294239873273,3386.1702348593994,3461.6451929792797,455679
2023-06-26,3468.85888671875,3474.354975418305,3402.7567807244445,3404.670599464617,366126
2023-06-27,3516.901611328125,3527.403292740433,3469.4474394647477,3469.4965608896578,361257
2023-06-28,3534.8134765625,3564.4047024726906,3518.6192208746584,3518.6192208746584,454010
2023-06-30,3517.196044921875,3584.2302553163113,3504.8294268745167,3548.014107575295,432628
2023-07-03,3521.07275390625,3584.32844761734,3509.9820949593404,3520.3366514046857,574958
2023-07-04,3484.31689453125,3533.2921538166356,3474.4530726785033,3533.2921538166356,248033
2023-07-05,3678.50048828125,3705.0493000633223,3497.1247819071277,3510.1292595828468,1611582
2023-07-06,3667.6064453125,3678.7459865890864,3631.439178191128,3677.273781516847,594282
2023-07-07,3600.670166015625,3670.698153098566,3593.3091403075396,3648.124340927104,489065
2023-07-10,3572.501708984375,3616.7169807840573,3524.213432496704,3616.7169807840573,289377
2023-07-11,3573.974365234375,3628.495079005367,3565.141134043937,3593.1621542436164,257208
2023-07-12,3566.17138671875,3601.995043142373,3530.102362785376,3582.3656423623056,320760
2023-07-13,3553.804931640625,3606.558948660549,3543.156124998263,3578.4399265980123,227125
2023-07-14,3609.0615234375,3621.6243876649364,3559.791776168218,3591.198816928456,295738
2023-07-17,3595.026611328125,3635.4142483412793,3582.5619894048655,3615.7357255813713,232501
2023-07-18,3559.4482421875,3614.7541750596006,3500.903649860873,3601.9950644769847,385790
2023-07-19,3570.636962890625,3606.902231279057,3557.828731533764,3559.4480611786794,328518
2023-07-20,3598.609130859375,3610.975509963708,3552.970772632561,3582.3657532875636,336955
2023-07-21,3619.9560546875,3677.568299038933,3571.029676559766,3593.1618742411356,629513
2023-07-24,3617.698486328125,3641.2537667599954,3589.186734382041,3619.906793868613,304318
2023-07-25,3650.4794921875,3673.642280478556,3612.8893821596957,3626.5317195747434,323039
2023-07-26,3612.25146484375,3673.642465537429,3605.4794172193683,3673.642465537429,293630
2023-07-27,3672.562744140625,3725.5621277049413,3617.011682174723,3625.550423825631,875566
2023-07-28,3669.765869140625,3705.0496717335236,3641.2541144718866,3699.1608510632186,355259
2023-07-31,3616.0302734375,3679.4822184342534,3572.5511008526796,3572.5511008526796,389638
2023-08-01,3572.060302734375,3651.6576208785627,3557.8289867872263,3636.346592012875,369042
2023-08-02,3622.21337890625,3626.5317511800527,3510.767409373573,3562.73619940016,681092
2023-08-03,3657.251708984375,3695.0383039850053,3621.820546137104,3631.439000060604,619764
2023-08-04,3675.99755859375,3690.2779946924793,3654.0127269401696,3657.2516257898856,280240
2023-08-07,3838.087890625,3847.362735009268,3690.32752133542,3693.1736887365705,1124433
2023-08-08,3775.12646484375,3861.790321863643,3763.0054529813665,3852.319231325488,532706
2023-08-09,3668.440673828125,3788.474512657696,3646.1613509127824,3788.474512657696,749561
2023-08-10,3676.09619140625,3705.589415287879,3656.1231793948,3674.4277401905224,600325
2023-08-11,3640.131591796875,3703.1067124606657,3632.117639266055,3693.361077568769,339619
2023-08-14,3690.986572265625,3707.7072466452587,3563.552482249569,3606.442840577796,1295993
2023-08-16,3672.732177734375,3700.33619335837,3614.258854101103,3691.4316410214115,632601
2023-08-17,3615.990234375,3674.710905702506,3597.5381200725037,3660.760343987277,453444
2023-08-18,3616.138427734375,3643.0994320816,3582.598045552344,3622.915877741313,436067
2023-08-21,3626.37890625,3644.4353594357476,3607.58040704292,3611.3401551946235,242728
2023-08-22,3614.50634765625,3642.407231120108,3600.209641919149,3626.3790845814196,244583
2023-08-23,3664.866455078125,3689.255180519875,3621.234291671074,3632.0681158392476,472425
2023-08-24,3625.3896484375,3700.088950738662,3605.3544051050694,3670.6544574478066,414907
2023-08-25,3597.933837890625,3615.1987271497555,3577.700764522139,3603.0786420365534,217537
2023-08-28,3594.71826171875,3618.1668675893566,3582.697212841525,3591.502728972425,196064
2023-08-29,3618.3154296875,3634.838272756233,3586.605281455199,3586.605281455199,239552
2023-08-30,3592.29443359375,3639.191647169942,3584.5771063903208,3618.315563300138,309108
2023-08-31,3554.0048828125,3617.6722883372013,3537.5808337822486,3606.3437670637104,600001
2023-09-01,3551.234619140625,3561.8210946394015,3492.316113556508,3547.9695681602484,586290
2023-09-04,3590.85986328125,3599.41803108312,3548.9588998062536,3551.976602045846,336522
2023-09-05,3603.67236328125,3628.407230775491,3581.6583312113753,3590.859750229521,449961
2023-09-06,3668.626220703125,3675.5024659161136,3593.778604368875,3603.672551884385,407338
2023-09-07,3654.82421875,3693.1632654410023,3621.8278071063237,3668.62622724847,556079
2023-09-08,3659.5732421875,3672.336337467272,3629.3471851519625,3653.5378377690818,247373
2023-09-11,3696.6259765625,3709.1417229940516,3652.6474301164944,3660.760418409167,379770
2023-09-12,3747.62939453125,3807.1909087750823,3685.7427060588293,3709.2408308206295,736438
2023-09-13,3711.0712890625,3785.424205788766,3700.336259709876,3759.6999430207293,319699
2023-09-14,3777.41015625,3787.353621894781,3715.721537916649,3715.721537916649,483608
2023-09-15,3775.03564453125,3804.2227894699663,3765.042660999448,3785.3252532449965,315409
2023-09-18,3745.15576171875,3779.487709090515,3731.502066710701,3767.812803458953,185723
2023-09-20,3739.516357421875,3763.063758372452,3715.1771508384145,3733.975650403243,201038
2023-09-21,3707.064208984375,3757.919001297993,3693.509549543721,3735.509307366829,262481
2023-09-22,3665.7568359375,3702.3149213373717,3645.9194241390205,3681.537632895874,190002
2023-09-25,3688.9580078125,3710.22999310631,3648.887523886952,3650.866313216609,206150
2023-09-26,3713.98974609375,3724.477184624051,3667.686027407773,3680.498640024093,251701
2023-09-27,3728.039306640625,3818.5689235614363,3716.018257407784,3716.018257407784,803962
2023-09-28,3626.131591796875,3759.6503588516584,3612.280065934622,3738.1310240299445,347090
2023-09-29,3725.219482421875,3743.8696697599426,3647.8983806566885,3647.8983806566885,296674
2023-10-03,3684.951171875,3724.0817819483227,3665.7570106396292,3720.1737210559836,210945
2023-10-04,3668.42822265625,3692.421044286461,3614.654523742809,3660.7604136816467,241798
2023-10-05,3657.990234375,3666.2022591394416,3616.2873421350423,3626.131771622198,344288
2023-10-06,3682.329345703125,3689.255108796722,3657.99013878219,3660.7604923299186,244389
2023-10-09,3666.004150390625,3756.2368967554594,3644.7816828480463,3660.760310284525,447464
2023-10-10,3674.265625,3686.0395671619704,3646.1173933754258,3667.6367286507607,147622
2023-10-11,3710.7744140625,3727.049908890317,3679.3116136676044,3689.452909543932,205216
2023-10-12,3715.424560546875,3758.710579992698,3689.601261468331,3758.710579992698,323652
2023-10-13,3695.735595703125,3722.548047188965,3690.4422374283286,3701.1277485172295,109845
2023-10-16,3616.435546875,3687.078475099868,3601.1494466994027,3671.6933388312914,274847
2023-10-17,3607.927001953125,3659.424805591949,3588.5347681788885,3659.424805591949,273198
2023-10-18,3602.583984375,3645.127957077809,3594.965693387344,3621.1846533088424,192368
2023-10-19,3599.170654296875,3618.068190130448,3562.31570085792,3602.3861871472536,350687
2023-10-20,3516.605712890625,3595.856085286062,3496.5209516998866,3581.608897892923,465355
2023-10-23,3463.8212890625,3586.5557485757736,3453.976860214628,3498.6479338142444,427540
2023-10-25,3406.93115234375,3482.5210528191906,3385.0656742702286,3462.8814712829094,522676
2023-10-26,3370.274169921875,3397.3342128758095,3344.154245218853,3394.316510586845,538755
2023-10-27,3375.765380859375,3400.9454290254007,3360.429762180282,3370.8679251398908,283983
2023-10-30,3367.305908203125,3410.64144543957,3348.60644453365,3392.6345097668445,244149
2023-10-31,3352.415771484375,3386.648684634956,3336.535937561157,3364.3377848871883,220543
2023-11-01,3310.564208984375,3372.5992088276603,3304.5783226943554,3363.9420051379666,292897
2023-11-02,3308.239013671875,3371.6097925859726,3294.7338726227867,3324.959929050895,406645
2023-11-03,3315.164794921875,3351.970229695192,3304.6773559633257,3332.281371655453,352546
2023-11-06,3469.51025390625,3493.453556699177,3260.352316509492,3324.3661035867235,1821472
2023-11-07,3444.478759765625,3530.952005187147,3364.981037140158,3399.1646738023023,1291049
2023-11-08,3453.8779296875,3499.1427381046974,3444.7260285321104,3448.0405974630185,480765
2023-11-09,3461.3974609375,3482.6694476204084,3434.288141971488,3472.7755003260327,296978
2023-11-10,3456.153564453125,3461.892102100992,3435.4257935181963,3454.026462439945,121439
2023-11-13,3472.775390625,3525.114273538345,3450.2666612413195,3462.8814436431626,235202
2023-11-15,3499.3408203125,3502.457317067278,3464.118271576782,3497.460825409195,256472
2023-11-16,3510.61962890625,3532.5346241704856,3482.669229549778,3499.3406263174857,249987
2023-11-17,3562.662109375,3580.6195271000597,3512.3512907447393,3512.3512907447393,297110
2023-11-20,3633.9970703125,3717.1557398455757,3565.8773928615733,3571.66520669518,1601236
2023-11-21,3682.131591796875,3694.6968567896633,3615.248410192976,3642.8524270492376,388729
2023-11-22,3662.4423828125,3703.8486484209725,3645.919539316389,3670.6544072900415,317027
2023-11-23,3649.38232421875,3685.4952305042275,3601.495717710089,3666.251552040473,252188
2023-11-24,3724.873291015625,3738.8731296862393,3647.848815425484,3649.382425552123,829615
2023-11-28,3720.2724609375,3746.19479585067,3703.7496174186813,3730.018095553091,197926
2023-11-29,3690.19482421875,3735.9048103287073,3681.488102685559,3721.1134081069026,329180
2023-11-30,3748.51953125,3768.604291325555,3689.9969332441865,3689.9969332441865,887438
2023-12-01,3752.477294921875,3779.1909522813467,3731.996872589902,3758.7105299493737,260031
2023-12-04,3757.820068359375,3794.378153841181,3749.805874750547,3769.593768548703,318936
2023-12-05,3701.473876953125,3769.5937985153764,3684.5553725520695,3748.8660279073188,449862
2023-12-06,3694.84521484375,3741.4953227297337,3676.937314610519,3722.9441709713387,298255
2023-12-07,3694.74609375,3732.8870651531256,3684.5057622638433,3694.84488828644,281509
2023-12-08,3642.7041015625,3707.707287983698,3623.559216630591,3699.346950700669,455037
2023-12-11,3631.573486328125,3654.3790839804306,3603.1283868234436,3639.983341833857,247368
2023-12-12,3608.916259765625,3655.763954599239,3592.4922108728115,3631.5733021230117,188686
2023-12-13,3617.22705078125,3637.0149449321325,3573.6936836493096,3630.8807460556473,355453
2023-12-14,3644.138427734375,3664.668367291805,3602.386020655575,3625.043062148984,448099
2023-12-15,3657.841796875,3680.84522410864,3640.0326919199238,3660.760462987904,338280
2023-12-18,3673.672119140625,3733.9261610620993,3648.145687014491,3650.866522498738,457133
2023-12-19,3684.40673828125,3699.3466945132573,3650.0747913255273,3673.6224329306565,287231
2023-12-20,3581.608642578125,3712.2087367273825,3566.5698921681933,3712.2087367273825,346170
2023-12-21,3594.174072265625,3611.0928182274206,3527.736314894219,3576.661834415703,353261
2023-12-22,3655.763916015625,3722.9932378932813,3605.304786073238,3611.29067234728,898967
2023-12-26,3822.5263671875,3855.671089149654,3654.8239680058564,3659.8204594776025,1249185
2023-12-27,3843.056396484375,3875.459073187693,3804.717351530067,3852.7029948922327,598775
2023-12-28,3898.16552734375,3910.087781566963,3820.399250303163,3858.639258125292,668311
2023-12-29,3862.498046875,3907.119846477637,3855.028309794331,3907.119846477637,262845
2024-01-01,3874.37060546875,3898.1655962916784,3840.9785343751278,3868.533273364811,240126
2024-01-02,3987.2607421875,4009.1264622329777,3863.784232183662,3883.374296051101,1386959
2024-01-03,3987.8544921875,4021.39487688725,3969.4516536035544,4007.048653313658,452402
2024-01-04,3999.281982421875,4031.189963830066,3931.0632611788405,4007.0488280053823,485788
2024-01-05,3972.17236328125,4026.935456429036,3937.790897530201,4009.0273157769784,313459
2024-01-08,3892.42724609375,3982.6602402335925,3868.9786389073433,3956.5895920375706,403753
2024-01-09,3942.3916015625,3961.5364861468506,3879.0210625514833,3907.070258125676,468363
2024-01-10,3861.26123046875,3974.2995779044554,3836.4275677791697,3942.39159799372,351976
2024-01-11,3863.7841796875,3901.084312007017,3840.533403963351,3861.2611748624636,238212
2024-01-12,3842.759521484375,3883.5720531220195,3819.558263930354,3870.462573262655,291344
2024-01-15,3868.1376953125,3902.123259025757,3830.6890085265622,3858.6394093765334,326872
2024-01-16,3774.046142578125,3884.7100381362734,3760.095580467876,3868.1376766503163,483779
2024-01-17,3689.255126953125,3779.3888421553715,3677.926605575992,3769.692967017776,574671
2024-01-18,3660.95849609375,3716.7109882543496,3546.980266387895,3689.255283263481,651966
2024-01-19,3654.626220703125,3693.7568297146254,3625.3400407258887,3690.4422608222644,324763
2024-01-23,3577.00830078125,3660.7604672837997,3547.821156515068,3660.7604672837997,387616
2024-01-24,3604.9091796875,3633.007893109631,3570.7255438076477,3611.2907273200094,377660
2024-01-25,3540.944580078125,3621.1845865258165,3509.6303345775145,3605.3542713934635,407761
2024-01-29,3532.73291015625,3547.969492337119,3512.450318245232,3540.054334518185,765970
2024-01-30,3514.033203125,3580.9659013288356,3502.754199859225,3537.0366305248003,1052177
2024-01-31,3631.67236328125,3641.862935676939,3522.2947284512265,3546.980078455432,840784
2024-02-01,3616.63330078125,3656.8028223442443,3597.48865820877,3656.8028223442443,393645
2024-02-02,3660.166748046875,3704.9863773874495,3626.1316661367296,3626.1316661367296,423758
2024-02-05,3660.265625,3702.3148989728343,3625.686329184392,3660.166588911254,518516
2024-02-06,3686.979248046875,3704.689316068738,3650.7673064032197,3658.7814998731637,276514
2024-02-07,3692.22314453125,3731.007367985758,3662.9369651495035,3700.2866146168762,226715
2024-02-08,3645.32568359375,3725.0709918865846,3621.5802111355088,3706.2229748125683,399402
2024-02-09,3613.566162109375,3658.2867523949653,3575.177601022098,3658.2867523949653,415749
2024-02-12,3700.484375,3778.102580031752,3607.03609681414,3611.2905422015406,1303179
2024-02-13,3661.20556640625,3792.15205146816,3647.898256012073,3700.484487654866,814115
2024-02-14,3680.2021484375,3689.106701340467,3593.5313117794913,3650.86669021664,452222
2024-02-15,3669.5166015625,3705.283123072518,3657.346998535579,3690.145335968369,288401
2024-02-16,3689.650634765625,3738.823502616678,3668.675515618761,3669.368043592436,625808
2024-02-19,3683.9619140625,3723.3398742830996,3676.2941045824778,3690.442498126875,217681
2024-02-20,3673.375244140625,3699.346855522671,3636.2234241200185,3683.5165400136143,328713
2024-02-21,3610.400390625,3700.039407853788,3598.626448456826,3668.7251614020365,386150
2024-02-22,3606.739501953125,3620.887895097893,3558.902411027563,3620.887895097893,485941
2024-02-23,3609.410888671875,3630.1386592518243,3588.386251372708,3606.7393297503586,326640
2024-02-26,3539.4111328125,3616.2375326097504,3518.6338446634427,3610.3011645671627,404285
2024-02-27,3502.25927734375,3559.8419984356187,3472.6762319812,3542.032894496808,524599
2024-02-28,3481.036865234375,3515.7644735339613,3469.807139007944,3502.4571634126382,464435
2024-02-29,3451.800537109375,3491.9698200176545,3428.252893169234,3471.984093885805,807900
2024-03-01,3445.46826171875,3481.6802070400054,3437.157442244097,3453.977153389218,347396
2024-03-04,3445.369140625,3504.4359546790092,3441.1146951929964,3477.5244677077408,494795
2024-03-05,3447.496337890625,3459.4185924181706,3415.3905279644,3447.6448920275143,485056
2024-03-06,3507.057861328125,3522.2451667435093,3413.411748669974,3448.040563511553,642191
2024-03-07,3563.404052734375,3581.608818617268,3498.9943610607647,3507.0578312555836,624261
2024-03-11,3566.520751953125,3613.3191722912634,3548.0191182989183,3563.404255087709,408279
2024-03-12,3539.806884765625,3596.350695199582,3526.7964410928134,3561.820916820977,415249
2024-03-13,3442.89599609375,3548.959067963465,3418.111608599604,3539.807166268828,402498
2024-03-14,3480.591796875,3492.563570323037,3404.5074349806146,3423.305935784053,385179
2024-03-15,3448.436279296875,3487.3195403154778,3418.4082943117805,3479.800285333288,317079
2024-03-18,3469.41162109375,3482.6694137185777,3438.146651327289,3448.436259792698,171118
2024-03-19,3410.591796875,3477.672804928554,3385.7581351752433,3472.5775189137626,525027
2024-03-20,3391.94189453125,3423.305658175926,3361.1221047298136,3410.5918396745524,517131
2024-03-21,3428.549560546875,3440.521091689671,3394.8606221284695,3408.2669688518267,279116
2024-03-22,3395.05859375,3439.4825633114247,3388.6770458717147,3426.2740466726273,409887
2024-03-26,3355.037353515625,3402.5282980655365,3339.207038665654,3363.9419056187335,478462
2024-03-27,3332.133056640625,3367.305845191627,3314.472264521033,3354.04805275412,506472
2024-03-28,3408.76171875,3432.9028535922043,3331.341580964638,3331.341580964638,1145370
2024-04-01,3530.11083984375,3551.9270417110665,3413.4117810315265,3413.4117810315265,651461
2024-04-02,3584.082275390625,3597.439103746118,3517.495964241472,3533.1284487011517,675426
2024-04-03,3645.820556640625,3686.4847768056793,3572.753900506787,3624.9444726958636,799460
2024-04-04,3694.59765625,3716.0674730216456,3649.1350179006167,3668.6755633092894,976430
2024-04-05,3708.399658203125,3743.8695549145273,3687.177190141078,3694.647168456547,553607
2024-04-08,3755.742431640625,3772.562142214358,3681.092646845729,3710.2302736175825,602786
2024-04-09,3764.597412109375,3781.4666404877744,3732.0464222642163,3765.636324881337,275295
2024-04-10,3699.446044921875,3736.0041330052973,3665.855899567949,3723.0924830728695,1015345
2024-04-12,3739.615234375,3768.6045484425404,3688.4635748474116,3699.346916940577,573189
2024-04-15,3677.135009765625,3730.0181094527493,3647.106783271866,3730.0181094527493,428141
2024-04-16,3724.279541015625,3740.9014205518515,3647.1067531809135,3660.710930523571,318671
2024-04-18,3669.56591796875,3741.0004087788184,3656.011258845602,3739.9119779847542,802591
2024-04-19,3632.760498046875,3671.4954457638837,3602.386128846701,3622.1740229903244,746223
2024-04-22,3697.86279296875,3704.986386694414,3636.0256225177677,3650.6191947441994,439590
2024-04-23,3728.68212890625,3739.961373082465,3690.4421215063885,3697.862581536227,307637
2024-04-24,3773.353515625,3783.3957751041794,3725.615221850304,3739.5655420432386,473558
2024-04-25,3803.03564453125,3835.685671763492,3750.350373315587,3793.3395275277476,835354
2024-04-26,3973.755615234375,3996.1653092188485,3795.3676973394954,3809.1697054945694,1155173
2024-04-29,3946.94287109375,4056.518335898822,3928.9854536176053,3982.313732193356,752787
2024-04-30,3959.953369140625,4022.8789705639256,3931.45899416923,3970.441049894991,360469
2024-05-02,3922.603759765625,3966.4835131101854,3893.7629997119316,3959.953411204864,868450
2024-05-03,3909.048828125,3948.674133019458,3858.6392179343243,3923.0489076542626,348122
2024-05-06,3920.97119140625,3946.6954535754558,3859.7770326639284,3909.0489369752336,271254
2024-05-07,3869.918212890625,3927.451657841446,3832.172902877294,3927.451657841446,291924
2024-05-08,3885.699462890625,3909.494212743105,3832.074075650503,3861.6076047594415,308127
2024-05-09,3749.75634765625,3907.1691390612614,3715.3748822649286,3892.2787007037978,626179
2024-05-10,3753.268798828125,3790.7174848873847,3728.0392339486953,3754.5055422045675,276308
2024-05-13,3870.017333984375,3891.487150469552,3684.505829415266,3736.0533894387772,608329
2024-05-14,3854.879638671875,3913.0560962000045,3824.158884473594,3868.533334043494,262796
2024-05-15,3851.268310546875,3908.0594685671867,3826.533443543005,3855.1763712231996,188401
2024-05-16,3889.458984375,3903.162197964351,3789.3818043608276,3854.68185634198,362920
2024-05-17,3869.275390625,3912.7592401394168,3854.2861572786996,3893.2682125191777,267526
2024-05-21,3973.953369140625,3996.066195969244,3809.169631947018,3820.74550173901,472233
2024-05-22,4015.508056640625,4028.568018853788,3944.419948193522,4008.0380780688147,398441
2024-05-23,4069.38037109375,4083.77587063145,3984.6880887776665,4016.9424523804096,693482
2024-05-24,4078.6806640625,4130.722922533439,4062.009266544991,4069.380450390427,612183
2024-05-27,4210.12158203125,4312.771276910691,4170.892180801509,4253.160249281907,2534740
2024-05-28,4345.5205078125,4354.9197573528845,4193.50011055096,4197.754314470194,2151413
2024-05-29,4400.82763671875,4420.120833417494,4309.357903231498,4313.7609028987745,1220726
2024-05-30,4366.0009765625,4417.647575954803,4343.442969415809,4396.919562620415,768574
2024-05-31,4261.52099609375,4408.594419937523,4244.651526790941,4380.495707401102,970571
2024-06-03,4276.06494140625,4388.460278157291,4247.422254139667,4353.336765616521,515368
2024-06-04,4278.291015625,4375.69711754198,4136.164562918177,4277.548969596489,847809
2024-06-05,4454.94775390625,4477.0110626978385,4261.075667242854,4288.383057859113,1077221
2024-06-06,4401.7177734375,4452.275936807148,4320.290786767704,4452.275936807148,790310
2024-06-07,4476.07080078125,4492.2475003907975,4391.724904462595,4403.5976406012915,432970
2024-06-10,4488.14208984375,4531.032450359562,4467.166727177464,4476.071280235296,462274
2024-06-11,4427.986328125,4536.374315083962,4414.975402440252,4511.639449680015,264078
2024-06-12,4405.1318359375,4467.117320744301,4386.877309458744,4456.233978434624,296209
2024-06-13,4544.78466796875,4568.0354439995035,4449.159764445826,4453.5622811090625,1275865
2024-06-14,4539.9365234375,4578.869300700371,4510.749380389272,4546.268552766372,281968
2024-06-18,4516.09228515625,4535.286446467981,4473.053614019368,4473.053614019368,241254
2024-06-19,4432.19140625,4532.713516194194,4418.636506305681,4516.586576642506,223028
2024-06-20,4456.283203125,4474.290380705559,4392.61603783588,4438.424821238352,412934
2024-06-21,4474.19140625,4527.421134068124,4442.135112725849,4452.276408990771,583517
2024-06-24,4471.619140625,4507.138800947841,4440.898624876,4464.743136525998,188506
2024-06-25,4491.1591796875,4548.692868118521,4440.452701185838,4467.117081658596,353120
2024-06-26,4497.1455078125,4520.445560852389,4464.643793768035,4498.233938654276,203886
2024-06-27,4474.3896484375,4507.7319631720775,4452.375614245559,4497.145728725799,531345
2024-06-28,4547.70361328125,4599.152139392071,4474.389366952751,4474.389366952751,391476
2024-07-01,4553.29345703125,4566.254624254677,4492.0500215666,4547.703473582657,507284
2024-07-02,4522.96875,4571.844753239177,4516.834309408021,4558.834309107615,258530
2024-07-03,4510.798828125,4546.31800185051,4457.223200811298,4528.410343952203,573402
2024-07-04,4495.85888671875,4528.855297269998,4473.74630119655,4510.798843619781,242990
2024-07-05,4580.6005859375,4620.4729969311165,4501.745639408262,4501.745639408262,1285879
2024-07-08,4416.85595703125,4600.338911960277,4397.859385790734,4580.30366953907,890261
2024-07-09,4503.67578125,4534.297259959711,4410.7219480318045,4443.7676372040105,769145
2024-07-10,4587.77392578125,4602.515810121186,4488.685660561007,4523.512547077999,550188
2024-07-11,4533.9013671875,4610.579459049372,4516.636235843249,4607.314649669316,559139
2024-07-12,4491.1591796875,4545.872996595901,4437.731865754042,4541.321684343956,661038
2024-07-15,4526.87646484375,4555.519634973131,4487.99344593612,4493.830778111416,616728
2024-07-16,4522.3251953125,4550.177043177456,4503.428142632877,4526.876507647471,266585
2024-07-18,4536.1767578125,4554.282971205096,4467.859245053341,4501.746014503172,432503
2024-07-19,4471.86572265625,4538.600584694082,4448.7637441807465,4531.427473518751,279117
2024-07-22,4486.70703125,4528.806066900328,4394.248383533741,4452.276287865002,308095
2024-07-23,4478.98974609375,4492.890548198882,4348.686272631583,4473.053377974342,499837
2024-07-24,4503.3291015625,4530.735045428882,4453.711053003836,4458.410677921112,392515
2024-07-25,4498.77783203125,4534.099417091963,4427.838036732331,4481.958121640986,232749
2024-07-26,4739.79443359375,4758.988594506107,4515.449181243592,4522.4739803633365,1262221
2024-07-29,4871.63134765625,4898.4933180087955,4721.095035806816,4753.0522924084535,886247
2024-07-30,4860.2529296875,4892.556568549871,4837.298780452351,4871.630968219011,515488
2024-07-31,4870.98828125,4891.320149515299,4749.29273062742,4852.338094147831,1167323
2024-08-01,4865.744140625,4954.888700487169,4848.034071962286,4877.715913219198,622863
2024-08-02,4968.6259765625,4987.290987744177,4817.165729707182,4839.663387065098,960970
2024-08-05,4805.07080078125,4966.286429068991,4756.342484831969,4911.187219981084,1449786
2024-08-06,4805.66748046875,4936.521838159926,4793.224140485488,4808.106569532657,403211
2024-08-07,4924.07861328125,4934.630663047314,4819.056821367539,4819.056821367539,590493
2024-08-08,4812.58642578125,5002.073714255054,4801.138552392796,4897.7985196949985,722958
2024-08-09,4808.05712890625,4882.567462014982,4794.219745592448,4882.567462014982,222355
2024-08-12,4868.830078125,4882.766618933372,4755.894129789965,4807.0615327550795,431270
2024-08-13,4839.7626953125,4897.649507310267,4781.278991792773,4877.789740368703,203334
2024-08-14,4640.8681640625,4826.025066361004,4621.00839866297,4826.025066361004,729449
2024-08-16,4612.8955078125,4688.4513734857765,4602.343457942766,4643.854635932313,522991
2024-08-19,4648.732421875,4668.69183191399,4594.628679527144,4643.854729554875,232374
2024-08-20,4701.7412109375,4707.415568890415,4642.162396703933,4653.610270483877,255795
2024-08-21,4878.58544921875,4940.852214090442,4713.487603295399,4714.532649426044,1371112
2024-08-22,4889.18798828125,4907.604133042227,4846.930207632237,4905.165043768299,480842
2024-08-23,4833.939453125,4927.562954839756,4807.061837007692,4904.6672077768635,420463
2024-08-26,4903.92041015625,4911.635281138987,4837.970706594138,4837.970706594138,288510
2024-08-27,4880.2783203125,4972.856776975236,4852.902970224057,4885.753390330188,400046
2024-08-28,5007.8974609375,5072.901280167068,4836.925954880064,4859.970925295164,963990
2024-08-29,4989.8291015625,5054.3356701242465,4967.431088742724,5027.009900056925,430810
2024-08-30,5070.810546875,5109.235680084951,4996.74788040651,4996.74788040651,853203
2024-09-02,5014.01953125,5109.684035307344,5000.281790967739,5101.570588016132,196235
2024-09-03,5043.037109375,5075.340216198412,5013.72040431395,5014.019336130983,288902
2024-09-04,5073.49853515625,5086.837699228298,4992.517176331648,5037.562069852212,313543
2024-09-05,5097.68798828125,5141.0408773411045,5064.090969615498,5076.882820602573,491284
2024-09-06,5114.51123046875,5146.565469016312,5039.403521212575,5103.760379041902,432124
2024-09-09,5150.0498046875,5170.755329007283,5059.163839422425,5081.860298237109,354291
2024-09-10,5401.853515625,5422.658684176869,5174.438825306815,5177.3756481554565,1628691
2024-09-11,5414.64501953125,5445.1064157258115,5355.663582778904,5380.500686015746,595689
2024-09-12,5457.94775390625,5488.01105988953,5371.74067717269,5425.296621875193,763771
2024-09-13,5473.72607421875,5506.676138474155,5378.559304823989,5440.27827632223,401361
2024-09-16,5454.513671875,5494.979319103712,5446.898444488756,5470.092637404873,238494
2024-09-17,5427.48681640625,5534.797993141028,5411.360052286805,5454.214723615849,529121
2024-09-18,5444.359375,5457.848247288323,5367.608756168299,5427.237630689662,213575
2024-09-19,5404.5908203125,5488.01077884508,5394.436860250587,5444.359444074373,341889
2024-09-20,5426.04296875,5480.0470656274365,5402.749132932591,5431.567617413495,630993
2024-09-23,5348.49609375,5557.643851678541,5340.18384533712,5465.114980128771,588823
2024-09-24,5351.4326171875,5395.134018064267,5293.546294148225,5350.636437819299,515534
2024-09-25,5369.8486328125,5423.8031505877425,5330.22923186603,5351.43248923429,693122
2024-09-26,5354.9169921875,5394.039148277949,5268.261759125104,5385.47803238071,554676
2024-09-27,5433.16064453125,5498.264105922629,5291.5554272291365,5347.351658622367,6886792
2024-09-30,5418.6767578125,5487.164710252435,5354.170188308474,5448.142685654981,820627
2024-10-01,5399.21484375,5439.282398838062,5338.441765180264,5415.888919469877,686142
2024-10-03,5405.685546875,5468.798558604472,5217.940814684587,5375.523083997542,602874
2024-10-04,5400.95703125,5497.169327811753,5360.839896338271,5383.486775803792,524300
2024-10-07,5379.853515625,5495.9746728189975,5352.328943448371,5423.305563759807,383652
2024-10-08,5521.90625,5541.268281862244,5374.179011719415,5377.215478382152,396786
2024-10-09,5962.60009765625,6002.6180764527135,5616.475932453127,5630.263251395938,3022787
2024-10-10,5915.2158203125,5994.70398009848,5893.464762958554,5932.985008533202,640572
2024-10-11,6114.40869140625,6131.929012148482,5931.889674648619,5947.916794521933,1089288
2024-10-14,6186.6796875,6206.738255217056,6090.318166812694,6112.168867206531,647056
2024-10-15,6079.02001953125,6247.403206811135,5993.061325711017,6122.123556812997,1370567
2024-10-16,6095.89306640625,6114.906588525771,6029.545269903642,6074.042851414332,476603
2024-10-17,6049.8525390625,6142.978791496336,6018.196875090779,6095.892899155265,290563
2024-10-18,5994.95263671875,6064.286833356696,5977.432315933189,6049.902623258011,334347
2024-10-21,5898.1435546875,6080.712154170893,5882.5645891785925,6002.618038745832,566368
2024-10-22,5791.57861328125,5936.966403981751,5778.687118563726,5893.165847010725,569761
2024-10-23,5701.63818359375,5831.845102389989,5691.3350005860975,5778.089872160132,327730
2024-10-24,5710.64697265625,5745.1398148708895,5666.44832497479,5734.8866968562115,560790
2024-10-25,5754.54736328125,5808.501883200789,5715.973006956007,5715.973006956007,1007972
2024-10-28,5788.04443359375,5823.483163391402,5681.927532069468,5738.7688068265925,391605
2024-10-29,5777.044921875,5818.605679270231,5719.954778275378,5773.710009397353,274283
2024-10-30,5859.91748046875,5907.052950919381,5770.723519642939,5817.261612543285,500928
2024-10-31,5862.95361328125,5913.075486716427,5832.094128417915,5910.5868185822865,423706
2024-11-01,5876.79052734375,5905.659077780581,5845.134863016078,5901.329184069454,34122
2024-11-04,5874.9990234375,5914.369559959076,5815.221407663082,5877.487691639067,357941
2024-11-05,5784.9091796875,5874.998967729955,5652.611676560302,5873.256900005377,397496
2024-11-06,5927.1611328125,5978.477760354779,5783.664628276349,5783.664628276349,619492
2024-11-07,5932.93505859375,6022.576687423162,5854.890039608131,5972.803326370078,789818
2024-11-08,5922.880859375,6034.522413207463,5853.347375397539,5952.894099468926,447048
2024-11-11,5873.20703125,6127.100751810504,5755.990765851839,6127.100751810504,1339441
2024-11-12,5784.36181640625,5922.880988764025,5755.841290482358,5888.188857453678,433122
2024-11-13,5743.94580078125,5805.266681922299,5684.665433119677,5783.266758007455,250370
2024-11-14,5724.0361328125,5799.542418318503,5697.208096928744,5743.945477121639,220287
2024-11-18,5740.51123046875,5787.696281813176,5664.70649513607,5674.163434193058,390727
2024-11-19,5874.10302734375,5933.930706363499,5743.696817416867,5743.696817416867,427565
2024-11-21,5950.00732421875,5977.283029320646,5853.447002152949,5853.447002152949,448388
2024-11-22,5971.1611328125,6029.495611428668,5952.8942113883695,5952.8942113883695,309695
2024-11-25,6110.6259765625,6156.9647814198825,5993.658577723885,6002.61778274131,839267
2024-11-26,6044.974609375,6131.132101640509,5978.875684099916,6121.277073513171,218533
2024-11-27,5972.00732421875,6078.173809281499,5961.803784900114,6044.974879260435,149153
2024-11-28,5924.82177734375,5995.499952012881,5875.347346716153,5995.499952012881,318089
2024-11-29,6144.720703125,6180.158947301486,5972.803319809298,5996.744112022342,1027507
2024-12-02,6226.99609375,6253.525198468779,6141.5847129610665,6156.964876238364,665882
2024-12-03,6182.39892578125,6256.959811548738,6166.123425122572,6251.534320617184,742965
2024-12-04,6228.140625,6239.8373647656435,6150.046027626873,6196.783407755934,556873
2024-12-05,6068.5673828125,6156.815453515043,5839.510281227746,6156.815453515043,1426021
2024-12-06,6102.9609375,6164.879195836591,6077.427299355467,6112.169009705174,704328
2024-12-09,5932.63623046875,6014.164900084947,5910.735951222651,5972.7538518194415,1123022
2024-12-10,5905.708984375,6005.454509154257,5844.388105809358,5962.301393599372,393478
2024-12-11,5901.080078125,5943.437013742992,5877.238443872142,5929.002739109499,355231
2024-12-12,5924.72265625,6027.554229268455,5901.3787546921085,5923.0301674892335,359123
2024-12-13,5850.0625,5922.333032476389,5817.709814831263,5922.333032476389,445372
2024-12-16,5829.904296875,5883.161794075686,5793.619321644721,5856.831491219367,308602
2024-12-17,5820.89501953125,5908.098046632806,5793.171159790488,5841.401741809824,393644
2024-12-18,5823.234375,5878.034651079027,5812.981257052731,5821.492307363563,280887
2024-12-19,5794.3662109375,5842.397507536347,5753.800918991325,5820.845737985906,451008
2024-12-20,5820.248046875,5930.247176165578,5763.755281379613,5763.755281379613,497158
2024-12-23,5822.93603515625,5908.098063019077,5810.54227360444,5820.248079183958,464380
2024-12-24,5756.14013671875,5906.156759300274,5713.434689007747,5833.438071285928,252658
2024-12-26,5860.06689453125,5895.157115456586,5690.588593466326,5765.746371618465,183602
2024-12-27,5854.392578125,5908.048652688682,5843.542082124664,5873.256877268172,186225
2024-12-30,6017.599609375,6111.024309291634,5853.34751085608,5854.392557055818,1928937
2024-12-31,6071.1552734375,6107.440247953178,5948.563582780114,6002.069945736389,610044
2025-01-01,6045.47265625,6107.291270169202,6033.2286034070075,6062.395599631566,116675
2025-01-02,6116.8974609375,6126.852133561996,5982.758247322409,6045.472684856737,180792
2025-01-03,6020.88427734375,6220.575101709977,6002.816644259141,6131.082694581493,427384
2025-01-06,5864.9443359375,6040.6943648628885,5814.524018574686,6040.6943648628885,334922
2025-01-07,5881.1708984375,5910.039448512619,5848.370058321505,5883.211411860441,303309
2025-01-08,5841.7998046875,5938.808280833776,5795.809510228531,5903.120683367443,213589
2025-01-09,5798.1484375,5878.781282816137,5785.4066514327915,5835.130433804935,98271
2025-01-10,5745.18994140625,5813.528670083272,5689.294553204578,5773.709980562154,384413
2025-01-13,5706.51611328125,5860.8135398069535,5628.720443507858,5797.6013682948105,770897
2025-01-14,5963.1474609375,5979.224646385423,5723.289911141294,5734.986651696949,439344
2025-01-15,5850.2119140625,5973.201700657732,5742.352938307576,5973.152121721508,483267
2025-01-16,5889.23388671875,5925.817308508984,5729.611100496576,5813.528796053506,428736
2025-01-17,5889.23388671875,5911.930831878388,5845.085302609968,5903.618583047143,177031
2025-01-20,5973.40087890625,6000.676584348782,5813.578320242031,5890.1797195739455,309737
2025-01-21,5792.5244140625,6040.544987763409,5779.9814292168585,5984.450795818965,437884
2025-01-22,5786.1533203125,5820.397296082773,5728.913954133064,5812.085047432684,513868
2025-01-23,5824.42919921875,5878.283587649969,5754.19869431549,5754.19869431549,449602
2025-01-24,5736.4794921875,5873.654680508965,5681.42986334787,5823.483229895766,387486
2025-01-27,5551.47216796875,5722.941407388235,5520.861549030293,5699.547926248277,243092
2025-01-28,5385.67724609375,5559.68473135146,5327.392345496702,5555.105484672466,588891
2025-01-29,5594.67529296875,5622.399153714744,5337.197780212748,5349.740765056803,241519
2025-01-30,5709.900390625,5765.34810979506,5576.408137791683,5595.620946982514,234255
2025-01-31,5552.41796875,5724.882672732184,5523.7482198238495,5691.633677164911,429090
2025-02-01,5593.08251953125,5628.222806331436,5485.0247401751485,5563.666655687642,108307
2025-02-03,5857.4287109375,5928.106882888078,5446.201109036809,5593.530256201394,1299208
2025-02-04,6068.6171875,6201.760931412754,5945.627403905359,6022.527248520389,1307734
2025-02-05,6095.74365234375,6179.06445487108,5980.269452348343,6033.07879507422,389786
2025-02-06,6091.9609375,6177.769920178685,6070.408683343801,6120.430911122844,373619
2025-02-07,6112.71630859375,6133.571542184915,6052.938693866003,6088.8250942770355,153029
2025-02-10,5911.880859375,6150.99229329895,5894.808692819371,6114.16000411752,284788
2025-02-11,5919.794921875,5937.762911470981,5835.528715622552,5922.980611530686,443166
2025-02-12,5942.7900390625,5972.803278322475,5778.687171776995,5919.794649227363,292103
2025-02-13,5983.255859375,6127.100875876071,5957.622577887785,5972.505007586199,667461
2025-02-14,5817.26171875,6032.5315106951875,5739.913719309435,5990.024864864247,294685
2025-02-17,5896.89892578125,5913.0752680549695,5734.140035827212,5805.564808635789,207670
2025-02-18,5813.23046875,5951.799222468671,5766.74195235234,5923.030315293703,283564
2025-02-19,5907.99853515625,5929.251858338458,5713.982063691543,5783.664771785342,337225
2025-02-20,5951.20166015625,5960.808307963312,5865.591476743879,5888.188777722946,292029
2025-02-21,5730.95458984375,5971.11106611291,5658.38512386555,5932.984864514787,1003530
2025-02-24,5676.70166015625,5724.633797841997,5638.774746197062,5654.652157440166,306309
2025-02-25,5700.443359375,5748.12614173157,5639.122481753844,5675.15858934262,188012
2025-02-27,5590.3447265625,5758.777977834928,5553.960593402855,5700.443500413702,257921
2025-02-28,5455.4091796875,5574.6163781305595,5340.53236082319,5574.6163781305595,564464
2025-03-03,5515.13720703125,5547.141380600752,5336.351199004459,5455.409174465594,308548
2025-03-04,5492.68994140625,5531.762031691863,5433.111128177517,5475.069976327957,142095
2025-03-05,5491.54443359375,5537.833658780321,5435.25095739082,5435.25095739082,392202
2025-03-06,5543.45849609375,5620.358338750697,5524.793485740122,5524.793485740122,280218
2025-03-07,5553.462890625,5594.326626587255,5503.341017647482,5528.128054823588,187672
2025-03-10,5489.25537109375,5606.123130899038,5461.97966522117,5553.463009745524,281666
2025-03-11,5521.1103515625,5552.915725296877,5389.708671795766,5429.27849581643,211471
2025-03-12,5641.4619140625,5651.367007250477,5456.852811212023,5499.956347070472,345394
2025-03-13,5594.97412109375,5732.149314241328,5578.598490341406,5669.6837440648615,219553
2025-03-17,5645.1455078125,5669.185944498752,5556.747725061699,5594.974056017716,133663
2025-03-18,5645.1455078125,5645.1455078125,5645.1455078125,5645.1455078125,0
2025-03-19,5791.72802734375,5823.48333498245,5716.022452348186,5753.80062841001,231264
2025-03-20,5795.7099609375,5839.211588027873,5778.687373785619,5823.483399938996,252148
2025-03-21,5771.072265625,5828.958590068384,5713.53396587115,5821.492585555446,537097
2025-03-24,5883.908203125,5908.097861779741,5749.221198645329,5769.628276348191,322013
2025-03-25,5814.17578125,5913.324418008852,5789.090297825134,5913.324418008852,330676
2025-03-26,5812.732421875,5891.374332747787,5741.406806260676,5843.243395145592,238411
2025-03-27,5846.03076171875,5867.035218314141,5701.240339042895,5811.537918051828,385946
2025-03-28,5749.271484375,5858.324726444316,5711.991041688612,5823.483372931053,291524
2025-04-01,5524.544921875,5792.126330550303,5495.974816699874,5723.439088682472,341053
2025-04-02,5640.3173828125,5655.697546100347,5509.911174350015,5525.390495507489,316866
2025-04-03,5736.8779296875,5942.939656469613,5703.3805529580195,5863.252695201607,537669
2025-04-04,5457.99755859375,5736.529093047371,5360.541414715739,5733.891202121103,681423
2025-04-07,5235.11279296875,5334.55987600868,4932.540321884288,4932.540321884288,565168
2025-04-08,5362.88037109375,5450.18304089751,5278.962678699451,5322.862880406852,369634
2025-04-09,5361.73583984375,5404.989086351774,5207.886570540414,5275.976433334376,458062
2025-04-11,5563.96484375,5599.5032186046055,5361.73577138857,5524.843175689877,794543
2025-04-15,5708.5068359375,5741.357254559165,5579.593829528239,5612.941981765384,586197
2025-04-16,5727.91845703125,5779.185019515976,5659.231217974046,5689.095234955439,280947
2025-04-17,5614.43505859375,5771.718877611093,5570.634501399048,5723.936451580508,531948
2025-04-21,5864.79541015625,5893.166227297802,5772.714687854722,5823.483518529078,717346
2025-04-22,5884.70458984375,5991.219584534316,5796.605739095011,5857.826974361084,666774
2025-04-23,5897.6455078125,5947.916602106454,5864.795089759024,5900.134175846854,637067
2025-04-24,6187.32666015625,6279.905113924174,5926.514242014357,5955.382792114032,2081063
2025-04-25,5985.24658203125,6256.511395936201,5937.464156095699,6211.715371621622,964571
2025-04-28,5999.18359375,6097.2371213339,5964.839972413507,5987.735719971169,317230
2025-04-29,6080.31396484375,6102.214244350391,5889.184252785793,6027.5542005777515,640125
2025-04-30,6059.4091796875,6108.1870751704455,5988.23327097259,6087.779996447988,489551
2025-05-02,6051.943359375,6125.11020482513,6018.097471683784,6052.441093017518,957962
2025-05-05,6096.7392578125,6179.8607743489265,6068.368440791085,6177.372106189153,399200
2025-05-06,6133.07373046875,6150.494407352893,5942.939485618964,6082.304900692106,344379
2025-05-07,6120.1328125,6142.033092570755,6032.03395857901,6057.418374115566,346799
2025-05-08,5933.482421875,6155.969347684758,5893.165999077259,6144.521474544658,364862
2025-05-09,5998.18798828125,6028.052006146728,5815.022012039652,5815.022012039652,449984
2025-05-12,5915.06640625,6016.604065865869,5851.854235802865,6007.644860605646,705516
2025-05-13,6048.95654296875,6119.634715362527,5928.00727612588,5928.505009734286,759310
2025-05-14,6187.32666015625,6254.022965558948,6028.051900985628,6072.350193379958,576348
2025-05-15,6186.3310546875,6231.12707970334,6135.562226336215,6170.403579126312,462230
2025-05-16,6251.03662109375,6294.339446639984,6134.069218756221,6210.720197309325,556329
2025-05-19,6550.17431640625,6674.607719073542,6304.79164634635,6370.990216565349,2712326
2025-05-20,6423.25244140625,6565.106524769349,6403.840829998669,6550.174515994286,448280
2025-05-21,6522.30126953125,6566.59956112071,6424.745481311766,6424.745481311766,510445
2025-05-22,6508.36474609375,6540.219697435903,6428.7273677383655,6510.355680552634,326992
2025-05-23,6453.6142578125,6530.265236965911,6427.732109007452,6530.265236965911,224119
2025-05-26,6706.462890625,6733.340506484711,6562.617872412841,6609.902566980852,1467231
2025-05-27,6667.6396484375,6729.856351636566,6653.703106920909,6694.517264219497,294304
2025-05-28,6605.92041015625,6719.403672175209,6589.992934785168,6699.494327961356,312692
2025-05-29,6601.44091796875,6640.2641398342075,6573.070101990147,6614.879725537562,364770
2025-05-30,6582.029296875,6637.277727905938,6511.351123844431,6571.576891004282,786589
2025-06-02,6509.3603515625,6600.94333861614,6490.446473801422,6584.518128981519,283232
2025-06-03,6500.40087890625,6570.083583580589,6484.971137156932,6514.3374198411175,398776
2025-06-04,6588.00244140625,6619.359660642318,6500.401321000727,6520.310666547437,407206
2025-06-05,6598.45458984375,6648.7256853837835,6578.047511456212,6597.956856224542,200706
2025-06-06,6514.83544921875,6599.947899506504,6475.514492653063,6599.947899506504,361092
2025-06-09,6602.93408203125,6624.336627299405,6517.821634569518,6527.776306787264,254156
2025-06-10,6643.74853515625,6666.644282280702,6581.034097380577,6614.382250800974,288574
2025-06-11,6688.54443359375,6735.33139420975,6649.721210954941,6649.721210954941,539922
2025-06-12,6694.51708984375,6831.3938333163915,6675.603212563894,6688.544286492216,647651
2025-06-13,6636.7802734375,6690.037772256895,6581.034106448974,6669.630693270024,431430
2025-06-16,6657.18701171875,6667.639417494159,6585.015638507593,6601.938581191589,166374
2025-06-17,6508.36474609375,6672.119105337008,6461.080052695241,6659.675764968979,341004
2025-06-18,6519.31494140625,6618.861665202345,6483.478120839656,6518.319474168289,447218
2025-06-19,6463.56884765625,6536.7356904566095,6450.627773419452,6515.333144603443,240502
2025-06-20,6562.1201171875,6572.572523320763,6426.238837455083,6470.537130115102,560932
2025-06-23,6605.92041015625,6634.29122566099,6530.264902143611,6540.219574250536,478962
2025-06-24,6535.740234375,6649.721234578478,6525.287828242804,6649.721234578478,270144
2025-06-25,6556.64501953125,6577.549831709213,6490.4464476343655,6555.151818661396,234226
2025-06-26,6586.01123046875,6597.956837295476,6509.360253330586,6559.133615108614,404238
2025-06-27,6627.82080078125,6663.657620971717,6521.305807437364,6521.305807437364,545217
2025-06-30,6778.63427734375,6798.045888828911,6635.784726158079,6649.721267737169,599664
2025-07-01,6825.42138671875,6843.837531348561,6665.648888714177,6797.548302954712,385716
2025-07-02,6828.40771484375,6854.289863773838,6712.435778291626,6825.421313044125,437491
2025-07-03,6844.8330078125,6908.542913644379,6821.937260404168,6856.778615155978,302964
2025-07-04,6875.1943359375,6913.519823801627,6838.859782507873,6848.814454680373,243498
2025-07-07,6857.27587890625,6899.583235348657,6829.900530619987,6883.6557599821035,85574
2025-07-08,6906.5517578125,7039.446635250951,6879.674142150791,6970.261661603218,531444
2025-07-09,6951.845703125,6977.727852230928,6888.633531270137,6898.588204003186,382020
2025-07-10,6813.4755859375,6950.850066302665,6799.0413108266675,6928.4520531996495,183664
2025-07-11,6804.0185546875,6874.198994790714,6794.063882332434,6799.041218509968,224031
2025-07-14,6747.77490234375,6794.561864121452,6515.333294363037,6619.857357908967,968781
2025-07-15,6759.22265625,6787.593472995674,6703.974223640004,6769.1773287923415,132235
2025-07-16,6800.03662109375,6828.40743703595,6720.39924301038,6759.222464826023,327289
2025-07-17,6759.72021484375,6849.809999019195,6732.344866061157,6799.538903982068,291956
2025-07-18,6700.98779296875,6750.761155465732,6652.209897721707,6749.267954590823,196816
2025-07-21,6657.68505859375,6715.422159879402,6633.29611063688,6711.440290825219,152442
2025-07-22,6583.02490234375,6654.698544105243,6549.676749579722,6654.698544105243,272172
2025-07-23,6622.84375,6648.725899030513,6586.011460995041,6610.898142755148,206835
2025-07-24,6588.5,6653.205371307698,6570.083855858578,6622.843620155625,183852
2025-07-25,6616.5,6652.0,6569.0,6598.0,179064
2025-07-28,6584.0,6713.5,6555.5,6616.5,155158
2025-07-29,6676.5,6688.0,6473.0,6580.0,207710
2025-07-30,6650.0,6733.5,6601.5,6643.5,226974
2025-07-31,6595.5,6662.5,6552.0,6556.0,208301
2025-08-01,6361.5,6598.0,6335.5,6598.0,467222
2025-08-04,6489.5,6513.5,6343.0,6372.0,351237
2025-08-05,6409.0,6530.5,6363.5,6489.5,377699
2025-08-06,6133.5,6449.0,6054.5,6410.5,984259
2025-08-07,6131.5,6174.5,5960.5,6150.0,1004420
2025-08-08,5914.5,6118.0,5893.5,6100.0,541367
2025-08-11,5992.0,6016.0,5856.5,5891.0,677693
2025-08-12,5961.0,6015.0,5947.0,5992.0,477759
2025-08-13,6100.5,6150.0,5970.0,5971.0,394932
2025-08-14,6132.5,6205.0,6091.0,6155.0,407062
2025-08-18,6164.5,6211.5,6092.5,6148.0,362833
2025-08-19,6079.5,6170.5,6075.0,6165.0,246497
2025-08-20,6005.0,6096.0,5952.5,6084.0,544008
2025-08-21,6028.0,6060.0,5988.0,6005.0,219909
2025-08-22,6151.5,6188.0,6088.0,6088.0,681524
2025-08-25,6248.5,6314.5,6204.0,6255.0,439686
2025-08-26,6190.5,6260.0,6120.0,6260.0,546739
2025-08-28,6132.0,6275.0,6108.5,6275.0,415482
2025-08-29,6131.5,6177.5,6092.0,6132.0,283850
2025-09-01,6093.0,6135.0,6064.0,6131.5,192062
2025-09-02,6120.5,6148.5,6059.5,6093.0,307162
2025-09-03,6164.0,6188.0,6097.0,6145.0,281110
2025-09-04,6133.5,6197.5,6093.5,6163.0,294429
2025-09-05,6009.0,6177.5,6002.5,6133.5,213926
2025-09-08,6027.5,6066.0,5940.0,6029.0,519368
2025-09-09,6002.5,6050.0,5997.5,6025.0,254569
2025-09-10,6031.5,6043.0,5896.5,6015.0,810989
2025-09-11,6015.5,6075.0,5996.0,6035.0,258301
2025-09-12,6026.5,6083.5,6004.0,6025.0,487571
2025-09-15,6057.0,6065.5,5974.0,6011.0,152355
2025-09-16,6099.5,6175.0,6060.5,6125.0,285215
2025-09-17,6051.5,6138.5,6037.0,6089.0,413995
2025-09-18,6112.0,6129.5,6042.0,6052.0,480382
2025-09-19,6200.0,6280.0,6156.5,6187.0,734989
2025-09-22,6092.5,6201.0,6081.0,6200.0,290634
2025-09-23,6051.0,6128.0,6006.5,6092.5,264356
2025-09-24,5984.0,6078.5,5965.0,6037.0,253046
2025-09-25,5897.0,6011.0,5885.0,5985.0,210498
2025-09-26,5689.5,5824.0,5656.5,5824.0,672699
2025-09-29,5697.5,5735.0,5636.5,5717.0,467714
2025-09-30,5689.5,5736.5,5665.0,5713.5,281179
2025-10-01,5710.0,5749.5,5675.0,5692.5,721666
2025-10-03,5866.0,5932.0,5746.0,5759.5,655087
2025-10-06,5826.5,5898.0,5802.5,5885.0,196219
2025-10-07,6104.5,6120.0,5831.5,5860.0,1024126
2025-10-08,6120.5,6267.5,6104.0,6115.0,874932
2025-10-09,6132.0,6218.5,6123.5,6149.0,336390
2025-10-10,6474.5,6507.5,6110.0,6132.5,1651908
2025-10-13,6556.0,6620.0,6439.5,6465.5,905107
2025-10-14,6561.0,6585.0,6495.0,6570.0,321275
2025-10-15,6573.0,6608.5,6527.0,6580.0,462127
2025-10-16,6600.5,6632.5,6538.5,6573.0,335444
2025-10-17,6621.5,6647.0,6556.5,6580.0,302575
2025-10-20,6604.0,6669.0,6570.5,6645.0,368513
2025-10-21,6587.0,6657.0,6553.0,6648.0,32977
2025-10-23,6565.5,6627.5,6548.5,6600.0,286780
2025-10-24,6593.0,6675.0,6535.0,6564.0,250640
2025-10-27,6490.0,6610.0,6468.5,6610.0,342190
2025-10-28,6438.5,6514.5,6383.0,6495.0,305957
2025-10-29,6512.0,6538.5,6450.0,6450.0,325673
2025-10-30,6655.0,6695.0,6536.5,6545.0,537064
2025-10-31,6738.0,6775.0,6608.5,6642.0,507645
2025-11-03,6804.0,6861.5,6732.0,6738.0,499591
2025-11-04,6804.5,6866.0,6757.0,6803.0,801413
2025-11-06,6883.5,6904.5,6764.0,6792.5,721954
2025-11-07,6656.5,6892.0,6601.5,6874.5,855609
2025-11-10,6691.5,6748.0,6636.5,6700.0,418569
2025-11-11,6539.5,6725.0,6489.0,6711.0,388972
2025-11-12,6520.0,6574.5,6481.0,6570.5,476290
2025-11-13,6593.5,6645.0,6473.0,6525.5,397401
2025-11-14,6511.5,6632.0,6481.0,6584.0,147365
2025-11-17,6518.5,6559.0,6476.0,6528.0,242726
2025-11-18,6473.5,6552.0,6456.0,6485.0,162830
2025-11-19,6454.0,6512.0,6434.0,6510.0,128134
2025-11-20,6462.5,6497.5,6433.0,6495.0,114162
2025-11-21,6373.0,6462.0,6355.5,6462.0,130843
2025-11-24,6359.0,6382.5,6322.0,6364.0,393803
2025-11-25,6412.0,6443.0,6341.0,6355.0,179873
2025-11-26,6510.0,6530.0,6411.5,6417.5,126970
2025-11-27,6490.5,6542.0,6451.0,6514.5,95681
2025-11-28,6477.0,6568.0,6434.5,6500.0,250130
2025-12-01,6422.5,6524.5,6404.5,6500.5,100192
2025-12-02,6417.5,6453.5,6370.5,6400.5,151910
2025-12-03,6455.0,6467.5,6342.5,6419.5,278865
2025-12-04,6469.0,6492.5,6413.0,6455.0,200558
2025-12-05,6473.5,6486.5,6394.5,6467.0,148911
2025-12-08,6328.5,6486.0,6269.5,6486.0,179082
2025-12-09,6294.0,6341.5,6265.0,6320.0,236524
2025-12-10,6294.5,6407.0,6279.5,6294.0,270852
2025-12-11,6430.0,6498.0,6274.0,6300.5,264850
2025-12-12,6426.5,6519.0,6410.0,6430.0,128635
2025-12-15,6347.5,6416.0,6330.5,6410.0,131176
2025-12-16,6335.5,6375.0,6283.0,6348.0,169831
2025-12-17,6293.0,6374.5,6280.5,6312.0,194825
2025-12-18,6380.0,6437.0,6281.0,6300.0,396678
2025-12-19,6478.5,6598.0,6408.5,6410.0,785205
2025-12-22,6511.5,6543.0,6450.5,6500.0,255434
2025-12-23,6476.5,6552.0,6448.0,6521.5,192477
2025-12-24,6496.5,6580.0,6486.0,6500.0,252785
2025-12-26,6427.5,6547.0,6402.0,6495.0,252704
2025-12-29,6390.5,6454.5,6371.0,6450.0,244981
2025-12-30,6360.5,6500.0,6285.0,6410.0,1927570
2025-12-31,6392.5,6499.5,6366.0,6499.5,273233
2026-01-01,6344.0,6413.5,6300.0,6398.0,146473
2026-01-02,6392.5,6398.0,6332.5,6351.0,108528
2026-01-05,6363.5,6447.0,6345.0,6400.0,145454
2026-01-06,6642.5,6660.0,6393.0,6405.5,732441
2026-01-07,6642.5,6731.5,6613.0,6680.0,423884
2026-01-08,6600.5,6700.0,6580.5,6645.0,331547
2026-01-09,6616.5,6657.0,6529.5,6600.0,351042
2026-01-12,6485.5,6635.5,6340.0,6635.0,665870
2026-01-13,6436.5,6524.0,6372.0,6461.0,253726
2026-01-14,6355.5,6462.0,6345.5,6405.0,524643
2026-01-15,6355.5,6355.5,6355.5,6355.5,0
2026-01-16,6236.0,6384.0,6227.5,6355.5,409423
2026-01-19,6140.0,6257.5,6100.0,6236.0,351743
2026-01-20,6013.0,6163.5,6000.0,6142.5,204440
2026-01-21,6010.0,6092.5,5955.0,6005.0,324388
2026-01-22,6071.0,6135.0,6010.0,6021.0,372206
2026-01-23,6011.5,6145.0,5987.0,6099.5,460503
2026-01-27,6056.0,6087.5,6000.0,6065.5,367912
2026-01-28,6188.0,6256.0,6062.0,6100.0,335259
2026-01-29,6041.0,6222.0,5991.5,6181.5,405502
2026-01-30,6051.0,6080.0,5974.5,6041.0,347165
2026-02-02,5952.5,6056.5,5890.0,6056.0,400656
2026-02-03,6209.0,6304.5,6150.0,6150.0,454227
2026-02-04,6054.5,6225.0,6021.5,6225.0,327213
2026-02-05,6141.5,6173.0,5936.0,6054.0,370561
2026-02-06,6024.5,6099.5,5939.0,6081.5,433945
2026-02-09,6113.5,6150.0,6041.0,6079.0,219396
2026-02-10,6175.5,6228.0,6151.0,6153.0,237887
2026-02-11,6386.5,6793.0,6126.0,6194.0,1263189
2026-02-12,6185.0,6448.0,6131.5,6448.0,1200795
2026-02-13,6168.5,6200.0,6054.0,6141.0,299364
2026-02-16,6149.5,6222.0,6008.5,6105.5,175634
2026-02-17,6187.5,6230.0,6102.5,6125.5,151261
2026-02-18,6283.5,6299.0,6165.0,6165.0,438670
2026-02-19,6297.5,6350.0,6251.0,6255.0,185828
2026-02-20,6291.0,6320.0,6251.5,6297.5,338573
2026-02-23,6293.5,6343.5,6245.5,6337.0,97285
2026-02-24,6255.5,6293.5,6226.5,6255.0,92139
2026-02-25,6395.5,6418.0,6250.0,6254.5,348440
2026-02-26,6474.0,6564.5,6376.0,6442.0,392374
2026-02-27,6408.5,6475.0,6383.5,6424.0,466870
2026-03-02,6403.5,6419.0,6263.5,6271.5,300339
2026-03-04,6316.0,6363.5,6238.5,6340.0,369392
2026-03-05,6364.5,6395.0,6300.0,6316.5,291293
2026-03-06,6329.0,6428.0,6315.0,6340.0,269349
2026-03-09,6330.0,6364.0,6173.5,6277.0,260778
2026-03-10,6372.0,6479.0,6354.0,6364.5,298252
2026-03-11,6352.5,6450.0,6330.0,6373.0,254117
2026-03-12,6282.0,6330.5,6221.0,6330.0,153876
2026-03-13,6071.0,6326.0,6055.0,6275.0,200936
2026-03-16,6071.0,6130.0,5927.0,6010.0,282845
2026-03-17,6086.5,6147.0,6051.5,6074.0,183604
2026-03-18,6140.0,6183.0,6086.5,6086.5,180112
2026-03-19,5972.5,6117.0,5955.0,6100.0,122495
2026-03-20,6100.0,6180.0,6030.5,6050.0,283471
2026-03-23,6013.5,6047.0,5982.0,6036.5,227221
2026-03-24,6026.0,6092.0,5946.0,6090.0,228968
2026-03-25,6014.5,6137.5,5996.5,6026.0,250204
2026-03-27,5997.5,6060.0,5935.0,6011.5,540647
2026-03-30,5947.0,5990.0,5901.5,5960.0,492229
2026-04-01,5906.5,6123.0,5834.0,6002.0,546653
2026-04-02,5856.5,5869.5,5647.5,5851.0,513534
2026-04-06,5821.0,5903.5,5727.0,5860.0,346192
2026-04-07,5850.0,5907.0,5708.0,5788.0,347412
2026-04-08,5882.0,5984.5,5870.0,5920.0,302280
2026-04-09,5952.5,5964.0,5852.0,5852.0,237284
2026-04-10,6116.5,6130.0,5931.0,5931.0,334871
2026-04-13,6070.0,6116.0,5970.0,6009.0,211392
2026-04-15,6177.5,6184.0,6101.0,6124.0,251355
2026-04-16,6293.5,6313.0,6180.0,6200.0,350424
2026-04-17,6229.0,6325.0,6212.0,6305.5,169295
2026-04-20,6280.0,6298.0,6187.5,6269.5,208547
2026-04-21,6286.0,6305.0,6238.5,6282.0,242433
