Price,Close,High,Low,Open,Volume
Ticker,HCLTECH.NS,HCLTECH.NS,HCLTECH.NS,HCLTECH.NS,HCLTECH.NS
Date,,,,,
2006-04-21,46.77481460571289,47.575342181746066,46.329242241085254,46.8080441218418,9641568
2006-04-24,46.54067611694336,47.14031438023707,45.690307020667134,46.82010536276067,5303632
2006-04-25,45.18000411987305,47.05300363324315,44.69655272430852,47.05300363324315,5797520
2006-04-26,45.157222747802734,45.60571064090821,44.09301859154345,45.60571064090821,6962840
2006-04-27,43.7691764831543,46.32326811894272,42.9527809674171,45.228656755096274,7399936
2006-04-28,43.79960250854492,44.39251531254671,41.808019558049125,43.32831117834182,0
2006-05-02,43.343505859375,44.08084806725067,42.64417093397167,43.7129355315116,6284296
2006-05-03,44.080867767333984,44.44269336094228,42.94824838765732,44.01245277248423,7781544
2006-05-04,44.848602294921875,45.00063145524365,43.86041275283038,44.84860229492188,2499264
2006-05-05,44.49134826660156,45.57075660705841,42.94825268221518,44.85621744997142,1819864
2006-05-08,45.000640869140625,45.289495406266475,44.20704830066313,44.5445532927642,2479176
2006-05-09,44.967193603515625,45.23628359939891,44.41228798828728,45.07665480582729,2815232
2006-05-10,45.742530822753906,45.9888173003466,44.92917395250492,45.23627116142546,4418848
2006-05-11,43.67036056518555,45.988804424607935,43.024236866658,45.988804424607935,5351960
2006-05-12,43.690120697021484,44.16445071625725,42.948217994294914,43.70836344552137,6693200
2006-05-15,41.94483184814453,43.93641418006655,40.68299205104636,43.93641418006655,3756024
2006-05-16,41.27287292480469,42.49214496703353,40.51576613135756,42.49214496703353,4156016
2006-05-17,41.64078140258789,42.1774440926048,41.047868671905945,41.41729837645839,8248520
2006-05-18,40.12504577636719,41.478104058547764,39.42115018653981,41.478104058547764,5141824
2006-05-19,38.13346862792969,40.9642527300734,36.334963662815014,40.667794057753206,2749024
2006-05-22,37.33531951904297,39.14750673699951,35.87887996090052,39.08669600396114,3482808
2006-05-23,39.714576721191406,41.35192900454849,33.53002966231339,38.007287688004126,6267824
2006-05-24,39.25391387939453,41.503942612063454,33.116497784548606,39.7145618480779,3981544
2006-05-25,38.84041213989258,39.48957735264903,36.48700121130228,38.014894850981776,5203912
2006-05-26,38.64581298828125,39.79059472631665,38.00729096404154,38.00729096404154,2632176
2006-05-29,38.794803619384766,39.89701513405432,38.31135195816946,39.440927610742776,1752400
2006-05-30,39.782989501953125,40.36374200703696,38.12131189553491,38.53939208581495,3571576
2006-05-31,38.32655334472656,39.223524488449264,36.56301410648081,38.88145886791046,0
2006-06-01,38.11827850341797,38.919472991492555,36.87468083148174,38.61541460874652,5178576
2006-06-02,38.668617248535156,39.139908566044234,37.24410246123855,37.931274904640816,2729592
2006-06-05,37.49040985107422,39.147527565750465,37.019118300039764,38.61542524932279,2923560
2006-06-06,35.32093811035156,37.23954553502355,34.5866369249557,37.01910369769983,5665408
2006-06-07,33.712467193603516,35.346780710317105,32.68627033427173,34.890693217280756,7655648
2006-06-08,31.32257080078125,33.446418565257595,27.236025826478,33.446418565257595,7788664
2006-06-09,33.758079528808594,34.05453596274231,31.013952394640313,31.24959808512445,3065032
2006-06-12,32.941673278808594,34.51061513315879,32.07814886826654,34.05452770849149,2724648
2006-06-13,31.58100128173828,33.446398810382966,28.885526245330745,32.078137040867304,2077208
2006-06-14,30.922727584838867,33.8462497531154,30.25380026567098,31.470033442180366,4838240
2006-06-15,32.48103713989258,33.29439427497932,30.831521737772754,33.29439427497932,0
2006-06-16,33.20772171020508,33.82648138201336,31.938279868186537,33.066335732979354,0
2006-06-19,32.959922790527344,33.44641564504454,31.926124024815238,33.44641564504454,3163928
2006-06-20,33.127159118652344,33.75047971701423,31.318012710382572,32.690836091667805,2122248
2006-06-21,36.04307174682617,36.86706947485965,32.31075558964196,32.68322654924624,5331624
2006-06-22,35.574825286865234,36.48700029422075,34.44220845002167,36.48700029422075,6948200
2006-06-23,36.13732147216797,36.48698891320895,34.71585058762571,35.11872682896361,3897840
2006-06-26,35.678199768066406,36.023306587713854,35.08072632273835,35.11873361019528,4364728
2006-06-27,36.065879821777344,36.49460320028558,34.08950058590031,35.08073143681734,3175200
2006-06-28,36.023311614990234,36.52500834339263,34.206563484967084,34.206563484967084,1485632
2006-06-29,37.45238494873047,37.855261299710605,36.25895510032522,36.48699884309456,5860344
2006-06-30,38.36152267456055,38.71878985016714,37.70323605696639,37.855265234615445,1347872
2006-07-03,38.661006927490234,39.132295822829875,37.24713560191062,38.3995166470699,1607832
2006-07-04,37.58616638183594,38.957469974476105,37.41437501852135,38.957469974476105,979016
2006-07-05,38.60779571533203,38.767426760064836,36.836657342245125,38.387353948691654,2336768
2006-07-06,38.38432312011719,38.7674372673568,37.39917477556774,38.31134977009378,2993072
2006-07-07,37.13008499145508,41.42795044495274,36.33497305080259,39.147512805781034,9143152
2006-07-10,39.3907470703125,39.65679803808247,36.50979330635049,37.39916461223655,5030720
2006-07-11,38.7643928527832,39.816434315079626,38.32350923619503,39.65680555996442,3078376
2006-07-12,42.207862854003906,42.94520532008453,38.00729578186247,38.76744169749971,8899232
2006-07-13,41.227272033691406,42.41614133809647,40.6723664530589,42.1120829772499,6325608
2006-07-14,42.37812042236328,42.95279035407783,40.28771986341263,40.89583638965282,8303856
2006-07-17,41.747215270996094,42.45415005573959,41.35649915072131,42.45415005573959,3447696
2006-07-18,41.61037826538086,46.900990582199995,40.211708294949425,42.454138152607285,2997504
2006-07-19,41.0904541015625,42.56057858250226,39.75563784256484,41.95246175125844,3667656
2006-07-20,41.903804779052734,42.416142387423875,41.1238943218572,42.416142387423875,5223536
2006-07-21,39.1094970703125,41.77000707509566,38.387358640442784,41.57997064618258,6967256
2006-07-24,39.003082275390625,39.37555560313705,37.36116907131633,38.083307639327536,6493064
2006-07-25,40.432151794433594,40.78181696195487,39.45612267047029,39.45612267047029,2549296
2006-07-26,41.2880859375,41.57238442387976,39.61576482487026,40.51577968325678,3618432
2006-07-27,40.953617095947266,42.56816608141978,40.667801524213544,41.28807847427842,5298896
2006-07-28,40.18130874633789,41.42794982629343,39.54734969027017,41.219670600689355,1564552
2006-07-31,39.51693344116211,41.00986071680325,39.16270758462593,40.66779515012001,1125016
2006-08-01,39.231117248535156,39.82099104695838,38.69141566386172,39.37554678561959,1422600
2006-08-02,40.73316955566406,40.895841861694194,38.46337543125885,39.231120792540395,1745456
2006-08-03,41.268314361572266,41.4279431122352,40.29228518335587,40.89584109061016,0
2006-08-04,41.716800689697266,41.995016651409536,41.04787331178789,41.424907299856926,2381920
2006-08-07,41.443172454833984,41.80500279450129,40.89586625363824,41.067660040082316,2552464
2006-08-08,41.86579132080078,42.036063239694975,41.29568196402373,41.50092226037583,886928
2006-08-09,42.77035903930664,43.01665016133038,41.57997282755198,41.7320019786582,1378272
2006-08-10,44.47612380981445,44.696567922399076,42.85397545649936,42.85397545649936,2888024
2006-08-11,44.47612380981445,45.532728206661645,43.708378495543315,44.54909946850123,3396960
2006-08-14,44.848602294921875,45.152660615565416,44.62055855443923,44.62055855443923,1996552
2006-08-16,44.217674255371094,45.75316942638912,43.72814026159055,45.22866706178107,3177328
2006-08-17,44.85619354248047,45.145052604940176,43.9440187504458,45.058394886202265,2192664
2006-08-18,43.685577392578125,45.53273064613682,42.95583468529714,45.14505816757861,6547680
2006-08-21,44.400108337402344,45.935603574342444,44.18422955745564,45.935603574342444,3660128
2006-08-22,44.08542251586914,45.59811004668444,43.784403074489596,45.19827256794507,3090440
2006-08-23,43.036415100097656,44.75738640591216,42.68978878051329,44.088458990520124,1551696
2006-08-24,43.49250793457031,44.06566094097594,40.135705514744664,42.56817251563828,3422896
2006-08-25,43.682518005371094,44.01242318429005,43.10024861052238,43.495525187066995,1905728
2006-08-28,43.807193756103516,44.01243401361287,42.370521232659975,43.7539826316291,1947576
2006-08-29,44.134063720703125,44.43052244140635,43.63996894590562,44.01244224734693,1741848
2006-08-30,44.00180435180664,44.46853504681865,43.73879684033683,44.39252045699503,1144272
2006-08-31,44.210060119628906,44.468511443672504,43.25227865205069,44.09603829541436,4248488
2006-09-01,44.03980255126953,44.35146508891678,43.7083801215815,44.184232097930625,508632
2006-09-04,44.54149627685547,44.77257888472828,44.012433233035104,44.08844779820442,2637664
2006-09-05,44.41987991333008,44.772588686425976,44.308901593206244,44.772588686425976,1553288
2006-09-06,43.956199645996094,44.541512944742195,43.72815586515184,44.468537264629504,1360544
2006-09-07,43.12003707885742,43.86041844335284,42.53016311794786,43.55636008326027,3170560
2006-09-08,42.78862380981445,43.7007990868581,42.42831067814897,43.7007990868581,1631536
2006-09-11,41.934207916259766,44.24049268636906,41.12389440433962,43.32071797603415,4549680
2006-09-12,43.21429443359375,43.48034549870822,41.81258520780814,42.081675186281466,1682936
2006-09-13,43.08200454711914,44.080836788418765,42.66392454689622,43.335890530919286,2431912
2006-09-14,42.78557586669922,44.07782404326764,42.18810223502797,44.07782404326764,3832040
2006-09-15,42.95278549194336,43.241639881297765,42.49213746104291,43.135222284988444,4203136
2006-09-18,42.68979263305664,43.24165930841598,42.57273183265654,43.176287873370306,2730856
2006-09-19,42.2686882019043,42.720215217364334,41.914462124250356,42.56818598171535,3785560
2006-09-20,42.21090316772461,42.64418728192407,41.47356067718345,42.29452200495616,7491656
2006-09-21,42.53472900390625,43.10027780834965,42.27932106372225,42.56817561318484,1498392
2006-09-22,42.451107025146484,42.94824074333136,42.00565802871483,42.279313319843226,2987224
2006-09-25,42.256500244140625,48.7329377317804,41.80801243672228,43.252289229990865,1897152
2006-09-26,42.37053680419922,42.94824586622067,41.73657304504956,42.94824586622067,4389424
2006-09-27,42.192657470703125,43.16868683223216,41.435550496067286,42.56816972493054,2756560
2006-09-28,41.73656463623047,42.484550136360966,35.039679750167934,42.21849910937603,1738600
2006-09-29,41.82321548461914,42.13183443953149,41.80801164338209,41.89923005124347,1001392
2006-10-03,42.05885696411133,42.26409721302196,41.804970920733886,41.96003895969087,1665384
2006-10-04,41.89619445800781,42.33708273983038,41.73200500431607,42.18809249070204,4048608
2006-10-05,41.858184814453125,42.940636285192,41.59213379568381,42.147043917909066,3349088
2006-10-06,41.96003723144531,42.26105656008661,41.503949870233946,42.14247403175408,5229320
2006-10-09,41.80495834350586,42.11205541673672,41.54954596148365,42.11205541673672,2058152
2006-10-10,41.91139221191406,42.51494808344353,41.81561311136095,42.074064505248366,1165008
2006-10-11,42.332523345947266,43.55635628270817,42.116639887711216,42.17288993709021,3763656
2006-10-12,44.2404899597168,44.369715686480646,42.27171028609695,42.33252566779445,2945848
2006-10-13,44.51869201660156,45.2286701576257,43.86040786714291,44.468524440690814,7294808
2006-10-16,44.44572830200195,44.848604670280196,44.08845882841104,44.848604670280196,4489016
2006-10-17,46.12566375732422,46.44492604264957,45.228692300125196,45.608765344664064,7699304
2006-10-18,46.229034423828125,46.74897629919753,45.76838616002342,46.12565568729568,6240456
2006-10-19,45.69236755371094,46.593904104561354,45.532738772769896,46.254877367663575,2840528
2006-10-20,45.84233856201172,46.60298517350842,45.416866503246716,45.998445402344366,3320968
2006-10-23,46.78665542602539,47.44475826924509,44.77101638253646,45.60818698140335,4900800
2006-10-26,47.27335739135742,47.819738605614354,46.26324199902244,46.83257942592809,6817488
2006-10-27,48.600257873535156,49.12827390053585,47.14324657199695,47.36822670472226,6880216
2006-10-30,48.84209442138672,49.05176894226131,47.47538010816204,47.47538010816204,4753496
2006-10-31,47.625343322753906,48.97216478669995,47.215176942232354,48.592605118829084,3256136
2006-11-01,47.12336730957031,47.98043502565647,46.86318912457634,47.67433974638593,3242144
2006-11-02,47.143253326416016,47.58249920308821,46.557083057518085,47.06213828303031,1224632
2006-11-03,46.1821174621582,47.44476027595375,45.68471271732965,47.21518885526365,3431752
2006-11-06,46.76828384399414,46.89378399772933,46.10558978695218,46.29689928814285,1999032
2006-11-07,45.94490051269531,47.322329186246094,45.761241487964675,46.909098715923655,2242248
2006-11-08,46.15917205810547,46.67953313266879,39.5934288237375,44.383818388439174,2704448
2006-11-09,46.04437255859375,46.67951918052823,45.539312663435496,46.159158261496685,896984
2006-11-10,47.686580657958984,47.93452175311753,45.61278704588467,46.044382502967096,3533824
2006-11-13,47.92684555053711,48.516079628417415,47.67431799448588,47.98041313409735,1969768
2006-11-14,48.20235061645508,48.85280301264444,47.444763016165645,47.827382072747625,2294024
2006-11-15,48.187042236328125,48.964522060918824,47.988077535600986,48.85280029183051,2348392
2006-11-16,48.35232925415039,48.56965891070373,45.294441062104255,48.56965891070373,3688304
2006-11-17,47.61003875732422,48.67678056837025,47.44474942730487,48.56965006559668,3728720
2006-11-20,48.153358459472656,48.60025475539541,46.756033375927124,47.3682236656283,2473360
2006-11-21,49.14051055908203,49.72515338361788,47.808999533937,48.20998341055716,2174600
2006-11-22,49.40375518798828,50.12308065650611,49.204795209364015,49.66393793293506,3068896
2006-11-23,48.17170715332031,49.816968001289155,47.9803977523937,49.36547594684649,2947616
2006-11-24,48.23294448852539,48.77320226565965,47.82736933072911,48.13346449444578,1528600
2006-11-27,49.20939254760742,49.426722185443865,47.84267865870707,48.28651574569603,1280384
2006-11-28,47.429447174072266,48.89870497118457,45.830102662063354,48.20999081666085,3181152
2006-11-29,47.93911361694336,48.20694698503437,47.21519660347152,47.52129188128981,1397104
2006-11-30,48.24825668334961,49.43437560260721,46.98561396284958,48.17938339397456,4702400
2006-12-01,48.39825439453125,49.197163221152,48.056956493417196,48.730365140725006,2285160
2006-12-04,47.87766647338867,48.82489938575091,47.73134391684754,48.82489938575091,2189296
2006-12-05,48.90190505981445,49.279260223101474,47.98239503492689,48.13179631871501,6166064
2006-12-06,49.291568756103516,50.01085222591299,48.444449332322456,49.20993743600849,5632600
2006-12-07,48.65547180175781,49.7490272099137,48.3751510776253,49.672016331879774,3773368
2006-12-08,48.03166580200195,48.97889827190364,47.820656835090844,48.37513116843981,1920240
2006-12-11,46.58849334716797,48.40132736906463,45.74907306077841,47.900756759838025,3706384
2006-12-12,45.290103912353516,46.36055719620193,44.5323193638132,46.16495122176046,5365304
2006-12-13,45.13297653198242,45.536512615764046,43.749860036090304,45.05134522267063,3924096
2006-12-14,48.113304138183594,49.980046574036045,44.1272213974155,45.282384261222184,8645576
2006-12-15,47.916160583496094,55.8328764729685,47.74673574240065,55.8328764729685,5036960
2006-12-18,48.298133850097656,48.824890254763105,46.606978199037215,48.416733594915655,1826632
2006-12-19,46.39596939086914,48.53687058873759,46.05249922624574,48.51684701092779,6042368
2006-12-20,46.1371955871582,47.731321026603105,44.58927947516283,46.97661568195048,13556744
2006-12-21,46.57619094848633,47.130670363424606,44.97436518339864,47.130670363424606,5250352
2006-12-22,46.56846618652344,47.74673135901883,46.218833887367566,46.97662278871208,1979984
2006-12-26,47.50031661987305,47.708246965608645,45.975501918431576,46.55308360082393,3339304
2006-12-27,47.9007568359375,48.208800288258644,47.374000464305524,47.70822967823679,1357168
2006-12-28,48.675506591796875,48.90191881337289,47.36632136372233,48.13180985568198,20650568
2006-12-29,49.40247344970703,49.82603323766243,48.13949329274636,48.67087017960225,6389016
2007-01-02,49.229957580566406,49.926133984559755,49.10673739819855,49.67199911520698,2576392
2007-01-03,48.68317794799805,49.671999352100045,48.43982572476113,49.671999352100045,4121768
2007-01-04,47.78523254394531,49.055911572108236,47.592705418466075,48.683176989017966,3647368
2007-01-05,47.49721908569336,48.51684212690436,47.35398001321699,47.78523895197485,3306896
2007-01-08,46.291221618652344,48.054772023375925,46.20651156093839,47.36167434996185,3919680
2007-01-09,46.211124420166016,46.97353361561693,45.67974774450403,46.51454731750355,2822136
2007-01-10,45.3563232421875,46.21114201064976,44.5122824231379,46.21114201064976,3146144
2007-01-11,46.89191436767578,47.1075438348363,44.66629864142905,45.35631763671255,2892472
2007-01-12,48.66008377075195,48.90189901364844,46.97662739893787,47.14605224110643,2868248
2007-01-15,48.475257873535156,49.587294885588726,48.14410741356011,49.20993978952733,2151856
2007-01-16,49.240753173828125,50.90418611999126,49.055925201867524,50.90418611999126,5684592
2007-01-17,49.753631591796875,50.13098665233205,49.44866692122835,49.44866692122835,3111552
2007-01-18,50.41128921508789,51.509464441662615,49.71049251752872,50.057041264746196,4517344
2007-01-19,51.1907958984375,51.44959564415207,49.31877654744396,50.7522366670476,3623168
2007-01-22,51.410858154296875,51.91450635023196,50.65616146045559,51.190800553963946,4187992
2007-01-23,51.12879943847656,51.604554272044794,50.749129128990376,51.41084348273532,1520752
2007-01-24,51.2062873840332,51.51622466889873,50.75223039672945,51.12880306281682,12180952
2007-01-25,51.51624298095703,51.953255842983054,50.752248437216856,51.953255842983054,2853208
2007-01-29,51.240379333496094,51.751778677700656,50.7522290684621,51.51622332063643,7992656
2007-01-31,50.248600006103516,51.21715436242779,50.05488913483866,50.82973261989808,1603416
2007-02-01,50.44695281982422,50.75224130017464,49.74959377905846,50.6980013178169,1201080
2007-02-02,50.697994232177734,51.139655842122394,49.94329764355414,50.992433729051506,1113184
2007-02-05,50.457828521728516,51.093201375018516,49.59000253157178,50.20987756321642,1629800
2007-02-06,50.87310791015625,51.07766766188308,49.95414495650925,50.13235795702532,2952560
2007-02-07,51.77504348754883,52.31743393620472,50.98470217365351,50.98470217365351,3736976
2007-02-08,51.33027267456055,52.20894235781709,51.15980619699408,51.857165190364576,1797888
2007-02-09,51.124168395996094,51.83702529508575,50.82972883942639,51.69755442400209,2911984
2007-02-12,49.78367614746094,51.29462040407648,49.13280596059642,51.29462040407648,1947448
2007-02-13,50.532188415527344,51.60922270403952,46.5882380878118,50.05488693062763,2278992
2007-02-14,51.3178596496582,51.527068241001416,50.171092760975064,50.364803543835976,1658584
2007-02-15,52.2988166809082,53.07675752664568,50.29197096447112,51.44958685794559,5097728
2007-02-19,53.650142669677734,53.92908431754429,52.34530469812847,52.53436661967677,6467096
2007-02-20,53.743106842041016,55.385774894519756,53.115485924140586,54.16152394015211,9256408
2007-02-21,54.084068298339844,55.23858683423825,52.67075472012066,54.394005652485056,9120888
2007-02-22,52.774566650390625,54.61559478713543,52.146945571621906,54.239022139874194,6696896
2007-02-23,51.2062873840332,53.7741189241683,50.364808790647544,53.2208797356591,7107296
2007-02-26,51.63560485839844,52.59640855863057,50.442343234266005,51.58911138190944,7370048
2007-02-27,51.43100357055664,52.999285773004694,51.139661710794,51.63556335242427,5346896
2007-02-28,46.5572509765625,52.108231609763436,44.79060853103716,50.75225532252052,9723640
2007-03-01,49.021244049072266,49.504750338623055,44.630983104434605,46.56809174612013,7254456
2007-03-02,48.96700668334961,49.969654262310414,48.04029224650917,49.1142240962211,5805104
2007-03-05,47.12599563598633,48.48197213562019,41.05121902591835,41.05121902591835,7298608
2007-03-06,48.47420883178711,49.12507928180272,47.88532964693073,48.04029835128973,9609960
2007-03-07,48.04493713378906,49.57912603890881,47.16936508388519,49.57912603890881,6077808
2007-03-08,48.90501403808594,49.125071644944725,47.497900502131095,48.044939754306256,7873688
2007-03-09,48.401371002197266,49.20256124572264,47.96281167102727,49.12507689730418,8621840
2007-03-12,49.58222961425781,49.89216696523484,48.50519542790517,48.50519542790517,13327144
2007-03-13,49.67984390258789,50.752228958715406,49.55122201389084,50.28732304458977,9625720
2007-03-14,48.86162185668945,49.58997652866165,48.04028976214097,49.58997652866165,10477776
2007-03-15,48.009300231933594,49.589982826227306,46.33564020325614,49.589982826227306,9996928
2007-03-16,46.320125579833984,48.78412601155969,45.76223752962291,48.78412601155969,4165552
2007-03-19,47.00973892211914,47.49014266252162,46.27363786595543,47.11046759447748,3725708
2007-03-20,46.738555908203125,47.69935890872721,46.25815204330663,47.69935890872721,3624028
2007-03-21,46.033443450927734,47.18021544015148,45.800990436236766,46.80054029111542,3537280
2007-03-22,45.8862190246582,47.11047043551706,45.70800601985112,46.95550178276864,5520168
2007-03-23,46.95553207397461,47.420438332132775,46.041217378784424,47.420438332132775,6302832
2007-03-26,46.583580017089844,47.40491202118281,44.785942620050776,47.40491202118281,5725480
2007-03-28,44.538002014160156,47.38942505739558,43.8716385171133,47.38942505739558,7028708
2007-03-29,46.55259323120117,47.7148583987375,44.011107677375556,46.31239365495129,18718836
2007-03-30,45.15784454345703,46.92448545957412,44.011077964873365,46.55256180290724,2919636
2007-04-02,42.22896957397461,44.61548654165913,42.03525870436922,44.243562617870644,2080272
2007-04-03,43.127769470214844,43.391218042896554,42.17471330548328,43.0502851522811,1605392
2007-04-04,44.64647674560547,45.204364928110046,43.39122951728734,43.74765558232901,5740044
2007-04-05,44.75495910644531,45.359340825777764,44.336546449910685,44.94092343997368,3020796
2007-04-09,45.537532806396484,45.71574578478882,44.491494555388606,44.92540482706275,2055760
2007-04-10,44.8944206237793,45.85522343391906,39.4705154092229,42.6163795351047,3469088
2007-04-11,44.483768463134766,44.94092807143144,43.59269833758052,44.85569716852119,3099364
2007-04-12,44.56898880004883,45.24310343563041,43.15102646750929,44.16606932700147,4799100
2007-04-13,47.76134490966797,48.02478880517161,44.809188975117486,45.057139787384976,9276276
2007-04-16,47.85432434082031,51.91450546598703,47.73809783604571,48.350225986232694,5631884
2007-04-17,46.66881561279297,48.644666222531455,46.02569655626123,48.365724498746424,3650772
2007-04-18,50.10136413574219,50.364812740244524,48.040282921464005,48.040282921464005,13205644
2007-04-19,49.9619140625,50.891726376551254,48.30375160667059,48.81514648769078,7592500
2007-04-20,51.95323181152344,52.534364158408486,50.38804774472627,50.38804774472627,10918640
2007-04-23,51.28287887573242,53.31735499210782,50.98666754187791,52.98996677308228,6027712
2007-04-24,52.30400085449219,52.60020735936625,49.887571604880776,51.4465582175333,5322332
2007-04-25,52.023433685302734,52.22610023089835,50.23059740871966,51.44660619760136,3259884
2007-04-26,50.75284957885742,52.358609983023385,49.887613190643606,52.07019626773427,5589004
2007-04-27,50.955482482910156,51.75835970144781,50.37086245616188,51.119174187339695,2563224
2007-04-30,52.10913848876953,52.23385554095542,48.32859515787152,50.82297426279392,4512356
2007-05-03,53.41089630126953,53.97213258046771,51.914267809291324,52.26503988908384,8471540
2007-05-04,52.873069763183594,54.06569446687208,52.22609078410516,53.332973062701896,1849708
2007-05-07,52.58462905883789,53.61356141964324,51.91426655888554,53.021148268878406,2197624
2007-05-08,51.696022033691406,52.69377299689514,49.88759573670546,52.37418248976762,2158856
2007-05-09,50.92432403564453,52.13253930780313,50.051290113264024,52.13253930780313,1709812
2007-05-10,50.69045639038086,52.226059386560536,50.66707253920052,51.13476859340852,3178040
2007-05-11,51.563499450683594,52.070170269171044,48.655989397662815,50.37087524485108,5434308
2007-05-14,51.46995544433594,52.69376120491517,51.228314359622246,52.07016639775641,1727764
2007-05-15,51.52452850341797,51.75837659042289,50.58913615539828,51.056832329408124,1274560
2007-05-16,52.615821838378906,52.81848828610308,50.68267852088436,51.44658135308159,2640332
2007-05-17,54.0656623840332,54.56454008212995,51.703798243436786,53.00555322264052,10271416
2007-05-18,55.094608306884766,55.344047217706134,53.16146507390928,54.09685742125079,5580488
2007-05-21,54.37748336791992,55.414213885773556,53.00557623891485,55.07123472469609,9287508
2007-05-22,53.746089935302734,54.845174135342425,53.0211617550009,53.800655445143065,4632836
2007-05-23,52.00780487060547,54.25274509543832,51.6024673177876,54.25274509543832,1740232
2007-05-24,52.989986419677734,53.61358144611149,51.31407478613703,52.22608346382689,2327920
2007-05-25,54.59574508666992,54.87636093840766,51.13479087442531,52.537879648418695,3437520
2007-05-28,53.753868103027344,55.53111703115884,53.3173536603305,55.04783012539766,3117176
2007-05-29,53.442081451416016,53.59798017765428,52.22607328981818,53.59798017765428,3729080
2007-05-30,53.629146575927734,54.7204373492751,52.70154751552239,53.62135354489248,8652844
2007-05-31,53.66814041137695,54.424250240162756,53.08352014545782,54.09686193971766,5183568
2007-06-01,53.80842590332031,54.712641059107234,53.48883552750895,53.77724902338623,0
2007-06-04,53.27059555053711,56.49769626194789,53.00556581838461,54.38527046842285,1773280
2007-06-05,53.34077835083008,53.62919210875978,52.35861772399298,53.31739448022048,3131072
2007-06-06,52.70935821533203,54.93870800961655,52.3585860951204,54.93870800961655,3476580
2007-06-07,54.21377944946289,54.704859462032715,50.83077534926837,50.83077534926837,4614032
2007-06-08,54.44762420654297,55.032244366240995,53.05232885566993,53.348540209371095,4608820
2007-06-11,53.831817626953125,56.973180145873414,53.044531118120624,54.993264810924465,8581456
2007-06-12,52.86526870727539,54.556771148483946,52.233875895707335,53.94096916392727,1834148
2007-06-13,52.927589416503906,53.58236562162336,52.58461049807962,53.0055387381777,2864256
2007-06-14,53.08352279663086,53.62137537119943,52.77951834010912,53.005573423948576,2822824
2007-06-15,52.63139724731445,53.55119854147493,52.14811037008257,53.34853215311172,2172540
2007-06-18,52.53786087036133,54.408645233697634,51.60246868869317,53.53561157927722,2293340
2007-06-19,52.381961822509766,53.286172355671404,51.75836703890846,53.286172355671404,2224868
2007-06-20,52.57685089111328,53.940964887546905,52.24166954637714,52.982188573012536,2063228
2007-06-21,52.218257904052734,53.45764939252287,51.914253614959385,53.0211350489704,1212340
2007-06-22,51.49334716796875,54.40865524005222,51.29068072772831,54.40865524005222,1462528
2007-06-25,50.581329345703125,52.381957222154604,50.35527435344029,51.49333283050439,1378436
2007-06-26,51.220523834228516,52.28843104447265,50.82298399134454,51.41539723910331,2828452
2007-06-27,51.477760314941406,52.03899191246279,50.60472651330048,51.430987843380315,2583988
2007-06-28,52.23383331298828,53.00553342323897,51.13474989065407,51.766137429842054,3122580
2007-06-29,53.621368408203125,54.59573544020528,51.61027104802947,52.226072915315434,4098500
2007-07-02,52.46772384643555,54.252766485885566,52.30403205751324,53.78507022307621,1125068
2007-07-03,52.249446868896484,53.55120192843962,51.906472593231925,52.53786040723188,1108912
2007-07-04,51.828529357910156,52.756123851360826,51.3842170716038,52.756123851360826,1712888
2007-07-05,51.540122985839844,52.070177735811754,50.83857867502801,51.9766375428398,699036
2007-07-06,52.647003173828125,53.23941644645272,50.2149820273793,50.2149820273793,2916196
2007-07-09,53.17706298828125,53.449885792632806,52.39756926156254,53.301780081495394,1951380
2007-07-10,53.30958557128906,54.096872445898796,52.093572327423566,53.161479838765096,3563332
2007-07-11,52.647003173828125,54.01891009867018,52.22607469857002,53.01336138424898,3891008
2007-07-12,52.26503372192383,53.769455068429764,52.00780184529229,53.613556384695464,1590684
2007-07-13,52.18709945678711,53.00556778284576,51.75837795266115,52.849669054072685,1776028
2007-07-16,50.97886657714844,52.771701334448764,50.70604389668969,52.56903496059655,2337948
2007-07-17,52.522300720214844,52.9744062538372,50.98669670704363,51.446600034657244,3814700
2007-07-18,51.851898193359375,52.95877969334691,51.22050573014229,52.95877969334691,1299900
2007-07-19,50.88534164428711,52.37417728622494,50.74503374674804,52.37417728622494,1594300
2007-07-20,50.854183197021484,51.36864726045339,50.19940642751439,51.13479909386559,2527016
2007-07-23,50.10582733154297,52.21825698524786,49.77064617103612,52.21825698524786,2970736
2007-07-24,49.17826843261719,50.96330647757665,48.31302741274085,50.27735284762031,3164868
2007-07-25,49.80186080932617,50.19940074445883,47.70502058324348,48.344206451085434,4881912
2007-07-26,51.21272277832031,52.506680080922294,48.17269813851134,50.199381231717325,4781992
2007-07-27,48.55466079711914,50.277339840532555,48.32860573818633,50.09025946364667,1986684
2007-07-30,47.94664764404297,48.48450011103616,47.47115846884409,48.03239479143455,3376260
2007-07-31,48.8664665222168,49.94996001186887,47.87650847918323,49.88760146157239,3078408
2007-08-01,46.45782470703125,49.10810329770082,45.76407340817754,47.705014632052226,5791476
2007-08-02,46.45782470703125,47.85312033870927,46.14602722577601,46.7696221882865,2236860
2007-08-03,46.51238250732422,47.1593612221474,45.951146182571726,47.1593612221474,1891976
2007-08-06,46.39546203613281,46.613719302070386,44.197289037247344,46.45782057530761,2439640
2007-08-07,46.55916976928711,47.4711785852637,45.771882832100175,46.76963407415143,2229236
2007-08-08,49.31856918334961,49.59139198848849,47.23731997547404,47.5413244328325,3586088
2007-08-09,48.5468864440918,50.4332629174178,47.86093266042431,49.731718301874125,3527768
2007-08-10,49.684913635253906,50.355276088793794,45.21061939860743,46.45780889925867,5447112
2007-08-13,49.490047454833984,50.659287781305245,49.263992421989116,49.9811274404217,3132356
2007-08-14,49.809654235839844,52.0545954470514,49.49785671323678,49.88760361649061,4655704
2007-08-16,48.04798126220703,48.32859701925855,46.14601521838881,47.27628079383921,2298716
2007-08-17,46.89432144165039,48.61700472496075,46.14600967431615,47.580279445631994,3823352
2007-08-20,47.82972717285156,51.11919123879434,47.70501009527095,48.32081196524764,1821924
2007-08-21,45.15606689453125,48.032400410779715,44.60262829749349,47.860910853585054,1717408
2007-08-22,45.873199462890625,46.613718400694296,43.72959201135368,46.14602222944987,1855400
2007-08-23,43.869911193847656,48.164924992309814,43.43339655814876,46.691679770933796,3208856
2007-08-24,43.15276336669922,45.60037514958355,41.33654424816915,44.275236042672574,6429272
2007-08-27,44.251834869384766,44.431117373925105,43.37880143612161,43.80752274411562,1975100
2007-08-28,45.405487060546875,46.14600573363734,43.667217863664476,45.0235334208403,3170728
2007-08-29,45.23400115966797,45.36651598951789,42.91111177359038,42.91111177359038,1209512
2007-08-30,46.75400161743164,47.245081386449456,45.678301943,45.99009922588737,2359932
2007-08-31,47.51792526245117,47.736187264214166,46.7696133518815,46.92551206305444,1623356
2007-09-03,48.40655517578125,48.76512034809676,47.08141598417371,47.705010897871375,2028968
2007-09-04,48.09476089477539,48.718355849650926,47.86091278669707,48.336402036728884,1123016
2007-09-05,48.90541076660156,49.39649058625483,48.01678651568654,48.172685173205004,2541512
2007-09-06,49.10810852050781,49.49785541352772,48.328614734468005,48.64041224888393,4546204
2007-09-07,48.18829345703125,49.57579106033427,48.016803920072185,49.41989234630806,1181424
2007-09-10,45.82643508911133,48.172709149479964,45.53022368627786,48.172709149479964,5246180
2007-09-11,44.39995193481445,46.41104915564252,44.22066936487855,45.990120723922416,4230992
2007-09-12,43.94004440307617,45.19502688811241,43.81532260308518,45.19502688811241,2483620
2007-09-13,44.33759689331055,45.13268135049729,43.96344090100254,44.11933962760184,2606264
2007-09-14,43.5113410949707,44.82088961389852,43.339851522308834,44.72734941447821,3072920
2007-09-17,43.33205032348633,44.16610465389806,43.16835381593119,44.16610465389806,1475064
2007-09-18,43.76857376098633,43.963447197143886,43.02805470358763,43.33985220143971,1473988
2007-09-19,44.298622131347656,45.03914108135177,43.91667310646278,44.353187637088794,3679388
2007-09-20,42.95008087158203,44.431118143015894,42.71623288135563,44.431118143015894,4626540
2007-09-21,42.98907470703125,43.86990157814726,42.18619720075121,42.95010002461327,6372496
2007-09-24,43.48014450073242,44.11933009318858,42.14721257942245,43.495735321553404,8709648
2007-09-25,43.76079177856445,44.025816864080525,42.88775761255989,43.57371132954439,1799732
2007-09-26,46.527976989746094,46.76961811360575,43.96344102678941,44.11933975383476,6828800
2007-09-27,47.77515411376953,48.196077710375015,46.177192586082235,47.54909911654876,5454440
2007-09-28,46.8553581237793,48.71834972013791,46.30191957401907,48.3286029223768,5133888
2007-10-01,46.18497085571289,47.39318528316192,45.21060438196367,47.00343869366223,3107524
2007-10-03,47.510135650634766,47.64265051620292,46.184996510256106,46.30192055205423,3210068
2007-10-04,47.486759185791016,48.313020640056415,46.30192775960405,47.78296585292471,3117356
2007-10-05,47.712799072265625,48.164909144775834,46.792997619762446,47.705006039698674,4738028
2007-10-08,48.08696365356445,48.67937690580264,46.98008175397587,48.32860477437573,6275088
2007-10-09,49.934364318847656,50.199394078846446,48.08696806337192,48.328609206342854,3859204
2007-10-10,51.345245361328125,51.75837602566535,48.718350927772356,50.51118624191437,6389788
2007-10-11,48.73394012451172,51.75837429760028,48.03239589457437,51.75837429760028,6956476
2007-10-12,48.62480926513672,49.18604560230341,46.84756482881831,47.93885585644469,9692504
2007-10-15,48.60921859741211,49.10809640041335,47.549109213098646,47.58808389278151,2169424
2007-10-16,47.28408432006836,48.7807131243585,46.79300425741192,47.393215337392824,2934092
2007-10-17,48.06357192993164,48.48450036347892,38.08605654907027,42.09265304867945,2898100
2007-10-18,47.73617172241211,49.41987535184414,46.535750134149765,48.640382049764575,5423376
2007-10-19,47.19835662841797,48.336415843069126,46.47342823784411,48.01682524047146,2468816
2007-10-22,47.40882110595703,47.92328518944489,46.00573205173198,47.19835679629261,2142292
2007-10-23,47.165557861328125,48.33469443125001,46.38875314574371,47.87174657866782,5839532
2007-10-24,46.867401123046875,47.99730524859234,46.76539702026218,47.47158590144063,818244
2007-10-25,48.11500549316406,50.21787818430168,44.340815212385095,46.92232992845688,9246972
2007-10-26,48.30327606201172,48.72699094238642,46.6084261188044,48.34250874392991,1695944
2007-10-29,48.672088623046875,49.10364834043334,47.41664217246809,48.63285592146629,8318740
2007-10-30,48.774105072021484,49.43321654156881,47.09494789155939,48.80549315691397,7435696
2007-10-31,49.4410514831543,49.96677067264888,47.730506552880286,48.98595307625914,3333784
2007-11-01,48.64070129394531,49.44104450837404,48.17775353809926,49.44104450837404,1473684
2007-11-02,47.126319885253906,48.334689026577635,46.85954038424549,47.86389660099409,1532096
2007-11-05,48.00513458251953,48.672090535597285,46.82815348885291,47.42449344979966,3684820
2007-11-06,47.96589660644531,48.648546523557044,47.3931001616588,48.48377110421702,3863048
2007-11-07,46.5142822265625,48.617153720389084,45.917947178318975,48.02081867214556,3568972
2007-11-08,47.18124771118164,50.531721508137835,45.82379714402561,46.45152039257391,80309532
2007-11-12,46.639835357666016,47.2204764402184,45.99641812422328,46.71830075713103,786720
2007-11-13,46.05136489868164,47.06356611870157,45.83165785326646,47.06356611870157,557616
2007-11-14,47.18124771118164,47.67557881158376,46.294589580436835,47.67557881158376,1010616
2007-11-15,47.07139587402344,47.86389450675477,46.29458649013986,47.18124456169768,1339508
2007-11-16,45.76102828979492,47.51865060875437,45.35300719800392,47.51865060875437,975528
2007-11-19,46.48291015625,46.90662049089593,45.90226421462779,46.21612585028336,631900
2007-11-20,45.51777267456055,46.608443555577345,45.196066478135606,46.608443555577345,3027860
2007-11-21,45.51777267456055,46.20042255315356,45.196066478135606,45.50992805090044,1161220
2007-11-22,45.5256233215332,45.90225626123173,44.882206122093244,45.50992928464,1152184
2007-11-23,47.510807037353516,47.96590546980726,45.11761196775932,45.66686985258422,2527844
2007-11-26,48.69563293457031,49.04088266418566,47.70697065571981,48.17776312929599,2327460
2007-11-27,48.13853073120117,48.80548673970192,47.39310930993563,48.69563324617172,1295328
2007-11-28,47.88743591308594,48.63285726369006,47.353872114693694,48.138526167961196,1446872
2007-11-29,49.276275634765625,49.903998891259455,47.23617505116068,47.88743697194335,6286704
2007-11-30,50.895103454589844,52.27704963062603,49.134110148524314,49.59212563147001,7263512
2007-12-03,49.56056213378906,51.23469305013067,49.118341055441434,51.23469305013067,1449040
2007-12-04,49.228904724121094,49.75009425985624,48.89723646508562,49.56056816330772,1926620
2007-12-05,49.252586364746094,49.59214948162198,48.26548147856732,48.826155125977635,1733528
2007-12-06,49.197303771972656,49.8290508509065,48.849840950619964,49.43420892657285,2189044
2007-12-07,50.405513763427734,51.250476356072014,48.50237781743544,50.018571610428886,3954644
2007-12-10,48.88932800292969,51.01357960804603,48.56555953397571,50.539769271129195,2826364
2007-12-11,50.01067352294922,50.223889110501,48.68400571796206,49.59214207766451,6853144
2007-12-12,50.31867218017578,50.53188785268888,48.9209303490891,49.434225017804316,2486140
2007-12-13,48.51816177368164,50.20808176702608,48.33653069181969,50.20808176702608,1111476
2007-12-14,48.628726959228516,49.41841075142075,48.344442721978254,48.51027439039968,1076332
2007-12-17,48.00489807128906,48.7866824335647,47.69691934624613,48.48660344138266,1508708
2007-12-18,47.223087310791016,48.94459688758289,47.16780848542102,48.94459688758289,1621580
2007-12-19,47.80744934082031,48.80244879610326,47.08093943037182,48.328638613616825,1273956
2007-12-20,49.28416061401367,49.59213920260562,47.62582474895839,48.012771712076784,1559304
2007-12-24,51.55056381225586,51.96120040250667,48.65242294741697,49.592148712422784,3071712
2007-12-26,51.108341217041016,52.11913561036334,41.245187716777046,51.961198835786476,1216320
2007-12-27,50.16861343383789,52.11913348426397,49.15781908174897,50.595044635739114,4046904
2007-12-28,51.91380310058594,52.90880253372949,49.35522624415064,51.01356184595411,2289140
2007-12-31,52.06385803222656,52.98778914977647,50.53976908473463,52.59294720380198,6910092
2008-01-01,50.86351776123047,52.82193690711106,50.58712850659285,52.43499002267995,730260
2008-01-02,49.64744186401367,51.47161026340176,49.44212109976411,50.847762697047756,1896700
2008-01-03,48.96039962768555,50.02647284538516,48.65242099241098,49.90802026564075,2943936
2008-01-04,49.75798416137695,50.05806792066686,48.65242662249356,49.11834208467662,2431480
2008-01-07,47.2704963684082,49.908043640648316,47.002006620479314,49.908043640648316,5565516
2008-01-08,47.51526641845703,48.39181334633496,46.63081976213229,46.63081976213229,3877976
2008-01-09,47.396820068359375,48.70769317729634,47.22308867781604,48.70769317729634,4305368
2008-01-10,46.78086853027344,48.17071003954097,46.607137136653186,48.17071003954097,1519052
2008-01-11,45.62793731689453,47.381036636411416,44.94881105304528,47.06516305883534,3117668
2008-01-14,44.83824920654297,46.11753804082304,44.22229675147415,45.80955940336471,1338160
2008-01-15,43.732688903808594,45.64372470851524,43.590546780450545,45.011977653726106,1828536
2008-01-16,42.49289321899414,43.866945278055354,42.02698256069529,43.866945278055354,3882984
2008-01-17,42.2796745300293,43.41681636256991,42.0111800977064,43.41681636256991,1989320
2008-01-18,42.2796745300293,44.06435807240634,41.85324333042179,42.50078504025822,3413620
2008-01-21,39.34994888305664,42.06646350362625,37.928517822959364,42.06646350362625,22121748
2008-01-22,36.3017692565918,41.04776749046814,29.226201145677372,38.06276336098304,2154932
2008-01-23,38.2933235168457,41.42402272331064,36.62839450483441,37.75958994394085,6945732
2008-01-24,36.684139251708984,40.15738288966062,35.84769307984591,38.715508526233585,4556056
2008-01-25,39.78297424316406,40.149417828608904,37.05058428003691,37.05058428003691,3240744
2008-01-28,38.44466018676758,39.83077051445516,35.86362674364635,39.78297310362235,1372012
2008-01-29,40.61943054199219,40.97791000705121,38.40484006005159,39.034165922380495,3472712
2008-01-30,40.18925094604492,41.025697199629604,38.83500463071734,40.62738945982738,3009264
2008-01-31,38.500423431396484,41.56739289042267,37.15414381741605,39.83077219514529,8587524
2008-02-01,42.37198257446289,42.85791610965443,38.2375459714389,38.2375459714389,1771352
2008-02-04,44.30775833129883,44.92911749442898,42.220624595828646,42.53927081919339,2195176
2008-02-05,44.13249969482422,45.247761419964185,42.71452504529161,44.63436649870615,2879936
2008-02-06,42.22062301635742,43.49520786213425,41.424007487746906,41.981638357774266,1651664
2008-02-07,38.90670394897461,42.523338150223495,38.285344776863376,42.228589416919725,2356276
2008-02-08,41.001800537109375,41.742651975697406,38.8589029087621,38.8589029087621,2940304
2008-02-11,40.8185920715332,41.26469493679812,38.64382966351444,41.00181271754713,1633652
2008-02-12,39.65552520751953,42.0533411782814,39.201455755708864,41.10536663088504,1408688
2008-02-13,40.252994537353516,41.08944110939535,38.90671435047329,39.671465988270086,1716600
2008-02-14,41.91790771484375,42.4436719890998,40.627389659122954,40.94603585252784,1550696
2008-02-15,43.726234436035156,43.92538834608787,40.79468499033448,41.424013290963444,2031960
2008-02-18,43.97317886352539,44.29182508717413,41.82231685389643,43.17656330440356,815888
2008-02-19,45.112335205078125,45.725730118118065,43.821817110846546,44.291822205006355,4323608
2008-02-20,42.63486862182617,45.29556185455097,41.710791592550265,44.88928983638656,1918856
2008-02-21,45.534549713134766,46.17184224858609,43.49521554455299,44.61047748159282,3734572
2008-02-22,43.112823486328125,45.40707470975878,42.73044909278205,45.27961819929483,1498696
2008-02-25,44.873355865478516,45.08844305034062,43.335888726829154,43.813858087786826,964412
2008-02-26,46.984378814697266,47.318958280017256,45.08843499409052,45.52657349668327,3245648
2008-02-27,46.004539489746094,47.796924145190744,45.407077937931206,47.26319085313854,2573380
2008-02-28,46.363014221191406,47.31895265874174,44.62639369873916,45.885045002416234,3597504
2008-02-29,44.23606491088867,46.665742579610544,43.527079918292905,45.494716632418324,1898520
2008-03-03,43.59877014160156,45.088442263004765,42.10113380918378,43.81385732270781,5421856
2008-03-04,42.58706283569336,44.100632291044185,42.10909353400362,43.94130919048094,2136124
2008-03-05,44.38742446899414,44.61047587594265,42.69859833840225,42.69859833840225,1705692
2008-03-07,43.55894088745117,44.29182822621541,41.113329975191206,44.132505103099525,2603712
2008-03-10,43.35183334350586,46.219650258902185,42.28436621346774,42.37996108307903,3032764
2008-03-11,42.268428802490234,43.73420369449062,41.42401807128437,43.01724953556454,2306360
2008-03-12,43.57487106323242,44.1325019543524,42.23655789697558,42.92961440551294,2484180
2008-03-13,40.49196243286133,43.01723438689326,39.352803309491236,43.01723438689326,2401552
2008-03-14,42.292320251464844,42.539269119845265,39.59975831294789,39.83077632944313,1619908
2008-03-17,38.277381896972656,42.698598744593845,37.28161233669761,40.00603882604134,2539120
2008-03-18,39.78297424316406,40.173315319171174,36.80363300955816,38.277371560806706,6005480
2008-03-19,40.61146545410156,42.045373644916765,39.99010621051286,40.324685760800975,3618768
2008-03-24,43.66249465942383,44.45114596823855,40.63535811775403,40.63535811775403,3559912
2008-03-25,45.383201599121094,46.39490460412918,44.60251911334365,44.61048332621775,4167724
2008-03-26,44.03690719604492,46.522348716335024,43.025204462145574,46.18776920861521,2492844
2008-03-27,41.95773696899414,44.75385526996353,41.264680551015225,43.43147556010182,8553336
2008-03-28,43.23231887817383,43.69435483932189,41.424000941563136,41.72671382216673,3844644
2008-03-31,40.34857940673828,43.65453408665859,39.99806903532374,43.01724161824022,3888868
2008-04-01,39.24127197265625,41.416033300526685,38.572115576033454,41.40010002136161,2545076
2008-04-02,39.352806091308594,41.240785817512936,39.05009317072957,41.089426926145826,1648708
2008-04-03,39.80686950683594,40.619415694879564,39.20144136230257,39.751105460612656,3690024
2008-04-04,39.01822280883789,40.308740778525994,38.29330471203064,39.8307715202826,2415196
2008-04-07,38.96246337890625,39.97416357378086,38.31720435776784,38.31720435776784,2184792
2008-04-08,38.0224609375,39.51213305536527,37.895004388635286,39.03416370388908,1933068
2008-04-09,38.078224182128906,38.39687040959442,37.520593284064255,37.918901068396146,2429400
2008-04-10,37.69584655761719,39.00229549574033,37.488726040713836,38.078221026456006,1540384
2008-04-11,36.70804214477539,38.476529569467694,36.572618965185754,38.476529569467694,4019400
2008-04-15,39.03415298461914,39.65551199847405,36.26193247977501,37.122276103739836,17531960
2008-04-16,41.50366973876953,42.20469044330807,39.711284769244934,39.83077710054658,11195368
2008-04-17,42.95351028442383,43.17656166005207,41.83824854412728,42.379946131268824,4792800
2008-04-21,44.0289421081543,44.65494997103743,43.37886304869061,44.14130374982393,15034104
2008-04-22,42.319480895996094,43.980800432165495,41.107603135456515,43.980800432165495,2027644
2008-04-23,42.12685012817383,43.01769978751069,41.179814758833814,42.31946375529101,1832000
2008-04-24,40.78656768798828,43.17822292219555,40.160562242988284,43.17822292219555,4151624
2008-04-25,41.84596633911133,42.504069263264896,41.41257694655198,41.71755230870755,14220752
2008-04-28,42.60037612915039,42.857199276800074,41.58111217039659,42.696685421830786,1270648
2008-04-29,46.051422119140625,46.54901602880247,42.23921822023008,42.696683667798126,6082272
2008-04-30,46.300235748291016,47.471985242035224,44.97599609234244,46.22800253493202,6188864
2008-05-02,47.68063735961914,48.065874519840484,46.30022216330393,46.38850282173316,3275484
2008-05-05,46.23601531982422,48.146134168745434,45.91498760047534,47.68064005689416,1562624
2008-05-06,46.9743766784668,47.51209904943451,45.42541902361475,46.067474416174676,1813032
2008-05-07,47.14291763305664,48.057843598760726,46.93424669812874,47.91338211980679,2454188
2008-05-08,46.35639953613281,47.66459137801874,45.52173042614079,47.14292134733843,1158448
2008-05-09,46.187870025634766,47.19108179856341,45.553838225745864,47.19108179856341,1195556
2008-05-12,46.19588851928711,47.030562579064174,45.120448559818136,46.06747938631884,2339036
2008-05-13,47.15095138549805,47.8170829955857,46.42061520428654,46.870052100648266,2479308
2008-05-14,49.30183410644531,49.58273337846469,46.09155671193812,47.67261930843182,7412104
2008-05-15,48.69187545776367,50.545808392784004,48.31466694543445,49.5185207729785,5529576
2008-05-16,47.57631301879883,49.566684149698276,47.23923289133722,48.98080946780981,4671612
2008-05-20,47.616455078125,47.99366378321069,46.26813908197486,47.31950333588749,2326008
2008-05-21,47.96156311035156,48.39495270592268,46.61324699973664,46.61324699973664,1029848
2008-05-22,46.45271301269531,48.1300849141129,46.00327613595387,47.35159166467276,2828840
2008-05-23,46.9182014465332,47.49605234843994,46.5490215111871,46.870049245747005,3067928
2008-05-26,47.66457748413086,47.9615241116265,45.92300167889481,46.87003217114754,2164136
2008-05-27,48.10599899291992,48.314665021989555,46.5971650036709,47.91338042878366,3008408
2008-05-28,49.37407302856445,49.59879149252087,48.001676344285976,48.47519427424369,5120688
2008-05-29,49.64695358276367,50.23283331057734,48.63571784440712,49.277773525521404,5825408
2008-05-30,50.497642517089844,52.05462343976392,48.322677585522506,48.322677585522506,8786448
2008-06-02,48.748077392578125,51.20393830485462,48.330740238607405,50.8989628495092,3298920
2008-06-03,47.29542541503906,48.86043613062942,46.00329032207828,48.154175864318624,1751748
2008-06-04,46.549007415771484,47.99363178384715,46.34836514242764,47.35157650914685,1580656
2008-06-05,49.093170166015625,49.518530959551065,46.06748261066825,46.06748261066825,1979064
2008-06-06,50.280948638916016,51.07549392077953,48.956709768138495,48.956709768138495,5323572
2008-06-09,47.69669723510742,49.26973615773146,46.396533860860494,48.37085747315983,2937944
2008-06-10,45.626060485839844,48.1461298142002,45.12044285329447,47.399736515425715,2027144
2008-06-11,47.03858947753906,47.75287818627793,45.923020976653966,46.516919379705776,2556416
2008-06-12,46.83795166015625,47.67262585677738,45.74645915549345,46.06748693904077,1606152
2008-06-13,46.45271301269531,47.38369639808053,45.433448958180556,46.549022314424064,1896844
2008-06-16,47.03858947753906,47.99364900066252,46.78979492873955,47.02254200870923,1018640
2008-06-17,46.96636962890625,47.81709136684496,46.41259469671317,46.41259469671317,1397556
2008-06-18,44.86359786987305,47.31945654521371,44.46231345243232,47.19104749102925,26591432
2008-06-19,43.86844253540039,45.42542916951315,43.346772412428955,44.301831981574665,4236464
2008-06-20,42.728797912597656,44.863630612018426,42.39171777624306,43.523338699903135,1281480
2008-06-23,43.410972595214844,44.534569542712426,41.73360090705302,42.53617015526558,1754472
2008-06-24,42.897342681884766,44.12527312039484,41.821897519610374,43.33875593679658,2132620
2008-06-25,41.95832061767578,42.69668532862144,40.77051907319491,41.813859128217615,3240916
2008-06-26,44.20551300048828,45.770523027019955,41.35639218295625,42.215142254136516,7416468
2008-06-27,40.658164978027344,43.29861772872476,40.28898257612572,43.29861772872476,1869532
2008-06-30,40.537776947021484,42.37566020468588,38.63568667404409,39.99202833847342,10807896
2008-07-01,41.68545150756836,42.35158304856611,39.48640966056981,40.08031045423302,6742868
2008-07-02,40.76250076293945,41.97438108920777,40.04821446178714,41.70150552425849,4225800
2008-07-03,37.985599517822266,40.44948795848423,37.25526350019155,40.44948795848423,2161580
2008-07-04,37.8973274230957,39.478387645489065,37.5602473009523,38.66779207499937,1430980
2008-07-07,39.07710266113281,39.64692741134781,37.72076089743618,38.362816402073385,1860996
2008-07-08,37.961517333984375,39.32588476459269,37.63246352263543,38.52331568776427,1883636
2008-07-09,39.101165771484375,39.63085939424198,38.37082743351266,38.924599597734236,2550096
2008-07-10,40.05623245239258,40.433438536889554,38.68383852122984,38.940661665384944,1750316
2008-07-11,38.306636810302734,41.733609157345256,37.90535210686672,41.733609157345256,2628044
2008-07-14,36.10758972167969,37.23921284318625,32.528130411127485,36.91818514626223,6621720
2008-07-15,34.07710266113281,36.115628773145225,33.715946373401366,36.115628773145225,3276528
2008-07-16,34.51848220825195,35.30499859856157,33.49119274522514,34.67096977993499,1862304
2008-07-17,34.269718170166016,36.09957567824158,33.723971881581456,35.27293006039336,2148004
2008-07-18,32.431819915771484,35.63407034177044,31.861995328114556,34.992015020297096,4329200
2008-07-21,31.516887664794922,33.378846396658446,30.505650169006728,32.90533114563156,3931292
2008-07-22,32.85719299316406,33.25045153620845,31.862007358955523,31.910162016098177,2108816
2008-07-23,34.48640441894531,35.144509787195055,33.226369615657504,33.54739734141265,4375304
2008-07-24,33.707908630371094,35.385277879509204,33.48319021920074,35.024121715612374,2903060
2008-07-25,32.696678161621094,34.41417625582036,32.42380504465911,33.547402249177004,3742580
2008-07-28,32.367618560791016,33.065854824403225,32.10277167417789,33.065854824403225,2705596
2008-07-29,32.02250671386719,32.85717807821392,31.781735986695253,32.1027636229245,1466400
2008-07-30,32.71272277832031,33.13005731441505,31.324276520767857,31.324276520767857,3463200
2008-07-31,32.15894317626953,33.70790048055854,31.637273287879935,33.226359045121995,5895600
2008-08-01,33.2664909362793,33.46713322178159,31.003244976114832,31.597148100598925,2645600
2008-08-04,35.2970085144043,35.67421718992495,32.26329653622009,32.90535218868219,5306800
2008-08-05,38.539371490478516,39.64691593570438,35.313042533825765,35.313042533825765,4662400
2008-08-06,36.71754455566406,40.08030934861755,36.38849066105351,38.683839291431866,4817600
2008-08-07,35.87483215332031,38.20228211405027,35.50564994556221,36.91817179088891,4064800
2008-08-08,36.15574645996094,36.42059334556259,35.337124805696945,35.79459028000572,1681200
2008-08-11,37.65654754638672,37.72075210218107,36.613207594624264,36.91818290851764,1840000
2008-08-12,37.10276412963867,37.92941167451882,36.613198995877624,37.92941167451882,1206800
2008-08-13,36.99843978881836,37.50405740059372,36.15574213636154,37.10277280418572,1145200
2008-08-14,37.8973274230957,38.20230281037029,36.35639322079357,37.062653301454404,2489600
2008-08-18,36.74162673950195,38.59556257298085,36.364420585021946,37.720762402849374,2593900
2008-08-19,36.18785095214844,37.19106262441496,35.81866856690491,37.19106262441496,1661624
2008-08-20,36.733612060546875,36.91820209130416,36.21194181360453,36.43666032489585,1012892
2008-08-21,35.69025421142578,37.078697983039994,35.47355954221575,37.078697983039994,716464
2008-08-22,35.73841094970703,36.107593327890775,35.18463860705501,35.794591781978525,1273528
2008-08-25,35.97115707397461,37.52011484621578,35.682231635576784,36.27613242885462,773620
2008-08-26,36.98239517211914,37.15896141122345,36.11562124200984,36.27613511419654,2126980
2008-08-27,36.89411926269531,37.64050788497987,36.308242084062826,37.23922315273062,1187360
2008-08-28,35.95510482788086,37.72075729710715,35.49763934479155,37.712731114215785,4692348
2008-08-29,37.42380905151367,37.88127457587895,36.28416200627929,36.934243691180924,1941568
2008-09-01,38.90856170654297,39.14933251524496,36.93424303458449,37.54419379056501,2889748
2008-09-02,40.064266204833984,40.77052631083449,38.86041208148257,39.08513053814251,2421472
2008-09-04,40.393314361572266,40.92301062184173,39.02894646806619,39.96795358623693,1862952
2008-09-05,39.22959518432617,40.12847398120422,38.71595120721629,39.807446189354586,1329244
2008-09-08,41.171810150146484,42.21515036837632,39.646928292733655,39.96795605218899,2118900
2008-09-09,40.88286590576172,41.21994342887504,40.14450386757566,41.09153434344881,1920280
2008-09-10,40.008079528808594,41.73360352052251,39.84756566911428,40.93103422205092,2633692
2008-09-11,38.170196533203125,39.95189891597286,37.76891188178014,39.95189891597286,2542096
2008-09-12,36.733612060546875,39.727195728686,36.27614640275974,39.727195728686,2873220
2008-09-15,34.49443054199219,36.131674016146924,33.22637191712454,36.131674016146924,2684996
2008-09-16,35.55382537841797,35.87485314707185,31.211924317524645,33.70791570865811,2233728
2008-09-17,33.77210998535156,36.82187285767074,32.42379474781441,35.90694448582433,2400452
2008-09-18,34.14932632446289,35.78656733172046,31.035358182213145,33.0738838701342,3826688
2008-09-19,36.82187271118164,37.6565466112616,35.31304364426188,35.31304364426188,4683440
2008-09-22,37.4157829284668,37.79298904184255,36.12364582477102,37.25526906339272,1428252
2008-09-23,37.6725959777832,38.18623975165957,36.3242807652019,37.03856682959612,3344820
2008-09-24,37.560245513916016,38.20230099278637,36.95831850247505,37.239217774480835,4503904
2008-09-25,36.09154510498047,37.95350455094583,35.16056415737413,37.247244493725745,9326604
2008-09-26,34.173397064208984,36.01930630566009,33.788164810909265,36.01930630566009,2133980
2008-09-29,31.364395141601562,33.868411369469335,30.224748645636325,33.868411369469335,4274964
2008-09-30,31.21192169189453,32.82508658352608,29.695066102456355,30.33712158575271,2486780
2008-10-01,33.03376007080078,33.69186557055199,30.826694015222163,31.540980357905347,3195792
2008-10-03,33.2745246887207,34.173400862750185,32.44787681481065,33.22637003939388,3405248
2008-10-06,31.27613067626953,33.0417833663505,30.818665135958668,32.90534558787253,3306568
2008-10-07,31.741607666015625,33.210308128259086,28.892487382466815,31.94224993950498,2813384
2008-10-08,30.12845230102539,31.460717884983847,28.756058250376903,31.460717884983847,4850784
2008-10-10,27.32749366760254,31.78175474998709,23.483185944006717,28.876451947183035,10230296
2008-10-13,27.26328468322754,29.534555204293483,26.003249690736652,27.60036237633671,6853752
2008-10-14,26.32427215576172,29.518496882768133,25.682216737328506,28.89249382949457,3919068
2008-10-15,25.457502365112305,26.292174051833747,24.719137536908278,26.16376245789642,5131700
2008-10-16,25.288959503173828,26.32427342548525,22.873225384949073,23.88446320760678,6917296
2008-10-17,25.36118507385254,27.126837199247337,24.398102096364468,25.54577499817242,3112088
2008-10-20,27.640483856201172,28.089923115905037,24.566644677788048,25.63406077649367,2502732
2008-10-21,29.895713806152344,30.465538639689626,26.484793439007444,28.1701893851261,4467376
2008-10-22,26.918569564819336,30.326928630158253,26.371241406824602,30.326928630158253,3930720
2008-10-23,25.011215209960938,26.686367991949865,24.38925197959441,26.172213239978454,2812108
2008-10-24,22.879961013793945,25.87367884822078,22.075556491144802,25.87367884822078,4039808
2008-10-27,22.208242416381836,22.772157509586428,19.07354738087831,21.73555167366913,3819508
2008-10-29,25.152196884155273,25.88196873393897,24.629748681998773,25.52537489448859,6501148
2008-10-31,28.67665672302246,29.190814120408003,25.70781925376841,25.70781925376841,3853516
2008-11-03,29.083009719848633,30.633770285303935,28.195674253102535,29.472771933705594,2895720
2008-11-04,27.71468162536621,29.854234053561544,26.4044109456617,29.008363076400723,2783048
2008-11-05,25.8902645111084,29.024959079370138,25.459035535333236,27.863960716195333,2576344
2008-11-06,26.354652404785156,28.361521298447137,24.604864665085504,24.87852745477819,2703452
2008-11-07,27.358097076416016,28.013231371419764,25.39269419140478,25.541964399611736,2248408
2008-11-10,28.1873779296875,28.195671280336775,26.570273253315243,28.01322768915389,1384896
2008-11-11,25.57512855529785,28.859095049888424,25.07755795098943,28.029810709374388,2219956
2008-11-12,25.641475677490234,27.167358527865957,24.54681921375589,25.4922029611036,2793080
2008-11-14,24.93659210205078,27.109316511590446,24.414141219217445,26.512233042207306,2369592
2008-11-17,24.4970645904541,25.95660587420001,23.302895369489466,24.936586911262115,3882456
2008-11-18,22.622882843017578,24.29803874490861,22.075557032428634,24.065840069554255,5525472
2008-11-19,22.52337074279785,23.70095338250735,22.266292004928435,22.390684697693395,3003372
2008-11-20,22.888248443603516,23.369232362354737,20.176488826732342,22.365800306657363,2156320
2008-11-21,23.850221633911133,24.09900697251777,21.768717128080556,22.88825115181041,2412740
2008-11-24,24.82048988342285,25.210254701981,22.88825755837749,24.18194218739751,2534924
2008-11-25,22.9711856842041,27.33322361631286,22.390686406985946,25.37611126125074,2755104
2008-11-26,23.7341251373291,24.024374733547013,22.9048405767065,23.35265373328758,2369472
2008-11-27,23.501928329467773,23.501928329467773,23.501928329467773,23.501928329467773,0
2008-11-28,22.805313110351562,24.397539619820364,22.390671053799718,23.21995516690341,5021240
2008-12-01,22.357513427734375,23.302897370043624,22.100434694365216,23.21996890965201,5227664
2008-12-02,20.740407943725586,22.224826842338583,20.317472299899077,22.224826842338583,7091368
2008-12-03,19.935998916625977,21.52822617235295,19.405257341642137,21.213097808599166,12942856
2008-12-04,19.911121368408203,20.698941644090855,19.504771203823463,20.698941644090855,7035048
2008-12-05,19.66234588623047,20.23455197274707,19.57112403921438,19.902838005980723,4395368
2008-12-08,19.396963119506836,20.732111613576212,19.040371812063462,20.068684041941772,3664032
2008-12-10,19.70379638671875,20.052095555772432,19.405253518737034,19.571110386418546,4212700
2008-12-11,19.164766311645508,20.06868595815091,18.974030613511143,19.877950260016544,6170864
2008-12-12,17.78815269470215,19.388672048048935,17.663760018515422,19.388672048048935,7561848
2008-12-15,17.224245071411133,18.559394107774732,16.917409947981266,18.244265630175875,7662636
2008-12-16,20.40869140625,20.8482111650512,17.464731524277756,17.74668773921298,29695796
2008-12-17,20.276010513305664,21.229687899412067,19.44672582973488,20.732117089269597,13697048
2008-12-18,22.415555953979492,22.871662366538104,19.91941070993672,20.234539029872906,10356808
2008-12-19,23.2033748626709,23.468746864258723,22.075550182860063,22.556534088616157,6556824
2008-12-22,22.25799560546875,23.949735489317852,21.67749645203594,23.949735489317852,7082632
2008-12-23,20.674062728881836,22.30775293217551,20.400398592249722,22.30775293217551,6171304
2008-12-24,19.222814559936523,21.519932323683808,18.78329353107662,20.566255168684332,8605296
2008-12-26,18.733539581298828,19.68721692085492,18.426704516432284,19.52135999223647,5787760
2008-12-29,18.64231300354004,19.040369756627424,18.144742378527695,19.040369756627424,3942972
2008-12-30,19.272573471069336,19.529652201533416,17.746690323261788,18.575974917806732,6094164
2008-12-31,19.123300552368164,19.952585029654074,18.990614529847342,19.57111366394748,6054308
2009-01-02,20.284299850463867,20.980898340597374,20.151613821206176,20.566256080901773,5048680
2009-01-05,20.922847747802734,21.296024499562332,20.151612925954108,20.151612925954108,3177468
2009-01-06,21.652616500854492,22.08384287657719,20.118440338840166,20.118440338840166,8138004
2009-01-07,18.285730361938477,22.556547203842474,16.917410402881856,20.980906038868184,14560964
2009-01-09,17.68863868713379,18.74182975197708,16.933989283885815,18.41011595105713,5084712
2009-01-12,17.912548065185547,18.57597577130353,17.09984887211343,18.244261918244536,4851592
2009-01-13,18.053524017333984,18.891101901216043,17.050090492359118,17.912545899903044,5904748
2009-01-14,19.59598731994629,20.317464373181807,18.078396870831156,18.078396870831156,6433352
2009-01-15,18.094989776611328,18.907688940279883,17.273998526149068,18.2608466971401,4126724
2009-01-16,19.529647827148438,19.828190720470072,18.25255034375746,18.74182763879213,3756176
2009-01-19,19.21451759338379,20.06868070282102,18.990611078289312,19.720381538742114,1976144
2009-01-20,18.426698684692383,18.90768387853976,18.26084180856484,18.891098444004516,1724504
2009-01-21,19.197938919067383,19.571116997407785,17.448147867804998,18.078404684046173,4868956
2009-01-22,18.534503936767578,19.977458099515328,16.867642002742244,19.405252443864043,5282516
2009-01-23,17.746686935424805,19.073542033400493,17.580830048177845,17.580830048177845,3410532
2009-01-27,18.667192459106445,19.57111195422716,18.07840002551492,18.575970668419,5660732
2009-01-28,19.232860565185547,19.511475568297396,18.92891669119446,19.080888628190003,2850848
2009-01-29,18.43079376220703,19.705666932980122,18.236607407159916,19.266637753056408,6323200
2009-01-30,19.60434341430664,19.756315328334384,18.059297983537373,18.236598764616353,3205712
2009-02-02,19.13155174255371,19.747880473442592,18.76850792674612,18.76850792674612,2795812
2009-02-03,19.882965087890625,20.347323083573844,19.1231065494999,19.1231065494999,5413696
2009-02-04,20.617496490478516,21.21694101443826,20.077153110671606,20.094038599738028,7026864
2009-02-05,20.524629592895508,21.090301958932574,20.136256828480544,21.081858568639884,3343016
2009-02-06,21.191614151000977,21.748844361120316,20.372655614773745,20.372655614773745,4539424
2009-02-09,20.220680236816406,21.850153646987934,20.034937293967232,21.276039330595967,5598860
2009-02-10,19.832319259643555,20.431764093398602,19.418618766453218,20.09404898441681,7147796
2009-02-11,19.418615341186523,19.756330390598464,19.249757816480553,19.756330390598464,3129708
2009-02-12,19.283525466918945,19.477711844361075,18.616538875139945,18.616538875139945,2714776
2009-02-13,19.241310119628906,19.56213960243977,19.12311039409456,19.401725505174532,4807976
2009-02-16,18.650312423706055,19.43550014325838,18.067754499546933,18.067754499546933,3282720
2009-02-17,18.456119537353516,18.624976984947676,18.084632379678315,18.084632379678315,2016780
2009-02-18,18.346359252929688,18.608087485416643,18.10151521679427,18.10151521679427,3166864
2009-02-19,18.41390609741211,18.57432016534622,18.236605253249017,18.236605253249017,1970128
2009-02-20,17.476749420166016,18.489894314088684,17.324777428421545,18.489894314088684,5784252
2009-02-24,17.00394630432129,17.56117645721819,16.90263208241646,17.56117645721819,2282928
2009-02-25,17.0377140045166,17.730029171658728,16.89418545459248,17.079928359687216,3866036
2009-02-26,16.733779907226562,17.29101023630383,16.581807882179977,17.054609451595876,5596476
2009-02-27,16.91952133178711,17.223465353334632,16.3454068506337,16.590249715344388,4167792
2009-03-02,15.940142631530762,16.868858553737446,15.737512930081282,16.54802915931913,4117448
2009-03-03,15.965475082397461,16.716890345229487,15.70374547582164,16.041460432290922,6392580
2009-03-04,16.049903869628906,16.294746698490993,15.889488491856914,16.125889219750153,2649340
2009-03-05,15.669973373413086,16.252531116295483,15.518001396228044,16.092117038771413,1918264
2009-03-06,15.889488220214844,16.125888944066645,14.631500540413912,14.893228855019586,3521976
2009-03-09,15.382914543151855,15.999244537613043,15.298485812082658,15.366029054594057,2043612
2009-03-12,15.146513938903809,16.041459009481713,15.028314229935498,15.501115642369149,4917280
2009-03-13,16.24408721923828,16.4636024336659,14.707484583085503,14.707484583085503,5990144
2009-03-16,17.16436004638672,17.30788862119918,16.049901134287477,16.049901134287477,6483452
2009-03-17,17.07148551940918,17.70470086722317,16.742214053857875,17.240342945492912,4460136
2009-03-18,17.3501033782959,17.890446715154617,17.223460287943375,17.39231774174674,7707068
2009-03-19,17.654048919677734,17.755363143538847,17.15591861258353,17.22346185791769,3642492
2009-03-20,17.603397369384766,17.755369402891713,17.24035342497393,17.24035342497393,1701108
2009-03-23,17.552732467651367,17.839790922880542,17.096817840548805,17.096817840548805,5485608
2009-03-24,17.645606994628906,17.8144644778311,17.400764159297875,17.400764159297875,5627024
2009-03-25,17.535856246948242,17.755371576473255,17.223470038224846,17.223470038224846,4283216
2009-03-26,17.113710403442383,17.873569288246955,16.885752995657157,17.45986885516564,9904404
2009-03-27,17.713146209716797,17.772246057715897,16.733772514977197,16.733772514977197,5621616
2009-03-30,16.84353256225586,17.74691976533233,16.716889460284012,17.096818766199558,3680368
2009-03-31,17.23190689086914,17.45986423837722,16.56491905093913,16.88574853067809,3176000
2009-04-01,17.01239585876465,17.392325294816462,16.80132394984697,16.978624868650098,5233928
2009-04-02,18.059307098388672,18.473008700282236,16.91107699923752,16.91107699923752,12709888
2009-04-06,18.886701583862305,20.66814782494999,18.658744331584884,18.7600585227882,14416508
2009-04-08,20.988981246948242,21.191609668707514,17.409202585720433,18.77694765329574,23110468
2009-04-09,20.63438606262207,21.613760081633274,19.925185075255673,19.925185075255673,7046748
2009-04-13,21.630640029907227,21.943024761478338,20.499294360021164,21.444895807251843,5519532
2009-04-15,22.246978759765625,22.601580590356065,20.431760378987786,21.67286420949298,7545612
2009-04-16,20.625940322875977,22.69444305259771,20.448639463163698,22.035899946878427,4704744
2009-04-17,21.782611846923828,22.677556879977722,20.03493743314062,20.03493743314062,8198092
2009-04-20,23.116594314575195,24.231055018525662,21.782620887733874,21.782620887733874,16289036
2009-04-21,23.32765769958496,23.775131526629103,22.04434251479672,22.44959939913818,8430680
2009-04-22,21.11562728881836,23.25167326886871,20.904555449818897,22.54247240514262,14810136
2009-04-23,21.639087677001953,22.03590383414154,19.93362846642644,20.262900077371533,12245428
2009-04-24,21.596538543701172,22.804855240807797,21.154056537517196,22.804855240807797,6671740
2009-04-27,21.715667724609375,21.945417870716856,20.422258292437448,21.945417870716856,3246684
2009-04-28,21.451885223388672,22.413432368535997,20.532883159646456,22.413432368535997,4501948
2009-04-29,22.09858512878418,22.25175101867248,21.10299905403738,21.945416642071596,7973928
2009-04-30,22.14113426208496,22.14113426208496,22.14113426208496,22.14113426208496,0
2009-05-04,26.251108169555664,27.53600895913213,22.217713138719716,22.217713138719716,13716812
2009-05-05,25.791608810424805,27.16160237989214,23.996151560801415,23.996151560801415,9286884
2009-05-06,25.10235595703125,26.44682008481379,24.79602160225859,25.64694892283592,5822228
2009-05-07,25.544845581054688,26.361733935328125,23.23883144710945,25.187454978441497,12784156
2009-05-08,25.29806900024414,25.953284096491803,24.506707605867668,25.10235674906584,5395688
2009-05-11,24.106773376464844,25.357637754069888,23.842987947086776,24.68540559471951,4020088
2009-05-12,24.659875869750977,25.017266428893514,23.570689798651372,24.081246256383892,5856856
2009-05-13,23.613239288330078,24.83006463454835,23.187775517369175,24.634352338636244,7900428
2009-05-14,24.149324417114258,24.421622289736778,22.634674317317014,23.485601923231187,5156124
2009-05-15,25.144908905029297,26.106455990248055,24.379074116043633,24.379074116043633,12511968
2009-05-18,28.250791549682617,32.4713922523736,27.399864093366876,28.591162532208916,12380
2009-05-19,27.059490203857422,29.76543818551347,23.825966217232953,28.080603041738836,10479000
2009-05-20,28.386943817138672,28.761351422804296,26.88931079765135,27.229681820406434,6113832
2009-05-21,27.75724983215332,29.44208486365604,27.425386104496795,28.92301868629035,3576928
2009-05-22,28.403955459594727,28.727309428395237,27.110547374865682,28.08060408761855,4355480
2009-05-25,27.893396377563477,28.931528741731718,27.680664548580154,28.931528741731718,3057460
2009-05-26,27.280736923217773,28.761350294766864,26.719124238333713,27.961478942028823,3040132
2009-05-27,29.773950576782227,29.95264585837035,27.689178350844518,27.893400416877604,7749952
2009-05-28,29.70587730407715,30.616368102317114,29.118737892721576,30.122831228267373,6544316
2009-05-29,28.403955459594727,30.463200798083154,28.08060408761855,30.156866415944265,6876748
2009-06-01,29.067689895629883,30.105820100972803,28.812411593145118,29.271912018252653,4992988
2009-06-02,30.378122329711914,30.795076430558538,28.08912707689425,29.442101753726394,8537508
2009-06-03,29.382524490356445,31.092889223838455,28.854951017230977,31.092889223838455,7132240
2009-06-04,29.629295349121094,30.07177607251412,29.14426565568355,29.3825243069856,3862624
2009-06-05,29.773950576782227,30.2759972465207,29.27190390704375,29.944136064613875,3643360
2009-06-08,29.356992721557617,30.863135126001957,28.940038851543793,29.79947596942378,4363588
2009-06-09,33.0755500793457,33.47548441137427,28.45501259918919,28.710290826927416,12562636
2009-06-10,34.683807373046875,36.24100374703133,33.37337946859755,33.39890625630557,12609688
2009-06-11,33.46697998046875,35.33902061718975,33.19468471867696,34.92206663110323,5287256
2009-06-12,33.492515563964844,35.083748841575996,32.505438889830074,33.76481087615095,5743492
2009-06-15,34.130706787109375,34.632753555153236,32.35226861039894,33.20319621617666,5712784
2009-06-16,35.56027603149414,35.909156986031654,33.01600215777318,33.18618773590603,8383456
2009-06-17,33.364871978759766,35.90914500348022,32.68412989338573,35.228402918106184,4442428
2009-06-18,32.13954162597656,34.888037174400395,31.611965390950605,33.36487704639531,4637756
2009-06-19,32.675628662109375,33.15214876613027,31.57793228110677,33.15214876613027,2648988
2009-06-22,31.543882369995117,33.943496278697474,31.058852673082903,32.67561486702421,3508476
2009-06-23,32.47140121459961,32.84580887935152,30.29302580582679,31.314139035236682,3407152
2009-06-24,32.52244567871094,33.01598252305786,31.909776923058494,32.675611569211895,4110800
2009-06-25,31.722572326660156,34.00305930909072,31.143942735334495,33.27126122818521,8076164
2009-06-26,32.641578674316406,33.007476452234876,31.52686315539501,31.960836689854435,2816356
2009-06-29,32.624568939208984,33.458479680126395,32.096995300008544,33.18618176537267,2700520
2009-06-30,31.6460018157959,33.0925789593768,31.373706499805294,32.93090320975342,2288568
2009-07-01,32.33523178100586,32.811751505564345,31.399211913660952,31.65449005930047,2213968
2009-07-02,32.513938903808594,32.69263419053108,31.7566139805628,32.011892219645055,1959064
2009-07-03,32.56500244140625,33.01599306046085,31.90978710740417,31.90978710740417,1734260
2009-07-06,31.90127182006836,33.81585871694019,31.484317859670096,33.81585871694019,3544428
2009-07-07,31.30562400817871,32.99896931131475,30.820596863346164,32.335246861828196,3594444
2009-07-08,28.69327735900879,31.731087083932795,28.47203568177692,30.16538094762416,4529288
2009-07-09,30.131345748901367,30.54829973850202,27.612599624356285,27.612599624356285,3805888
2009-07-10,30.071779251098633,32.26717389939714,29.484639757967276,29.484639757967276,7591780
2009-07-13,31.0929012298584,31.654514096089617,28.948564736283146,28.948564736283146,3073320
2009-07-14,32.42885208129883,33.101084380982044,31.152460652726255,31.152460652726255,2698240
2009-07-15,33.169158935546875,33.67971552827561,32.71816831736653,32.71816831736653,8041864
2009-07-16,33.05853271484375,34.5136192301516,31.824687864482787,34.02007973191245,3312256
2009-07-17,36.66646194458008,37.236584353716964,33.20318890930605,33.696725773316786,8387992
2009-07-20,39.780860900878906,40.657315193227234,35.90914074902866,38.12155226437166,14653692
2009-07-21,39.05757522583008,40.82750352195257,38.581055270158686,40.82750352195257,5946176
2009-07-22,36.785587310791016,40.163769838014694,36.45372617259597,40.163769838014694,3931732
2009-07-23,38.266204833984375,38.49595366558782,36.84515508860412,38.25769504092701,3639832
2009-07-24,39.90849685668945,40.504146063505715,37.440807285593515,39.1426621622114,4505396
2009-07-27,40.65731430053711,42.29109611472514,37.551428972192106,37.551428972192106,4887424
2009-07-28,41.108299255371094,41.8656240490894,39.780852119815634,41.06575288946755,5321708
2009-07-29,40.095706939697266,42.546377229379615,39.82340908669932,41.25296632287656,5912216
2009-07-30,41.85711669921875,42.35916332681394,39.48302986262002,39.82340080971157,7090956
2009-07-31,41.014705657958984,43.737673668445886,40.597751700718106,42.078365037055434,6463152
2009-08-03,43.29519271850586,43.56749057331902,41.184893432590634,41.184893432590634,4354844
2009-08-04,42.96332931518555,44.197176797335985,42.41022643555675,44.197176797335985,5040300
2009-08-05,43.4398307800293,43.72063569932944,41.52524470255494,42.88672813542559,5031596
2009-08-06,41.618865966796875,44.18015834870057,40.69135547946175,43.68662142056253,6147132
2009-08-07,41.58483123779297,43.005878716580305,40.861542805846916,41.695450782772426,4758956
2009-08-10,41.73800277709961,42.869735554751635,41.20191937649079,41.88266152168304,3455716
2009-08-11,44.22270965576172,44.571587904123966,41.95073186106722,42.495325021034525,6098260
2009-08-12,44.648170471191406,45.38847849307823,41.87414608390526,43.73767693593519,6373328
2009-08-13,48.11994171142578,48.494351823421425,44.282261434888134,45.09064241854604,11128040
2009-08-14,45.96709060668945,48.15397465522383,45.48206104049347,48.15397465522383,8680480
2009-08-17,44.31631088256836,46.61381553286609,43.865320267721444,45.984132189344976,6432820
2009-08-18,43.80575180053711,45.26934831097532,42.71656551148423,44.418420711144954,0
2009-08-19,42.50383377075195,44.74177232795946,42.02731379369685,44.24823535693897,0
2009-08-20,43.35477066040039,44.01849329419447,42.818687194399445,43.06545573276773,0
2009-08-21,47.566837310791016,48.077393704108985,42.61443925687705,43.39729343202758,0
2009-08-24,49.35377883911133,50.00048144988892,47.822109840656154,48.50285161774734,9718788
2009-08-25,52.280967712402344,54.44231962083564,49.69414702279778,50.340849598375264,22202320
2009-08-26,51.36198425292969,53.608435036688846,50.893974105784,52.417136480317986,13101764
2009-08-27,53.25102996826172,53.59991328120461,49.35378393105621,49.35378393105621,14125844
2009-08-28,52.153343200683594,53.608426998908755,51.73638669101035,52.75749958622766,5732464
2009-08-31,51.05565643310547,52.15335512387722,50.31534837609545,51.05565643310547,4649232
2009-09-01,50.64720153808594,51.906573092418114,49.35379080918444,50.88546017912464,5393396
2009-09-02,52.604339599609375,53.259554819702515,49.991991110509076,50.03453748592228,9144004
2009-09-03,51.50664138793945,53.09787687798061,51.089690022234684,52.2469493639104,4892016
2009-09-04,51.889564514160156,52.4171406700235,51.05565649677614,51.05565649677614,3664020
2009-09-07,52.86812210083008,53.22551267309627,52.144833759149314,52.144833759149314,4183804
2009-09-08,52.35756301879883,54.11898381373018,52.12781157708625,52.75749994420238,4380860
2009-09-09,52.536258697509766,53.336127321243644,52.07675583328605,52.587312263024145,3013384
2009-09-10,52.66391372680664,53.77862685795289,52.44266942417561,52.791552872830266,4941920
2009-09-11,53.25102996826172,53.60842047683692,52.6043272907623,53.09786409134323,3099388
2009-09-14,53.25956726074219,53.778631084572936,52.24696121191105,52.75751783613168,2694984
2009-09-15,53.48076629638672,53.863683477506434,53.2935613024433,53.361634429246365,1873880
2009-09-16,54.72316360473633,55.395398630244244,53.64248947608709,53.86372862203473,5765176
2009-09-17,58.314064025878906,59.93933876432757,55.23370525281535,56.152711162729595,24765740
2009-09-18,57.701377868652344,59.36068609597748,56.67175791787391,58.458705239608676,7469476
2009-09-22,58.36512756347656,59.02033767629575,56.501593997251774,57.02065776826049,4132592
2009-09-23,56.705814361572266,58.71400131458218,56.33140415978754,58.71400131458218,2370688
2009-09-24,59.03733825683594,59.394728781067734,54.459350171752654,55.9910193953332,13917048
2009-09-25,57.08872604370117,58.543809940041996,56.70580868217474,58.543809940041996,3128436
2009-09-29,57.0291748046875,58.705503392193116,56.850476873653136,58.54382505368352,3861924
2009-09-30,57.999229431152344,58.543825231698094,57.03768217755949,57.52271200091266,3172536
2009-10-01,57.25038528442383,58.85012750204872,57.01212668922826,58.20342485885393,4667348
2009-10-05,56.99510955810547,57.973675953840925,56.365426471821074,56.501572762464164,3656416
2009-10-06,53.94028854370117,57.67585661518835,52.81706336653576,57.52269072594956,10937168
2009-10-07,52.621341705322266,54.969898770374584,51.95761431447705,54.91033282585673,5659344
2009-10-08,50.783348083496094,53.09787173637557,50.37490395502298,51.71936825833605,7231536
2009-10-09,50.57911682128906,52.67239573760224,50.23023353947176,51.396004887741114,7902636
2009-10-12,51.4045295715332,51.73639338286331,49.36230351694649,49.36230351694649,6485880
2009-10-13,51.2258415222168,51.2258415222168,51.2258415222168,51.2258415222168,0
2009-10-14,51.80447769165039,52.587332219735785,51.498145795015056,51.906590055079015,3094008
2009-10-15,51.32793045043945,52.34053071621272,51.05563270395552,51.73637447334159,2541316
2009-10-16,51.25988006591797,52.06826127589531,50.93652342700716,51.566211920659974,2042484
2009-10-20,52.99573516845703,53.59138409821025,51.310900663027226,51.82145688852998,5753140
2009-10-21,54.69761657714844,55.727241929106604,53.09787397683266,53.09787397683266,10759608
2009-10-22,55.6761589050293,56.348393388961654,54.476353775997126,54.96989045341295,7901052
2009-10-23,55.51449966430664,57.09722238009596,54.65505996683764,54.65505996683764,3626380
2009-10-26,55.78679275512695,56.65473965610854,54.63804087861702,55.82083192522355,2341724
2009-10-27,54.4593620300293,56.14419750410343,54.118991017341614,54.82525982993866,2847776
2009-10-28,53.32763671875,55.46346303696329,52.757514156075274,53.778627333289634,5327348
2009-10-29,52.8255729675293,56.07611673666997,51.80446006792377,52.75749981295201,10189216
2009-10-30,52.28776168823242,54.541473010887145,51.792629640047274,54.24268580124011,4640940
2009-11-03,48.19865798950195,52.910961610524815,46.95229018866848,51.647519207535325,5975400
2009-11-04,49.1376953125,50.28162572383817,48.16450568281642,49.17184451091814,6988548
2009-11-05,51.485294342041016,52.07433397445045,47.82302053796748,49.17183011357944,4887032
2009-11-06,52.11701965332031,53.4402199884988,51.82676717304273,51.90360024442056,3391164
2009-11-09,53.27804946899414,53.84148015534478,51.271905883832346,51.271905883832346,2927316
2009-11-10,52.14262008666992,56.684185379002045,51.74139062397876,56.684185379002045,3048056
2009-11-11,55.104915618896484,55.301260519370594,51.92923237537925,52.58656548604219,3781292
2009-11-12,56.91469955444336,57.6232510812066,54.293907685403546,54.55001102354225,7048844
2009-11-13,57.486663818359375,58.55376104389741,57.19641128883876,57.3500722472291,5504744
2009-11-16,56.79518508911133,58.03301794481909,56.197610607045505,57.48666725890622,3111928
2009-11-17,57.53788375854492,57.870820184942275,51.40847819252596,51.40847819252596,3012456
2009-11-18,58.00741195678711,58.83548054262835,56.8805561128903,57.52081452300936,3603468
2009-11-19,56.02687072753906,58.733030287220494,54.65245160877107,58.0500880745784,3806712
2009-11-20,55.676883697509766,56.30006763454616,54.63539543003721,54.83174034027644,3640296
2009-11-23,58.66472244262695,58.90375111521052,55.23293763991479,55.23293763991479,7019460
2009-11-24,57.99887466430664,59.55256416825455,57.136656917704514,59.33061001352943,5470432
2009-11-25,58.493980407714844,59.40741632897879,56.743941620506185,56.743941620506185,4426224
2009-11-26,57.486663818359375,60.77332327301652,56.556152953515934,57.42690533164211,4357576
2009-11-27,56.504940032958984,57.65740515202318,54.63538342230259,57.65740515202318,2192060
2009-11-30,57.55497360229492,58.47694482904498,55.514681034303734,55.514681034303734,2433676
2009-12-01,58.15254211425781,58.88670305595026,57.5720421591479,58.04156502452802,2792668
2009-12-02,56.414466857910156,58.375142494909106,56.01205575901678,57.073730212133825,4239120
2009-12-03,57.40763473510742,57.79292087426922,55.36133515013703,56.14903230202336,3321196
2009-12-04,58.203880310058594,58.51211229647896,56.534307367389175,56.534307367389175,4725020
2009-12-07,59.23988723754883,59.55667388659097,56.90248044886245,56.90248044886245,5985100
2009-12-08,59.77073669433594,59.93341519732603,58.90598522251472,59.41970020992038,6397040
2009-12-09,60.86664962768555,61.33755490473656,59.31694003501473,60.61835202765668,10189720
2009-12-10,59.959102630615234,61.388943789130195,59.45395267214159,61.388943789130195,5052532
2009-12-11,59.50532150268555,60.789609017131994,59.27414870492933,60.41288258924933,6302424
2009-12-14,58.674781799316406,60.10462214624124,58.31518045072209,59.590907427042595,2643576
2009-12-15,58.03267288208008,59.479638957889485,57.55320761625064,58.56351278582089,3329288
2009-12-16,58.94877243041992,59.24843939266607,56.97953239280241,57.86140840797135,3056560
2009-12-17,61.320457458496094,66.44048335206914,58.64913801052494,66.44048335206914,9007472
2009-12-18,62.55332946777344,62.94718057089225,61.346101918104615,61.645768850014406,8716788
2009-12-21,60.9951057434082,63.64930031562323,60.61837926220117,62.67323957617409,5273356
2009-12-22,61.57731246948242,61.85985470533352,60.078976888384375,60.96085335667469,3308812
2009-12-23,63.58076858520508,64.00886426710325,61.81701646609557,61.81701646609557,5432228
2009-12-24,64.1972427368164,64.55684424060681,63.11844345122381,63.68352779590972,4767984
2009-12-29,63.803428649902344,64.55687656196801,63.375332651480804,64.21439976323077,2451756
2009-12-30,63.640716552734375,64.28286021207,62.544792419290594,62.544792419290594,2271912
2009-12-31,63.58076858520508,64.19722741229391,63.35816092092898,63.70063746644751,3645176
2010-01-04,63.54655456542969,64.21438310456115,63.024274447378,64.08595433835202,1632148
2010-01-05,64.97639465332031,65.24181200818606,63.452369142321544,63.78628601850212,5037896
2010-01-06,63.01567459106445,65.56712341386256,62.501959852550335,65.08765841489335,3992320
2010-01-07,61.67146301269531,63.683512721649215,61.50878978871441,63.683512721649215,3665940
2010-01-08,60.233055114746094,62.15948544890641,59.80495948493269,62.15948544890641,6241492
2010-01-11,60.83243179321289,61.90267162067969,60.241657318139055,60.241657318139055,5742332
2010-01-12,62.99000930786133,64.00887405104903,60.7895961214096,61.13207271927669,9051468
2010-01-13,64.71949768066406,64.89929575008321,61.662893920102455,62.989990337155604,8064504
2010-01-14,63.37528610229492,65.71268749169755,62.60471387112192,65.05341909320516,7763244
2010-01-15,63.25540542602539,64.02597751351946,62.698881140613,63.61500677867791,2749332
2010-01-18,64.47976684570312,64.72806442122769,62.84444349891683,62.84444349891683,3042216
2010-01-19,64.52259063720703,65.05343042295533,63.358172264282885,64.55684038820175,3261340
2010-01-20,65.24178314208984,65.90961137319196,64.08592477933628,64.78800275594209,0
2010-01-21,63.44379425048828,66.23497663057621,62.767400831460456,65.31029079596772,0
2010-01-22,65.52435302734375,66.59459270577868,60.7981735622192,63.144141027660424,0
2010-01-25,61.851287841796875,64.75377444466733,61.02934070963188,64.75377444466733,0
2010-01-27,56.54288864135742,61.85127593112856,55.67813209255682,60.61835808319302,0
2010-01-28,59.47964096069336,60.44713657747146,57.210732859697615,57.36484632706215,0
2010-01-29,59.556922912597656,60.793400960687755,54.76557964776795,57.04103886451686,0
2010-02-01,59.711490631103516,60.79340506558427,57.72797384673066,59.07607723887285,0
2010-02-02,58.758338928222656,61.652035807470696,57.873916621497564,60.621639665841656,0
2010-02-03,59.9261360168457,60.226668283247406,58.94725739564773,59.582670569529476,0
2010-02-04,57.899696350097656,59.720064571403846,57.21276534136835,58.48358665934403,0
2010-02-05,57.899696350097656,58.88715967514603,54.53373335915053,54.53373335915053,4273852
2010-02-06,58.2946662902832,58.73258257276884,57.89967794132684,58.56084987518764,0
2010-02-08,58.663883209228516,59.32505506044627,57.16980683067751,58.73257523150165,1881576
2010-02-09,59.54831314086914,60.106444410394225,58.38911742724011,59.076048220501754,3087216
2010-02-10,59.78014373779297,60.57869960862807,59.42808861822726,59.59123675179005,3792096
2010-02-11,59.908958435058594,60.79338086557945,59.62560050462115,59.93471729403172,1640296
2010-02-15,62.064205169677734,62.66526970139461,60.44991861838291,60.44991861838291,8256392
2010-02-16,61.94401168823242,62.699634821384805,60.96513281153099,62.26171311723177,4087456
2010-02-17,62.13288879394531,62.51070283047594,61.4803066299736,62.1672374303085,1608804
2010-02-18,61.94401168823242,62.64811184631894,61.32577267351932,62.64811184631894,1747308
2010-02-19,62.32179641723633,63.33501830939354,60.97369366031836,61.66921424692928,4792680
2010-02-22,62.536468505859375,63.84163821697558,62.16724420859492,63.02590780263629,3657652
2010-02-23,62.34757614135742,63.15472220607591,61.82379332205935,62.16725884051524,1899780
2010-02-24,62.75971603393555,63.52392338886123,61.82377074163934,61.82377074163934,2729800
2010-02-25,63.1461181640625,63.54110129196333,61.694974700372505,62.97438545786801,3227700
2010-02-26,63.0430908203125,63.52394040296851,61.60053683147707,62.52789259280932,4111692
2010-03-02,62.65668487548828,63.70425553129936,62.17583010779025,63.0430835012563,2625736
2010-03-03,62.56221389770508,63.69565064601746,62.34754804540597,62.85416155317807,3442980
2010-03-04,62.2187614440918,66.1170962270737,61.652045572777816,66.1170962270737,1147552
2010-03-05,61.68639373779297,63.02590682742429,61.308579665914095,62.338975962820214,1601164
2010-03-08,61.720741271972656,62.39049786166396,61.480316501425385,61.87529967869112,1520876
2010-03-09,62.05562210083008,62.3733286947276,61.32575800930167,61.720741186017335,1622728
2010-03-10,61.48887634277344,62.459170056987496,60.89640181485842,62.05559726092477,1840376
2010-03-11,61.8924560546875,62.150055071486314,60.37262080740145,60.37262080740145,1722136
2010-03-12,61.918243408203125,62.33899075898417,61.669234055201706,61.84096681211351,1397268
2010-03-15,63.3951301574707,63.678488086648926,61.30857873605556,61.30857873605556,4347644
2010-03-16,64.07347106933594,64.72605322943663,63.54109865406113,63.54109865406113,4783784
2010-03-17,65.55036926269531,65.81655283338554,64.05629277717627,64.46845018118871,4322856
2010-03-18,64.54573822021484,65.77362601274959,64.16792417288127,65.55037559260371,1492656
2010-03-19,64.23662567138672,64.91497205240816,63.89316021079197,64.74323932211078,1220236
2010-03-22,63.377960205078125,64.15934725007645,63.02591021439623,63.87598930137311,1303836
2010-03-23,63.0430908203125,63.79871383914369,62.59658464163627,63.13754173234113,1598484
2010-03-25,63.97903823852539,64.74325112400204,62.16725969997013,63.04309783231458,5691200
2010-03-26,63.66990661621094,64.51139590497469,63.28350799210716,64.25379682223885,1487064
2010-03-29,63.635562896728516,64.31390929673925,62.124316924153334,63.214820840242105,1587440
2010-03-30,61.70356369018555,63.8845713125243,61.368688033470534,63.8845713125243,2303860
2010-03-31,61.549034118652344,62.67388709671932,60.329730197474994,61.823807645249495,3929348
2010-04-01,61.29999923706055,62.51071287076569,60.96511832176324,61.82378196009793,3650020
2010-04-05,61.961177825927734,62.13291058624446,60.99947856084841,61.82379371402153,2926064
2010-04-06,59.57405471801758,62.296018244985866,59.325045522204846,62.04700380830862,6345844
2010-04-07,59.51396942138672,60.106449375866845,58.38912225084208,58.732587675847036,4959816
2010-04-08,59.26498031616211,60.60449383352188,58.998791376609624,59.591271532865825,5187916
2010-04-09,59.00735092163086,60.106439044558236,58.74975189715418,60.106439044558236,5949028
2010-04-12,59.2477912902832,59.84885583960492,58.58661923785593,59.762989475416106,3059500
2010-04-13,61.26565170288086,61.652050347117665,58.40630278370187,59.7629903086266,6411956
2010-04-15,61.25702667236328,62.38187321905939,60.79334650942058,61.48027697845358,6326792
2010-04-16,60.398406982421875,61.46314682992213,60.02917739733375,60.79339018956647,2701984
2010-04-19,59.917537689208984,60.44991010478227,58.904315812330445,59.84884565771767,2970428
2010-04-20,59.30787658691406,60.70749675096269,58.990170110199955,60.44989775484828,3590828
2010-04-21,64.21083068847656,64.39973763370826,59.01591851935743,59.762956524081254,18467224
2010-04-22,65.67916870117188,66.2029513038574,63.38653626543324,64.39975807768229,14995168
2010-04-23,66.59795379638672,66.97576791688012,64.27097728946765,66.11710422563807,10315716
2010-04-26,67.32110595703125,67.79459199637098,66.02978039519562,66.97675247387508,6461292
2010-04-27,66.79595947265625,67.32109635782412,65.71985499123323,67.26944544448239,2942928
2010-04-28,66.48605346679688,66.97675827367001,65.14307686796077,65.14307686796077,2394916
2010-04-29,66.36550903320312,66.87342712960736,65.78010406804935,66.63238080805826,3171036
2010-04-30,67.91511535644531,68.52634066513386,65.67681779703139,65.67681779703139,6177432
2010-05-03,67.04560089111328,67.87205214166084,66.3138499710992,67.14890795423366,3384636
2010-05-04,68.58660125732422,69.21504526920855,67.32110124442922,67.32110124442922,7590168
2010-05-05,69.74016571044922,70.33417738869278,67.1489086452636,68.00979208943365,8741572
2010-05-06,68.85345458984375,70.22226132362735,67.69987396456632,69.98982175032621,3278216
2010-05-07,66.38272094726562,68.0097927749127,65.65097001234568,67.86344153704557,4836172
2010-05-10,68.62100219726562,69.43023455923824,67.03698015972209,68.52630714092207,3456488
2010-05-11,66.71845245361328,70.59242711221017,66.46018747637348,70.59242711221017,2129220
2010-05-12,67.63099670410156,67.92369915711502,66.28802072367372,67.12307865899785,2544240
2010-05-13,68.63827514648438,69.00845418797327,67.49330056282024,67.49330056282024,2607520
2010-05-14,69.80045318603516,70.42029053502645,68.00981604238495,68.26808116659655,4424652
2010-05-17,67.89785766601562,69.6282307613645,67.49324151929015,69.6282307613645,1680680
2010-05-18,68.2164306640625,69.31836081660832,67.66546296058088,68.52634671326003,1734936
2010-05-19,64.0239028930664,67.83761550576904,62.66370810005211,67.83761550576904,4938020
2010-05-20,62.22466278076172,65.20332305650903,61.43264885321668,65.20332305650903,2860888
2010-05-21,63.2663459777832,64.10139897332057,60.10690170979567,61.70814330934041,4330116
2010-05-24,63.877559661865234,64.56626650458077,61.59621824537005,63.26633444072169,2426668
2010-05-25,61.12274932861328,65.2291660738276,60.485693219759256,64.04975422603984,2231980
2010-05-26,63.102725982666016,64.2218739196028,61.31209033444978,62.414019559935696,2164260
2010-05-27,63.731201171875,64.73843586588424,62.15578549889418,64.73843586588424,1700172
2010-05-28,64.9278564453125,65.34107961332748,63.70540041352087,64.04975392926963,2102408
2010-05-31,65.83175659179688,66.77872835974516,62.896140958507935,64.72121487125499,3761460
2010-06-01,62.83588409423828,65.94367119637432,62.259091141245904,65.94367119637432,1299020
2010-06-02,63.68813705444336,64.53180152590741,63.016649220192946,63.102737538799765,1991792
2010-06-03,65.18611145019531,68.4230318933495,64.42853488418228,66.11586474732114,1413076
2010-06-04,66.61518096923828,66.8906648095562,64.56627877370289,64.56627877370289,1959048
2010-06-07,64.34242248535156,65.77148671803506,63.722585433984484,65.77148671803506,1269104
2010-06-08,62.85311508178711,65.04836845554497,62.75841997919571,64.56627569876102,2222048
2010-06-09,62.646514892578125,63.34382866564645,61.82867528628968,62.672340355577376,1509960
2010-06-10,63.1716423034668,63.43851939233728,62.009449355410474,62.9822468462335,1627448
2010-06-11,63.63650131225586,64.39407764543678,63.240491799755105,64.39407764543678,904312
2010-06-14,65.52184295654297,65.93507125189014,63.6881621000001,64.04973423122084,3838884
2010-06-15,66.2105484008789,67.38995985598292,64.7814838814726,65.93506988225789,4427544
2010-06-16,65.84896087646484,66.95949709915111,65.43573271932046,66.95949709915111,1505904
2010-06-17,66.39994812011719,67.14891787032329,64.56626718300316,65.84898579280534,1479160
2010-06-18,67.01979064941406,68.526337003126,65.43576266717311,65.43576266717311,6824788
2010-06-21,66.84757995605469,67.63098156014883,66.17609211620056,67.14888907369306,3389428
2010-06-22,65.43576049804688,68.07006747329156,64.99671196271434,66.80456752724018,3639224
2010-06-23,64.17884063720703,65.76286777951533,63.73979232012651,64.99667965270464,3767840
2010-06-24,62.6981315612793,63.705366103254256,60.77836279580744,63.49875200331561,29461428
2010-06-25,61.72534942626953,62.4657071642045,61.14855640724683,62.37961881075085,7822984
2010-06-28,62.33656311035156,62.43987016628161,61.501510439753666,61.983603028207,3441680
2010-06-29,62.08692932128906,62.84450587547999,61.48431077179816,61.983622233350125,4653972
2010-06-30,62.6981315612793,63.1027477752505,61.22602317606463,61.79420406927367,4196660
2010-07-01,62.56902313232422,62.93059531910394,61.751183658272936,62.672330222035114,2451500
2010-07-02,60.76979446411133,62.83591575139884,60.520136040130154,62.1730341208438,5959000
2010-07-05,61.16578674316406,61.759798596553466,60.434035599860906,60.434035599860906,1603712
2010-07-06,61.9836311340332,62.15580788718329,60.890307700646616,61.122747368282745,1845480
2010-07-07,61.320743560791016,62.24189015055539,61.12274136499907,61.98362504619624,2143340
2010-07-08,61.90611267089844,62.276296673515546,61.58759007056559,61.949156833582805,2582096
2010-07-09,62.207427978515625,62.79283285260652,61.85446791126809,61.983600412126684,4019368
2010-07-12,62.81867218017578,63.705381164418945,62.44849331348197,62.844497635170036,3859896
2010-07-13,62.12995529174805,63.361017488259165,61.329334790129984,63.361017488259165,3218068
2010-07-14,61.46706771850586,62.67230434043735,61.329328492051,62.31073230297497,1972088
2010-07-15,61.57899475097656,61.88891595882904,61.34655515869117,61.88891595882904,1816936
2010-07-16,64.27355194091797,64.3940777175565,61.57038124285685,61.7942088229967,8399136
2010-07-19,65.13443756103516,65.42714002607588,63.11997350761838,63.7053731832844,4732324
2010-07-20,63.877559661865234,65.5390638690332,63.395466973730855,65.44436877992631,2098508
2010-07-21,63.95505905151367,64.4457586097423,63.36965386903448,64.22193092544214,2262252
2010-07-22,63.8431396484375,64.35106318538014,63.62791870132921,63.645137427981396,2922484
2010-07-23,64.18744659423828,65.04832975807953,63.998056501724285,64.56623728809397,2691788
2010-07-26,64.385498046875,64.64376317300861,63.705397779622864,64.24775349361994,853800
2010-07-27,65.51321411132812,65.66817204257455,64.04110588286557,64.56624255387133,3693356
2010-07-28,64.14443969726562,66.11586538942004,63.76565403778888,65.85760029024262,3258296
2010-07-29,65.0914077758789,68.15615658604,64.50600797083312,65.4271544861931,15329908
2010-07-30,67.5277328491211,67.83764894048295,65.08282055711308,65.08282055711308,10248516
2010-08-02,67.63964080810547,68.83626613022307,67.18337344774645,68.27669166360484,2705800
2010-08-03,67.63099670410156,68.04422493292415,66.82176947389024,67.66543414130851,2129332
2010-08-04,69.51632690429688,70.24807771381579,67.14889781467686,67.53629530206923,7891700
2010-08-05,71.34142303466797,71.82351573573622,69.73156969574708,69.96400931228284,10054828
2010-08-06,70.94542694091797,71.96988069370778,70.65272962184756,71.34143661413185,3400668
2010-08-09,71.65132904052734,71.96985697034621,70.0070437402199,70.90235938241693,2971760
2010-08-10,71.08316802978516,71.76326299889016,70.7215958255635,71.54804207428407,1574052
2010-08-11,70.02423858642578,71.25530045874272,69.49909670430068,70.59241937229088,2172020
2010-08-12,69.11172485351562,69.55938531484082,68.00979504792605,68.00979504792605,1787124
2010-08-13,70.77323150634766,71.53081320136737,69.11172737703792,69.11172737703792,3584140
2010-08-16,69.0945053100586,71.53941647050397,68.4488427065342,70.95401676085831,2284780
2010-08-17,68.24221801757812,70.36860075015318,67.93229688703097,70.36860075015318,2298644
2010-08-18,70.44611358642578,70.93681835652303,67.64824150318913,68.24225337032011,2945340
2010-08-19,69.92098236083984,71.10039420210308,69.559410118745,70.44611937011776,1480288
2010-08-20,70.20504760742188,71.10897525901959,69.38720830359537,70.23087306087008,2230840
2010-08-23,70.4374771118164,70.96261385626367,69.76598914623,70.42886512562293,1205292
2010-08-24,70.44611358642578,70.9023809060394,69.56801114326498,70.33419975397976,1441008
2010-08-25,70.51496887207031,71.41028985813405,69.43025771016892,70.42027378415148,4007504
2010-08-26,71.26392364501953,72.59829285592372,70.16199399270424,71.26392364501953,12596468
2010-08-27,69.44745635986328,71.26391800796664,68.87066350214985,71.26391800796664,2399616
2010-08-30,67.71710205078125,70.5580179381879,67.16613969799471,70.5580179381879,2679856
2010-08-31,65.86617279052734,68.35412738789786,65.16025275655142,67.66542081472004,5544012
2010-09-01,66.47743225097656,66.89065532565716,64.87618561176654,66.1416855471893,6853124
2010-09-02,69.54216003417969,69.80042505430248,66.5462868516384,67.83761195225235,5708704
2010-09-03,69.23226928710938,70.30837392893085,68.71573905903507,69.7315807900311,2794504
2010-09-06,69.87792205810547,70.24810095095884,68.93955684314594,69.38721736087356,2762144
2010-09-07,69.189208984375,70.23087593324348,68.69850433112661,69.73156454663227,3199340
2010-09-08,69.86072540283203,70.0329021752358,68.54357414482676,68.72435765408349,3534212
2010-09-09,70.60968017578125,70.8335078298359,69.49053139667411,69.89514777538855,3217908
2010-09-13,70.68714904785156,71.41890009494905,70.24810052135963,71.2381166439033,1976264
2010-09-14,70.47193908691406,71.45334862766332,70.19646050055806,70.93681839661997,2007072
2010-09-15,72.79631805419922,73.12345803894435,64.98810769038856,70.24810459705319,6247968
2010-09-16,71.8837661743164,73.32144254868582,71.53941280342148,73.0373520685806,2061360
2010-09-17,72.18508911132812,72.83075180463159,71.83212894075547,71.88377985445317,2262320
2010-09-20,72.6758041381836,73.00293889840148,71.78048297445518,72.27979447735798,3099464
2010-09-21,73.74329376220703,74.03599631451961,71.62552201590734,72.83075916521346,6165932
2010-09-22,72.50361633300781,74.37173475698786,72.10760673260475,74.03598805821314,3836256
2010-09-23,70.85070037841797,73.00290877387417,69.06006404428142,71.4533187291457,2292356
2010-09-24,72.56387329101562,72.7963076356036,70.77323138344158,70.85071300124822,2952248
2010-09-27,71.90959167480469,73.34726805014485,71.54801958423778,72.5724729651081,2101788
2010-09-28,71.28975677490234,72.29699146768502,71.02288500573793,72.29699146768502,2947612
2010-09-29,71.83212280273438,72.57248052602588,71.23811107388663,71.88377371201852,2207600
2010-09-30,72.44334411621094,73.50222973511912,70.86792841447773,72.29699287519404,3811708
2010-10-01,74.1909408569336,74.5266875321979,72.41752290381369,72.74465759121048,4598816
2010-10-04,75.01738739013672,76.0160101097442,74.00154069589637,74.04458486923144,6559352
2010-10-05,74.56112670898438,76.34315681700028,74.13929689641932,75.15513849646184,3818352
2010-10-06,74.68162536621094,75.68885986583699,74.1478766758231,75.06902284649675,2079820
2010-10-07,74.00152587890625,75.37893914983546,73.58830294851042,74.72466994790994,1702752
2010-10-08,74.57833099365234,74.8968589157865,73.51944541848468,74.03597547997286,1224764
2010-10-11,74.16511535644531,75.1895688485097,73.36449473255784,75.06904305376705,1154308
2010-10-12,73.97571563720703,74.77633621462512,73.60553679543477,74.20815522533893,1295540
2010-10-13,76.48948669433594,76.96297254331607,73.38169986006872,74.03596911325707,6806636
2010-10-14,75.55972290039062,78.42646303395416,75.1551067273787,76.70469655680918,3558520
2010-10-15,74.27702331542969,77.16959487177412,74.03597699933822,76.10209728769185,2227200
2010-10-18,76.8682861328125,77.10072046314025,73.20091944592347,74.2081541435344,4066656
2010-10-19,75.62862396240234,77.13517025647411,74.75052164297436,76.96299353715162,2721300
2010-10-20,73.36448669433594,76.57558082592269,73.04595877548667,74.89685814339823,3060488
2010-10-21,72.93407440185547,73.8293903743821,72.40032541096248,73.34729756259219,4760728
2010-10-22,72.19794464111328,73.75673435505337,71.56576986980396,73.4363154122882,3430336
2010-10-25,73.5315933227539,73.69613439746273,72.28456437270641,72.49239988824209,1424816
2010-10-26,73.27178955078125,73.86932784572366,72.76951381833106,73.43633061333372,1594576
2010-10-27,72.27588653564453,73.34972164684352,71.88618907707216,72.76084654434507,1776400
2010-10-28,71.080810546875,72.74352064736529,69.10634461499703,71.89484729693463,5889116
2010-10-29,69.93770599365234,70.83834228858262,69.45275124137319,70.76040067793295,3416932
2010-11-01,70.6304931640625,70.83833391080755,69.27954416704894,70.17151724107775,2884776
2010-11-02,70.32737731933594,70.83831594220892,69.47004634910212,70.63047524818403,2741284
2010-11-03,70.33607482910156,71.08949110638656,69.79915717830013,69.79915717830013,3960364
2010-11-04,71.36660766601562,72.05074546435677,70.14555748332809,70.14555748332809,4074184
2010-11-08,70.25812530517578,71.87753590620883,70.14554708919175,70.66514373429688,1955936
2010-11-09,70.11956787109375,70.6651432878855,69.66924972439202,70.49194440727794,2139344
2010-11-10,70.14554595947266,71.15876045823155,69.48739233385012,69.48739233385012,2578936
2010-11-11,69.738525390625,70.66514042141013,69.6259471799188,70.66514042141013,1192016
2010-11-12,69.70388793945312,70.38802031041425,69.27954859009475,69.45274746156998,1358532
2010-11-15,70.03297424316406,70.56122875861537,67.98922411100793,69.27955799286944,2747656
2010-11-16,67.95459747314453,70.57856005996955,66.73354191301001,70.49196059977328,3156624
2010-11-18,68.14509582519531,70.09358306435709,67.54755762427506,70.09358306435709,1931828
2010-11-19,65.29593658447266,68.15371630236072,63.68519013045128,67.89391814618908,2843744
2010-11-22,67.59089660644531,68.05853592975495,64.2654743388529,65.48653022277787,3014880
2010-11-23,68.58673858642578,69.0197356734613,66.56031010485599,67.84198571096829,4664804
2010-11-24,67.6341323852539,68.67332520039226,67.20979320482923,67.89393058903849,3555456
2010-11-25,66.81147766113281,68.93316424920508,65.37392886264259,67.20117519771752,5205576
2010-11-26,67.89395141601562,69.19294283341388,66.35248265782495,67.20115599340322,4427316
2010-11-29,68.16243743896484,68.89853289850275,66.724888420465,68.24903690479283,2234448
2010-11-30,69.92903900146484,70.31873643243276,67.11455755558545,67.20115698468943,2527028
2010-12-01,71.19341278076172,71.7043517006024,70.4486595512561,70.49195928054391,2189460
2010-12-02,72.6136474609375,72.80416733071822,71.01155744540101,72.31054934989005,3386256
2010-12-03,73.38436126708984,74.04251484031535,72.43176750891034,72.74352335188877,3734464
2010-12-06,73.80870056152344,74.64871617420206,72.74352852242428,73.609522909596,3319000
2010-12-07,75.49739074707031,75.9910086122721,72.96002821178261,72.96002821178261,5127824
2010-12-08,75.0037841796875,75.44544456165234,74.06851114377837,74.99512634862612,4011780
2010-12-09,73.67881774902344,75.42812785631516,72.65694520258141,74.99513056666926,3422196
2010-12-10,74.78726959228516,75.8611046953677,72.7435250503526,73.43632052702262,3147728
2010-12-13,75.80050659179688,76.32010335392816,74.14645901325692,74.65739265798572,4003740
2010-12-14,76.81369018554688,77.06483063297902,72.9340369920346,75.68789765746106,4051028
2010-12-15,77.66239929199219,77.93951863760383,75.87845242408734,76.06030918666367,4830808
2010-12-16,77.76631164550781,78.1993089263848,76.82237545895143,76.82237545895143,4709040
2010-12-20,77.79227447509766,78.35517082482428,75.04707122007807,75.04707122007807,2379776
2010-12-21,78.44178009033203,78.78817788740623,77.68836382457344,78.24260241413654,2879908
2010-12-22,78.2079849243164,78.45912551980584,76.76177789874382,78.37252604351467,1977360
2010-12-23,79.25581359863281,79.41169154344983,77.78362302476296,78.63229653375403,3424088
2010-12-24,78.81415557861328,79.32509443649882,78.1127021634519,78.17332283422641,2114260
2010-12-27,78.38980102539062,79.2731162226764,78.07803992220241,79.2731162226764,938476
2010-12-28,79.5848617553711,79.68011899687394,77.80957376191614,78.16462924636362,1948436
2010-12-29,79.20386505126953,79.80140344743202,78.61498977258879,79.65418330635892,2315432
2010-12-30,79.57621765136719,79.68013273797851,78.47640384277994,79.23847776305128,3912636
2010-12-31,79.0219955444336,79.6541704516669,78.67559775574567,78.9786958208476,1482424
2011-01-03,78.65828704833984,79.67150176926695,78.15601124648198,79.67150176926695,1763960
2011-01-04,79.87067413330078,80.35563423957623,78.26858425904857,78.80550192267694,2118248
2011-01-05,81.81053161621094,82.26950781320413,79.67152335594506,79.84472231976233,5206448
2011-01-06,82.73711395263672,83.3866098065073,82.10493375971407,82.1568965993902,3605056
2011-01-07,80.58078002929688,84.69425348592407,79.84468477916359,82.96226466208103,5623508
2011-01-10,80.52014923095703,82.20018029291951,79.49827701060067,80.77128969305578,2512036
2011-01-11,82.3214340209961,85.33509907160385,80.19108969201837,80.52016654075976,9608028
2011-01-12,82.55524444580078,84.00145613955225,80.84057660440415,82.61586511044624,5377136
2011-01-13,80.49417877197266,83.44721753575357,79.4549855011134,81.57667176245103,5567776
2011-01-14,81.50737762451172,83.13544571259484,80.0784871513265,80.19106534360712,3733116
2011-01-17,82.51197814941406,82.93631768820987,80.08719286626648,80.7280310910576,2836656
2011-01-18,84.65094757080078,85.73344050648878,82.78905972141744,82.78905972141744,4606684
2011-01-19,87.9936752319336,89.56979113838949,87.10170219529935,87.22294350675273,13229200
2011-01-20,88.47865295410156,89.02422839394623,85.76809141518233,86.94584173883464,9301052
2011-01-21,86.52151489257812,88.45268700141168,86.16645923510015,87.81184890893623,2748028
2011-01-24,88.36479187011719,89.12123659822477,87.34750449830747,88.68649885872124,4157024
2011-01-25,88.4256591796875,89.03429203539822,86.73018193877903,88.33871162887168,4004700
2011-01-27,87.91265869140625,89.38207429230063,87.53878531750827,88.33870377526989,4323848
2011-01-28,85.7824478149414,89.03428819804245,84.6521297030522,88.16481272735844,4540688
2011-01-31,85.33902740478516,85.85202011508632,83.1218646958478,84.26957351243398,3062924
2011-02-01,84.26087188720703,86.16502542963624,83.74788450620059,85.97373975076202,1960824
2011-02-02,86.63456726074219,87.54751681307958,84.4521799086584,86.31286016664198,3296436
2011-02-03,85.39988708496094,87.43445662834799,84.5651873972561,86.61715281936355,3492820
2011-02-04,83.53048706054688,85.55636330091488,83.12183263788071,85.55636330091488,3796984
2011-02-07,83.06970977783203,84.67823980883385,81.41770596220854,83.99135188906807,2543044
2011-02-08,80.9394760131836,83.45225701150959,80.36561900193752,83.12185738453249,3292400
2011-02-09,80.46126556396484,81.20901237745976,78.51363830497448,79.83524213737098,3295320
2011-02-10,81.68722534179688,83.24358864987052,80.139559973063,80.33953828187367,3084956
2011-02-11,81.64373016357422,82.48712226071399,78.60056663245058,78.60056663245058,3752584
2011-02-14,83.86088562011719,85.19118165567482,80.86119608782683,81.76545244638994,4540248
2011-02-15,83.9913558959961,85.19992928887865,82.13937364413313,83.81746074921348,3449144
2011-02-16,82.38279724121094,84.4869288495346,81.91327838485073,84.4869288495346,2777548
2011-02-17,81.28722381591797,82.90444527162636,80.86117892250918,82.25233898999322,3841848
2011-02-18,79.57439422607422,81.73069228017991,78.51363311596006,81.60027096271153,10064364
2011-02-21,80.87859344482422,81.29594052733665,77.68761803334257,79.12225227794264,8976980
2011-02-22,79.99171447753906,80.75685155464882,78.96573485321993,80.16560950901197,4359160
2011-02-23,79.9308853149414,81.01772973972538,78.79187448051081,79.37442415356654,3250960
2011-02-24,76.67034912109375,80.60037947283428,73.99236562177127,79.64395641544357,16981564
2011-02-25,77.53982543945312,78.00934434073886,75.54003175306721,76.86163559848504,3191652
2011-02-28,76.93989562988281,80.3395429998837,75.6443749024879,77.78328269078067,2431036
2011-03-01,81.51329803466797,82.21757080694536,75.93996425978641,77.38329093424478,5109796
2011-03-03,80.07001495361328,80.86123567456737,78.79188468319202,80.02654117099254,3417636
2011-03-04,80.48734283447266,81.52201542771606,80.17432849082175,80.17432849082175,2473024
2011-03-07,78.58320617675781,80.25260044345372,77.77459490430049,79.55701994123525,3284216
2011-03-08,80.68730163574219,81.37418919266804,78.52230618247192,78.52230618247192,3639092
2011-03-09,80.77427673339844,81.64375226335967,79.92219177540792,80.29606519191975,1469756
2011-03-10,79.46139526367188,80.51345885600125,78.87884541792079,80.51345885600125,1916248
2011-03-11,79.1048583984375,79.6439341230872,77.818036070047,78.61795437370246,1678540
2011-03-14,80.79165649414062,81.00902534754347,78.30495362709802,78.4614634470335,1579500
2011-03-15,79.20921325683594,79.99174115948306,77.3050599043185,78.94837062262023,3762616
2011-03-16,80.72211456298828,80.86122853234383,79.29617249623395,79.29617249623395,3145884
2011-03-17,79.61785888671875,80.99162887879346,78.72230033729929,79.99173222596885,4237992
2011-03-18,78.30493927001953,80.65252245634484,77.47893777853471,80.0265045188094,2974972
2011-03-21,78.41802215576172,79.22663356396203,78.00936748073522,78.4875791562886,1934844
2011-03-22,78.6092758178711,79.00053978284484,78.252792994749,78.65274959175707,2459780
2011-03-23,79.02662658691406,79.60917089892644,78.28757244680465,78.57449828688748,3577348
2011-03-24,80.06128692626953,80.32212952397036,79.22659273636938,79.25267593476822,1647364
2011-03-25,81.94805145263672,83.26965504141391,80.00912249024799,80.00912249024799,4662664
2011-03-28,82.92188262939453,83.43487000966226,81.03511966173583,81.33074346564825,3615188
2011-03-29,83.46966552734375,83.99135093688965,82.43498734233435,83.29577039082845,3917004
2011-03-30,82.82624053955078,84.44346828121178,81.93937970509218,83.67833084223881,4872560
2011-03-31,83.1131591796875,84.33911742361794,80.82643453395335,82.78275426800634,6580500
2011-04-01,81.23511505126953,82.9479832724604,80.68734641178538,82.85234306648299,2213416
2011-04-04,84.37390899658203,85.01731771566865,81.38291099949846,81.38291099949846,3696084
2011-04-05,84.65213775634766,85.62595143752795,83.49573633169626,84.71300210645722,2153052
2011-04-06,85.50421905517578,86.3736945171692,84.16522472096308,84.68690999815914,5984004
2011-04-07,86.57371520996094,86.94758878034449,85.03474182717692,85.21732964087177,2383700
2011-04-08,84.2956314086914,87.46921629411403,84.09565314851547,86.59974098303934,1993212
2011-04-11,85.43466186523438,85.9737377451744,83.47834195913883,84.17392237019503,2426640
2011-04-13,86.47803497314453,87.59966054102826,84.60866256457668,84.60866256457668,3776508
2011-04-15,83.93917846679688,86.92147878164346,83.3131549591054,86.77366686489077,4065600
2011-04-18,80.5221176147461,86.07806774658671,80.00913029410783,84.04349311347009,4171144
2011-04-19,82.86968994140625,83.44354683197612,80.8612040915521,80.8612040915521,2245856
2011-04-20,90.9210433959961,91.4688171739875,87.20838747672002,87.20838747672002,27525060
2011-04-21,90.25153350830078,91.81658900266437,89.87765489471806,90.9210252242938,7735960
2011-04-25,89.91986083984375,91.02837265572404,86.0706433522898,86.0706433522898,3222984
2011-04-26,90.1642837524414,90.46105119293972,88.81138307658192,89.3874547817994,2516028
2011-04-27,90.085693359375,90.76651190751971,89.70164214387722,90.76651190751971,1562236
2011-04-28,89.43107604980469,91.45606879226166,89.03829852509904,90.25154678792208,3764672
2011-04-29,90.9847640991211,91.54338334116245,89.37873777379308,89.4660216974003,3163448
2011-05-02,90.86255645751953,91.97979484301858,90.66179918902716,91.29897603704651,3676200
2011-05-03,89.90240478515625,90.76651740870574,89.01210806064164,90.16425644957903,3105704
2011-05-04,87.0482406616211,89.50964794057906,86.48089525780465,89.04704429217536,3550544
2011-05-05,86.66416931152344,87.24024080670661,85.55566293514573,85.7127728586152,4233320
2011-05-06,87.34500885009766,87.72032859352788,86.58563777590015,86.70783737952257,2380036
2011-05-09,87.17916107177734,88.8375552253695,86.7601994037156,86.84748330653625,2342984
2011-05-10,87.8250503540039,88.8026309782482,86.72527015395937,87.71158236355274,1853720
2011-05-11,88.21782684326172,88.64551469888444,87.56319768195432,87.56319768195432,856392
2011-05-12,88.13926696777344,88.71534381148096,86.0619115476184,86.0619115476184,5628568
2011-05-13,88.11309814453125,89.3787147102526,87.2664432385369,87.48465299124747,2843012
2011-05-16,87.21410369873047,88.20913730175614,86.86496797962216,87.98220121529107,1220572
2011-05-17,87.8250503540039,88.61933161454787,86.95221146224752,87.63302473234033,1817940
2011-05-18,87.9996337890625,88.33131156146418,87.54575641911913,88.33131156146418,3189328
2011-05-19,88.4797134399414,88.92485931442157,87.92982579282243,88.15676186071666,3443972
2011-05-20,88.32257843017578,88.59315638275478,87.40609750207832,88.59315638275478,901068
2011-05-23,86.17539978027344,87.9734514497355,85.73025398829358,87.63304208359547,874748
2011-05-24,85.68659973144531,86.3063132473569,84.17658943202365,85.54694230473399,2368548
2011-05-25,85.77389526367188,86.19285694588082,84.05440125456529,85.53822765262096,1819912
2011-05-26,87.15296173095703,87.57192332577894,85.29381599135718,85.54693606885643,3789232
2011-05-27,88.8114013671875,90.33887018677058,87.31884825157886,87.31884825157886,3230980
2011-05-30,88.82881164550781,89.90240237538725,88.0432566732957,88.83753790313371,1521540
2011-05-31,89.86751556396484,90.25156691583823,88.83756644607007,88.83756644607007,3966884
2011-06-01,89.79768371582031,90.07698794365876,88.85501330101224,89.27397497015657,1150796
2011-06-02,89.67549133300781,89.94606932325831,88.80265223234542,88.85502044743033,1230756
2011-06-03,89.43980407714844,90.33883246894158,88.8375483904539,89.38743587043977,1516668
2011-06-06,88.94231414794922,89.72786942501648,88.1654851318943,88.68918864993914,1141176
2011-06-07,89.34380340576172,89.89369627150207,87.99090287252696,87.99090287252696,1614776
2011-06-08,89.1954116821289,89.5009053052125,88.77644473713406,89.37870572502466,642400
2011-06-09,88.62810516357422,88.8463149898314,86.88242655351672,87.92983371955123,1814400
2011-06-10,87.78141784667969,88.77645109382517,87.47592420172174,87.98216974788906,720624
2011-06-13,87.34500885009766,88.3313159568659,86.67292168494845,87.45847686638302,1490548
2011-06-14,88.61061096191406,88.90737300745232,87.6504881202466,87.98216585461813,1209236
2011-06-15,87.14424133300781,88.92482956257967,86.9522157019812,88.1567323658593,1673208
2011-06-16,85.37235260009766,86.89982035165005,84.97084892207207,86.89982035165005,2491304
2011-06-17,83.78382110595703,86.11429706764656,82.91970833029715,85.19781608083801,3937452
2011-06-20,81.19147491455078,84.4908048655163,76.80109634703675,84.14166930822077,5147044
2011-06-21,81.18274688720703,81.8722917740409,78.8959131486043,81.8722917740409,5531680
2011-06-22,80.89471435546875,82.04686285680755,79.96950718186777,81.27003404561306,2097880
2011-06-23,82.16033172607422,82.76259275032706,80.15280208174649,80.52812177586092,2605116
2011-06-24,86.0270004272461,86.34995188787886,82.60547617831729,82.60547617831729,3968564
2011-06-27,85.59933471679688,86.67292578337941,84.87487930291678,84.88360556327943,1810108
2011-06-28,85.51203155517578,86.84747406068192,83.94092147166596,86.57689612169855,3530532
2011-06-29,85.3287353515625,86.56816775117615,84.51699617707719,86.18412180181917,2832376
2011-06-30,86.36742401123047,87.26644716739604,85.45094300858477,85.53822691359865,4528380
2011-07-01,86.62055206298828,87.89489498343183,86.41106855372145,86.52453656816309,1513268
2011-07-04,87.09187316894531,87.4584666094322,86.76892167786434,87.28389881180858,592820
2011-07-05,88.43606567382812,88.67173331494968,87.0395230033449,87.28391690520196,2149012
2011-07-06,87.87744140625,89.44855714731528,87.63304751848862,88.54080233290195,1725576
2011-07-07,88.95974731445312,89.20414115625329,87.39736345483236,88.02580856759437,2041216
2011-07-08,87.67666625976562,89.45725972143097,87.46718279578648,89.02956653555097,1521372
2011-07-11,86.09683990478516,88.57569943420165,85.71278861912171,87.98216998785608,1420352
2011-07-12,85.80880737304688,86.30632671151055,84.30752842524345,85.36366157554025,4389860
2011-07-13,86.3848648071289,86.72526877306227,85.53821003012905,85.90480342430675,1499404
2011-07-14,85.92227172851562,86.58562722549836,85.40729459692555,85.74770393169003,1657744
2011-07-15,86.87367248535156,87.10061384237065,85.59059797347892,86.91731443931059,2487108
2011-07-18,88.02582550048828,88.68045484233625,87.0744287260477,87.28391224639394,2608212
2011-07-19,88.67169952392578,89.02956131590808,88.04325449621874,88.3312902467637,1621760
2011-07-20,87.21410369873047,89.02960837261595,85.88738690064127,88.77648284530713,1685428
2011-07-21,87.87744140625,88.62808624477296,86.11430532097826,86.41107275229456,2077948
2011-07-22,88.13926696777344,88.59314424019541,87.606837394427,87.83377336694518,4319188
2011-07-25,90.18173217773438,90.6443411658637,87.5544885994042,87.63304624990577,3081688
2011-07-26,89.92860412597656,90.94982146788152,89.02957571712011,89.64928926027494,2071188
2011-07-27,87.982177734375,91.09820893389129,87.50211624872117,90.77526274181548,5040528
2011-07-28,85.71278381347656,86.41105496470652,84.80502918592319,86.06191938909154,6509136
2011-07-29,84.97958374023438,85.88733822642715,83.62668359540753,85.36363494455868,3671940
2011-08-01,84.84868621826172,86.38488622052279,84.08932046819916,85.03198562448036,3829676
2011-08-02,82.97211456298828,84.97091900016244,82.27384301496434,84.58686751779362,2993448
2011-08-03,82.50072479248047,82.90222851123458,80.66776330468205,82.05557380615541,3584764
2011-08-04,81.6977310180664,83.44340903127295,81.20894330532319,82.14287678047947,2134896
2011-08-05,77.4120864868164,79.95204563081474,74.54044428899103,79.95204563081474,6903112
2011-08-08,73.18754577636719,75.06414951422276,70.6650390861557,74.19131056638295,9761400
2011-08-09,72.12266540527344,74.73245541892796,69.65253278913089,69.67871688635657,8045204
2011-08-10,73.69379425048828,76.22502730054514,72.38453577632094,74.19131353614915,7931996
2011-08-11,72.03539276123047,74.01673811347156,71.31093754564418,72.09649254920697,4923744
2011-08-12,71.18002319335938,73.40576272914193,70.42065216861505,72.62893385824746,2984700
2011-08-16,71.90447235107422,72.79476915441117,71.41568466516456,71.56406835361842,1761964
2011-08-17,73.8770980834961,74.36588581234084,70.81342987296412,70.81342987296412,2447900
2011-08-18,69.26850128173828,74.15639970803717,68.34329406771488,73.66761199636188,6360328
2011-08-19,68.43058013916016,69.11139351894488,63.83944895975791,68.08144452620526,9753844
2011-08-22,67.58390045166016,68.74477487395013,65.64619744419633,68.12506151895326,4102364
2011-08-23,69.30338287353516,69.77471783511477,66.16116400269478,67.84574138741854,7282896
2011-08-24,67.59264373779297,69.39941592379452,67.05148257680654,68.77970246150426,2823672
2011-08-25,65.00032043457031,67.9941570948348,64.13620770639,67.61010580955768,8383976
2011-08-26,63.33317947387695,65.4629082188854,62.84439189012999,64.41550168738324,3701356
2011-08-29,68.16000366210938,68.5527812352816,63.89181856934974,63.89181856934974,4234224
2011-08-30,72.10523223876953,72.44564160134505,67.76722639515266,69.47798881285621,7429412
2011-09-02,69.30338287353516,71.39819545409541,68.45672839008195,71.39819545409541,5385900
2011-09-05,67.04273986816406,69.30339428108276,66.03897534142294,69.30339428108276,8449072
2011-09-06,68.90191650390625,69.3034203345877,66.44923558530553,66.99912311946031,6434680
2011-09-07,70.97052764892578,71.68625660051168,69.10265563039053,69.30340750857803,7472232
2011-09-08,71.80847930908203,73.09155394959416,71.42442794478333,71.57281166859818,4858472
2011-09-09,70.87451934814453,73.19626871307766,70.08023807261107,72.42817153931387,5014184
2011-09-12,65.92550659179688,69.55651881582281,65.46290314173886,69.55651881582281,5684324
2011-09-13,66.24845123291016,68.43054778208375,64.939193303406,66.51030281881098,6802736
2011-09-14,68.9891586303711,69.61759810175856,66.70232064651795,66.8594305143648,5868676
2011-09-15,70.37703704833984,70.54287865891365,68.09892843295943,70.49923669059304,4276116
2011-09-16,67.35697174072266,71.45058254541759,66.71106889317295,70.7348589862334,4990712
2011-09-19,68.49166870117188,68.67496273695002,66.23101384718393,67.36570440314675,3016616
2011-09-20,70.3857421875,70.6650464178785,67.99416109133035,68.53532236061545,3874724
2011-09-21,70.71741485595703,71.72990593651764,70.01914367560177,71.00545065237631,4344900
2011-09-22,66.81582641601562,69.80966316382289,66.10882894674853,69.12884979945706,3468008
2011-09-23,67.74101257324219,68.68368267564144,66.1000768052713,66.1000768052713,4613364
2011-09-26,67.33080291748047,68.10762643481586,66.4055903765617,68.08144233016617,2497756
2011-09-27,68.66625213623047,69.29469734523072,68.08144888164152,68.08144888164152,1864124
2011-09-28,71.04910278320312,71.52043802844456,69.30342458214162,69.30342458214162,7975044
2011-09-29,71.5989761352539,72.14013733561413,70.17624974934515,71.0490886765758,8327164
2011-09-30,71.42443084716797,72.61149535853642,70.87454321528554,71.74738241744423,3949976
2011-10-03,69.96678161621094,71.22367207795324,68.62261256999561,70.69996860679181,2618240
2011-10-04,68.47421264648438,69.8707549056861,67.47044789768314,69.02410009556787,3983220
2011-10-05,69.01539611816406,69.97551923132905,68.09018337631794,68.79718631971747,3405980
2011-10-07,70.76106262207031,72.6202087271313,70.17625939496823,71.04909844216932,4515436
2011-10-10,72.25361633300781,72.44564199171624,70.54285390608588,70.54285390608588,3313680
2011-10-11,70.40321350097656,73.80728665947562,70.01916741798902,73.25739898396493,5326780
2011-10-12,73.1788330078125,73.99929857359689,71.60772261207843,71.60772261207843,11281516
2011-10-13,74.4618911743164,75.76242338409938,73.42321598564362,73.95564563192757,8133448
2011-10-14,76.8796615600586,77.4295490896549,74.35715993147019,74.35715993147019,8689808
2011-10-17,76.82728576660156,77.6826668757108,75.43074344074608,77.33353129424692,4408396
2011-10-18,70.10645294189453,73.10901690749935,69.69621740951055,73.10901690749935,12421812
2011-10-19,71.13636779785156,72.18377444027392,70.53410684750445,71.3458512572903,6470156
2011-10-20,71.86954498291016,72.26232242137725,69.8271001719273,70.52537117364658,2991184
2011-10-21,72.83029174804688,73.77339355399897,72.32789121780563,72.80385074743506,4881992
2011-10-24,74.90160369873047,74.96330296640345,73.68526899460703,73.68526899460703,3979896
2011-10-25,75.6860580444336,76.15320044344489,74.15241505030751,75.78301019869146,5946372
2011-10-28,79.63471221923828,80.20762381793783,77.13152708228951,77.13152708228951,5354148
2011-10-31,78.22447204589844,79.978465176592,77.73970066983935,79.978465176592,2190480
2011-11-01,75.7829818725586,79.14994032070645,75.2982105231556,77.0345744324025,2596060
2011-11-02,77.26373291015625,77.70443411402357,74.34629309241598,75.36871773352681,2450592
2011-11-03,77.2284927368164,78.48889731113739,76.32946105720941,77.65156488614491,3882304
2011-11-04,77.34307861328125,78.70925265146457,76.86711905456846,78.37432073738925,2107700
2011-11-08,75.52741241455078,77.3519120114417,75.28943256897404,77.03460913711008,1835820
2011-11-09,75.20123291015625,76.70842844273676,74.79578469122892,76.13551704221817,2712668
2011-11-11,75.1219253540039,76.46165807575764,74.05543060359818,75.59788480109185,2888068
2011-11-14,75.6772232055664,76.55862578368692,74.64598649288891,75.97690223398914,2050028
2011-11-15,74.9809341430664,75.71249736060798,74.24937092552481,74.94567588067538,2908196
2011-11-16,72.43366241455078,74.39037720365846,71.27020994159587,74.39037720365846,4591792
2011-11-17,72.02818298339844,72.81262764960704,70.96168318061923,71.9400427705895,2434412
2011-11-18,71.26139068603516,71.83430229946649,70.56508057323401,71.39360105836546,3215152
2011-11-21,69.55145263671875,70.50337141479984,68.78463694720726,70.15962236942028,3696404
2011-11-22,69.05789184570312,71.04104764216557,68.1853011433979,69.54266326261616,10657552
2011-11-23,67.85917663574219,69.04906994075893,66.63402508093758,69.04906994075893,5112844
2011-11-24,69.3575668334961,70.1596409792617,65.69092910226485,67.69171390963942,6380708
2011-11-25,68.16766357421875,69.27822844320266,67.68289225559583,68.29105668207623,4300328
2011-11-28,68.79345703125,69.80706978699551,67.51542355661435,69.10194786995515,4495988
2011-11-29,68.86397552490234,69.59553851627852,67.8679917863068,69.11958439907596,3711180
2011-11-30,67.65645599365234,69.2782387993408,66.99540409671206,68.02664613186971,23609944
2011-12-01,70.60914611816406,71.69327540468713,69.4545110932219,69.4545110932219,4883004
2011-12-02,73.47370910644531,74.03780884954146,70.53863990298355,70.86475989884683,3309884
2011-12-05,71.72855377197266,73.56187039183465,71.26141139657184,73.13879815335193,3113728
2011-12-07,73.61473083496094,74.3903638848438,72.03701835900158,72.09871760403107,5956360
2011-12-08,73.64118194580078,74.83107537041874,72.28381988733788,73.15641055058606,4976048
2011-12-09,71.8783950805664,73.1387999514803,71.27022502428248,72.3631665985837,3687392
2011-12-12,72.90081787109375,73.21812608266478,70.8647797103815,72.2750240827274,4378792
2011-12-13,73.38555145263672,75.3422655840799,72.29261585662839,72.6275476460559,9789328
2011-12-14,72.56587982177734,74.84871485989055,72.04585548088757,73.59712200848591,4867412
2011-12-15,72.88317108154297,73.37675430397854,71.62276126845441,72.75977258610725,5419008
2011-12-16,72.68927764892578,74.0378226280049,71.81668687323379,72.70690677786342,6033700
2011-12-19,72.53060913085938,74.03780515537522,71.7461588053279,74.03780515537522,8480380
2011-12-20,68.97854614257812,73.15639545666325,68.20291314619712,72.98011498568333,9013180
2011-12-21,68.61719512939453,70.30067201025125,67.92970215007914,69.80708868655167,6148580
2011-12-22,68.47618103027344,69.06671656241649,67.05711939091833,68.39685263180223,3740676
2011-12-23,68.6524658203125,69.46335208758515,67.93852632892367,69.06672083003215,2841340
2011-12-26,68.43208312988281,70.00097829481872,68.14121603993217,69.09313491676478,2650472
2011-12-27,69.07551574707031,69.44570587699982,68.42327573816338,68.925676244521,2340248
2011-12-28,69.07551574707031,69.43688862411221,67.62120160636111,69.19009699737721,2401548
2011-12-29,68.37037658691406,70.397601850228,67.37439307695557,68.91684708165096,5211392
2011-12-30,68.3880386352539,69.0226442847201,67.8680088828608,68.57313105307234,3024140
2012-01-02,69.3840103149414,69.63080195479971,68.04427735329794,68.57311888713187,2099152
2012-01-03,71.07627868652344,71.51697980590998,69.80705731082924,69.98333775858386,10143220
2012-01-04,73.7557601928711,75.44805407038051,71.56988306676281,71.64921144369839,9475148
2012-01-05,73.1123275756836,74.90157333493845,72.67162638475119,73.75575023851424,3231968
2012-01-06,73.6059341430664,74.03782359925738,72.27501827546553,72.98014040498227,3272260
2012-01-09,73.14759826660156,73.82627391237037,72.81266100079125,73.50897115278116,2156612
2012-01-10,74.0201416015625,74.15235190641633,73.47367126556983,73.86149031166813,6297316
2012-01-11,73.20927429199219,74.9015678164202,72.7685731335293,74.70765823076597,2967676
2012-01-12,71.52581024169922,73.1916630572306,70.87357026385058,73.1564048066671,4445508
2012-01-13,70.11558532714844,71.94009000618692,69.80709437976313,71.65804006407502,5498304
2012-01-16,71.56106567382812,71.99294963812572,69.63960406652251,69.98335316719002,3312632
2012-01-17,74.98973846435547,76.24133133797343,73.10353996887375,74.39038572167581,19160384
2012-01-18,73.58829498291016,75.21888956594333,72.8655438755809,75.17481944207756,5520804
2012-01-19,73.85272979736328,74.48733539821947,73.22693069144286,74.21410273005388,3026768
2012-01-20,73.97667694091797,74.79145766740918,72.58623668235079,74.79145766740918,3041328
2012-01-23,74.43722534179688,75.03059871294212,73.4630320297686,74.39294382761378,2915000
2012-01-24,75.88969421386719,76.16423755916365,72.79884101585176,74.39297622057845,2002912
2012-01-25,74.53466033935547,76.16422261326497,73.86158332495695,75.98709651416435,3440640
2012-01-27,75.8099594116211,76.18192524683529,74.35752344762615,74.8357660079671,3227024
2012-01-30,75.9959487915039,76.18193443427,74.26011522511027,75.27859026993886,2673028
2012-01-31,77.51924896240234,77.84693338081985,76.1819488560423,76.34136129040581,4355496
2012-02-01,77.56350708007812,78.09488530452094,76.43875542391574,77.90004554113348,2112760
2012-02-02,81.73483276367188,82.15107473232338,77.8469130986111,77.93547613967891,8703964
2012-02-03,80.41523742675781,82.08908098471856,79.58274271852636,82.00937208940279,2837152
2012-02-06,81.96510314941406,82.88616103580527,80.67208477569143,80.67208477569143,5223688
2012-02-07,81.58428192138672,82.9835770162356,80.94662688670154,82.00938347602366,2864588
2012-02-08,82.75330352783203,82.95699743083809,81.53998884580986,81.74368274881591,1746136
2012-02-09,82.08908081054688,83.37324484161955,81.56655673227172,82.89500228165726,2186664
2012-02-10,83.01898193359375,83.24924363678886,81.66396332450083,82.00936128475159,1772184
2012-02-13,82.94813537597656,84.13488219224003,82.549601723487,83.24925185337433,1399924
2012-02-14,82.93927764892578,83.3112434562593,81.8853754290572,83.24924825412732,1204780
2012-02-15,83.19613647460938,83.4706797843953,82.5850492296537,83.2492721457099,1670112
2012-02-16,84.32088470458984,84.50687036822112,83.142997123432,83.30240954550162,3158044
2012-02-17,87.24346923828125,89.0767256822701,84.66628632508869,84.66628632508869,7489652
2012-02-21,87.45599365234375,87.66854709023916,86.13640232011487,86.75634354094161,3321024
2012-02-22,87.16372680664062,88.20876937883241,85.81756779928575,87.67739125004427,4318952
2012-02-23,87.74826049804688,88.20878939525852,86.87148962986343,87.14603289652047,5101628
2012-02-24,87.29660034179688,88.53648305423461,85.44563041604526,86.96891597241783,2929116
2012-02-27,85.83531188964844,88.20880062455866,85.06481224888412,87.50029620187144,4858240
2012-02-28,85.42789459228516,86.29581659049975,83.68320726616136,86.14525836190387,3498548
2012-02-29,85.89729309082031,86.10098699801173,85.36591486051634,85.72902115570717,2691580
2012-03-01,85.3747787475586,85.9061570385185,84.05518716282435,85.19765265057195,1683944
2012-03-02,85.31278991699219,86.26041568787915,84.31202847521658,86.26041568787915,1191136
2012-03-05,85.17109680175781,85.72018886077242,83.16956838089295,84.52458753787653,1175480
2012-03-06,85.26848602294922,87.05746034822623,84.13488029584427,85.37476274230934,2283156
2012-03-07,87.65971374511719,87.99625228449355,84.0463420590751,84.93197263925504,2902328
2012-03-09,89.78519439697266,90.9010917643584,88.06707494121966,88.06707494121966,6700976
2012-03-12,89.7940673828125,90.68855191431504,88.59846635659838,89.80292152452681,5146680
2012-03-13,89.46635437011719,90.31655710951286,87.88993386286506,89.98001875039611,4438628
2012-03-14,89.41326904296875,91.96388966162047,88.94388587546011,90.3343270891997,3655696
2012-03-15,87.88996887207031,89.58152088578223,87.38515842958552,88.98814739743901,2046256
2012-03-16,88.05821990966797,89.62578662641936,86.89804637540261,88.38590420273371,2789108
2012-03-19,88.37706756591797,88.99700890054683,86.4375346568239,87.50914537307,11628208
2012-03-20,87.14604949951172,88.73133040767266,86.03015712542152,88.38593231759421,2010852
2012-03-21,87.11949157714844,88.03169010173828,86.42870072384062,86.70324407404605,2622888
2012-03-22,84.4891586303711,87.82798704937191,83.16071273995645,87.14605041120036,5161080
2012-03-23,85.89729309082031,86.59693785077854,84.22344950317925,85.16221554786605,10785640
2012-03-26,84.55111694335938,89.36008788627656,83.51492852007809,86.41979451794576,11350256
2012-03-27,83.39097595214844,85.88845534974874,82.92159281063432,85.02053843432374,3814424
2012-03-28,83.35554504394531,84.63084974060267,82.4787686730574,83.43524854691533,2521068
2012-03-29,83.63007354736328,85.79986792245292,78.04174815574447,82.36362321768841,4696456
2012-03-30,85.5961685180664,86.16297407240249,83.63892771672232,83.63892771672232,2436200
2012-04-02,88.78446197509766,89.41325749872239,84.57771689398331,85.71132290843373,3030536
2012-04-03,89.51952362060547,89.68779556606302,88.1910779631802,89.62580035429133,1730140
2012-04-04,90.16600799560547,90.75938671283659,88.56301950475253,89.27152366079056,2006100
2012-04-09,88.2619400024414,90.59115271425637,87.68628013482143,89.8029393487158,2460700
2012-04-10,86.9688949584961,88.92613574802637,86.33124006508145,87.96965611063355,1837152
2012-04-11,86.7917709350586,87.5711245317511,85.75558238464018,86.61464487192582,3409644
2012-04-12,87.57113647460938,89.1741308078507,86.85377798327244,87.0220445229215,4141292
2012-04-13,84.8345718383789,86.79181363677895,84.13492138259184,84.98512474174727,5581508
2012-04-16,85.87071228027344,86.45523152532263,83.42637479867399,83.95775298210503,3347708
2012-04-17,85.17109680175781,88.15567303704185,84.89654806952036,86.42869334841444,5020204
2012-04-18,87.55342102050781,90.57342399120567,87.22574208999349,88.91729402733382,21929216
2012-04-19,89.17412567138672,89.40438740941562,87.55341774167805,87.96081096225235,4754624
2012-04-20,89.51066589355469,90.08632565538412,88.2176422621701,88.44790941017727,3921352
2012-04-23,88.12356567382812,90.16860861644325,87.68788586830183,90.15971929616259,2286284
2012-04-24,90.72880554199219,92.38262122961073,88.60373633812041,88.70154059983118,7551668
2012-04-25,90.51541137695312,91.24450956319399,89.63515127628442,90.65767311403978,4147640
2012-04-26,89.0838851928711,90.69324351985028,88.24808254259942,90.30201559271514,5816988
2012-04-27,90.86217498779297,91.31563898921388,89.09276559609766,89.27059546754697,4363632
2012-04-30,91.0577621459961,91.49344739962574,89.98189384686225,90.53316740443373,2886084
2012-05-02,92.19590759277344,93.26288692063918,91.04890264454278,91.2267325325204,3586380
2012-05-03,91.6268310546875,92.58711659506304,90.96885843286522,91.45789052486015,3006780
2012-05-04,91.26227569580078,92.82717611080236,90.42647328035056,91.62682469557646,4723676
2012-05-07,89.25283813476562,90.97779057538663,88.73713243844695,88.73713243844695,1665664
2012-05-08,85.12714385986328,89.11053106324901,84.29134146778391,88.38142765714895,4185456
2012-05-09,86.53202819824219,86.92325071201026,84.4692003259473,84.48698440087715,3117456
2012-05-10,87.36782836914062,88.49704932818679,85.82071148344042,87.13665166814316,4664208
2012-05-11,86.8787841796875,87.29668547574649,86.06966041065148,86.44310423749009,4320540
2012-05-14,86.25637817382812,87.08329142910297,84.12241968679537,86.24748885090698,2461360
2012-05-15,86.94989013671875,87.39446467381838,84.47805136889662,85.35831112312799,1892964
2012-05-16,86.40752410888672,86.60313803171731,85.00266936172665,86.05186440444436,1844248
2012-05-17,86.29194641113281,87.1010701675515,84.70926161695488,86.78097856493109,3467600
2012-05-18,85.96293640136719,86.70092909043194,84.50473509114173,85.50947251796016,2465052
2012-05-21,85.26052856445312,86.41642265467924,84.82484323659324,86.24748211687152,3098148
2012-05-22,86.7187271118164,87.84794776872475,85.20717335466223,85.73177359409621,1341912
2012-05-23,86.20301818847656,87.66122510220207,85.74065950166582,87.31445473035996,1492984
2012-05-24,86.37199401855469,87.03885621626762,85.26944634756057,87.03885621626762,960808
2012-05-25,86.62094116210938,86.9588168702874,85.80292257651057,86.90547007365734,1782796
2012-05-28,87.41229248046875,87.79463113897633,85.99854791346546,86.47868542743441,1254444
2012-05-29,89.8663101196289,90.31977403777766,87.85682968510196,88.16803190299039,4832832
2012-05-30,90.55097961425781,91.03111704760323,89.63515136494289,89.63515136494289,3254580
2012-05-31,89.6351547241211,90.3286956431736,88.05246977366976,89.8218793665343,5094492
2012-06-01,86.62094116210938,90.23978053647511,85.44726279381,89.80409513189188,3612636
2012-06-04,87.82127380371094,88.1058026532965,84.87818648662318,86.22969445195227,2007540
2012-06-05,88.08805084228516,88.55929903893195,87.1188756197785,87.83019529077394,3037768
2012-06-06,89.28838348388672,90.07083386743653,88.21250945793565,88.21250945793565,3822576
2012-06-07,88.74598693847656,90.25754070549117,87.70568662860983,89.80407674616139,2928540
2012-06-08,88.13248443603516,89.03052310650489,87.3411393457479,88.91493477668259,1725020
2012-06-11,85.80291748046875,88.80824138040755,84.89598400305975,88.80824138040755,9440728
2012-06-12,86.20301818847656,86.460873636968,83.94457696459499,85.00266672324248,4812836
2012-06-13,87.27888488769531,87.88351069623444,86.24747396772176,86.50532941118321,2805520
2012-06-14,85.13603210449219,87.96352534905056,84.72702566150079,87.1366177153027,1938148
2012-06-15,86.41641998291016,86.7809690139359,85.22495778673931,85.35833017764188,2513820
2012-06-18,83.56224822998047,87.11884534917043,81.63279320743263,86.57646645926856,9566876
2012-06-19,83.92678833007812,84.70923847702693,82.6908688718642,83.59780206745886,9035916
2012-06-20,86.55870056152344,87.08330091751986,83.77566381683836,83.77566381683836,5473216
2012-06-21,85.68730926513672,86.95879153242196,85.00266329754129,85.89181249521431,3844684
2012-06-22,84.05126190185547,85.93625904704317,83.85564801780984,85.02043657507426,4842672
2012-06-25,82.66423034667969,84.4692027516699,81.99736821969282,84.14021635030213,5371344
2012-06-26,81.96179962158203,82.8153863956303,80.6014019753395,82.52196271980687,8198500
2012-06-27,83.53556823730469,83.83788113932641,81.83729541783696,82.63752970643274,7825664
2012-06-28,81.6327896118164,83.66005422201054,80.92147021930936,83.6422701518106,8155704
2012-06-29,84.72705078125,84.98490085803999,82.06849183279301,82.69089642957476,6162824
2012-07-02,86.14967346191406,86.40752348962498,84.72703465434029,85.00266875253315,3038188
2012-07-03,86.1674575805664,87.04771756945921,85.80290853373661,86.95880263833617,3066012
2012-07-04,85.97185516357422,86.53201818394193,84.55810548779833,85.62508473685573,2358420
2012-07-05,87.57230377197266,87.67010800972845,85.67841170161343,85.89180967281712,2854932
2012-07-06,87.2166519165039,87.6701158622583,85.79401311955043,87.38558701748033,2799232
2012-07-09,86.58535766601562,87.26111438953298,85.76733922540863,86.30082880489972,2444808
2012-07-10,88.62151336669922,88.77266983573082,86.0696537456706,87.10106478093907,3358784
2012-07-11,87.63456726074219,88.91494463425042,87.41227989915656,88.91494463425042,3867312
2012-07-12,85.57173919677734,86.24749056028928,84.91376647946007,85.3583411730698,4750868
2012-07-13,85.99853515625,86.9588154686761,85.81181051717928,86.58537161747219,3072376
2012-07-16,85.59842681884766,86.78099461499637,84.8426497141064,86.24750489400253,2494724
2012-07-17,85.13603210449219,86.14076957031209,84.0690531120599,85.87402482220402,2051012
2012-07-18,84.69145202636719,85.93626077006182,83.83787105860789,85.0471116674228,4858332
2012-07-19,85.26941680908203,86.327506633692,85.02934541568166,85.71399145355066,2144868
2012-07-20,85.32275390625,86.06075207380889,83.99792487234524,85.09157728815374,2720100
2012-07-23,84.96710968017578,85.11826615500082,84.30914241760937,84.30914241760937,1954268
2012-07-24,85.50057983398438,85.77621932581006,83.93567950550351,85.00265848226839,1891348
2012-07-25,91.32451629638672,92.18699757176299,89.82185733650816,89.82185733650816,29765676
2012-07-26,91.00446319580078,91.74246171861705,89.89302617582275,91.23563992518079,12816148
2012-07-27,92.06251525878906,92.4715217418728,91.2267127953476,91.2267127953476,8025584
2012-07-30,91.9024658203125,92.60489591013659,91.41343372477169,92.10697449272416,3476524
2012-07-31,92.21366882324219,92.52487106842496,91.49346008373664,92.45374563899267,4073420
2012-08-01,92.80050659179688,92.98723662486185,92.21367023410538,92.24034905422127,2534068
2012-08-02,93.34290313720703,93.37846042812036,92.11587269222818,92.5515580446554,3415360
2012-08-03,92.89833068847656,93.09393920868344,91.95582367145931,92.02695996273864,1832752
2012-08-06,93.04060363769531,93.3606952793064,92.20480095680071,93.3606952793064,1710472
2012-08-07,94.33876037597656,95.74362090408704,93.18286604526243,93.32512779211368,9698000
2012-08-08,95.55689239501953,95.76140112150898,94.2498469719587,94.2498469719587,4143600
2012-08-09,95.4412841796875,95.92142695307818,94.79220087534252,95.49463096475917,2684704
2012-08-10,95.45907592773438,96.01035505948033,94.66773080327403,94.66773080327403,2816332
2012-08-13,96.54383087158203,96.71276054767247,94.97003017102702,94.97003017102702,2651068
2012-08-14,97.90421295166016,98.16206838177067,94.87221645230916,94.87221645230916,3938596
2012-08-16,99.23796081542969,99.3980120464832,97.49523018938562,97.80643247453186,3403952
2012-08-17,99.11348724365234,99.57585148114404,98.71336998148907,99.23797034043378,3252888
2012-08-21,99.18458557128906,99.40687285405754,98.07314915744675,98.71333219027143,4398716
2012-08-22,98.35768127441406,98.89117080044532,97.80641310573064,98.3399026317619,2612512
2012-08-23,99.46913146972656,99.94038495742761,98.0553927143708,98.14430764760695,4449184
2012-08-24,99.12236785888672,99.38911264768473,98.60665692566128,99.38911264768473,1261504
2012-08-27,99.3268814086914,99.58473691612421,98.63335136035052,98.74004495121066,1281996
2012-08-28,99.14016723632812,99.89594429597726,98.74004996945506,99.58474197729821,2023568
2012-08-29,97.3707504272461,99.56695599826064,97.14846307312769,99.39801543835571,2358248
2012-08-30,97.19293975830078,98.59780045560983,96.07261344283852,96.73947563702758,10861308
2012-08-31,96.81058502197266,97.53079382062425,96.13482283669576,96.5260507192577,3093860
2012-09-03,98.79338073730469,99.03345757079879,95.85029860040468,96.31265191444155,2429712
2012-09-04,99.85147094726562,100.93622880122514,97.58414012878363,97.99314665467621,3384972
2012-09-05,99.94927215576172,100.76729603647307,98.53552257657859,99.76255297070888,3589564
2012-09-06,101.10516357421875,101.70978943284298,99.23795006560485,99.23795006560485,5814716
2012-09-07,102.60782623291016,103.27468818849667,101.7008983148617,101.71867695879483,8574480
2012-09-10,102.02099609375,102.6078324796178,101.20297219943927,102.6078324796178,3096752
2012-09-11,102.59892272949219,102.69672696535156,101.42523933756529,102.05654391802523,2692404
2012-09-12,103.54144287109375,103.96823890502743,102.3766593814037,102.44778481780997,4396860
2012-09-13,104.5284194946289,105.21307116417115,103.01686525142384,103.01686525142384,6785748
2012-09-14,103.64811706542969,105.9510156456068,102.9634765285074,104.91960475271048,5841380
2012-09-17,100.94512176513672,104.29721019806937,100.22490216762709,104.03046541495411,5143392
2012-09-18,102.01206970214844,102.5011016549797,100.1003993410808,101.02510562333869,3237596
2012-09-20,101.02515411376953,105.22194594478051,100.47388580752599,101.718695012221,6275572
2012-09-21,101.33635711669922,102.3766684715806,100.58058009432919,101.78983201322121,3917652
2012-09-24,99.35354614257812,101.98542593132142,97.361849515952,101.98542593132142,7298332
2012-09-25,100.5272216796875,101.82537753846941,97.6285970173426,100.01152157753032,3540044
2012-09-26,101.15850830078125,101.3630169748235,99.23794804466445,100.11820799443092,2909388
2012-09-27,103.75482177734375,104.72399657106065,100.50053789310022,100.50053789310022,17329580
2012-09-28,102.68783569335938,104.46613396199882,101.81646520017753,104.46613396199882,3269144
2012-10-01,103.3458251953125,103.70148490744796,101.73645631480106,102.07433738287898,10459796
2012-10-03,105.15968322753906,105.4353281932657,103.89709556479222,103.92377438530553,19337484
2012-10-04,104.75068664550781,106.27112991973628,103.91488405467263,105.27528695227798,12359556
2012-10-05,101.9942855834961,105.27524775612925,95.01446552534057,104.91958813533151,6983728
2012-10-08,99.3624267578125,102.97237047193035,99.00676706471967,102.7856513038311,1548440
2012-10-09,99.71810913085938,100.54502244692294,99.00678958289069,99.61141554021405,3679576
2012-10-10,100.5272216796875,102.20771609420339,99.76255542209326,99.90481714496856,4351692
2012-10-11,102.58113098144531,103.21243554804171,100.2071071413834,101.17628186569898,2735004
2012-10-12,103.43474578857422,104.31499494122322,100.84731255797386,101.54085337617319,6166264
2012-10-15,103.79930877685547,104.8307199662231,103.1413360142653,103.91489169282225,2731356
2012-10-16,103.94157409667969,105.07968977136719,102.93683084384423,104.03048904458105,3000956
2012-10-17,103.23912811279297,107.92495166580628,102.70563850664242,106.52009136139363,16696820
2012-10-18,106.87577819824219,107.40926793966436,103.44366303253484,103.49700983590175,10292964
2012-10-19,108.3705825805664,108.90764669364746,105.48834287767036,107.05477987415676,7644600
2012-10-22,109.40892791748047,109.82067493310608,107.40388614494874,108.30794198779157,4317840
2012-10-23,108.97028350830078,109.74007302610133,107.90510443145608,109.74007302610133,2231456
2012-10-25,109.06874084472656,110.91265828304442,108.30790022332306,109.36413039779157,4855128
2012-10-29,109.20304107666016,109.91912659191694,108.48695556140336,108.48695556140336,2121740
2012-10-30,108.55856323242188,110.27716401526764,107.84247775180326,109.19408691115144,2750208
2012-10-31,108.84498596191406,109.54317363066366,107.94987916946411,108.49589212753926,2039356
2012-11-01,108.86286163330078,109.8206322627997,108.35265523578983,109.56104916035254,2205924
2012-11-02,109.95488739013672,111.15433231539723,109.38201703051749,109.38201703051749,3303096
2012-11-05,109.89228057861328,110.42039588700924,109.41788043079241,109.9728423928769,1584520
2012-11-06,108.91659545898438,110.42931714948996,108.61225697377986,109.74903819388923,2746680
2012-11-07,110.30402374267578,111.07381346403446,108.67492268653788,108.67492268653788,1995328
2012-11-08,110.72469329833984,110.97532753254723,109.56105464605334,109.57895240852747,1321904
2012-11-09,110.0444107055664,110.61728113110784,109.43573382969214,110.2771362428379,871504
2012-11-12,110.99325561523438,111.50346217766524,109.42681854001937,110.05339337010538,1743544
2012-11-15,111.10964965820312,113.22210024722162,109.57005887687745,109.91915283422807,9559376
2012-11-16,108.80023193359375,111.70932904411765,108.31687207452583,111.70932904411765,3965184
2012-11-19,110.25028991699219,110.65308793947683,107.77084868255831,109.02399808584387,2888672
2012-11-20,109.85649871826172,110.9753825929014,108.51383806869411,110.25033710085462,2682316
2012-11-21,110.54570007324219,110.81423213819744,108.87185457232691,110.72472144987903,4760092
2012-11-22,112.30010986328125,112.60444839561602,110.24136398641386,110.24136398641386,3519308
2012-11-23,113.93812561035156,114.52889380338539,112.58651677853011,112.78343586734317,6985368
2012-11-26,114.564697265625,115.66567184060655,113.70539710484579,114.546788577458,5736628
2012-11-27,115.09286499023438,115.79104190980192,114.40362602894665,114.78852641814623,4319516
2012-11-29,114.35884094238281,116.36388233094299,113.82177687008615,114.84220079276912,7209576
2012-11-30,117.52751159667969,118.32415875778743,113.06092690665812,114.57365943926123,41511124
2012-12-03,115.97899627685547,117.43802488964492,115.74627066894861,117.24110574293863,3987088
2012-12-04,116.04161834716797,116.36385452823507,114.52888605298213,116.05951610799629,3278872
2012-12-05,114.39462280273438,116.72189994895588,113.67853752697391,116.3996637601825,3775256
2012-12-06,111.96891021728516,114.93171149815664,110.31296266065283,114.57366878320911,3547056
2012-12-07,109.92803192138672,112.41643247162382,109.38201911765655,111.88831742804476,5140800
2012-12-10,111.23492431640625,111.88835669011546,109.38205750025686,109.38205750025686,2307172
2012-12-11,109.98177337646484,112.20164271668799,108.85394094014067,110.66206331809907,3263172
2012-12-12,110.33085632324219,112.7834510147553,109.74903693308671,110.13393720798186,5707108
2012-12-13,111.19911193847656,112.19267821005432,110.55462854561307,111.35127570988557,3549052
2012-12-14,112.94456481933594,113.49057770672023,111.35127056441604,111.35127056441604,3260060
2012-12-17,113.3115463256836,113.98287627358843,112.3358779494097,112.3358779494097,4187352
2012-12-18,113.2757568359375,114.12610823059684,111.68246248372691,113.5442888553036,2110896
2012-12-19,114.83321380615234,115.11069463277903,113.30258389332121,113.68747312812826,4167592
2012-12-20,114.4841537475586,115.90737567063088,113.78596610934316,115.4150669563138,1721692
2012-12-21,112.77448272705078,114.30511282783688,112.11210165768652,114.30511282783688,1795100
2012-12-24,113.93812561035156,114.84218112523912,112.30902498075537,113.23098918427706,1200440
2012-12-26,113.58010864257812,114.91382001397459,113.32052547473364,114.0366109437683,1297916
2012-12-27,111.94205474853516,114.12611753611425,111.1991226570032,114.12611753611425,3306052
2012-12-28,112.12109375,113.6427755565627,111.35130396258798,112.24641090762485,1438688
2012-12-31,110.76050567626953,112.58652553672633,110.27714587106104,112.049461514627,2061996
2013-01-01,111.37808227539062,112.40745452959354,110.96632463243692,111.87039074479202,1223180
2013-01-02,111.93310546875,112.21953527444079,111.14540711320528,112.06737148890444,2322316
2013-01-03,112.05840301513672,113.14147986970977,111.71825811957405,112.78343721189422,4041084
2013-01-04,113.50845336914062,113.92915998116929,112.24635538624075,112.4701320118114,4405880
2013-01-07,112.40750122070312,114.39463367923484,112.08525407469672,114.39463367923484,1205952
2013-01-08,113.6248550415039,113.7770188210588,111.83464150981673,112.23743955444634,2580932
2013-01-09,113.83074188232422,115.08389156191963,113.25788219864477,113.49955669478464,2559260
2013-01-10,114.86009979248047,116.66822207793892,114.0545036753763,114.30513794911403,3364128
2013-01-11,115.44190216064453,117.69757751135096,115.12861482804044,117.0799517274696,6828592
2013-01-14,120.4455337524414,121.01840412295753,116.07742039626709,116.3638501182284,12102412
2013-01-15,118.88807678222656,121.94934849059212,118.55689164807244,121.19745661871656,4186764
2013-01-16,120.62457275390625,121.90457966359959,117.86765076420575,119.31771920004992,10660852
2013-01-17,126.03102111816406,129.12808805975445,123.45310949738169,125.67297844453292,29586880
2013-01-18,126.32646179199219,128.31359506377706,125.40449716383094,125.49400786844467,8911400
2013-01-21,128.39999389648438,128.9116505541937,125.22230734648383,125.69806673236687,4523228
2013-01-22,125.24919891357422,128.54357239854988,124.71060852642945,128.54357239854988,2742436
2013-01-23,121.4342269897461,126.3802816178697,119.25293076063029,125.67113516362997,11598412
2013-01-24,119.6299057006836,122.61908694709528,119.11824917920603,121.52395746430285,4735396
2013-01-25,122.2690200805664,122.88840135856435,119.25291541625475,120.5904173742151,5296860
2013-01-28,125.06074523925781,126.38927323300764,121.90101779149458,121.90101779149458,7459896
2013-01-29,124.2168960571289,126.19172740329854,123.46286735160706,125.04273023701295,5634676
2013-01-30,123.6963119506836,125.6531955794092,123.02307367809279,124.7375849540932,4817056
2013-01-31,123.51679992675781,126.15589653532871,122.0985067073272,123.82200351345683,9893804
2013-02-01,123.50782012939453,125.11461783011069,122.46654701888387,123.86688057837445,2876756
2013-02-04,122.47550964355469,124.32466858769642,122.08054099586074,123.50780833579908,2509300
2013-02-05,120.48269653320312,122.34981474360595,120.01592245942858,121.40728132114971,3933688
2013-02-06,120.29417419433594,121.5957677751098,120.15952658253175,121.48805406872674,11367776
2013-02-07,120.06085968017578,120.62638437425561,119.49533498609595,120.00700279446754,4135276
2013-02-08,120.32112884521484,121.40728424284396,119.62095676005089,120.28522061767904,6208728
2013-02-11,118.4001693725586,121.00335732692115,117.05369284444004,121.00335732692115,17760612
2013-02-12,121.81121063232422,122.14333703728116,117.40374750178582,118.4899027521503,4948684
2013-02-13,127.34973907470703,128.2384157289373,122.43061832041653,122.43959263861008,11434616
2013-02-14,127.15222930908203,129.08217843025764,125.93142647512435,127.46640707299433,9397740
2013-02-15,125.1325912475586,127.10742410799352,124.33367939885115,126.83812871793421,5011932
2013-02-18,124.09130096435547,126.29054634914583,123.56168457811965,125.22233925643074,3825096
2013-02-19,126.6585464477539,127.23304523550394,123.74118092007708,124.23488893245316,2620520
2013-02-20,129.7733612060547,130.46455884036428,125.61724491506013,126.03016205790779,15294124
2013-02-21,129.2976531982422,131.49689816468512,128.76803691275168,128.77701123128801,8070544
2013-02-22,129.3065948486328,130.69795355752126,128.36406152970838,128.82186123594144,4848304
2013-02-25,131.69435119628906,131.94569781197595,128.75006304583036,129.5310148855725,3427332
2013-02-26,130.46453857421875,132.24188016281735,130.07854443854774,131.95463635788693,4070164
2013-02-27,129.22589111328125,131.23663240597148,127.69988375972343,130.698041575304,2711884
2013-02-28,129.87216186523438,131.27249535017694,129.24380611297062,129.4861675200676,5751912
2013-03-01,129.7015838623047,130.9762437880019,128.57952021022862,129.63874172319672,4185324
2013-03-04,128.4448699951172,130.877501752484,127.75367222471345,128.606440583183,3710256
2013-03-05,133.8666534423828,134.4321668095038,128.3730245768851,128.3730245768851,7964048
2013-03-06,135.7786865234375,136.07491573312822,134.03724141172273,134.28858807192415,4185976
2013-03-07,138.48960876464844,138.9474086098988,135.64404835359198,135.64404835359198,7889252
2013-03-08,138.80380249023438,140.56319656262392,137.80740094199146,138.7858428925397,12723888
2013-03-11,140.55421447753906,141.09280514082099,138.42677478298233,138.42677478298233,10133052
2013-03-12,138.85763549804688,140.30285141772882,137.64580664703,140.10537258062462,4722176
2013-03-13,139.78221130371094,140.67986231634114,138.1215569303451,138.23825594504862,6109100
2013-03-14,142.10711669921875,142.92397685492196,138.8037678476343,140.03354524007895,5563356
2013-03-15,142.17897033691406,144.2345936980451,141.88274106914955,142.36747489019336,5285708
2013-03-18,143.99221801757812,144.61159949932983,141.11973435278696,141.32619849925607,5934792
2013-03-19,140.31179809570312,143.96524352365628,140.09635970643154,143.74083081767583,6497364
2013-03-20,138.99227905273438,140.80552963776668,138.07666848435238,140.23103082268156,10002516
2013-03-21,138.7947998046875,140.76963209813627,138.41779074990902,139.04614647964272,4612020
2013-03-22,137.87017822265625,139.29744507913517,137.00843571082103,137.9330093908831,4516588
2013-03-25,137.71762084960938,138.6960626937515,136.44296073110428,138.41779305747554,5216056
2013-03-26,139.2077178955078,139.83607357940457,137.8971387029717,138.1754192719631,3586592
2013-03-28,142.72650146484375,144.52180337006192,140.0335486070165,141.91861560749558,24468836
2013-04-01,141.5595245361328,143.624121279526,140.43746108863652,142.73544483757877,1620592
2013-04-02,142.87908935546875,143.40870557794563,141.36206810074447,142.32255018058615,2992776
2013-04-03,140.1322479248047,144.92570483173554,139.42310168361797,143.8036414620256,4182904
2013-04-04,133.83978271484375,139.42316832833646,132.7266931285011,139.1179757120124,6570244
2013-04-05,135.8953399658203,137.30464716414372,133.25624474927932,133.25624474927932,5343432
2013-04-08,133.8128204345703,137.69965336435683,133.0498171401785,135.89537717738446,3010860
2013-04-09,132.94212341308594,135.50940328071385,132.6010116235624,134.87207321280326,4507564
2013-04-10,137.3406219482422,138.55245096543257,132.22401054232728,133.21142677855647,3796480
2013-04-11,141.95455932617188,142.49315003238652,137.69969055554498,138.20237302314743,5224088
2013-04-12,139.33338928222656,140.26694855024175,136.21854457355684,136.2634271253109,9597216
2013-04-15,137.33164978027344,140.75169842417674,137.0264462018532,139.13592637594002,9824632
2013-04-16,136.94561767578125,138.31902792143393,136.0300181504478,136.42498673383471,7339540
2013-04-17,134.88107299804688,145.4195007368007,133.7590089491518,144.55775773878062,28222348
2013-04-18,132.1791229248047,137.87920734295417,131.1737580876576,135.8684667110051,9565588
2013-04-22,129.8208770751953,133.93431224303495,128.938778419454,133.21423529549173,11641000
2013-04-23,131.80101013183594,132.80911286259916,129.90179952455654,130.47786293677655,8919768
2013-04-25,129.44284057617188,132.31414983471146,128.596747896735,132.31414983471146,7982256
2013-04-26,123.17813110351562,129.12776315222865,121.99000884117785,129.12776315222865,14659260
2013-04-29,126.15746307373047,126.52650026522291,121.14393235485556,122.96212202269686,7340976
2013-04-30,129.8658905029297,130.40594824942787,125.87845974628361,125.87845974628361,7386976
2013-05-02,132.44912719726562,135.2304260515074,129.86585605671587,129.87485481927,13483624
2013-05-03,135.09542846679688,136.22054861361957,133.214225383809,133.39424460730064,9582080
2013-05-06,135.01437377929688,138.43473791503908,134.65433544921876,135.55443127441407,6847016
2013-05-07,135.64450073242188,136.8146258216863,133.82631075795055,135.9145295991752,7104564
2013-05-08,135.17642211914062,136.7065853241682,134.8793860431647,135.91449644656566,4516352
2013-05-09,138.641845703125,141.0630961036614,135.55451081609664,135.82453972210482,8729028
2013-05-10,139.49685668945312,140.57697168979732,138.7947775442302,139.24482546104028,5857196
2013-05-13,136.5265655517578,139.82091471128402,135.7074694024972,139.78490867381652,3741036
2013-05-14,134.13230895996094,137.62468602854358,132.51213607015467,137.1746380035974,5783876
2013-05-15,134.21331787109375,135.9145015784164,133.03419426019832,134.30332747478806,6634336
2013-05-16,133.0162353515625,134.8614327629913,132.31415584391982,134.61840016995947,3496504
2013-05-17,129.60479736328125,134.90636386056866,129.0107363285465,133.10617224773745,6403588
2013-05-20,131.01797485351562,132.29611779812106,129.65883205687558,129.9918631902409,3265484
2013-05-21,132.6111602783203,133.8352887534687,131.4680316606258,131.77406652628815,4222380
2013-05-22,133.87130737304688,135.55448281109216,132.85419430887916,133.03421354236002,4347576
2013-05-23,132.6471405029297,135.1854177652549,131.59403259874674,134.65435893825247,4821008
2013-05-24,132.77313232421875,134.64533602641856,131.59400899651018,132.9081466973342,2910452
2013-05-27,133.52027893066406,134.90642934286785,131.80109730343537,132.53917182795146,2576904
2013-05-28,134.08731079101562,134.47435650661745,132.5301511401666,134.249332483012,2901148
2013-05-29,134.5643768310547,136.77861120214556,134.05132641138192,134.5643768310547,4270132
2013-05-30,133.57423400878906,135.24841021598164,132.36810328317756,134.28531198032485,4277368
2013-05-31,134.08731079101562,135.2664454647091,133.22322073787092,134.2943372877331,5051248
2013-06-03,133.60121154785156,135.32039216825933,132.3320677980381,135.32039216825933,2848988
2013-06-04,132.4220733642578,134.29427679228547,131.6839992943121,134.29427679228547,1948328
2013-06-05,130.8379669189453,133.00719632278404,129.82986368178825,133.00719632278404,1839204
2013-06-06,134.59133911132812,134.9243701864354,129.79382375506327,130.15386210112447,3382144
2013-06-07,133.97032165527344,135.71651049445683,133.394257885259,133.394257885259,3713360
2013-06-10,135.63548278808594,136.17554044522544,134.1593229944044,134.83439506582877,7422292
2013-06-11,136.04052734375,139.10085409707307,135.0144155877826,136.13053695414186,6363000
2013-06-12,137.47166442871094,138.5607783749993,135.46444598358872,135.7164772548372,4490080
2013-06-13,136.37355041503906,138.02972934547478,135.50946040405105,137.6966982017869,6391744
2013-06-14,137.48072814941406,137.97578117595296,134.84344126757753,137.6787449650276,3832808
2013-06-17,139.74893188476562,140.2169884948039,136.19355194386037,137.17465898581315,4248740
2013-06-18,140.3790283203125,140.703060817518,138.87587177042622,139.82097296331995,3965100
2013-06-19,140.37001037597656,140.9100681267017,139.71293571759307,140.41501518853698,4030392
2013-06-20,136.78759765625,139.8749316231119,136.5445761082759,139.8749316231119,3152420
2013-06-21,136.58953857421875,137.96668955253614,135.01437091356055,136.81456252574137,2996392
2013-06-24,136.94961547851562,138.1287391191808,135.79748812714004,136.99462028149904,3464660
2013-06-25,135.2034149169922,138.0747232898149,134.11430097902488,136.45455052630987,3422596
2013-06-26,138.0836944580078,138.97479149736216,134.11427417815392,135.55442745791933,3512944
2013-06-27,143.18728637695312,144.01537036153164,139.08283953164886,139.50589127458633,7696940
2013-06-28,139.6949005126953,144.01536135329414,138.59678777737648,144.01536135329414,6568320
2013-07-01,136.5265655517578,140.39697834826399,136.05850903968033,140.39697834826399,2742568
2013-07-02,137.9126739501953,139.10080699756693,136.81456147023584,137.17459978989436,2463896
2013-07-03,138.2007293701172,139.6948863956638,136.2115195899468,137.18361658834505,3266880
2013-07-04,143.9703826904297,144.3754259677707,137.90373229453292,137.90373229453292,6883720
2013-07-05,143.2322540283203,145.27546717035148,142.61118570723,144.21334969442904,2890504
2013-07-08,147.3997039794922,147.90375549143988,143.84432513606816,144.50139954516888,4591276
2013-07-09,148.11083984375,149.08294820126267,146.71569063829384,146.98571951676922,3513816
2013-07-10,151.1441192626953,151.9362081551869,147.97578566772944,148.11080007071092,4127192
2013-07-11,151.33314514160156,152.83630106924966,149.84798673898518,151.5761666670297,3493012
2013-07-12,155.2845458984375,155.7616011377191,152.53925330398476,153.0163085432664,4853628
2013-07-15,157.5618133544922,158.94796346725033,154.90653001032908,154.90653001032908,3786484
2013-07-16,157.87684631347656,159.29900245976123,155.26656778263802,155.53659659617304,3098124
2013-07-17,157.5618133544922,159.98307392344952,157.21077369793323,157.22878221141096,3321512
2013-07-18,154.6094970703125,158.21889108984047,154.00643710027958,158.21889108984047,4242288
2013-07-19,160.62216186523438,163.25944804373276,156.04067015305733,156.04067015305733,9537080
2013-07-22,160.2620849609375,161.92726247948698,157.8498234039309,161.11717611911155,3851664
2013-07-23,162.09829711914062,163.0703942443114,160.4421182174603,160.4421182174603,4931300
2013-07-24,162.0352783203125,163.44843563974865,160.2260875489325,161.0451727154528,3090068
2013-07-25,162.4493408203125,164.3395425406868,160.75715583754854,162.01729031779809,4243444
2013-07-26,162.7013397216797,165.41963604971764,162.34130134611166,163.74544881332702,5295436
2013-07-29,161.4412384033203,163.40345234621222,160.6401506564515,162.91739824235353,3827536
2013-07-30,163.03440856933594,164.70858509299876,162.37733403108334,163.27743011773015,6222296
2013-07-31,168.77699279785156,171.00023643178122,157.8768328205677,165.25761975972765,16167372
2013-08-01,167.54385375976562,171.2882505227205,166.7967697644831,171.19824093232495,6363796
2013-08-02,168.48898315429688,170.91924250887433,166.76980188244778,167.9579242830187,5528720
2013-08-05,170.9552459716797,172.99845959583948,168.5429841796095,168.5429841796095,4003976
2013-08-06,170.01914978027344,172.8184463756285,169.2270608393848,170.83823501090774,3769488
2013-08-07,163.20542907714844,172.09838340985505,161.81028004845976,171.37830649182217,5661036
2013-08-08,163.0794219970703,163.8804987665449,159.0469869206629,161.6572657099664,5307584
2013-08-12,168.0209197998047,168.49797508580627,162.56634011151422,164.53755259447323,4591444
2013-08-13,169.32603454589844,171.3242540155441,168.3179315434186,168.85798907778252,3725304
2013-08-14,165.65370178222656,170.46021754081391,164.33055381616765,170.1091778360431,5897512
2013-08-16,165.7976837158203,169.38906896449362,163.09739570741934,165.43764531470018,8401384
2013-08-19,167.6788787841797,168.75899393745692,164.67255607672482,167.23782956575823,5959248
2013-08-20,161.86428833007812,168.20996592415196,160.69416338365318,168.20996592415196,5191016
2013-08-21,159.47900390625,164.5015326860993,158.65090904447425,160.87415262079136,5213524
2013-08-22,162.44036865234375,163.2144602307362,156.92278513690405,158.79497877678688,4733996
2013-08-23,170.36117553710938,171.55830768246472,161.76525823192816,162.20630749534857,7902228
2013-08-26,170.0371551513672,173.98857929985752,168.9660385753525,169.3350867730771,5192304
2013-08-27,170.60427856445312,172.98953409031796,169.2181278726759,169.2181278726759,3159176
2013-08-28,176.4458465576172,177.30093787044933,169.73112072158673,169.75812800015044,6561592
2013-08-29,183.19654846191406,184.72671170523816,174.68163127082795,176.5988402001106,9258668
2013-08-30,187.30096435546875,188.1020629655224,181.80139108307594,182.10741492736636,6049048
2013-09-02,186.92291259765625,189.02014045580833,185.41975682807865,185.41975682807865,3931360
2013-09-03,184.31268310546875,188.4441375935287,183.61961346923752,187.2199980470657,4718252
2013-09-04,187.09396362304688,189.1731722010813,182.71948826666272,184.4836852192374,6988140
2013-09-05,183.6016082763672,188.06607178149005,182.0174303382575,187.6160237280501,5768332
2013-09-06,183.07054138183594,187.4630035991076,180.5772686821492,182.89952093149628,5481388
2013-09-10,191.29734802246094,193.15153202314502,182.03536085377362,182.53941226014848,8011760
2013-09-11,191.99952697753906,194.64580098474016,189.29022865706753,192.61157480641222,4176852
2013-09-12,193.40365600585938,194.75380023539952,189.93828581670635,193.61068251605627,5773264
2013-09-13,188.25509643554688,194.43875215296438,186.92294983292223,193.40364165379688,6290308
2013-09-16,179.37115478515625,189.74025743800098,177.18391687225093,189.53323094048275,10046268
2013-09-17,186.7069091796875,187.18396443298113,180.19921100079293,180.2442157987452,3625604
2013-09-18,185.20376586914062,189.02016420402163,183.3225520023003,189.02016420402163,3725976
2013-09-19,184.3396759033203,186.83293763259826,179.31713541681347,185.239771977067,5247480
2013-09-20,191.14439392089844,192.18849208809218,185.34776253923727,187.18397155050874,4133648
2013-09-23,196.40101623535156,197.8861751573879,190.19035165229047,190.19035165229047,5997308
2013-09-24,193.0885467529297,198.73214302778666,192.3594823394286,195.24877667440566,5725484
2013-09-25,191.36036682128906,194.5917019489224,189.6681823245778,193.5296064863544,5015716
2013-09-26,189.42518615722656,192.51251955445608,187.97602293760923,191.81945009181223,6380440
2013-09-27,193.11563110351562,195.14084746325886,188.12009741614898,188.91218643184934,4014632
2013-09-30,195.71688842773438,198.74122013279975,192.98060505648672,193.68268441391288,5254356
2013-10-01,192.8185577392578,196.2209249615731,191.51341855946754,195.41083857411707,2051744
2013-10-03,198.84915161132812,200.8563695582648,193.52058908817804,194.4206848513789,8287912
2013-10-04,197.4451141357422,201.53154215404456,196.6530250730522,198.24619097556192,5397444
2013-10-07,201.5045166015625,203.3407258951676,198.02114896700715,198.07516352490853,5895704
2013-10-08,199.21823120117188,201.6124731253063,198.63316886247395,201.6124731253063,2544784
2013-10-09,200.14537048339844,202.34159609945954,198.12015433026772,199.1192477808112,5126556
2013-10-10,201.19847106933594,203.42170388046293,200.145363103539,200.145363103539,5806820
2013-10-11,208.36322021484375,210.33444369627423,201.35148096411768,204.32179784914936,10934984
2013-10-14,208.7952880859375,210.26244912508994,207.95819431727978,209.72239146466592,6419404
2013-10-15,209.02932739257812,212.14364679841992,208.23723840799877,211.7026084874057,5579340
2013-10-17,194.96983337402344,210.3164725373011,193.88971800769306,209.72240029581806,16121608
2013-10-18,198.48919677734375,199.71333632008586,192.81859108450058,194.9608242967976,7820096
2013-10-21,195.1588592529297,200.57743413641094,189.43426044272573,199.10128511632826,8981476
2013-10-22,199.99227905273438,201.36294945106889,195.73597749343514,197.755910499863,5073020
2013-10-23,199.58644104003906,201.97610379288696,193.8963296034275,201.95807300542214,4021456
2013-10-24,190.20816040039062,200.1906349565893,189.1891676301461,198.56746764613047,7210448
2013-10-25,194.55467224121094,196.20489703924292,187.98985664960028,188.44976294295364,6109920
2013-10-28,191.68707275390625,195.55563543405788,190.81237016713362,193.15694560396986,3539636
2013-10-29,194.8882598876953,195.645751081536,192.03871306023638,192.09280542118813,4523612
2013-10-30,195.85311889648438,197.37710551999336,191.91243464883567,195.50144153023427,3709464
2013-10-31,197.54844665527344,200.4791649916033,195.88921800341166,197.66567979184913,7494488
2013-11-01,198.94622802734375,201.9761495385425,197.68376440028067,197.8009975687745,5212456
2013-11-05,198.5674591064453,200.15456477021772,195.1497991115403,196.96232265423302,3171148
2013-11-06,195.33016967773438,200.49723494134832,194.58170475329004,198.5674780661169,4078512
2013-11-07,198.94622802734375,202.60738135207404,196.6557671102053,197.28699892373683,3972848
2013-11-08,200.96615600585938,204.24855218842492,198.43220268901945,198.83799451455937,4594308
2013-11-11,198.7478485107422,205.22248790618508,197.79197437136676,201.09242385615022,3360592
2013-11-12,197.91818237304688,202.08430692117744,197.17874397529772,199.46920433272848,4512768
2013-11-13,197.69277954101562,200.551353330599,196.58361072873464,196.58361072873464,3054692
2013-11-14,195.6097412109375,199.06348582105906,194.33827303862194,196.46641306384808,2580632
2013-11-18,197.71986389160156,200.9752035822482,192.74213214943669,193.6529183598452,3925068
2013-11-19,198.87405395507812,200.91203946324043,198.1165846951253,199.0183442977431,3945228
2013-11-20,196.0245819091797,201.19167081460313,195.24005515750514,200.10053247121903,2153208
2013-11-21,191.51565551757812,197.93617769857406,190.7671908525437,197.01638756295992,3041036
2013-11-22,189.41461181640625,192.4986253728741,189.08096515372574,191.19107389877846,4398836
2013-11-25,189.91055297851562,192.88635936421886,188.1070339568773,188.1070339568773,3398352
2013-11-26,191.1279296875,192.69698244132195,188.28738720806794,188.82844291843594,6000408
2013-11-27,190.91152954101562,193.33725400564276,190.3614473908171,191.19106180152434,2826432
2013-11-28,191.56082153320312,193.77013284501734,190.74021138256774,192.074820169971,3658696
2013-11-29,195.86219787597656,197.3501013128797,191.62392747994946,191.62392747994946,3602484
2013-12-02,204.29367065429688,205.60122228726414,195.2129544063998,195.2129544063998,4515568
2013-12-03,201.70562744140625,205.601225199966,200.3890493860711,203.79770568066803,3753980
2013-12-04,201.3809356689453,204.51906326502345,200.42508376781564,202.03019813333057,2375652
2013-12-05,199.95614624023438,204.15835439038057,198.6305641550449,203.79765058403714,3172604
2013-12-06,203.1845703125,204.33882758104332,199.10861928461767,199.10861928461767,2035128
2013-12-09,206.2144012451172,207.40471958045563,202.4811030832991,204.12232325942892,4063508
2013-12-10,208.2794189453125,210.26329014662244,205.24049337188367,205.2495197744997,12426016
2013-12-11,212.16604614257812,213.89742052277512,208.31553627237892,208.31553627237892,9236796
2013-12-12,212.9506072998047,214.25815919726273,208.66724763571798,211.2282370286279,3782148
2013-12-13,213.02276611328125,214.25817289223696,210.6601593506753,211.66109972678188,11441044
2013-12-16,213.8433074951172,214.9795336351752,210.68714823453365,212.7251341633298,8242520
2013-12-17,211.07492065429688,216.06165695628698,210.63306714039263,215.88130498887773,7373060
2013-12-18,217.07525634765625,217.48313922101076,211.88156546352494,212.46165669844873,3504008
2013-12-19,224.07275390625,228.16970675419995,217.0752782044479,217.0934240372293,6543352
2013-12-20,224.37184143066406,226.9460489991327,223.19351305800922,224.73440400686553,11683408
2013-12-23,224.90658569335938,228.40530051689032,224.2539776236541,225.2238278786801,4224696
2013-12-24,224.3809356689453,227.23611622785128,223.7011307739677,225.65897772312945,2197664
2013-12-26,225.67710876464844,225.8765137811781,223.88241935774877,224.788825913853,2933928
2013-12-27,225.88560485839844,228.75890944643447,224.7888439857119,226.23909459207132,3104892
2013-12-30,226.00338745117188,230.22725058518748,223.7192475011003,228.23315628878035,1578700
2013-12-31,228.87667846679688,229.86465254606824,224.45341101091827,226.92790479576357,1495972
2014-01-01,228.1425018310547,230.20911294806646,227.01856669272973,230.00970795630732,737988
2014-01-02,226.79190063476562,229.32076504190525,224.81593072361287,228.41435885596886,1030976
2014-01-03,228.369140625,229.5021488638619,225.41424628642136,225.71336488729435,2725944
2014-01-06,226.7194366455078,229.50209986018012,225.56830494642918,229.3208185806697,1392104
2014-01-07,227.75265502929688,229.77394504664244,225.1784705715206,227.68921102846778,3879316
2014-01-08,225.94900512695312,231.40556755055013,225.18761042866697,228.05186367300593,2576776
2014-01-09,232.99183654785156,233.93449064121418,225.35082382754874,226.69231013661806,3250300
2014-01-10,235.33938598632812,239.03752910779244,230.2272619351427,235.44817247474714,5292496
2014-01-13,243.5241241455078,245.27349235641825,236.20943129372725,236.51760051823663,4611212
2014-01-14,239.47267150878906,243.37022066657784,238.38498337173172,243.37022066657784,2560164
2014-01-15,241.16751098632812,244.25836520779959,239.8532218994427,241.1584602010955,3919128
2014-01-16,252.10787963867188,253.4312418993569,242.96224746467317,244.9110213204801,13027348
2014-01-17,250.10479736328125,253.6125867571608,248.31918064573694,251.79977341365003,7473896
2014-01-20,259.341064453125,260.50126938280084,249.37966429112336,251.16528095328502,7594044
2014-01-21,261.072265625,264.4078459325371,259.4044644066991,259.62201524164163,7940204
2014-01-22,262.6356201171875,263.55364933026704,256.89118046762826,261.77213564197956,7216076
2014-01-23,256.6275329589844,262.63557488594984,254.24613851772838,262.63557488594984,6043544
2014-01-24,256.6548767089844,260.14518553498556,254.57343331403595,256.9093818615107,4416224
2014-01-27,258.9544982910156,259.87252767720884,253.88265776841075,256.3185978170109,6256364
2014-01-28,256.76397705078125,259.23628777556166,254.1553488307371,257.95468585118215,3914664
2014-01-29,258.5544738769531,260.86314931868753,255.60952466082043,256.50028131614505,2616276
2014-01-30,260.7178955078125,262.68119637081253,255.91875507062989,258.66372368798915,5446576
2014-01-31,265.8077392578125,267.2075061357864,259.97240741151427,261.06312447402587,3797684
2014-02-03,264.1171569824219,267.43475491341036,263.34456568342455,264.31711735108183,2420852
2014-02-04,254.84605407714844,261.40853083736016,249.9741755023712,260.77227919763084,5091952
2014-02-05,253.34637451171875,257.04571971731787,250.04695012105427,256.6821472707587,6655344
2014-02-06,256.0821228027344,256.60023104672234,247.95629133965392,254.50059228410225,5371304
2014-02-07,254.5098114013672,258.66362217532526,251.8829871541316,258.0818929449871,4448856
2014-02-10,257.4365234375,258.59086133290276,253.88259446346473,255.30053565496107,3536760
2014-02-11,267.7892761230469,268.89816762640646,257.227501183952,257.227501183952,7607308
2014-02-12,271.0068664550781,274.58804559483235,268.63454775091924,269.0435666867606,7410744
2014-02-13,270.7160339355469,273.1065272019006,269.14360086194444,272.49754779407004,5433888
2014-02-14,272.1975402832031,275.178838162041,268.7890493067947,271.5885610002241,4833648
2014-02-17,273.11566162109375,276.6786676201108,272.3157976970604,272.67937019064794,2792108
2014-02-18,270.25244140625,275.3697270475322,269.63436392758894,274.13357209021007,2802144
2014-02-19,271.65216064453125,272.6792569505172,268.2073215746676,271.2249675801144,2796248
2014-02-20,267.75286865234375,272.2975231471194,266.7439464782252,271.7703387875863,3687320
2014-02-21,279.6235046386719,281.1141646900699,267.4074817192123,267.4074817192123,5888384
2014-02-24,278.1693115234375,280.13261190430495,276.4241679575023,280.13261190430495,2819804
2014-02-25,281.5777282714844,282.65027129974754,279.0418196338277,279.75986625432586,2798184
2014-02-26,285.8861389160156,287.6131082210357,280.15987227305436,281.58688983958814,5771220
2014-02-28,286.413330078125,289.04013246861797,278.1329576584815,278.1329576584815,16188144
2014-03-03,273.5246276855469,286.49506944333456,271.1886793049388,286.49506944333456,8926652
2014-03-04,269.2981262207031,277.22400143000414,268.14378809551204,274.8607804342074,6936724
2014-03-05,265.853271484375,271.6613550285637,264.199021177887,270.29795826101275,8011076
2014-03-06,271.1977844238281,272.58845352986015,267.0439734814035,267.1166924119827,7490368
2014-03-07,270.4796447753906,273.5881838212003,264.7261080994172,271.22496362872477,8818956
2014-03-10,261.9630432128906,269.6980336186899,261.3176932506695,268.68003521703616,9844140
2014-03-11,264.4171447753906,266.6985484322222,261.38130170639704,261.9630309019329,7583096
2014-03-12,265.4532775878906,266.9439154338998,261.7721073285824,262.97189171569914,4396776
2014-03-13,265.26251220703125,268.8618891736713,261.2814107081404,262.6811560892191,5891488
2014-03-14,257.5638732910156,262.68116125110765,255.4915053661873,262.6084423046615,5609800
2014-03-18,256.8729553222656,259.38159114337464,255.95492629132082,259.0452911684177,4530072
2014-03-19,255.1550750732422,258.136372831406,249.27429665145456,255.2277939826014,6437264
2014-03-20,255.83688354492188,259.20902747793167,253.77361397261222,253.77361397261222,4944164
2014-03-21,259.2817687988281,264.80805371866336,254.04631528553395,256.50042995913304,7872676
2014-03-24,257.10943603515625,263.5901217423426,256.1096114354439,261.77225883377474,3845692
2014-03-25,254.08261108398438,259.86342221735663,253.30094359005705,256.51855106442116,5035292
2014-03-26,253.9735107421875,255.9549848786064,251.7739020290269,255.40962624605257,4753584
2014-03-27,252.5281982421875,255.40950386545,251.36476261206477,255.40950386545,7130636
2014-03-28,255.5550994873047,258.5000276347102,253.6463440089893,254.68251667807945,4330940
2014-03-31,252.81016540527344,255.40971803091023,251.0468474026242,255.40971803091023,3926028
2014-04-01,257.8545837402344,259.8633297932985,254.5006377828736,256.3184994813227,5962896
2014-04-02,259.172607421875,261.19045223546505,258.5363556458748,260.3178694949558,4831084
2014-04-03,258.91815185546875,261.77218696203744,256.8639584564993,261.4267886660997,5065728
2014-04-04,254.11898803710938,261.82672901190944,253.5918035056595,261.82672901190944,4219764
2014-04-07,255.67320251464844,256.627580103473,251.52849030045817,254.04622483474137,3937144
2014-04-09,250.9103546142578,255.40956220469639,248.5380362812035,253.68259363462906,7069268
2014-04-10,246.75660705566406,252.50104688061074,245.4022864703584,250.8649709828962,5669992
2014-04-11,254.61892700195312,255.40969278703167,242.68465471223294,244.01170327345838,7490088
2014-04-15,259.009033203125,261.27226292374837,254.11897910580987,255.7732293850854,6943812
2014-04-16,256.77294921875,261.4993893459624,254.86419455199115,261.4993893459624,4719656
2014-04-17,258.99993896484375,264.0990517456441,257.22752316915523,263.7718276455436,6078460
2014-04-21,261.7176208496094,262.37206901615485,258.3545756666345,261.4085931415085,3760100
2014-04-22,264.8075256347656,266.1473726837292,260.8791085958536,260.8791085958536,3949268
2014-04-23,262.2189025878906,266.14731883193355,261.40770904451557,264.87127004301334,6748472
2014-04-24,262.2189025878906,262.2189025878906,262.2189025878906,262.2189025878906,0
2014-04-25,264.2150573730469,266.8400768380996,261.2163289528287,263.9689666659387,4847132
2014-04-28,258.78271484375,265.2358809334613,258.0535440370601,264.3244174250989,4263628
2014-04-29,257.8438720703125,261.33478133936933,256.63164355152935,259.03789802414286,2714904
2014-04-30,255.7384033203125,260.44154107781577,254.38030951289943,257.13294676244476,2430288
2014-05-02,259.7215576171875,261.1707758669436,252.65771458671477,255.75669088395443,2547248
2014-05-05,251.89210510253906,262.209869247348,250.28792016550605,260.67860585336757,3030128
2014-05-06,252.02871704101562,253.93366636941155,249.56776621834007,251.77350287556726,2567100
2014-05-07,240.7721710205078,255.84776615287402,239.92450564188704,253.75140041667305,5386704
2014-05-08,244.23583984375,245.429844026694,239.18631722434387,243.36082572664085,3806532
2014-05-09,249.8686065673828,251.19935224005755,243.38811413360634,244.08993661062195,4030548
2014-05-12,254.1889190673828,255.42849594779202,244.76437409962267,248.28263174712254,4273256
2014-05-13,261.207275390625,263.44946277367444,254.59916346964008,254.59916346964008,2679708
2014-05-14,257.287841796875,263.950624573328,254.4805306330834,261.4076510944424,3872396
2014-05-15,256.26708984375,260.1225626961165,253.7696664702423,255.31915444009098,2618476
2014-05-16,248.85690307617188,263.55881491719146,247.6993487922726,256.1212632817353,6331776
2014-05-19,238.2930450439453,251.16292943755,228.9596662751427,251.16292943755,7669000
2014-05-20,238.5299835205078,244.81908129005882,230.31768898128675,236.9804956642416,8200708
2014-05-21,243.55209350585938,244.81901846810786,238.82158608938295,238.85805796933386,4006508
2014-05-22,241.3282470703125,244.25405454133653,239.35037522894234,243.55223192053197,4503816
2014-05-23,244.46360778808594,246.4323553835758,240.10680827893214,240.10680827893214,4848756
2014-05-26,252.694091796875,255.02744688814036,242.9232090756825,244.4544719635427,4342600
2014-05-27,252.20188903808594,259.66676438435576,249.294330082096,253.7513766107811,3412420
2014-05-28,262.58355712890625,264.8257666354016,251.1993849069581,252.4845575696497,5542120
2014-05-29,255.16421508789062,265.23588708903793,252.4845212121258,265.23588708903793,4595600
2014-05-30,258.59136962890625,261.0431980278057,250.97152436088098,255.20983047411175,3531480
2014-06-02,252.0743865966797,259.7215574355675,250.97150672006848,258.86479053735343,2573924
2014-06-03,245.78524780273438,253.38684422858137,244.45450223778965,252.47538076013325,4747996
2014-06-04,238.48440551757812,247.00658855441878,237.27215470996103,244.65500846380158,5684584
2014-06-05,242.97781372070312,244.18094044371904,238.25643087714877,240.40749248232487,4592304
2014-06-06,242.0300750732422,243.24232631024333,239.62381967625117,241.76575948697462,5101056
2014-06-09,249.5586395263672,249.9323483623858,242.0846408261619,242.09376435973147,4268888
2014-06-10,254.8907012939453,255.57429874064817,248.70187464413704,250.10551916702516,3781152
2014-06-11,256.26708984375,258.4910519112278,252.8764277782947,255.75666137620075,3514840
2014-06-12,256.4402160644531,259.20195449283335,251.81910128465114,255.81131524772843,4033532
2014-06-13,262.3099670410156,263.41284633671984,252.65758133058384,256.6588955971137,4694564
2014-06-16,259.30218505859375,263.95977141797914,257.38811213049377,263.0300833034064,4908220
2014-06-17,265.1356201171875,268.69945145781895,261.6811822033237,261.7723285572782,7930660
2014-06-18,261.9272155761719,265.62776563773474,259.94934457879435,263.7774906069533,4956524
2014-06-19,265.8921203613281,266.84005572643326,256.959778310197,259.94938295740735,5159952
2014-06-20,263.22149658203125,267.76971213016014,261.5079632558666,267.4233516005545,5725620
2014-06-23,258.68243408203125,263.1212563488076,257.03267644215526,260.432439343473,2225304
2014-06-24,258.1173095703125,259.37513350416924,255.93892096029973,257.9441404265129,2555768
2014-06-25,258.655029296875,262.20973574870686,256.8321029113202,258.1172526616247,1952040
2014-06-26,261.4258728027344,263.6771824754279,257.196692419679,258.85555100732057,4119512
2014-06-27,270.05755615234375,270.84142379292155,259.92208480753675,261.2254822784833,7069016
2014-06-30,273.46636962890625,274.8973627230805,270.704631063511,272.1447476927376,4008964
2014-07-01,272.9923400878906,273.9767024991636,269.42851022951714,272.52748497505286,3690944
2014-07-02,269.84783935546875,272.74627491035545,268.35302615951395,272.3087903188784,2509572
2014-07-03,267.3230895996094,271.79838375970746,266.14731072379135,266.14731072379135,5190000
2014-07-04,269.8570251464844,270.63176921091997,267.7333104958198,268.6721224597006,1332268
2014-07-07,274.9884948730469,275.6265192231004,268.89081391425947,271.6160804513357,4390260
2014-07-08,269.4559631347656,277.69558440155134,267.9702731562172,277.69558440155134,5588164
2014-07-09,268.5534973144531,272.5274856042041,265.3087018072654,272.5274856042041,7289728
2014-07-10,268.40771484375,273.05617763580904,266.25665257229826,268.33479332984075,2593028
2014-07-11,273.6942443847656,275.07966435380257,269.8569744269977,272.3452740520749,3741516
2014-07-14,264.13299560546875,273.80363212583734,262.5014848609892,272.6005047707298,6545688
2014-07-15,266.60308837890625,268.5718585479463,264.32442950387286,264.32442950387286,2453024
2014-07-16,267.9064636230469,269.2736588353723,264.5067004112257,267.60567622583005,2416688
2014-07-17,267.38677978515625,270.40370879670564,265.96488868283075,268.3438158821986,1463300
2014-07-18,273.484619140625,274.9429607191119,269.81141683930576,270.7046555066343,2523740
2014-07-21,274.9065246582031,276.902620891333,273.45728429148835,275.26198653450484,3082780
2014-07-22,278.707275390625,279.52759242851533,272.7098419297664,273.8035979802869,3525144
2014-07-23,281.27764892578125,282.5536978839669,276.8843991059619,279.81930725928333,3395676
2014-07-24,288.4781494140625,289.56278189631627,281.6421743094639,282.3075470034828,3779220
2014-07-25,288.4508361816406,289.1162089566678,284.09403640070394,289.1162089566678,4394592
2014-07-28,294.28411865234375,296.22553971699284,286.3999619798761,288.4507541779168,7546896
2014-07-30,291.22161865234375,294.68517884468537,290.0458177618528,293.4911531405281,4575384
2014-07-31,283.4833679199219,290.75685096188755,280.93127016853225,290.5836818011967,9427436
2014-08-01,276.218994140625,282.55366501763325,274.71507947198273,281.6877747538695,7734044
2014-08-04,283.4650573730469,285.105691145624,277.08481492413586,277.08481492413586,5132232
2014-08-05,283.73150634765625,286.61577296140723,280.7370404092544,285.11852877941385,2896968
2014-08-06,284.3193359375,286.38607743515087,282.0596895965029,283.832499010715,2478928
2014-08-07,278.9183044433594,283.16201004066727,277.4026936996362,281.4443223495647,3065656
2014-08-08,281.5912170410156,283.04251078098025,277.78839956227,278.31196954414395,2715936
2014-08-11,278.37628173828125,283.4374880511385,275.96965839079604,281.8116560589907,2854212
2014-08-12,278.7161865234375,279.6163718027982,276.06155827689855,278.8723358495676,2328568
2014-08-13,286.61578369140625,287.9844171947077,277.62314619852765,281.0769106724496,3841344
2014-08-14,282.5465393066406,289.71124348931875,279.607173488106,289.2978951710873,2531680
2014-08-18,279.8000793457031,285.47671166268316,278.8723330356615,284.86128642733206,2279596
2014-08-19,282.684326171875,283.28138486240863,280.2777248582251,281.62799156554627,1789556
2014-08-20,286.3218688964844,287.4975975817424,282.6660272469947,284.5490589522618,3005680
2014-08-21,285.7706298828125,291.2543790759717,282.95065820829524,287.1392629528875,4270200
2014-08-22,292.9720764160156,296.68301646199546,284.9714818192483,284.9714818192483,4872620
2014-08-25,293.51397705078125,297.2433056155707,291.08900973292447,293.9365197681787,2884572
2014-08-26,294.2306213378906,297.1516216712765,288.14981056655154,293.91832257592176,3685648
2014-08-27,303.1037292480469,304.16923588702207,294.8367629989821,294.8367629989821,4965876
2014-08-28,299.585693359375,306.0155564699549,298.49262560080956,303.3058284447819,5173812
2014-09-01,300.80731201171875,304.77545082852964,300.0908372081996,304.77545082852964,1488544
2014-09-02,302.7547302246094,304.4081237755933,298.3916083539574,301.74432305456367,1692040
2014-09-03,304.59185791015625,307.16380363436747,301.79027417485474,303.1221746391784,5052412
2014-09-04,305.1521301269531,307.5036094928946,303.5905919253143,306.566691057028,2324000
2014-09-05,305.7492370605469,307.1546037231485,303.3058796954308,306.04316922443786,2265920
2014-09-08,306.107421875,309.1937652413324,303.7467479678624,307.6873266640768,2090484
2014-09-09,301.4319763183594,307.1637307448,300.5685241462038,306.796310014244,2050352
2014-09-10,300.36639404296875,304.20594448251734,299.1355437837883,300.36639404296875,1732968
2014-09-11,300.86248779296875,304.00395330909134,297.8588274908362,302.1668494636789,2561660
2014-09-12,297.79449462890625,300.91757076011623,296.2696896652007,300.1827293174786,3091296
2014-09-15,295.71856689453125,298.52934446185094,294.9286257768428,297.98740785290676,2725728
2014-09-16,294.9562072753906,300.88086698411433,292.9996872585559,294.8735241496864,2231668
2014-09-17,298.8140563964844,300.3663997675594,294.0835152380656,294.0926872995312,2415480
2014-09-18,300.7154846191406,303.54462857158154,295.8287936606957,298.71303726429466,2857328
2014-09-19,307.448486328125,314.3284304379038,300.1919270047485,301.2849946920878,8784152
2014-09-22,312.1882629394531,312.83124933777367,304.04071120585155,306.9525165531288,1930320
2014-09-23,316.7993469238281,318.73750034863076,311.7197729999488,312.3076372292059,6775140
2014-09-24,314.0345764160156,318.7375583831218,312.99660812405983,316.90045430022195,2213248
2014-09-25,313.85992431640625,317.81889115038973,311.3247350562186,314.21817293807914,3119252
2014-09-26,314.8796691894531,316.9004838691987,310.69106251938115,315.94519862719096,3100920
2014-09-29,313.4098205566406,317.3503981344402,312.3810472017108,315.21936280803334,2720028
2014-09-30,315.017333984375,316.71665478294943,313.4190628521643,314.879551216923,3400592
2014-10-01,319.68365478515625,322.50360492010384,314.7602071297276,315.9818857662082,6437036
2014-10-07,317.6719665527344,326.3155485326572,315.33885379665367,315.33885379665367,4816416
2014-10-08,307.3658142089844,320.49193354305794,305.8777647036506,316.9187534069362,4308300
2014-10-09,311.4810485839844,314.1448499431514,306.98014283918485,308.81724722481727,2169268
2014-10-10,319.1968688964844,320.2072762512646,309.9102977836775,312.32609439886085,4150172
2014-10-13,322.5587158203125,324.8459012345662,316.2574403932168,320.00513688183173,3618772
2014-10-14,316.532958984375,322.30146893212014,315.3572081629267,318.3149405551455,2849840
2014-10-15,316.532958984375,316.532958984375,316.532958984375,316.532958984375,0
2014-10-16,304.19677734375,319.74786289406717,302.7638500748383,316.4778097069353,5132920
2014-10-17,276.57598876953125,292.6782087416288,275.06957256015016,291.180964596285,17284108
2014-10-20,274.8950500488281,281.9954614292151,271.8913895213279,281.07690943758894,8686504
2014-10-21,277.6156005859375,279.2572095574463,273.9173927931912,276.1215605729835,5980376
2014-10-22,279.1189270019531,281.0925327446044,277.04386476585734,280.4193083429197,2648100
2014-10-27,276.0754699707031,283.6840306096151,274.2770829105966,283.6840306096151,7635320
2014-10-28,276.8870849609375,278.70391271470663,272.9859634796597,275.02414471333736,4554792
2014-10-29,278.88836669921875,280.17951654504844,275.8172700627505,275.8172700627505,5262128
2014-10-30,290.83148193359375,292.83275954805487,279.9858149994246,279.9858149994246,7462896
2014-10-31,296.6694030761719,299.66671576381873,292.14114628633257,292.90661833742877,3381084
2014-11-03,289.7340393066406,300.3399132194665,288.8671108859852,297.8867194645879,4489700
2014-11-05,296.0421447753906,297.1488443820276,286.26629825009735,289.7708470044478,4521552
2014-11-07,298.5599060058594,299.7219271421684,295.3504724808806,295.3504724808806,4924336
2014-11-10,298.3570861816406,299.9156795691183,292.35323008428816,298.55997666464543,2880496
2014-11-11,297.9789733886719,300.1001483772016,296.0422483991448,296.41114839714993,2249508
2014-11-12,295.2122497558594,298.77214406073205,293.5337591182786,298.77214406073205,4119820
2014-11-13,302.40576171875,303.78913665799405,292.93425913789935,296.03300549228516,3344836
2014-11-14,297.09356689453125,304.34245994688536,296.22666101496844,299.1963011209739,3885944
2014-11-17,298.744384765625,299.5282971023122,294.81559157776456,298.05269740972454,3151992
2014-11-18,295.2491149902344,299.7312591331581,294.7511089814072,299.7312591331581,2493496
2014-11-19,300.8656005859375,301.5757285322129,295.12921049745853,295.12921049745853,2264496
2014-11-20,304.1580505371094,304.71140053808654,299.21478152203247,302.4980005341779,2598452
2014-11-21,302.9867858886719,305.44918879516945,300.6719294672404,305.44918879516945,2194876
2014-11-24,308.6309509277344,311.6282633153487,302.19364166593056,303.0513386369446,3043364
2014-11-25,305.73504638671875,313.0115884495145,298.8273817355179,309.87593906610743,3713920
2014-11-26,301.2344665527344,304.53612544814763,298.0711451318563,302.793059759485,3226832
2014-11-27,306.9892578125,308.9075417208955,299.3622571804827,301.5756564942016,3862052
2014-11-28,306.620361328125,309.5807919494081,303.36481529824493,308.03140790944553,1872272
2014-12-01,308.2436218261719,311.68361882737037,304.3424998252382,307.10924982364946,2494504
2014-12-02,302.73779296875,308.9537489410979,302.1383304708046,306.1869989505806,1474592
2014-12-03,305.19097900390625,306.3714635593257,300.90251631410837,305.725888530754,2619556
2014-12-04,299.5190734863281,306.1592722778557,298.18181122970105,304.08421015550334,2789168
2014-12-05,294.52978515625,300.28461646545605,293.64441610135503,300.2753849586022,5571848
2014-12-08,287.64971923828125,294.013243004694,284.0529449355262,293.4783336052139,5132660
2014-12-09,287.8710021972656,290.72076717925984,285.21494116764524,288.2583650702912,4783444
2014-12-10,290.0567932128906,291.4309364066904,285.28874374063406,288.66418701042437,2574040
2014-12-11,286.2755432128906,291.40323812187916,284.64314320366213,287.92636119739564,3030856
2014-12-12,278.9805603027344,288.82096101751256,277.7816355807722,285.91587419121964,4364788
2014-12-15,273.9635009765625,277.9107116235129,267.4524091811863,276.6564655589387,4641384
2014-12-16,287.5390930175781,288.93167692821504,271.51038443338473,271.51038443338473,4342056
2014-12-17,283.9423522949219,287.742018029834,278.51951745195475,287.7235775318524,4354888
2014-12-18,286.6813049316406,288.11079189526953,280.3823352919618,284.97514307182547,3485132
2014-12-19,293.1279296875,295.3044486841493,285.07670523607084,288.53514272066036,4051596
2014-12-22,292.9987487792969,294.17923297537953,288.62729392283495,292.1779554991657,1639088
2014-12-23,283.5641174316406,292.19638383321063,280.73281528915703,291.1542371445035,4030532
2014-12-24,283.9976806640625,288.4429440629105,260.9967726723592,283.96079966720635,8100376
2014-12-26,288.5997009277344,289.1807229388093,280.7329038175829,284.3389103729673,2106668
2014-12-29,291.440185546875,292.814328823828,289.59568583774853,290.69315415833256,1203840
2014-12-30,293.1094970703125,294.35453459823464,289.6694999899908,290.69320651929684,1301668
2014-12-31,294.54827880859375,296.9276888716283,288.44298687522945,293.09111896255905,2909288
2015-01-01,296.3742370605469,297.2688149609477,292.46388397251735,294.9355182092769,1336492
2015-01-02,296.0883483886719,298.6153042618916,295.12921744073094,295.4981174231495,933372
2015-01-05,291.108154296875,297.88669044159866,289.34664814271656,297.88669044159866,2012624
2015-01-06,283.3336486816406,290.3980928920628,280.8528051163228,290.3243083867575,3470408
2015-01-07,276.6011962890625,285.5285801723002,275.32848687426826,283.96075528117325,3540560
2015-01-08,283.0016174316406,284.05297332656744,275.7527241059859,279.81062372493693,3906036
2015-01-09,285.07666015625,292.1041995104813,280.89886383233653,283.4350509199825,6164448
2015-01-12,290.61016845703125,291.24651186736776,284.18206878596095,286.8381529413762,2661684
2015-01-13,292.094970703125,294.1884733789058,288.3598587759164,290.61016194034664,2916072
2015-01-14,291.20965576171875,294.8986555939378,285.9528310008066,294.3637461150924,4133276
2015-01-15,293.8749084472656,298.5230385859823,286.34934082510387,294.1884643832453,3658976
2015-01-16,302.3134460449219,303.25413621827744,290.6101065756409,294.01319889908814,3185348
2015-01-19,303.35565185546875,319.0984525093311,302.4610739917805,304.34245470543135,3335832
2015-01-20,308.4280090332031,309.7375992626578,304.28709386910845,306.6480623934308,3099268
2015-01-21,311.2132263183594,312.0893637164997,302.6824148101513,306.40829537063286,7541032
2015-01-22,307.23834228515625,312.2830675727638,305.6336363631034,311.35158610797737,3769104
2015-01-23,303.72454833984375,307.8285601822911,300.8932457966543,306.7587413473519,4683076
2015-01-27,298.13568115234375,304.1395362118875,296.5125350530096,304.1395362118875,4461772
2015-01-28,306.0763244628906,307.24757742129594,296.96449025861415,296.96449025861415,4173388
2015-01-29,304.1487731933594,306.68496031561654,296.7615653031407,305.8180544510822,4751440
2015-01-30,330.4882507324219,335.6989626527182,323.36848602768595,333.85446285792307,21415344
2015-02-02,348.794921875,350.4549717411423,331.6503047638,332.0099732284506,10089756
2015-02-03,350.50091552734375,353.22155149841507,345.105756059287,352.299302016696,8442272
2015-02-04,352.00140380859375,353.7888756870249,349.26001666309804,351.93657790855883,4939900
2015-02-05,365.3934631347656,366.912338008233,349.5192603287371,351.9365175595542,8494896
2015-02-06,362.0687255859375,369.90395613487175,360.32758334045195,364.9027509192275,4023848
2015-02-09,369.40380859375,372.2192925810412,357.73433089650905,359.53105095785065,4670508
2015-02-10,358.11407470703125,368.20910008680926,356.56741020316764,367.68119961209754,5786408
2015-02-11,362.2539367675781,364.34704270195283,355.86350820976554,359.2902597552593,2142516
2015-02-12,367.570068359375,368.6073508546429,361.01292804809,361.19815787264,4365376
2015-02-13,369.1537780761719,371.2005767278038,366.16233443141255,368.607359125913,3286008
2015-02-16,367.6533508300781,371.9414250685936,366.8661242082945,369.5427082889941,3024868
2015-02-18,376.59991455078125,377.8687339636932,368.15344149027464,368.89436057647794,6327804
2015-02-19,379.37841796875,380.5916822709325,374.164216896394,376.0165149998415,4136952
2015-02-20,370.59844970703125,380.6471643873293,369.7371267836518,379.72101556886867,2668572
2015-02-23,365.0879211425781,375.5904413365028,362.7632782014833,370.45958512691845,2666340
2015-02-24,366.02325439453125,370.2372311824238,362.2445629943862,365.08783511807223,3643048
2015-02-25,367.3477478027344,369.27414233665,365.2361460710617,368.51470464270983,2276348
2015-02-26,365.9122314453125,371.9414710083232,363.9673183748008,367.3107256023431,4156644
2015-02-27,374.53466796875,375.2107612832894,365.91221144957547,368.4220843668861,4808820
2015-03-02,375.0625305175781,378.0354776499529,370.52440072600103,378.0354776499529,4098336
2015-03-03,376.2387390136719,378.7764006939322,367.6904023255979,376.201702100232,4306688
2015-03-04,377.1279296875,380.0360289417456,374.16425244044694,377.3131595154408,3430308
2015-03-05,382.4994812011719,384.33323786481674,377.1185472517159,377.12781778478734,3448716
2015-03-09,382.6291809082031,384.33328598856247,372.497120102015,380.9713832768868,6555768
2015-03-10,378.63739013671875,383.24034480660293,375.645925214012,380.6471283603524,5425488
2015-03-11,381.39739990234375,392.11291588902316,377.04449993140514,381.5733591546181,10074260
2015-03-12,380.2212219238281,385.1483529584338,378.2855794538479,382.49955763114014,4880440
2015-03-13,372.79345703125,381.38812349129347,366.9494709397251,381.3510865790879,6368968
2015-03-16,381.01763916015625,382.6847071000889,373.0527590027004,374.1641376293221,7937836
2015-03-17,377.70208740234375,383.22192197427466,376.5721901243793,382.8329665206006,10007444
2015-03-18,371.67279052734375,380.23039654584613,369.542648249776,377.8687170641949,18927840
2015-03-19,362.92071533203125,372.83050851652933,360.08669066662117,366.75496271600304,10163240
2015-03-20,363.01336669921875,364.9027015919718,357.7713543781185,363.0318851567832,6271108
2015-03-23,358.75311279296875,365.86591956158776,356.28954722238996,363.2541837064485,3897136
2015-03-24,359.47540283203125,362.67988687282735,355.7708074605008,358.9752915012969,5298696
2015-03-25,373.10833740234375,377.0537179646997,359.0123337164985,360.08667543454254,7518574
2015-03-26,365.79180908203125,374.16418679155737,362.3465167979747,372.68234842802644,7048128
2015-03-27,356.6969909667969,371.57095187334863,353.7518554490698,364.3099532839556,4280330
2015-03-30,363.21710205078125,365.34724464937295,354.34459053095696,357.8639565634129,3275064
2015-03-31,363.19854736328125,364.5507111373899,358.23438041037986,363.0503545006952,3726676
2015-04-01,348.546875,356.75256346365455,346.37969557478397,350.8252103842999,8281168
2015-04-06,345.286865234375,347.86156397342967,337.91473277005093,345.63880637615534,7728748
2015-04-07,346.2129211425781,354.1592819384068,343.5826677374569,348.15783351723985,4348138
2015-04-08,355.21514892578125,358.9753225980372,348.23199508994327,350.06577447991566,3587334
2015-04-09,357.1786193847656,358.97533933494947,348.60247091247413,358.97533933494947,2674132
2015-04-10,358.3270263671875,362.1983334746016,354.1593561199599,355.3818682036017,2837478
2015-04-13,361.5870361328125,362.49466654468597,353.7888671948647,358.5678043930189,3099142
2015-04-15,349.8990783691406,362.30947447858074,347.76893575334117,362.30947447858074,3098572
2015-04-16,353.5111083984375,354.8632951171135,345.8240709352281,351.56619530533635,2057382
2015-04-17,348.26910400390625,352.19598981638165,346.17602057158285,351.195744250418,3138232
2015-04-20,342.415771484375,351.0845343517495,338.062871594645,350.08428900381284,3223104
2015-04-21,329.94989013671875,340.8228716161347,309.3708388758296,311.4824633634898,14596284
2015-04-22,325.00421142578125,330.41293529999825,319.74368044003165,327.6715251407729,7934682
2015-04-23,331.56121826171875,336.006731802658,326.8378601244708,327.04160830622027,6391380
2015-04-24,333.7754821777344,339.6736182741755,330.22171470239164,331.5613474251425,6406490
2015-04-27,328.6587829589844,337.1245746358126,325.2352494746326,333.44055071119874,3789232
2015-04-28,323.932861328125,328.86348787907,317.9230696923222,326.96567089543265,5803656
2015-04-29,330.1473083496094,332.38004484965734,319.4487792868794,323.93285388196176,4076096
2015-04-30,327.6726379394531,330.4449565884803,320.9558277675273,328.24942358017415,7338470
2015-05-04,342.2784423828125,344.86469959561384,322.18381731870335,327.6726269426961,3352524
2015-05-05,339.3573913574219,345.70208054284643,336.8269608647467,343.4693437470907,3459534
2015-05-06,331.6172180175781,344.5112584656822,327.5424691134957,337.5339564766957,4595278
2015-05-07,342.63201904296875,344.1949391217092,327.5052203037494,333.4591842512786,3639964
2015-05-08,344.3995361328125,353.0513883371214,340.8457691247385,345.12517989246123,3579368
2015-05-11,350.5024108886719,353.33053457114363,343.6181403362062,347.74869358265795,3592212
2015-05-12,340.7341613769531,351.0791679562827,338.81772037546966,350.5395854955436,2464630
2015-05-13,348.7905578613281,351.2837841771321,340.8643499006917,340.8643499006917,2774824
2015-05-14,344.3251953125,350.53965012798386,341.60870362790786,349.3488527187928,2252426
2015-05-15,340.0830078125,347.8603600602216,337.7014130049024,344.21356146505207,3405608
2015-05-18,346.27886962890625,347.376636439763,335.61756495543347,341.42267159451796,3014132
2015-05-19,347.6184387207031,348.5859486819242,342.3528932878252,346.0741203887799,2588934
2015-05-20,357.2750244140625,358.63328146520996,349.51627456933693,350.1674893476136,3073544
2015-05-21,361.0521545410156,362.4290134734317,357.2378957581809,358.7077853926173,2092768
2015-05-22,366.22454833984375,367.65721158742014,356.28886814005915,358.44717516354496,2995660
2015-05-25,371.8063659667969,375.84388775518056,362.168379958148,366.540821226587,3291366
2015-05-26,369.7039489746094,374.7276060568009,366.7269669999774,372.0297161422906,2462108
2015-05-27,368.9597473144531,373.9648033964325,366.280458676463,368.4015631278957,2945442
2015-05-28,364.7174987792969,370.8761484718044,356.67965645133705,366.9502352829046,3337232
2015-05-29,376.1231384277344,388.84972063781686,357.98215104376004,363.19187049761933,11358676
2015-06-01,362.18701171875,371.56450810322764,360.6799193580905,369.4434042155081,2304588
2015-06-02,354.5212707519531,367.247870554635,352.2885347413972,363.56384705219165,2331440
2015-06-03,354.3724670410156,359.4705529241724,346.98584002299464,355.4702336240328,3619974
2015-06-04,350.0372314453125,353.07001786267324,347.67423864168336,350.5767911973575,3107452
2015-06-05,345.7020263671875,353.1072779976481,344.39959677376964,350.1674992589057,3000646
2015-06-08,341.9622497558594,345.32995653515854,339.72951296791655,341.98085135324425,2978860
2015-06-09,339.15264892578125,344.21350872580376,335.37559431257364,340.51088319753694,2442408
2015-06-10,350.7442321777344,352.0280599834006,338.5386126531699,340.49225674927226,5172246
2015-06-11,340.41778564453125,351.6372922963902,338.81766283920365,349.81388228010496,3641272
2015-06-12,333.5522766113281,340.0830501938615,328.4914154052098,340.0830501938615,3693056
2015-06-15,337.906005859375,343.41341715734177,331.5613185045785,334.53830003997314,1717342
2015-06-16,337.2547607421875,339.24563059202916,334.3150053685687,338.51998686568623,1778324
2015-06-17,337.2547607421875,341.83186489767945,334.76153438856625,338.6874466044676,2501764
2015-06-18,340.027099609375,342.557529296513,336.47333254995164,340.64111111777265,2637416
2015-06-19,341.68310546875,348.86506983047957,340.0271547281074,340.51090974909175,3563616
2015-06-22,346.65093994140625,348.12082933251827,339.37594479022624,342.05523310739994,1651062
2015-06-23,345.1252746582031,353.2747498608218,344.3066000048962,349.68377868420686,2200268
2015-06-24,349.0882873535156,351.2466171314396,345.5159186048251,345.70197995033124,2617310
2015-06-25,344.62286376953125,347.20912138011477,340.04575856567754,346.07415155462695,3102502
2015-06-26,356.2144470214844,357.23778442478454,344.95773558518255,344.95773558518255,3170238
2015-06-29,345.4787292480469,353.31190766485213,342.12962489489394,346.818361904281,2336726
2015-06-30,342.2598571777344,345.90665513627204,339.00378351608157,345.16240972789427,3974968
2015-07-01,351.3023986816406,353.14441042288206,341.273688279384,341.3295157643715,2148066
2015-07-02,355.1910705566406,357.2191435481149,349.9813534400424,351.7303344431275,1977048
2015-07-03,359.0612487792969,360.5869429617022,349.795383265222,352.40024250230346,1725652
2015-07-06,360.9403991699219,363.0056755080542,351.09774970973774,351.69313691462713,1624082
2015-07-07,348.41845703125,360.14032132642626,347.1904567428399,359.0983823760348,2544644
2015-07-08,347.1904602050781,352.40017772155306,344.21347876709245,344.21347876709245,2349626
2015-07-09,341.40399169921875,349.423231718509,339.4689490257826,349.423231718509,2299680
2015-07-10,344.4553527832031,346.0740772854802,341.2550842474328,346.0740772854802,2360456
2015-07-13,357.5541076660156,358.3541806018155,347.7858862321655,347.8975412186071,2415516
2015-07-14,355.35858154296875,360.2147782988017,352.772324201719,358.35416477453106,2424140
2015-07-15,352.8280944824219,356.2888305339035,350.9116537781414,354.2421559890681,2391962
2015-07-16,355.95391845703125,358.57737861280583,351.67450795627883,356.7911944245698,1770108
2015-07-17,355.5259704589844,362.0753196743378,354.46540733394215,358.35409336730453,2073870
2015-07-20,352.2698974609375,357.1632964274348,350.9116407737657,356.0097253572121,1413184
2015-07-21,362.7452087402344,368.40147840574514,352.7351215908915,352.92118294362166,3963108
2015-07-22,365.815185546875,366.8943503729715,359.9542535048549,362.74517352486447,1401298
2015-07-23,360.9776306152344,370.2434951875332,359.32168001174256,366.16874696688205,1595332
2015-07-24,354.502685546875,364.9407223361781,353.7212142795201,364.9407223361781,2367716
2015-07-27,348.7161560058594,356.58655981041653,343.56226594830895,354.2049655620333,3351408
2015-07-28,343.599609375,353.1259675442431,342.408834477348,348.9395856655673,2392180
2015-07-29,354.0189514160156,355.00508573920774,344.32515880600704,347.56263111155135,2906782
2015-07-30,356.45635986328125,362.07540380753846,354.6515510574602,357.20060529762355,3093446
2015-07-31,371.47149658203125,374.3554475948144,355.7493120284717,355.7493120284717,3933792
2015-08-03,349.3674011230469,358.52163351942045,347.67424731604063,354.4282836634383,7071618
2015-08-04,347.1533203125,353.5166102112749,346.0741552594586,350.76289279407484,3809446
2015-08-05,348.8278503417969,351.65597395737905,346.52068491194376,349.3860344274435,2358616
2015-08-06,352.0280456542969,353.51653633359626,350.409321125585,352.10247473077493,1869728
2015-08-07,351.4108581542969,354.3662575591395,349.9705821552653,353.89863251617413,1818186
2015-08-10,350.3258972167969,355.3949468926689,347.95034887182834,351.37337249362025,2216746
2015-08-11,351.80364990234375,353.89860077362255,350.53170076626253,352.1029253363476,1718378
2015-08-12,363.1763610839844,364.2238367643681,351.9159575616588,352.3274585254054,4219772
2015-08-13,361.2122497558594,369.9474984394267,357.6770001958397,365.794974747264,3156994
2015-08-14,364.2611389160156,368.07696310920716,359.8280406499366,361.79206545771535,1578496
2015-08-17,362.297119140625,366.69279377147245,359.8841697766162,365.271218457508,1681246
2015-08-18,362.727294921875,368.8438426784475,361.0064443205892,364.35464337083397,3223016
2015-08-19,369.6669006347656,373.2395508410134,363.4381268974079,364.7661772463377,3291464
2015-08-20,359.6035461425781,371.27546814969406,357.8265715322507,371.27546814969406,2518670
2015-08-21,360.9690856933594,365.6827363845555,351.65398690688716,358.0136866700968,3595260
2015-08-24,347.1273498535156,354.9460250435896,343.8165516235805,353.15034986516224,4216894
2015-08-25,341.94610595703125,349.2971802090788,332.9116045110421,347.91300562006893,5470038
2015-08-26,340.4310302734375,349.74613023510017,330.70442940848216,341.2166312099977,4808772
2015-08-27,341.59063720703125,347.1460348716649,338.7100860104594,339.72013755562216,4055770
2015-08-28,356.2179870605469,357.2280615208468,345.8554135849693,345.8928144477306,3081798
2015-08-31,363.269775390625,366.6179747264606,358.462599855318,358.462599855318,5442574
2015-09-01,356.1432189941406,365.30866948296045,346.4166184753931,361.7547192934181,2847484
2015-09-02,354.98345947265625,362.48415906798766,353.1877614066796,355.3949602933804,4090120
2015-09-03,359.51007080078125,361.6611456260721,355.58202111981535,359.884170770397,2251964
2015-09-04,351.76617431640625,360.7632734423413,350.1575491168142,358.4812729072513,2665780
2015-09-07,344.48992919921875,353.5057516778114,342.3014536289887,351.6539523620212,1340504
2015-09-08,350.28851318359375,353.16908764594547,343.42378756544974,343.42378756544974,2376662
2015-09-09,352.8511657714844,357.639641764017,350.90584097766515,352.7763411960962,2106428
2015-09-10,342.63812255859375,350.1575217448151,340.0568240021762,349.035221995633,4118846
2015-09-11,344.246826171875,346.023801180161,339.1029511478891,344.5461016066201,2202750
2015-09-14,347.3705139160156,348.2870633863137,343.12448849567994,344.6208883383709,1539742
2015-09-15,347.4640197753906,348.51149504095207,344.5460448094521,347.91294427013077,2451676
2015-09-16,351.24249267578125,354.51586761560094,347.96911773596156,350.9057935486706,1801066
2015-09-18,355.6007995605469,357.60224853700356,350.75619932460205,356.89144930550395,2847952
2015-09-21,353.1503601074219,362.5963840403799,352.2899347712676,352.4208606231772,1972562
2015-09-22,349.7834777832031,361.1935270584841,348.2870778782483,354.27267749806776,3214488
2015-09-23,346.8280944824219,349.7834935613208,341.45976871454076,349.7834935613208,2276518
2015-09-24,357.2468566894531,358.5749073351544,347.0152063534888,347.1648555107181,3062620
2015-09-28,355.58209228515625,360.8007924724047,353.5245420404762,357.63964252983624,1557438
2015-09-29,356.7790832519531,359.3229580342187,351.653909997049,351.653909997049,2818428
2015-09-30,367.4222717285156,370.24672175901895,356.8352249719257,359.8841486703639,3516284
2015-10-01,320.622314453125,342.22658365957966,312.317292113605,332.9489107141929,26766424
2015-10-05,321.6885681152344,325.76624402210285,313.5144702034514,316.3763440608027,13383762
2015-10-06,319.331787109375,324.7188368540809,317.4987106012805,322.8483366417878,5909462
2015-10-07,305.7144470214844,317.51729446101484,303.4324239003736,316.11441981685715,13752674
2015-10-08,309.9979248046875,313.27129928380975,303.95620163277965,310.05402609580915,16981832
2015-10-09,317.6856384277344,318.2841891321395,311.8122654536205,312.56046525074976,9468336
2015-10-12,319.8928527832031,322.08135115419833,310.37202748089186,321.35185169719995,4835846
2015-10-13,310.465576171875,319.107276399451,309.13750300349517,318.73317642711874,5837378
2015-10-14,311.8310241699219,313.8511731330791,308.63247400596464,310.12887387993294,2702158
2015-10-15,312.3735656738281,313.8325651138709,309.7548651232691,312.3735656738281,3644676
2015-10-16,314.6742858886719,316.3951370930911,312.3735613038499,312.76636181428734,2270164
2015-10-19,320.8842468261719,322.1000717194217,306.27564767546596,310.5029727376539,10051980
2015-10-20,323.3345947265625,324.90581914399513,317.4051194229801,321.35186948151045,5670558
2015-10-21,322.8669128417969,325.07411137630004,318.77051438647095,324.2697874612067,2594696
2015-10-23,320.9480285644531,327.3259791173979,319.0854379829654,326.2347579377724,3064858
2015-10-26,324.93646240234375,326.85550343205415,322.509452757701,323.356082426788,4157440
2015-10-27,326.4793395996094,328.86870832828606,321.5688674008376,324.7296284751841,3081400
2015-10-28,330.2044677734375,331.12635825046414,321.34307948397316,326.23471886721865,3351280
2015-10-29,329.5835266113281,333.08292458919595,328.58637583196025,330.26082574151235,4243554
2015-10-30,328.0032653808594,329.9975446951054,326.4416942667598,329.6212647125568,2655794
2015-11-02,329.734130859375,331.46503248930406,327.40119046809207,329.24497149498666,2020104
2015-11-03,329.6588134765625,331.841255284653,328.96270484328363,329.7152646484727,2115610
2015-11-04,331.72845458984375,332.78205701299794,329.2450156582596,330.7501357298402,1683688
2015-11-05,330.18572998046875,332.55628960245105,328.8875592693347,331.7284689340242,2370498
2015-11-06,333.1770324707031,334.70096142863554,329.0943818932821,330.1856027584347,2653852
2015-11-09,332.0669860839844,333.0076857612761,327.4011064980971,330.7123877352046,3043880
2015-11-10,320.32708740234375,331.0698743942757,318.7843489356501,329.7152758852912,1678382
2015-11-13,317.35443115234375,322.39656730657185,309.7535736734903,310.4308728027091,2950796
2015-11-16,315.54840087890625,316.97828326131247,310.43100203193364,311.5974608530453,2876114
2015-11-17,322.3777770996094,323.5630678710304,314.4758998669373,317.768348713884,3405776
2015-11-18,318.2012023925781,321.32432190930297,314.2878810682397,321.32432190930297,3046948
2015-11-19,328.8498840332031,329.9410821652857,318.3516636945843,319.8379741678019,3528336
2015-11-20,326.0653381347656,329.01914908772216,321.9074498919004,328.11606815398846,3386922
2015-11-23,325.0118103027344,326.5921907029669,323.07395935290197,324.353320383163,1179312
2015-11-24,325.93359375,328.30415208872773,322.32129359766884,324.3908326652769,2248674
2015-11-26,324.69207763671875,326.9873768492506,322.4155648678828,324.05239693224365,2081658
2015-11-27,328.32305908203125,329.24494953398744,324.8048508078187,325.1058701684173,1580942
2015-11-30,327.7209777832031,331.78479603907454,324.59785926092707,328.1725182485893,5165146
2015-12-01,330.2608947753906,333.2711341754784,327.0060642375241,327.72100528156653,2547178
2015-12-02,323.4690856933594,331.8789338440411,322.09565461507844,331.8789338440411,2575382
2015-12-03,320.2707214355469,322.095670193461,319.5557802707906,322.095670193461,3836614
2015-12-04,314.5699768066406,319.83789507852214,312.74502859183065,319.5556851710999,3778328
2015-12-07,316.94049072265625,320.91023826709454,313.81737278104447,316.15031227987055,2622184
2015-12-08,322.8669128417969,326.57328305387654,316.6959372317563,316.6959372317563,3176258
2015-12-09,317.67425537109375,322.47182333790624,315.9621866899224,322.47182333790624,2604402
2015-12-10,318.2200012207031,319.83800063063165,314.9463606209867,317.58032062618014,1837816
2015-12-11,316.3008728027344,319.80029422419415,314.66406443435017,319.80029422419415,1062294
2015-12-14,316.39495849609375,320.8350798823432,310.8072109244694,317.20396950281804,1536460
2015-12-15,318.0318603515625,319.72512035027563,316.41386094605383,319.72512035027563,1609352
2015-12-16,318.7279357910156,323.5255052850237,317.0911271501706,319.5745657017229,1630720
2015-12-17,323.7700500488281,325.2187185019187,318.8031506911844,320.3835308912942,1939764
2015-12-18,318.3892517089844,325.4821187519124,317.9189018263949,323.6007192215546,2838258
2015-12-21,321.88861083984375,322.8293104898718,317.260373154966,317.9564817094667,917704
2015-12-22,319.5556945800781,321.8886344767197,318.2763337755742,321.7193039340204,1436920
2015-12-23,325.0306091308594,325.6514802213462,319.64981055642545,319.83795052732387,1346418
2015-12-24,323.7136535644531,325.85845398649394,321.92632370713693,323.86417473896034,741556
2015-12-28,326.4980163574219,328.86857471692724,321.28652687989745,323.0362372934577,1803666
2015-12-29,321.5312805175781,325.85850079370704,318.539849733427,325.46341136175727,2285528
2015-12-30,316.2632141113281,323.03625141531853,315.3225144857739,321.6628207754896,1752074
2015-12-31,321.7569274902344,323.60070815344346,314.9274612084052,314.94627060980486,1747706
2016-01-01,318.2763977050781,321.7569873648846,317.3921489780282,321.7569873648846,970392
2016-01-04,318.3139953613281,321.70051456094114,315.1156161172492,316.45140520828033,2172072
2016-01-05,317.1287536621094,320.2330634101004,314.72057563739133,319.4428846607708,1465382
2016-01-06,316.6018981933594,321.23013609449436,314.94625754542926,321.23013609449436,2797870
2016-01-07,310.4497375488281,315.2849482094365,308.1732486690148,314.60762599316524,2901314
2016-01-08,311.69146728515625,314.85222784774123,306.21659895916446,311.55977849767527,3376870
2016-01-11,306.498779296875,313.441147849098,305.20060908527205,306.66810984035396,2535276
2016-01-12,304.80548095703125,308.17319013108863,300.29012285987244,307.79691028965874,2315328
2016-01-13,310.9576721191406,312.2558192072794,302.6418737909452,306.5928121510523,3158468
2016-01-14,311.8795166015625,316.7523448166542,304.8054606472972,304.8054606472972,5081220
2016-01-15,315.34136962890625,316.8276798461481,307.0444023212077,311.7479011312752,4571182
2016-01-18,316.9593505859375,321.3242110130271,312.7262018978148,312.7262018978148,3774136
2016-01-19,315.4165954589844,327.36348112056834,301.0238906855801,326.2346415304974,10618998
2016-01-20,316.7899475097656,318.3326853800542,309.67825067114023,312.7072982260012,3976018
2016-01-21,314.287841796875,319.8944224802829,312.78272193193936,317.58029150142175,3348430
2016-01-22,315.7928771972656,320.1953562179407,313.02722937169176,315.32252736527687,2018478
2016-01-25,315.5860595703125,323.18692062063474,314.88992774866705,318.89731917616587,2190134
2016-01-27,316.836669921875,318.69373621121406,314.6385254028418,317.59465238580293,2201518
2016-01-28,320.05810546875,322.0667544350319,314.4490396854721,315.69970616396535,3201306
2016-01-29,328.1116027832031,329.7223152427222,319.22425529197045,320.34228386081713,3835114
2016-02-01,333.62591552734375,337.26424456428754,328.1305436743065,328.1305436743065,2594492
2016-02-02,330.7266540527344,335.40718575375917,328.6042896197411,333.51222990204303,2225464
2016-02-03,322.9383850097656,329.7223365900221,321.7066636374466,328.33900948839533,1956090
2016-02-04,328.718017578125,331.5415067261748,321.7445931754343,324.0753752437989,2634614
2016-02-05,329.5897521972656,332.3753286521818,325.30713253588164,332.3753286521818,1967702
2016-02-08,322.0477600097656,329.324395400686,320.6265430635619,328.2442566424994,1610434
2016-02-09,307.15338134765625,319.8685297708393,305.4479211770771,319.48953862182174,3334436
2016-02-10,313.57733154296875,315.69967303333505,306.07328719593016,309.06732696120616,2265394
2016-02-11,306.224853515625,313.57729118195647,303.7993008687281,313.57729118195647,3238414
2016-02-12,302.5296630859375,312.98980879867634,297.4890857905364,308.49877325643985,2784934
2016-02-15,313.4635925292969,315.5101541331451,307.1154903290204,308.1198261984948,2761612
2016-02-16,312.40252685546875,317.55682246225666,310.48862539911096,312.7057152719167,2104598
2016-02-17,312.59185791015625,316.4575717967846,309.38937845543734,314.5436713482022,2720362
2016-02-18,319.849609375,321.0055278418159,313.5583419396427,314.202631568752,2129164
2016-02-19,322.7299499511719,324.7954566061213,313.95631759870184,319.1105886375194,2366136
2016-02-22,320.6075744628906,322.0666811672318,318.39046231141174,322.0666811672318,1847550
2016-02-23,314.1648254394531,321.7635959591259,313.4257878188423,320.2476308427107,1260954
2016-02-24,307.38079833984375,317.973606668692,306.6038710309557,314.41108024948676,1722248
2016-02-25,306.5091247558594,308.8778196921489,303.0792591144695,305.8458901736983,1619632
2016-02-26,312.5351257324219,315.3207020082649,308.4988598975092,308.631497574725,2047824
2016-02-29,308.2145690917969,315.18801587453135,301.29798023729296,311.5307418302576,3094060
2016-03-01,315.3774719238281,318.88313980787285,306.60381818293837,308.46088393638854,2114472
2016-03-02,323.98065185546875,327.8274221893662,314.3163752475742,317.2156674826584,3279278
2016-03-03,325.6670837402344,328.338966665355,322.7488473200655,327.82733787629616,2015842
2016-03-04,316.6092529296875,326.3493081164992,314.69532889329247,326.0082299207457,3554776
2016-03-08,308.97265625,315.3018155643378,306.7745113440066,313.8047953081877,6490012
2016-03-09,309.1242370605469,310.0148572878137,303.7046434215983,308.479947278456,12221478
2016-03-10,309.9579772949219,311.87190156799505,305.6185460895625,311.45499732369245,5015794
2016-03-11,311.9286804199219,312.66771783388634,307.9303281697365,309.63578844883045,4241030
2016-03-14,313.76678466796875,314.7142625500054,311.53072761364854,312.231851993642,2852722
2016-03-15,307.6840515136719,313.40683353658164,307.1724225548535,313.04678720580995,2711290
2016-03-16,308.8398742675781,309.44625080947037,306.0353307148161,308.29033251486067,2436508
2016-03-17,308.9915466308594,314.1837311323844,307.1913382799802,310.77281004650814,3429634
2016-03-18,312.3456115722656,314.10790680049877,308.87783278582026,309.25682399169244,3323064
2016-03-21,311.7392272949219,313.8047340961881,308.9536510456965,313.8047340961881,3316402
2016-03-22,313.9752502441406,314.9416731346225,309.63579657158436,311.0570135081124,5466422
2016-03-23,309.9010314941406,314.56261746393665,308.27137436737047,313.8046352531802,5018640
2016-03-28,307.2292175292969,313.2362186400978,305.6374499044055,310.7348860379731,5914488
2016-03-29,305.7701721191406,309.3326995441529,303.1551460632338,308.72629959319715,5063370
2016-03-30,311.0001220703125,311.53071892216343,305.2584201444304,305.2584201444304,4604684
2016-03-31,308.5367431640625,312.4782611075216,306.9449985443851,308.8778445150153,9173934
2016-04-01,310.9244079589844,312.28876710624775,305.8459163285703,310.7728022173825,5329616
2016-04-04,318.2956848144531,319.0915800503613,308.8777646779072,308.8777646779072,5661970
2016-04-05,319.5843505859375,321.7256602606044,315.5291398507514,318.2957711677999,4999776
2016-04-06,317.8789367675781,321.36566117725897,313.08468781279294,321.00561483414447,2165840
2016-04-07,313.9752502441406,320.96764219821597,313.4257084023259,320.96764219821597,1881660
2016-04-08,315.7376403808594,316.83672439523474,312.8952056524332,315.26390125945505,1445784
2016-04-11,318.0873107910156,319.09164672770055,312.44035576776594,317.0071951194609,1940546
2016-04-12,318.2200012207031,320.24759508479644,315.0364655789787,319.489612611223,1419372
2016-04-13,317.4241027832031,320.8160789471594,316.51453770247366,320.22864716197785,2636408
2016-04-18,323.3931884765625,326.1787876940931,320.24756612207585,320.266511055844,5853044
2016-04-20,318.80743408203125,326.8799428263413,316.64717939873407,326.8799428263413,2778022
2016-04-21,320.72125244140625,324.17006256502,317.7840711044244,319.8685223758309,2235054
2016-04-22,320.3044128417969,323.2415945584334,317.7272542495124,317.7272542495124,2221718
2016-04-25,320.285400390625,322.1424662132737,318.82629376696053,318.82629376696053,1662860
2016-04-26,322.0666809082031,324.18904526855596,315.7564920170333,317.99252596645624,2257126
2016-04-27,317.4241027832031,324.37860579243653,314.9606597670702,321.9530526469131,4550172
2016-04-28,303.1549377441406,311.909621388232,301.92321688203646,305.0877827673472,17843912
2016-04-29,284.35711669921875,300.9190381614125,283.1822531329163,300.9190381614125,17978662
2016-05-02,281.2872314453125,286.63099731810064,280.49133616457186,284.243357739446,5021166
2016-05-03,276.0571594238281,283.3148259755333,275.1665163535139,283.10638547202444,6999808
2016-05-04,279.3543701171875,280.64294929237803,275.24232535258545,275.52656871783773,6404110
2016-05-05,280.0421447753906,282.67863062493797,277.214584890997,281.5323263455817,5077866
2016-05-06,276.1064453125,280.06120855199106,275.49509243878623,280.06120855199106,6136478
2016-05-09,275.64801025390625,280.0803779847705,274.4443812927168,276.64146474894113,7384902
2016-05-10,274.6545104980469,276.7178676033742,273.6228319453832,276.450391930962,5401936
2016-05-11,270.8144836425781,273.89039657024216,269.9165542953071,271.67421216207833,8421688
2016-05-12,273.0879821777344,274.6928133504639,271.10104945538484,271.67420177981484,3558646
2016-05-13,276.31671142578125,277.78779288476034,272.4383718388365,274.34887935523784,7150908
2016-05-16,274.7119140625,277.2528753772608,273.6420343867256,277.23377496408455,3233028
2016-05-17,279.81292724609375,282.373011992079,275.1130834022962,275.1130834022962,7834720
2016-05-18,283.6148986816406,284.51282806892254,277.7878495676022,279.69835747384434,4249196
2016-05-19,278.97222900390625,284.2834479104508,277.97877467050125,281.99083945956005,3490682
2016-05-20,281.47515869140625,282.7551897487786,278.5520720633238,278.5520720633238,3846760
2016-05-23,280.29052734375,282.697761929171,279.6982747323435,282.1246097268506,2076592
2016-05-24,282.468505859375,283.30913374032525,278.9531677437062,280.8445746454388,2790030
2016-05-25,286.32781982421875,286.7290451547873,282.81250382054174,283.5193824400217,3373494
2016-05-26,283.09893798828125,287.34025422060273,281.4750070302526,286.97725322448434,6462218
2016-05-27,289.48004150390625,290.28246852057,283.7485199061128,283.7485199061128,6090190
2016-05-30,285.6399841308594,291.8109329539144,284.7420548953084,290.8174550175673,3186652
2016-05-31,282.6785888671875,287.8560577664651,281.36033447633844,285.81182476557194,30096216
2016-06-01,280.6726379394531,284.41722778539594,279.58365804827986,284.2835015958215,4493556
2016-06-02,275.62890625,282.60225858840766,273.39362181537945,280.8446010262808,8587656
2016-06-03,275.83905029296875,277.5776072526749,275.38052388164726,277.13818124982055,3006706
2016-06-06,276.8707580566406,278.4373883155283,273.4318443022001,275.87730341178616,4081070
2016-06-07,277.6731262207031,279.48810809409355,275.72439484787947,278.16985343751725,4984376
2016-06-08,284.0924987792969,284.6656510969417,278.3036510424329,278.5520263753967,3800608
2016-06-09,287.7415771484375,288.8305805951911,284.2835626700695,286.0794446792196,5557702
2016-06-10,286.9773864746094,289.6329971151228,285.02867774879275,286.5761844806624,11571664
2016-06-13,287.9707946777344,288.8687238425106,283.40467724896774,284.66560749030475,4130226
2016-06-14,287.4931335449219,292.28850196527895,284.3025725195118,288.4865879629006,3292742
2016-06-15,288.56304931640625,289.3654531150995,286.55701649804894,286.9582183973956,1958544
2016-06-16,287.2256774902344,288.10450620026074,283.7103393285061,287.550454408628,2266304
2016-06-17,287.9707946777344,288.4866223559464,285.754587398363,286.57611492312554,5434012
2016-06-20,294.46649169921875,298.5931826938864,285.7545599840495,286.55698702182644,8265372
2016-06-21,294.25628662109375,296.4342693232225,292.76610511451463,293.64493369351555,2932940
2016-06-22,294.3900451660156,295.7465005494313,292.8043149364889,295.7465005494313,3134118
2016-06-23,294.1417541503906,294.98238218363304,291.16136687037357,294.2181791209811,2584436
2016-06-24,283.4620056152344,285.3152119954553,276.3740270252507,284.2644328068111,6163378
2016-06-27,280.8636474609375,286.1939669979197,275.495127110147,279.0104648804535,2887506
2016-06-28,272.5147705078125,281.7998314772467,271.7314671659969,278.5519690127632,5685362
2016-06-29,278.3419189453125,278.915071353057,270.52793645540294,273.47012347948424,4966468
2016-06-30,279.1061096191406,281.0166175591421,277.55860285206546,278.62848263414025,4793986
2016-07-01,279.5836181640625,281.5323261086803,278.9340410753165,280.8445482059693,2023766
2016-07-04,285.9456481933594,286.5761249970027,280.4816014077415,280.8446024970626,3263618
2016-07-05,282.1437072753906,285.81187170119625,279.77467372798174,285.81187170119625,3735640
2016-07-07,274.0050354003906,283.1372725480693,273.48920759282134,283.1372725480693,6865136
2016-07-08,275.8199462890625,277.3101514020288,273.20256045807866,273.20256045807866,1702632
2016-07-11,273.890380859375,277.6349713096314,273.22170316034254,275.87731354368265,4248750
2016-07-12,275.62890625,276.37400883541505,273.60377297495177,274.3488755603668,3229836
2016-07-13,275.1131286621094,276.6415349324544,273.8139740036645,276.068382581075,6713100
2016-07-14,278.2654113769531,278.895888167013,274.960224144547,275.6862263075478,2168772
2016-07-15,274.1577453613281,282.7550265747496,271.3875103036701,280.0421160538282,5935062
2016-07-18,276.0683288574219,276.90895680684895,273.2025676582099,275.9537030737783,1857346
2016-07-19,278.991455078125,279.58370781421263,274.2533865461685,274.2533865461685,3469512
2016-07-20,278.9341125488281,279.6601147731537,273.81394279804846,276.9854041048772,2444450
2016-07-21,276.4695129394531,279.277972726619,275.17038193919507,278.93407207623204,1770048
2016-07-22,278.6283874511719,278.9340639528232,275.72440238142946,277.02355666547504,1828628
2016-07-25,282.90789794921875,283.1371494703444,277.0235268097162,278.7429831830179,2976604
2016-07-26,284.7611083984375,285.5826358526235,281.3221953147932,282.33477349584837,2698330
2016-07-27,287.91363525390625,288.4485869705578,283.7105164910755,285.42997416677895,3354578
2016-07-28,286.88177490234375,289.9959111668856,285.0858933547436,289.4418593789973,4554068
2016-07-29,287.7032775878906,289.63288515314883,284.8566172581431,286.1939722687447,1694656
2016-08-01,298.2110900878906,302.24225583963204,287.53134958195085,287.7224003125701,6053078
2016-08-02,305.9678649902344,307.5535960044436,298.478682743728,300.274541658017,9400178
2016-08-03,315.6731262207031,328.0340989551881,311.92851330625837,327.4609467729717,19105090
2016-08-04,314.79437255859375,319.4369160135185,313.3614916554231,318.29061129098193,2971674
2016-08-05,313.9919128417969,317.69830211770136,312.29155647422147,315.15731777183447,2600712
2016-08-08,312.97930908203125,316.9149729348249,310.1135480173504,314.08741268902384,3029132
2016-08-09,312.1196594238281,315.08094660364293,309.9034749729377,313.70539027457414,2480738
2016-08-10,314.9295959472656,315.6417050304486,310.0794776027191,314.39068607758395,2305396
2016-08-11,317.3931884765625,318.5094919257965,313.2552019061476,315.64176630141304,3479246
2016-08-12,313.4091491699219,321.60813093292705,310.6376560896136,317.97054773340983,3303140
2016-08-16,304.9984436035156,317.10446375876677,302.38093144691504,313.02422629355397,4489542
2016-08-17,301.99603271484375,308.27037051787477,301.01446849467953,304.0939003974384,4735658
2016-08-18,302.4772033691406,305.01774886455274,300.28310337125794,304.0169193684686,3083444
2016-08-19,300.95672607421875,305.78760376856604,300.0906358333647,302.1692618090951,2618344
2016-08-22,297.2613830566406,303.07380083170995,294.4706481558175,302.14998544381876,2693530
2016-08-23,304.4788818359375,306.3457783509032,297.0112487876649,298.70494602362515,3415382
2016-08-24,304.22857666015625,307.3080081632406,300.667983984715,306.0185056190032,2417448
2016-08-25,307.1925354003906,309.8677962281565,305.65281964273515,307.17329365225953,4425822
2016-08-26,299.7634582519531,308.1164222369153,297.4731260069181,307.17334148964187,3324064
2016-08-29,290.6598205566406,301.3801051659754,289.12010486359696,301.3801051659754,3060904
2016-08-30,297.8965148925781,298.60862403109945,290.1979361228431,291.00627749598607,4320538
2016-08-31,299.6864013671875,305.42185158483113,297.5692923396836,297.93497950690994,5584352
2016-09-01,301.7071838378906,303.9205244019199,299.8980138084549,300.74486185353004,2597516
2016-09-02,301.99603271484375,303.13157792782624,299.8981650322491,302.91987168335174,2263652
2016-09-06,302.400146484375,303.43945925460116,298.20443540381245,300.3407861850462,3044598
2016-09-07,302.9775085449219,310.63760256597357,301.3993095528591,304.8251859429,3579364
2016-09-08,297.9156799316406,300.97586890349504,288.8890939495033,300.8218879700691,5158732
2016-09-09,300.4562072753906,303.90132516002035,297.5499991750421,297.93492802261653,2934120
2016-09-12,301.2838134765625,304.9021305446192,296.3952124170787,297.1650701116685,4770494
2016-09-14,298.839599609375,305.8838186299287,298.31995489208174,302.03452888938574,3247132
2016-09-15,299.8596496582031,301.97675886631623,298.3199338704845,301.38012369741494,1906998
2016-09-16,302.6888427734375,304.4595298781415,297.93498007305124,301.01441139163575,4318854
2016-09-19,303.7281494140625,307.2502583113075,300.97592182512636,304.09383657460535,3766566
2016-09-20,304.8829650878906,306.3072068780893,301.97675626247064,305.9992684220405,3031210
2016-09-21,305.0946044921875,307.17322973014393,303.5164055666898,305.61427254877316,2806130
2016-09-22,303.6512145996094,307.9239403477362,301.7073279614572,307.55825312015503,2234722
2016-09-23,306.8845520019531,309.48282196245884,305.0176563168972,305.88374630373244,5211570
2016-09-26,303.6896667480469,306.7690980128845,302.41940605014054,306.03772368980714,3651990
2016-09-27,306.345703125,307.86617721438404,301.7843043510471,303.6897074000626,3263196
2016-09-28,306.5188903808594,308.6745064018358,304.09384291468285,307.1732742353379,3066374
2016-09-29,304.4980773925781,309.7138605862083,300.74501968397396,307.5582676076649,5692688
2016-09-30,307.90460205078125,309.4828009664904,302.93901039879097,306.78829896802597,3662600
2016-10-03,311.2535400390625,312.5623078687045,305.78756773622484,309.867805214664,3033736
2016-10-04,314.9295959472656,316.0266339390223,311.79241594471137,312.75473821614565,3013374
2016-10-05,314.10205078125,316.892785913804,310.34899318919463,314.9681409948012,1596940
2016-10-06,308.53973388671875,314.3906574633574,306.8653026844996,314.10196080820276,3177462
2016-10-07,310.4644470214844,311.5807503996847,302.2847066469795,308.77077369928287,1535854
2016-10-10,312.94720458984375,314.0442425883289,308.712986569563,308.712986569563,1538488
2016-10-13,309.21337890625,317.60482417951465,304.34404244556026,311.71541674196897,4152022
2016-10-14,312.8316955566406,316.6039937622026,307.885345508946,309.48280970797674,2752386
2016-10-17,311.1765441894531,314.8718523746556,309.097918651404,314.7178714110236,1480186
2016-10-18,321.3385314941406,321.95443162073076,312.5621602643726,312.5621602643726,2653938
2016-10-19,319.70263671875,323.9753608504647,317.95121523198833,321.26159378951166,4278520
2016-10-20,313.9288024902344,320.64581740972193,312.5815511565801,319.3178078248515,4977454
2016-10-21,320.1647033691406,326.68925477324944,316.1229487729567,316.7965745389874,10282518
2016-10-24,312.04266357421875,322.14704853953566,311.27280567209937,319.97219056836894,3414444
2016-10-25,309.69451904296875,312.3697794002571,308.90541955478284,310.5413672595901,3469130
2016-10-26,304.4210205078125,309.42509636135156,303.1700015444277,308.5975132974763,3223550
2016-10-27,300.3288879394531,305.1191150128085,299.1652734773291,304.40153855688726,4050632
2016-10-28,296.00421142578125,303.00528884434635,294.7824064558182,300.2707988876418,5422932
2016-11-01,299.7860107421875,301.14356153071685,297.4975585148581,299.35933771865126,2196342
2016-11-02,296.45037841796875,299.8248674304087,295.94614986986005,296.7218933819698,2054166
2016-11-03,295.98486328125,298.3702835323448,294.9764064040926,297.07092290133716,2406676
2016-11-04,308.26092529296875,309.90937943892044,295.9460031438001,295.9460031438001,5683326
2016-11-07,316.9687194824219,320.9637927725025,308.3191863575738,310.2973223178272,5987574
2016-11-08,313.7881774902344,316.4645014525666,306.90345542539916,314.5639208214834,2514742
2016-11-09,304.4209899902344,309.4245426756955,296.00419592261625,296.7217488522808,5296796
2016-11-10,306.28277587890625,312.54688714478567,300.98831980457624,306.437910293082,3644546
2016-11-11,296.3726501464844,307.5821477234549,292.843028412621,304.4209850333213,5043522
2016-11-15,298.9520568847656,305.2549708314117,285.4735178296302,296.7217950267216,5257576
2016-11-16,300.1544494628906,305.6234536147697,296.43089130851774,300.98838293151425,4562692
2016-11-17,294.84063720703125,300.98839324384244,293.2309604282795,297.10967683606094,5376838
2016-11-18,296.2757873535156,302.1326642036454,293.851589238514,293.851589238514,3682234
2016-11-21,294.14239501953125,302.345888177248,292.92061378088954,296.72175042411124,2155720
2016-11-22,295.5970458984375,297.6915627803585,292.8625548447941,296.72188342276775,2063646
2016-11-23,296.1205749511719,298.15690083189253,293.4054737768777,295.9460279980637,1801756
2016-11-24,297.8078308105469,299.68902240789436,292.0673354592562,296.7217949884874,4187488
2016-11-25,311.0535888671875,314.9516931423793,298.68047716707395,299.41744256882373,5477332
2016-11-28,312.6438903808594,314.6220496941167,306.55430168317434,312.62450153612025,3033048
2016-11-29,312.35302734375,315.61115859330414,310.0257975008702,312.6245422268472,1647360
2016-11-30,311.7712707519531,314.3506270515178,309.5216196048752,314.17608005006133,3063460
2016-12-01,311.49969482421875,312.8184678282929,307.1943292250564,311.8100110655106,2512750
2016-12-02,307.81494140625,316.8523700673291,306.4186128929696,310.95671607184215,2103394
2016-12-05,307.73736572265625,310.85972766023906,303.3931986611556,306.244045718556,1507316
2016-12-06,302.8889465332031,310.8790921456534,301.9192675184007,309.52154152493,1557628
2016-12-07,304.6148986816406,306.06941692900403,299.08772934165967,305.1385394549712,1621702
2016-12-08,308.2997131347656,309.1336464938244,303.70344442241475,306.0306738815903,2063636
2016-12-09,311.57733154296875,312.5858121661792,303.800508701024,309.1337445703366,2699554
2016-12-12,310.2197570800781,311.674275843276,306.6707455021602,308.7458494681326,3011062
2016-12-13,310.66583251953125,311.81005873124553,306.88408357028163,310.7046102187179,1877952
2016-12-14,318.3649597167969,319.72251012564243,308.84271801236866,312.66324326488535,3721154
2016-12-15,322.7674255371094,325.81220873252687,318.83051854540133,318.83051854540133,5601630
2016-12-16,318.2874755859375,324.18312956861877,316.1929828205662,324.18312956861877,2632882
2016-12-19,319.8777770996094,320.73109952468593,316.115417093914,318.28748901791937,2148158
2016-12-20,321.99163818359375,323.543124679837,319.741963824997,319.99408985015856,2804568
2016-12-21,318.3649597167969,324.57090444294806,316.61953776256684,323.8727403960161,2063788
2016-12-22,316.9299621582031,319.1796369967016,312.62459568222755,317.3954129411273,1582514
2016-12-23,307.8730773925781,316.50322034940945,306.8064305102731,316.50322034940945,2905268
2016-12-26,306.57373046875,309.44396618272935,303.81982782937814,307.1555378846139,1117150
2016-12-27,312.1783752441406,314.13714530799,305.2548782625959,305.99184360085593,1011418
2016-12-28,313.0317077636719,317.1819377926925,311.90689455174976,314.17593349077464,1434432
2016-12-29,317.8026428222656,319.95534952627133,312.35305060249055,313.05121487258066,3560002
2016-12-30,321.13824462890625,321.9333765470637,316.07652579265516,318.8304042429956,2051884
2017-01-02,321.3515930175781,323.4848866344721,318.9467845692282,319.21829940068415,842486
2017-01-03,323.9310302734375,324.64858338367526,319.412315909745,322.3213533952618,1437066
2017-01-04,332.3865966796875,333.5696004115021,323.1164552917527,324.08613436271634,4233756
2017-01-05,327.6157531738281,337.3513207681534,325.85091847221554,333.5695727055038,4157614
2017-01-06,315.8825988769531,325.9284577886508,312.915372058505,323.87274331434975,5591598
2017-01-09,325.1527099609375,325.8702865202064,312.605075006736,312.8183996207564,3839588
2017-01-10,324.978271484375,327.36369174087264,323.6789108504244,326.8594633011519,2613934
2017-01-11,323.19403076171875,327.557586532579,320.6728652052217,325.6182284121967,2766112
2017-01-12,328.798828125,329.65215055642153,321.95288349818304,321.95288349818304,3290556
2017-01-13,329.7878112792969,332.7744271835376,325.26909789751033,329.7684224350348,4573998
2017-01-16,322.1467590332031,328.87634563092877,320.69224050436094,328.87634563092877,2429338
2017-01-17,324.939453125,327.1697149638168,320.769833165473,320.769833165473,4099262
2017-01-18,327.3830871582031,327.9648946788944,324.3576927853704,324.8425323859464,2168782
2017-01-19,327.421875,330.2533334155939,324.88129665892274,327.36368478081215,2112076
2017-01-20,325.327392578125,327.75159073444485,323.3686452025806,325.812232209389,2219790
2017-01-23,332.5223388671875,333.7635328000428,321.1577050068977,323.48493475332447,3969016
2017-01-24,329.2253723144531,331.24230914235176,320.7309994341699,326.58785046587843,7390624
2017-01-25,326.2969665527344,332.5223006746412,324.86183697251164,330.85445761602665,3855738
2017-01-27,327.4411926269531,329.6520653680931,326.06425325247733,327.3636135761793,2699128
2017-01-30,325.90911865234375,326.74305207914307,321.1964691451833,322.3600839692916,1899068
2017-01-31,314.6220703125,324.76489885129047,305.29373902275216,323.9697667744529,9645094
2017-02-01,318.06085205078125,320.2295771811079,304.26695313017035,314.563526090045,9033230
2017-02-02,323.2188720703125,325.9346495138403,316.57591654469593,318.08034105011313,3760086
2017-02-03,324.6256103515625,326.5598874914424,319.1940076921383,322.3787283057948,2257058
2017-02-06,322.0268859863281,326.8723432931019,319.09617161131524,326.2862004180993,2185076
2017-02-07,318.74462890625,323.433773799758,317.29880446070683,321.98794935421483,2605080
2017-02-08,315.93115234375,320.0536876568546,314.4657944942892,320.0341543222402,2824810
2017-02-09,320.30767822265625,321.3236500793907,313.4107180464331,316.88851006026715,3130268
2017-02-10,323.7073059082031,324.33251567543977,317.41602231809946,321.2454858054274,3550994
2017-02-13,323.27734375,325.7586963450349,320.81554833186925,324.72316767817705,1209256
2017-02-14,325.1139831542969,326.0713548218505,322.1832681619204,324.0198543271869,2246504
2017-02-15,324.44970703125,327.69302709313484,321.44083464604256,325.11400724879786,1995766
2017-02-16,330.19390869140625,330.93636607352266,323.2578827987761,323.2578827987761,3441322
2017-02-17,327.9471435546875,332.14783678461055,324.76242240307266,332.14783678461055,2079702
2017-02-20,329.8031921386719,330.97547836665296,327.1655481257145,329.0216679866845,1331008
2017-02-21,332.65570068359375,337.0322400490576,329.84220938792265,329.84220938792265,3074096
2017-02-22,325.97369384765625,338.0091597364352,324.54740288209007,333.0464771297981,3487340
2017-02-23,329.3537292480469,332.5384489632822,326.28625720839085,326.28625720839085,6776184
2017-02-27,328.2204895019531,332.67516121592496,326.69650842730596,330.1547658350928,2385238
2017-02-28,328.27923583984375,330.58474180624256,326.6184968886895,329.8032175939347,2286110
2017-03-01,331.7960510253906,332.5385084692302,328.0642781739533,329.41241203238667,2193694
2017-03-02,329.7054748535156,333.51540478515625,327.96657898646595,332.1477376302083,1735692
2017-03-03,333.2809753417969,334.0234089564173,326.34494867632577,329.80318341733033,1712464
2017-03-06,334.3164367675781,339.06420478429794,330.6237309601539,332.42125053715915,3084616
2017-03-07,335.01983642578125,336.71966566558376,333.0074261640083,336.71966566558376,1494044
2017-03-08,331.2490234375,335.27386813339206,329.9008894774082,334.8831060493205,1458528
2017-03-09,329.94000244140625,333.7108666218972,329.1584781636032,333.7108666218972,1533834
2017-03-10,330.72149658203125,335.2738846254864,328.59186219926465,331.8937828919106,1412616
2017-03-14,333.5545349121094,338.0092326044437,332.14780082517586,338.0092326044437,3171728
2017-03-15,329.3734436035156,334.45335182848237,327.16562779641873,332.34322656417334,2478532
2017-03-16,334.2579040527344,337.5793818448287,331.99146483206613,336.36800504581197,3690466
2017-03-17,338.3023376464844,340.3538389720911,333.3201201414394,334.9808593097877,3987020
2017-03-20,337.75518798828125,343.47986189325854,336.5047684358571,340.7249940508489,3392968
2017-03-21,335.7817687988281,341.68228907997064,332.90967775037706,338.0091168824324,7366514
2017-03-22,341.0374755859375,341.79946612211364,331.5614987506938,332.42117976970746,3364236
2017-03-23,342.56158447265625,343.87062789101526,339.55271170856497,340.3733025304879,2848278
2017-03-24,341.1547546386719,342.5028882901774,340.41232115901306,340.86168314270196,1751020
2017-03-27,332.98779296875,341.2133269432628,330.9948927870179,339.1813601080562,2353860
2017-03-28,336.0162353515625,340.25599328450045,332.98783001368724,334.3164064324305,1796222
2017-03-29,342.9327697753906,343.6752272196497,335.8990527885189,338.16549178668936,4242538
2017-03-30,342.2489318847656,344.5349041869475,338.0287065156443,339.96298343280654,2927478
2017-03-31,341.81903076171875,347.83677459586755,338.7906255163306,345.43357895782725,4314580
2017-04-03,338.4975891113281,343.1867332029136,335.4691835521792,341.5650613311522,1874754
2017-04-05,332.34307861328125,339.57217556136555,330.7409639648747,339.57217556136555,3578706
2017-04-06,333.5154113769531,334.70723086549054,330.9754580389916,331.3662200909857,2089810
2017-04-07,331.8741760253906,335.50825801078923,330.9363614954088,333.6716956124087,2059774
2017-04-10,325.5242919921875,335.07842803386785,324.72323463107193,331.75695090466917,1485086
2017-04-11,325.8173828125,327.45858814364624,322.76944368335535,326.2863020285735,2620546
2017-04-12,324.9772644042969,326.26677438330773,323.1602113541753,324.8600167105684,1311888
2017-04-13,316.1654968261719,325.30933636127867,314.71969663362916,325.30933636127867,2293364
2017-04-17,316.8298645019531,319.44797499982496,312.66826299098807,312.66826299098807,1404094
2017-04-18,315.7553405761719,320.40541955456524,314.17275868864414,317.29885579002365,2028564
2017-04-19,315.9701232910156,320.2489716852252,314.15309441828157,315.14953268400257,2636200
2017-04-20,318.431884765625,318.82264666920275,315.97006569291386,316.8102133256916,1079608
2017-04-21,317.59185791015625,320.9914925341761,315.65758098181544,319.25259663192577,1780310
2017-04-24,320.2489318847656,321.9878272266028,316.2240888144761,317.68944603789816,1373968
2017-04-25,320.4054260253906,322.7109083740821,317.92407209092096,321.9880079448798,2194602
2017-04-26,312.70733642578125,321.2064111739984,311.26151204339624,321.1673445083487,1918248
2017-04-27,316.40008544921875,320.4249304148725,311.12479696068124,311.43740187884555,5640334
2017-04-28,318.1194152832031,320.424921207592,312.5119887021606,317.65051984454334,2794138
2017-05-02,321.2259521484375,322.55455271525636,317.1815742983363,318.9204702651297,1722732
2017-05-03,326.3253173828125,327.26315566749923,320.81558304837836,322.35909762724185,1989864
2017-05-04,319.64324951171875,329.2559831721075,315.79425415242764,326.7160307004374,2758496
2017-05-05,324.1761169433594,325.1139552003705,318.1974636430115,320.79604025290917,1856816
2017-05-08,328.31817626953125,330.1938287515681,322.6521283205398,324.2737760096047,1581634
2017-05-09,332.050048828125,334.0429257240741,328.22058554460597,330.1939291082855,1814522
2017-05-10,329.64678955078125,332.4993710223299,327.49759870796504,331.6592232436873,1515412
2017-05-11,327.7322082519531,335.58651764591025,326.5208313201471,335.19575550988793,7029834
2017-05-12,331.2293395996094,331.4442538781512,327.8687728934308,328.2400014746652,3295402
2017-05-15,331.58111572265625,332.14772543609155,330.1939152864675,331.5615823912043,1375146
2017-05-16,331.9914855957031,334.53143936027783,331.38580908342686,332.1477999828447,5948804
2017-05-17,333.53485107421875,334.21868447323163,329.0997125692787,332.9291748337077,2747118
2017-05-18,331.5226135253906,340.84228114825225,329.9009410827308,332.47996170094086,7317362
2017-05-19,330.0766906738281,333.90615378807064,329.84221914628995,333.32001074455735,2896062
2017-05-22,335.058837890625,336.9344904755048,331.36613270307686,332.1476566009615,5784538
2017-05-23,337.9701843261719,340.27566664135327,335.72330202183616,337.22772672030004,6427042
2017-05-24,336.37646484375,337.59630386728736,330.5331210603103,336.39615864775664,4033036
2017-05-25,338.2454833984375,341.3540776896048,335.49104127298824,338.5012626311038,5896078
2017-05-26,338.04876708984375,340.7638698862008,336.612536551808,337.4978930266855,2604830
2017-05-29,340.1539611816406,343.1248192051076,335.03856823477554,337.97008668846064,3686630
2017-05-30,341.60980224609375,343.105065785791,335.6287240704792,340.153878266589,2826830
2017-05-31,340.0753479003906,342.06247703615753,337.71439668557736,340.0163145132852,5747114
2017-06-01,339.28826904296875,342.73132193264803,338.0684541973576,339.5833878620841,1843166
2017-06-02,337.57659912109375,342.2197972041588,335.9239288835739,339.5046943841739,2223574
2017-06-05,337.89129638671875,341.1179328320816,336.8288640914764,336.8288640914764,2816618
2017-06-06,349.9912414550781,357.92008579874005,340.80319469260763,344.50202674526264,13253770
2017-06-07,346.46954345703125,352.1358352054814,340.1933441980827,351.5259036781485,6733948
2017-06-08,341.68853759765625,346.43013220561846,340.37034989554405,346.2727259052934,2830620
2017-06-09,338.6981201171875,343.47905584582054,337.0651192836314,340.98036811275085,2701028
2017-06-12,340.5867614746094,341.8066002454737,335.2746231293345,339.5046592190904,2065426
2017-06-13,333.34661865234375,340.3310987450777,331.4381688366221,339.18996281333335,2487790
2017-06-14,335.90423583984375,336.8486016124429,330.92655568681187,334.27123550053113,1801536
2017-06-15,332.2644958496094,335.64851582801157,331.12335998742293,335.64851582801157,3547290
2017-06-16,330.1396179199219,333.28755229818097,328.56565073079236,331.320093311769,3824660
2017-06-19,331.5167236328125,332.8546048838767,326.71612057624833,330.3362486525176,1690856
2017-06-20,336.1402893066406,336.45507786756576,331.71350762130294,332.5004910320297,2082258
2017-06-21,331.8905029296875,336.0418346077182,329.785308408176,336.0418346077182,1819308
2017-06-22,334.13360595703125,336.0420317766632,329.03788181934584,334.0745725742237,2895584
2017-06-23,335.19598388671875,337.61596808990083,331.4578117458632,334.4680336554962,2161888
2017-06-27,330.6118469238281,338.0094886711211,327.85740405922064,335.25504580651364,2184790
2017-06-28,333.83843994140625,337.32083263130437,327.8966995788626,329.9428616638655,2476764
2017-06-29,333.52374267578125,337.2225763403936,331.51694348515935,335.21577714977167,2984220
2017-06-30,334.8221435546875,336.80927211180693,329.90349662279255,333.85808395267,2257114
2017-07-03,329.8052062988281,336.0223727747486,327.50326454797715,335.25505885779825,3953676
2017-07-04,331.1429748535156,334.4483151347386,329.7460839551623,333.8384077303117,1981500
2017-07-05,329.5494384765625,331.0053631872294,328.605048389417,330.13967627681905,2420508
2017-07-06,330.7888488769531,331.4774594386885,328.8410599132497,330.53306963300497,1373060
2017-07-07,327.3457946777344,330.7298141028698,326.12595584917227,330.7298141028698,2303234
2017-07-10,334.330322265625,335.96329884891543,329.74613312322845,329.90353945221653,390438
2017-07-11,334.7238464355469,341.94441216039263,332.7563872171326,332.7563872171326,2993400
2017-07-12,336.0419616699219,337.81267458270247,332.9136973873099,334.5073342054463,1205956
2017-07-13,337.8520812988281,339.9376072462817,336.6322662120995,336.8683517073258,1912818
2017-07-14,334.6057434082031,338.56035522212875,332.5202416660543,338.4029488949791,1288116
2017-07-17,341.5903015136719,342.33794571449664,332.06781694979736,334.0746159903536,1818014
2017-07-18,346.54815673828125,347.96471729955914,341.6885196684861,341.983638453488,1977378
2017-07-19,352.3324890136719,353.9851349928709,348.2401655965406,348.2401655965406,2912888
2017-07-20,348.4960021972656,353.74910781786144,347.21715392094967,353.74910781786144,1613768
2017-07-21,356.0903625488281,357.2905075781861,347.8467056157671,347.8467056157671,2483620
2017-07-24,357.05438232421875,358.8644345584624,354.614728952583,356.0903228446819,3004440
2017-07-25,352.1949157714844,356.0708253468439,348.6338189255562,354.9296892447536,3584666
2017-07-26,351.2701416015625,355.5198483221349,347.846758070578,351.38818434052735,3023714
2017-07-27,350.3060302734375,365.1603438289806,348.3779110926084,355.3230500835878,9319652
2017-07-28,351.4274597167969,352.92274752664326,330.92654988364984,349.42066147048877,3042762
2017-07-31,351.348876953125,353.35567574986976,345.66291500656666,349.42075731167523,1894566
2017-08-01,347.92547607421875,353.3556584497002,345.48582195861553,349.81423202871207,2664554
2017-08-02,347.05975341796875,351.3881630410953,345.05295492670666,349.42070412149235,1658180
2017-08-03,345.3836364746094,348.7950859610188,343.4905879573736,347.9274317031222,2544010
2017-08-04,351.25994873046875,352.77832541026464,344.3384542235327,345.0877973549263,1141420
2017-08-07,349.426025390625,352.8571886935063,347.6118592665979,351.00356952331407,1646970
2017-08-08,347.84857177734375,349.1894942676383,345.5216839475443,348.0851938302572,1731896
2017-08-09,346.5667724609375,348.89365999279795,343.5102802998311,343.5102802998311,1071692
2017-08-10,348.2035217285156,349.4261090956552,343.43143514112995,344.31880392833676,1693074
2017-08-11,344.0229797363281,350.68811425186635,340.9664875544329,346.31041423236644,3384860
2017-08-14,339.21142578125,346.42870962156854,337.6141671222043,344.2990153618985,808098
2017-08-16,340.94671630859375,342.58342792984894,335.6225050070715,340.74952329742626,2250010
2017-08-17,343.6679382324219,345.12714704028707,339.4677180924616,344.06232419593334,1602350
2017-08-18,345.5809326171875,348.91350106127595,340.5722227024879,344.6343960405076,2129910
2017-08-21,344.7131652832031,349.0316978848757,343.19478842944596,346.17239866491485,1339674
2017-08-22,345.42303466796875,349.5246594825646,344.4173549895235,347.4541325857708,1506462
2017-08-23,347.05975341796875,348.22319717836905,340.35518999966706,346.23155227133327,1509778
2017-08-24,342.1299133300781,348.6372834395263,341.53833422921923,348.6372834395263,1624246
2017-08-28,342.18914794921875,344.91039790377647,338.324144475472,342.4454845003257,1792508
2017-08-29,336.23388671875,342.95816534900115,335.2282069122969,342.327157176322,1945588
2017-08-30,334.9126892089844,338.38328216044897,332.56608704172334,337.98889605070485,3387850
2017-08-31,341.2622375488281,343.27362080717603,331.3631575167972,335.22813591661185,5019082
2017-09-01,341.4397888183594,349.0317217490592,337.20013796095554,340.59184901831105,1600518
2017-09-04,339.4086608886719,344.6540151654186,337.98888058711765,344.6540151654186,1149942
2017-09-05,339.13262939453125,340.1580236633841,334.5971890790195,338.3832861486186,1095614
2017-09-06,335.6422424316406,343.9046349784916,333.72947972116305,340.3551605349062,1658772
2017-09-07,338.8959655761719,340.63127401739774,335.72116233547655,338.14664644082825,2949318
2017-09-08,338.9748229980469,342.91868364956576,337.63390074796445,341.89328950873687,2320104
2017-09-11,339.4480895996094,342.0510279896133,336.0169260335751,339.96078666777197,1439608
2017-09-12,340.769287109375,341.93273085794993,337.6536515247992,341.93273085794993,1698738
2017-09-13,343.62860107421875,345.08783444558634,339.84250417629687,340.7495873839847,2237308
2017-09-14,347.3752746582031,347.8682572868823,343.6286066802415,345.48222617835864,2327652
2017-09-15,349.84014892578125,352.32477628393775,342.4454103173305,347.7696221154151,3502380
2017-09-18,353.9023132324219,354.35586681963264,350.6091993351735,351.0035853861692,1361938
2017-09-19,352.443115234375,354.1586849818346,350.7078069266107,354.1586849818346,1095726
2017-09-20,350.78668212890625,353.6262665448141,349.0316593663968,352.9755199242092,1792966
2017-09-21,343.2341613769531,352.58111521884956,342.7411788333026,351.3190750928216,5197522
2017-09-22,348.8147277832031,351.0035654274852,342.95808081608783,343.115844856081,6281534
2017-09-25,344.7131652832031,348.6373117855708,343.15533537666516,347.05976738835096,3550896
2017-09-26,344.555419921875,349.7810356563068,340.8678955079353,346.62594691098946,3446850
2017-09-27,344.94976806640625,347.4343953657213,343.94406438234245,345.4624651168341,2541882
2017-09-28,345.1667175292969,347.355555557299,339.8227907196218,344.9498099898403,6193068
2017-09-29,345.009033203125,349.52475987989163,341.81451470190325,345.8766876329083,2360270
2017-10-03,348.0653991699219,349.99790041881784,345.77796492340536,346.4484260141293,2684244
2017-10-04,349.6626892089844,350.3923179004799,346.2709785465482,348.5978660491745,1240900
2017-10-05,352.2459716796875,355.61796818157364,349.09088272888533,350.21487353904126,3552176
2017-10-06,358.0631103515625,358.49692538517894,350.1359361724738,350.1359361724738,3640948
2017-10-09,356.05181884765625,358.00403514524413,353.94186252962356,358.00403514524413,1206462
2017-10-10,354.7897644042969,361.65209291700427,353.8037990473803,356.91945920380465,3423160
2017-10-11,358.4772033691406,361.25762019500496,354.7502503989159,354.7502503989159,4337494
2017-10-12,361.257568359375,362.83511232600983,357.4320194260034,359.6800243927402,2076624
2017-10-13,365.3987121582031,369.14538001087766,360.42945705585413,362.73660605235546,2210684
2017-10-16,364.01837158203125,367.9228036143491,362.8352132778643,365.3987229368927,1651154
2017-10-17,364.13665771484375,368.2974259858875,362.16472734265096,362.16472734265096,960424
2017-10-18,364.2944030761719,367.17341645752805,361.967515727843,365.2014861865424,1160686
2017-10-19,363.7423095703125,365.20154301218264,361.4943038973146,361.4943038973146,58388
2017-10-23,369.6383361816406,372.22156007046755,363.66337772069073,363.93945277805415,3597394
2017-10-24,360.6857604980469,370.5256973494438,358.12225114970056,370.3285043226479,3155652
2017-10-25,357.7279052734375,364.4127544468928,345.4822217483529,352.7389355780267,6147680
2017-10-26,342.7411804199219,358.89129343895763,338.38321952816005,357.60953881953276,11565142
2017-10-27,337.18035888671875,343.8257542129698,336.1155117354623,343.1355786241906,4592368
2017-10-30,329.84478759765625,340.53266478317414,328.12921778228883,339.17202799611584,7251452
2017-10-31,337.5155334472656,339.4283199870607,330.1010814733764,331.2842394714889,2958728
2017-11-01,332.3172912597656,340.2234895969724,331.26971032896466,339.96652849989215,3257662
2017-11-02,339.1363830566406,339.9665242204767,332.514942032579,333.7996992462029,2965682
2017-11-03,334.88677978515625,339.96650217230825,334.017093209853,339.96650217230825,2761172
2017-11-06,334.0566101074219,338.0887757191087,331.1115466684653,336.804018605882,2273368
2017-11-07,346.58795166015625,347.8727088234246,333.7601406967322,336.0134119317169,5960612
2017-11-08,347.31927490234375,349.7504404833573,342.0814186306235,348.6633382382833,3821814
2017-11-09,346.271728515625,351.2131025051516,344.88814379855756,347.67507390309,1600452
2017-11-10,342.75341796875,348.24823481304315,341.03382968531565,348.24823481304315,3070800
2017-11-13,343.7220153808594,347.24028372880696,341.74546555118224,341.74546555118224,5322040
2017-11-14,343.8405456542969,349.78995481439057,342.3778942010343,343.128992660975,2012894
2017-11-15,335.361083984375,346.6867202432111,334.4321155367806,346.6867202432111,3122146
2017-11-16,336.7644958496094,339.4525982034715,331.5464006169358,335.89480928953043,2181070
2017-11-17,332.0603942871094,338.4644210024936,331.46742929731096,335.5786628777028,3096988
2017-11-20,332.9103088378906,335.4007568828116,330.83493144582206,333.24631266929345,2260478
2017-11-21,331.1510925292969,334.5112265217545,330.1232723608061,333.28575141253094,2987142
2017-11-22,332.9103088378906,333.76021081700634,329.846656497218,331.48717843521695,2269436
2017-11-23,337.47601318359375,338.38522098451125,332.9299500512084,335.22274228372146,2332448
2017-11-24,339.3341369628906,341.3502084502688,337.9900732194323,337.9900732194323,1646756
2017-11-27,340.2432861328125,341.1524942118717,337.23891597129716,338.9782894399537,1592740
2017-11-28,339.670166015625,341.56764946108405,338.70165155172907,340.36195861443485,2108650
2017-11-29,337.2586669921875,341.1326993722092,334.4914975596288,339.9665302857846,1523670
2017-11-30,335.22283935546875,339.1364175320849,332.9695678031081,336.013459259609,6822606
2017-12-01,328.107177734375,335.99361412114047,326.9607695104487,334.8274452301393,2768524
2017-12-04,335.2030334472656,335.8948257700299,326.07136031009605,330.479075331972,1793768
2017-12-05,335.22283935546875,337.15986777173424,331.7045711309227,335.1833180113836,1980098
2017-12-06,339.4130554199219,340.02580503995875,334.03685066973037,334.23450561095507,3179456
2017-12-07,341.35015869140625,342.73374358477037,337.4365803419111,340.0258799445943,2450146
2017-12-08,344.0975036621094,345.02647226621997,341.3105737219764,343.8010212402271,1739846
2017-12-11,347.87274169921875,348.66336156671696,344.6114347457886,345.6985370635986,1597008
2017-12-12,345.9752502441406,348.58428609092005,344.01846129515457,348.26804297734117,2921624
2017-12-13,342.47674560546875,345.32298190543054,341.17222767192885,343.9196364901406,8609940
2017-12-14,348.9993591308594,349.86904579514726,340.8362236213059,341.15246673710067,6365040
2017-12-15,352.537353515625,354.375554147107,349.8492511010864,351.390969316381,4469222
2017-12-18,349.8492736816406,352.51761559955145,346.19265697931843,351.07472476318986,2615662
2017-12-19,343.7021789550781,351.4304822602123,341.94304516882295,351.4304822602123,3971188
2017-12-20,343.86029052734375,345.89614606674246,341.547737373332,343.9195966606468,2109744
2017-12-21,351.9246826171875,352.61647502895954,344.4928603905685,345.5008959364469,2859366
2017-12-22,350.6004333496094,352.97229324609253,347.1216861991888,352.2211946277502,2104074
2017-12-26,351.21307373046875,353.13031703020533,348.6830808039909,348.7028414727695,2127136
2017-12-27,349.3156433105469,352.45833807789256,348.09016800169746,350.24461203219676,801620
2017-12-28,347.20068359375,352.16181805961895,346.1333420282009,348.66333506299867,2319726
2017-12-29,352.0234375,356.4706735155811,345.8961345451993,347.20065228420987,3093850
2018-01-01,347.3587646484375,352.10248277507293,346.2716625777502,351.4304512149066,1286288
2018-01-02,352.9326171875,353.8023036533247,346.62742047001814,346.6472052640804,1906518
2018-01-03,354.7115783691406,358.8623324352772,353.0117505771404,353.0117505771404,2583906
2018-01-04,353.0513000488281,355.5615326607638,349.0784399516653,354.1977085333725,1193460
2018-01-05,355.7987365722656,356.96490581882966,348.7819845475876,351.1340837138155,1492292
2018-01-08,355.97662353515625,357.123032084948,353.8419400727183,355.838274698508,2353168
2018-01-09,353.34771728515625,356.905506111499,349.84923459037236,355.9765375690738,2504270
2018-01-10,362.04461669921875,362.89454276313023,352.26069520315394,352.6164838177693,3400572
2018-01-11,362.4596252441406,365.62210416740834,359.751738189413,363.28976631037864,4243446
2018-01-12,366.0174255371094,366.84756662943954,360.6214360535627,363.0921227900218,1980698
2018-01-15,359.4355773925781,368.0730902776429,357.9531650579923,365.6617091978386,2536486
2018-01-16,375.24798583984375,377.5210181480651,359.7320696489416,361.35283086107285,8963404
2018-01-17,376.67108154296875,380.92066356567585,372.8958762925434,375.5444578206288,5498922
2018-01-18,377.2244873046875,379.3591705019917,371.78897596023955,376.7303499097377,1869500
2018-01-19,378.8255310058594,382.26473249398265,374.0225294537919,378.3116328818422,4748438
2018-01-22,382.0077209472656,385.38763997177784,373.56786404043584,379.49751267599834,4431318
2018-01-23,393.47174072265625,395.3099416022282,382.8774391132773,383.43088268264205,5015202
2018-01-24,402.6033630371094,411.39898397799806,392.1474116018035,392.93803138325876,9269776
2018-01-25,399.0851135253906,403.2161068971027,391.3765703052989,402.7417301810751,5307454
2018-01-29,400.8675231933594,404.4125745932482,398.09486107567795,400.055534122606,4013296
2018-01-30,396.25311279296875,403.02632189857644,395.30247592607304,403.02632189857644,2711352
2018-01-31,390.7671203613281,403.1847004994142,388.84607123356994,396.07479763855247,3221144
2018-02-01,390.113525390625,402.0161615823892,383.81561248148773,389.00444132876237,3055658
2018-02-02,392.49017333984375,399.1445582005855,387.32111914623533,388.17273225973713,3345056
2018-02-05,393.38128662109375,396.80748975211316,388.17263395438846,392.133579198821,2177578
2018-02-06,377.8147888183594,383.71660747063675,375.5174451907061,382.2114529680842,3310994
2018-02-07,371.7546081542969,379.8547481294225,365.1992468981518,379.53787726226426,4051696
2018-02-08,374.052001953125,381.43917741657145,371.338763061304,374.60654417624346,2896536
2018-02-09,381.8351745605469,384.44938911443876,365.4170494084633,370.3484317573769,3456506
2018-02-12,371.9922790527344,385.30104886523293,371.2792893827419,382.4293628161217,2975588
2018-02-14,371.45758056640625,380.1716633973233,368.4868705104118,372.24976991467145,2889532
2018-02-15,372.21014404296875,376.15129060963756,369.1602104306658,373.9133461872838,2281842
2018-02-16,371.18017578125,384.58799017732144,368.76400880948813,374.3093322502323,5698140
2018-02-19,362.1097106933594,372.21012362202333,356.5247619803268,371.477334060996,2925546
2018-02-20,359.4361572265625,366.46683848167044,358.46572033085766,362.82276223543164,2462802
2018-02-21,373.4775085449219,375.4183570626133,361.23817899424887,363.6147459613163,5569512
2018-02-22,372.7250061035156,381.4390870113555,368.9819074238727,373.51719527695565,8186574
2018-02-23,378.5080261230469,383.38000950740815,373.4776435647196,375.85421139096485,5675166
2018-02-26,374.7252197265625,382.2708155762722,373.5369361541455,378.62676529474635,2112112
2018-02-27,376.2502746582031,379.6962783783842,373.91330682029786,377.4781582624405,2879428
2018-02-28,372.4477844238281,379.59728782661716,370.6653585473362,378.23078066186525,5119548
2018-03-01,373.4379577636719,377.26028005494925,371.536708652614,373.83405233579623,2772230
2018-03-05,369.1997985839844,374.1708055799348,363.53565015441416,373.4380160018089,3747704
2018-03-06,369.47711181640625,377.47822916908626,366.9817201733037,371.53680898279424,2929756
2018-03-07,376.1117248535156,377.39903265351364,369.8732332073713,371.5368358148169,5695220
2018-03-08,376.54730224609375,381.8351549393436,374.5272054894426,377.47811478962086,4238350
2018-03-09,373.5172424316406,378.6070488432772,372.3289585214657,376.28990488871534,1464728
2018-03-12,383.281005859375,386.5883865866346,375.89383081016007,376.289925468548,4946236
2018-03-13,379.0625,383.8156347962382,374.54701227329616,383.28091680193893,2513508
2018-03-14,382.2510681152344,383.4789758139013,380.25079532911076,381.0429844860464,2354082
2018-03-15,379.9142150878906,385.2416690965114,378.36943619368446,383.4196432719043,2590154
2018-03-16,383.26116943359375,387.9945052839167,375.1214293012008,380.2508597971458,9482072
2018-03-19,366.98175048828125,381.6768546260037,364.8032295733481,381.32038389079986,3318748
2018-03-20,371.2198181152344,375.39861079407893,362.66416130630813,366.3874597568167,3707786
2018-03-21,371.27935791015625,376.25036574288663,366.9619401793511,374.30949203980686,3818980
2018-03-22,368.5857849121094,375.85413453316875,366.387464957503,372.72497786487605,3095286
2018-03-23,379.22100830078125,380.46869187943,357.89129797725894,358.4656400256993,5478072
2018-03-26,383.04327392578125,384.60785241389135,374.3093929259808,379.1417518285241,3571336
2018-03-27,385.0238037109375,387.7370665971405,378.07234736611366,386.1922877757578,2495200
2018-03-28,383.6571960449219,388.8064255248905,378.2901193836319,380.86473412361624,4620172
2018-04-02,387.9746398925781,390.11356028814424,382.1520447497099,382.7461866178455,1295646
2018-04-03,383.91473388671875,391.7376031095846,381.45894225756547,385.2020414803549,2036000
2018-04-04,379.9536437988281,388.6677226766746,376.09172247796437,388.5686990530627,1804780
2018-04-05,381.0628662109375,389.8363726783387,378.8843455615394,384.2118236211165,2805104
2018-04-06,377.33953857421875,385.00395958077985,376.5275252859862,385.00395958077985,2515810
2018-04-09,377.5771484375,381.3004470616853,375.49765194728565,377.99304290040413,1708072
2018-04-10,375.6759948730469,381.0232729219812,373.7351213183388,377.51782058448197,2431772
2018-04-11,383.14227294921875,387.2616661498978,376.824559718897,378.27031457051737,3716964
2018-04-12,400.0754089355469,401.2438930248064,383.14236211737267,383.3998333182213,8182766
2018-04-13,392.6288757324219,404.0165984838036,391.4405916192342,401.8380776096262,6361110
2018-04-16,396.0550231933594,398.7682616905303,386.62795182574956,387.77663590268605,3824528
2018-04-17,400.4516906738281,402.43216392147315,394.9261654777587,394.9261654777587,3729906
2018-04-18,394.8468933105469,402.3528908341413,393.3219387670757,401.99642019868236,2008262
2018-04-19,403.4422912597656,404.6107755740484,395.69864395347463,398.0752123856276,2301628
2018-04-20,420.79119873046875,425.48491129819695,403.97699790196015,404.01659770204225,9490598
2018-04-23,430.95098876953125,438.87288194544175,417.8798650292789,420.65252764084755,9086924
2018-04-24,420.6326599121094,435.60505580123396,419.10770530429335,429.7230603988614,3993618
2018-04-25,423.3459777832031,428.37636045632456,414.3150004968243,420.59309097747666,3002280
2018-04-26,426.7126770019531,431.089492757815,416.5528421492618,418.2758437672304,6052212
2018-04-27,412.5918273925781,432.0004570363095,409.95778941351057,426.59375767956607,4764608
2018-04-30,416.9886474609375,427.38613213996825,413.93873796231446,415.463692711626,3147666
2018-05-02,396.292724609375,416.6717764143941,394.3122512230213,415.8994111342766,15014958
2018-05-03,366.664794921875,394.9063365199043,364.40705075056366,394.9063365199043,15276024
2018-05-04,368.3086242675781,373.91337359502955,359.5351417124794,365.575585512611,8365006
2018-05-07,367.65496826171875,372.58635027274715,364.8228825426374,371.06137174105226,2576842
2018-05-08,364.44671630859375,369.5563475038471,359.2974853144351,368.44728720178404,4080268
2018-05-09,368.1781311035156,371.8103024116785,365.5185106477145,366.78877966538914,2757280
2018-05-10,369.2498474121094,372.30642480966463,367.6223072305833,370.32163743831205,3741482
2018-05-11,370.3017272949219,372.4453070990657,369.6070517954032,369.64676207524803,2117402
2018-05-14,367.30474853515625,372.107948542732,365.3795144635084,372.107948542732,3132296
2018-05-15,367.1856994628906,370.2422771581464,361.846616068271,365.31999430643344,4239330
2018-05-16,365.3000793457031,369.52768571733117,363.8114889653213,366.1932335739322,1963972
2018-05-17,361.1321105957031,367.93994188278003,359.1274799277643,367.93994188278003,2899904
2018-05-18,353.5699768066406,364.4069094646565,352.1409155658429,359.24646303432917,3517726
2018-05-21,355.6540832519531,357.4800780928572,352.1013087185342,354.086096253588,2942476
2018-05-22,359.2068176269531,361.90612352717795,353.11350603853697,353.43106716297035,2485094
2018-05-23,355.0189208984375,364.5657678997155,354.0265271750916,359.24652785123624,3734828
2018-05-24,361.9061279296875,364.3672690736167,357.34111705388824,359.62362249178784,6309330
2018-05-25,363.6130676269531,366.72917429027126,362.02523763731574,364.367296563376,2089082
2018-05-28,355.0783996582031,364.00994129298186,353.68904873723756,363.6129838869917,2651764
2018-05-29,359.2861328125,361.0327550626947,355.27687276647805,356.86470236543437,1985832
2018-05-30,360.1793518066406,361.9458173991758,356.3090164623905,360.04042638306333,2374048
2018-05-31,361.37030029296875,363.1367662573658,357.67859987928665,360.4374597306072,5618644
2018-06-01,359.1869201660156,366.74897857592555,357.26168632549394,361.23126061799945,1939062
2018-06-04,357.53961181640625,363.9703279232377,356.92433255993075,360.0404391278512,1505886
2018-06-05,351.3271789550781,361.3106683058636,349.3423917464416,359.62359917852257,2547736
2018-06-06,360.8144836425781,364.32754742871094,353.29213502309966,354.06620690618183,2337712
2018-06-07,365.73687744140625,367.58273998472913,359.2466303306478,359.2466303306478,2137298
2018-06-08,368.6542663574219,371.512363894903,364.3472649167793,365.5976901607873,2268428
2018-06-11,361.8664855957031,374.13248333484427,360.33820875034996,370.3613866858458,4105194
2018-06-12,363.13665771484375,366.78867097279885,361.88625632808834,362.4022961493696,2961048
2018-06-13,366.66961669921875,367.50321768763234,362.8389674556532,365.2008692273063,2113706
2018-06-14,371.92926025390625,373.139975541641,365.6176275720182,368.3764864921732,3755080
2018-06-15,376.43475341796875,378.69741577930336,369.587237252148,371.9292959509323,6186584
2018-06-18,370.4405822753906,380.0270871821508,369.66651064233486,378.8957684919287,2653666
2018-06-19,365.3794860839844,373.35832105871697,363.37485582698537,370.32161113327084,2812474
2018-06-20,361.6084289550781,368.6742674039305,359.80227722827374,365.597846868393,2820262
2018-06-21,358.2740783691406,364.01012055618514,356.90456979836443,362.0650186175906,3208902
2018-06-22,359.1671447753906,365.91542234342563,357.9961152929119,360.06029915939524,4036700
2018-06-25,360.7947082519531,364.2085333142888,358.84960666606764,359.20687813396165,4255720
2018-06-26,361.3901062011719,363.4145796954598,359.88164836644194,360.8343560274964,3249236
2018-06-27,365.6176452636719,367.1856319973324,361.3503527837029,362.10458161104117,5751028
2018-06-28,361.0724792480469,369.1505777229656,359.2067986549043,367.76122667713463,13566568
2018-06-29,367.6818542480469,368.67424791673255,362.5610932262843,362.85881132689,6059554
2018-07-02,367.6223449707031,370.1430397281124,365.5383180168367,367.9796164255687,1776396
2018-07-03,372.1476745605469,373.1003822987676,364.0695987294317,369.1704931640625,2054476
2018-07-04,367.4436950683594,372.5445889119304,366.78870554568323,371.9293096736246,1547894
2018-07-05,369.5872802734375,371.3537460167849,365.597862192901,368.4162507877333,3416140
2018-07-06,374.6881408691406,376.9309358894451,366.3917206029309,371.15520992821274,5055508
2018-07-09,381.6944885253906,383.06399677923787,375.4821180369217,376.7126766253852,3711984
2018-07-10,388.83966064453125,394.9726580192457,387.0533521409266,394.9726580192457,11042854
2018-07-11,394.3573913574219,397.39410137304026,388.6809045556854,390.4870561432797,10209714
2018-07-12,399.3590087890625,404.81717333106104,397.7513360787273,399.3193227382822,10093442
2018-07-13,390.34808349609375,396.08412326987707,387.4304560440727,395.76656216797176,11524056
2018-07-16,385.88238525390625,393.3452058144294,385.128180522952,391.00314681727485,3404444
2018-07-17,389.13739013671875,390.6061375728579,384.6517757196131,387.90683171172566,3241946
2018-07-18,392.9482116699219,395.6872036928123,390.6259959190707,391.3603817801206,3784400
2018-07-19,389.8518371582031,394.7741184114377,387.6288854990135,392.98781018333165,1501536
2018-07-20,396.6398620605469,398.7437315575882,389.23659642739267,390.4473117223389,4379550
2018-07-23,398.88262939453125,401.3040840454168,393.42446520342736,398.1482679037981,3296730
2018-07-24,393.6230163574219,400.5300860056527,392.6504899415837,397.5529049897534,2925630
2018-07-25,382.7860412597656,394.3772029511065,381.0791291726847,394.1787242379957,5643672
2018-07-26,378.14166259765625,384.2349740794931,375.14463865287905,382.7860696748854,7970088
2018-07-27,382.4486999511719,384.92968427252674,377.30809559165203,380.6822342686947,4929768
2018-07-30,375.9783020019531,389.4748568650273,374.3706047605732,386.2396435815041,6447110
2018-07-31,383.1035461425781,383.6592961490869,376.0575528609989,377.2484249649278,4771570
2018-08-01,388.4824523925781,389.01833530599157,383.06397303089983,384.25484548591817,3568096
2018-08-02,382.0583801269531,391.40598234765423,381.282723172194,388.2238198895432,3200706
2018-08-03,383.3113708496094,385.79743529947723,380.8451900597459,384.26600503157476,2289018
2018-08-06,380.4673767089844,385.26050503618364,379.0751803488365,385.0417361780417,2165794
2018-08-07,385.35992431640625,386.21514031137036,381.5015469247164,382.21755300328,2235882
2018-08-08,383.6694030761719,385.7576975053272,380.76568424932265,385.43948606695596,1517966
2018-08-09,380.5270080566406,385.0218080735733,379.9104446030732,385.0218080735733,2005458
2018-08-10,384.2461853027344,384.9621671278273,380.3878077789852,382.3766596697861,2417448
2018-08-13,391.0081787109375,391.50539155263505,384.0471989271721,384.2262004057773,2885640
2018-08-14,397.6510314941406,398.565898461361,389.41718023320595,393.05678871777104,4962034
2018-08-16,396.6763916015625,403.6572548057403,394.70742395987907,396.89516038886734,5908118
2018-08-17,398.98358154296875,400.8729908798843,395.80141844921616,397.7703867190711,2960410
2018-08-20,393.0965270996094,400.35583559398617,392.5993141890356,399.7591801012977,2829604
2018-08-21,399.6001281738281,403.3391795892989,397.11406321087634,398.48637592602137,9839198
2018-08-23,407.97320556640625,408.9477235884206,401.7480893226416,401.7480893226416,5537558
2018-08-24,407.0583801269531,413.3034053229328,405.7855341098679,409.88254060958553,4540390
2018-08-27,413.2834167480469,413.80053765432865,407.71463153681236,408.1124019090434,2488450
2018-08-28,413.9794616699219,416.36608359643594,412.44805564493146,413.6811339291076,2626156
2018-08-29,410.83709716796875,414.1386105024342,408.51015032666527,413.0049747136916,4063384
2018-08-30,404.35345458984375,410.8570145424274,403.1601435098808,409.30570042728516,4883942
2018-08-31,416.2467956542969,419.64775183324195,405.526903311839,406.1235588831659,6558672
2018-09-03,417.3208923339844,422.03446262477405,415.51101729902285,418.8522989103554,4454306
2018-09-04,428.1401672363281,429.19426852452614,418.056697144835,418.11637241698924,5584742
2018-09-05,429.17425537109375,432.3763257801605,424.8186899109581,427.92131774279846,5701112
2018-09-06,433.0923156738281,433.4900859679606,423.78448107993916,427.6030661924222,5991810
2018-09-07,427.185546875,432.3565626223495,423.7647307840997,432.3565626223495,4379878
2018-09-10,433.0525817871094,436.31432795009056,428.3986878870409,428.3986878870409,8205078
2018-09-11,431.6205139160156,437.1495304269626,430.3874357797757,433.56959796668724,8472420
2018-09-12,432.296875,437.1496542876353,430.4273250519119,434.3652615851663,4139134
2018-09-14,425.892578125,432.95299991118276,423.704841796887,431.1829417589937,7290574
2018-09-17,428.95550537109375,431.3421271941274,425.63413304522777,425.63413304522777,3018112
2018-09-18,431.14337158203125,433.96753187663586,428.9556342535972,429.59205721976787,2745526
2018-09-19,432.4956359863281,436.93073567251224,430.0294311673991,430.7852043950699,4439812
2018-09-21,431.5410461425781,434.3652058098221,429.01521422657714,433.96743547483146,6595630
2018-09-24,436.0755310058594,439.9338828891123,429.8106497621853,431.93871082265855,4432578
2018-09-25,444.05084228515625,447.51147285408535,435.28003674633453,438.3428484793944,5664544
2018-09-26,433.62939453125,445.8409259174501,431.64054260802817,445.5425981289668,2870394
2018-09-27,434.4447021484375,439.31738832243724,432.9729714611176,435.1408001732946,5731064
2018-09-28,432.6945495605469,437.4478851989809,431.77965845282455,434.4049327082765,4445086
2018-10-01,436.9109802246094,437.9451734662,429.9897661371137,431.6603822538406,3406600
2018-10-03,434.08673095703125,438.22350307164686,427.12575097732224,437.507545693014,4730720
2018-10-04,428.43841552734375,434.70329826572174,422.03432288374717,431.5211356049583,3891118
2018-10-05,431.18304443359375,436.7518291403007,425.6540270493163,426.40980039927354,2895914
2018-10-08,426.4496765136719,431.4019475962271,416.8634186770429,425.61436830575946,2311830
2018-10-09,424.9778747558594,429.2141389248615,415.0534748502314,424.2221013385802,2694524
2018-10-10,418.375,422.8499177899774,413.1045412695823,421.2389279631993,4523678
2018-10-11,401.3502502441406,407.9134604810369,396.9747767528765,407.9134604810369,6266576
2018-10-12,391.863525390625,400.5547990551586,387.6272608532791,399.08304369657964,4651748
2018-10-15,398.9437255859375,400.21659539625267,389.81489238320574,389.81489238320574,3614908
2018-10-16,399.122802734375,402.7425034243313,393.4147833042415,397.77037375242594,3003220
2018-10-17,407.4163818359375,412.0901846053515,400.55484159998935,400.55484159998935,3253970
2018-10-19,381.26287841796875,405.4871023134618,379.1944677535334,404.13467341956834,6869592
2018-10-22,389.8348083496094,392.9573200172162,380.7258823292819,383.4505993875995,3774108
2018-10-23,378.4984130859375,391.2469493422395,376.92721517598943,385.8372817017363,2948962
2018-10-24,390.09332275390625,394.01135034392945,376.2111301176121,387.8260272773062,8442982
2018-10-25,399.699462890625,402.3247613497023,385.0416375365036,389.3375517773909,6176258
2018-10-26,384.4848327636719,397.7504892676985,382.6550987593812,397.7504892676985,3615756
2018-10-29,392.06231689453125,394.56826499917105,379.3734342577106,383.92790917595346,2786080
2018-10-30,400.51214599609375,405.3349670653979,389.2921604096653,393.5170885806139,6121068
2018-10-31,420.7400817871094,424.7657209045377,399.37625208514623,400.69155822954,6582228
2018-11-01,402.12652587890625,421.47751498224477,399.9741886752776,420.50101549817424,3946070
2018-11-02,400.41253662109375,410.33716550807605,396.64598375265575,404.9563478933514,5575206
2018-11-05,406.8495178222656,408.2046961650971,400.0935988474802,400.771188018896,1938928
2018-11-06,410.0979919433594,415.31936773772713,403.99971305117776,407.646721068868,2921884
2018-11-07,411.1543273925781,412.46960934917786,409.24112807702255,410.1379311334368,139254
2018-11-09,409.6994323730469,417.312282815733,403.9598840818963,415.71796654900623,7343566
2018-11-12,413.2468566894531,422.0952938117372,411.3536058437442,411.5129985701665,4782454
2018-11-13,411.81195068359375,420.44119885205345,410.2774307154783,414.4625117128916,2737474
2018-11-14,397.4232482910156,411.0945321698497,383.8317094324936,410.9350907839054,3033632
2018-11-15,394.0951232910156,410.13793361967646,391.3249934122758,398.53929041734466,3582306
2018-11-16,407.4276428222656,413.6454926291251,396.08806028132176,397.383442616833,6698234
2018-11-19,414.5621032714844,415.6382960111657,404.2588434888027,407.4275521311851,4180070
2018-11-20,402.14642333984375,412.52940494670594,399.89444149494756,412.52940494670594,2628564
2018-11-21,392.6603088378906,404.1593090335994,390.4282507201943,399.7948619256081,2503064
2018-11-22,390.2289123535156,399.37630872112936,388.774113050886,393.7962006152453,3129880
2018-11-26,398.77838134765625,400.9307181743206,383.8316654050904,392.4011158788282,4758562
2018-11-27,407.8062438964844,410.13792206064556,395.7890734754335,398.06097936689326,4103018
2018-11-28,415.75787353515625,417.6112761883307,403.5015655009962,407.8261635826236,2460574
2018-11-29,403.94000244140625,416.6546614082501,401.9670309885382,415.83760342849615,3260512
2018-11-30,404.55780029296875,409.06176373839673,400.2730748218856,405.75353763373613,4219388
2018-12-03,405.8332824707031,408.8226016731602,400.45246411706864,406.98914737248737,2908898
2018-12-04,413.0276184082031,415.7180275027801,405.3748943403831,405.7933975562939,2836286
2018-12-05,418.9266357421875,421.6967413772639,407.347891954219,413.1073412190964,3873412
2018-12-06,403.5614318847656,424.6861290599682,402.1664047128183,418.2490653784739,4051262
2018-12-07,383.4131774902344,398.5791076716739,372.4522520292633,398.5791076716739,21093670
2018-12-10,375.4615783691406,386.90080542059025,373.50853070401195,382.6160793404753,6182964
2018-12-11,381.38043212890625,384.6886583812223,370.9576024397534,375.0629626274875,5605848
2018-12-12,387.1200256347656,388.21611837144064,375.9797327729093,384.62890577868603,3653708
2018-12-13,389.83026123046875,391.6238670762146,384.0110164396501,386.6416286158095,2756644
2018-12-14,383.1142883300781,386.1434801746006,378.6501969323548,385.02746340700503,4611032
2018-12-17,387.2794189453125,388.216070163951,380.20463943257107,384.6687061984576,2792580
2018-12-18,392.68011474609375,394.1149897041262,382.3967793406311,386.6017837719976,3874502
2018-12-19,381.4999694824219,392.0423665022193,380.24443567144027,390.60749157024264,6117266
2018-12-20,382.4366455078125,384.5092616881738,377.852985869105,377.97255473334286,4527954
2018-12-21,380.4238586425781,384.23028450011446,376.65728096743584,381.4601546582193,10439250
2018-12-24,373.807373046875,381.0017447603186,372.7312290140484,380.6430138644858,2941564
2018-12-26,375.7803955078125,377.7334429581257,371.0771666817183,373.86722056654327,2434064
2018-12-27,378.1718444824219,382.6359352592473,375.72059761856985,378.25156516773507,5096808
2018-12-28,381.9782409667969,383.8316433682007,378.6501154722644,379.4871217860583,1556666
2018-12-31,384.36981201171875,385.2666151422429,380.88224428190256,383.61252618679237,1437004
2019-01-01,382.5762023925781,384.6288948264747,379.7861482332151,383.43315732960485,717468
2019-01-02,377.1953430175781,383.4331160184606,374.32559279615106,382.23737865041966,2270096
2019-01-03,377.99249267578125,382.6359490804534,376.6572623760713,378.65015794419867,2809224
2019-01-04,371.6152038574219,378.869348141893,368.68565728452825,377.05581815260945,3077278
2019-01-07,375.2821960449219,378.65019474788437,373.03023843045736,374.62455503992214,2344752
2019-01-08,376.71710205078125,377.8530429235707,371.9142037205232,377.8530429235707,3031576
2019-01-09,374.0266418457031,378.072205164864,371.5952947089124,377.45441241761006,2471720
2019-01-10,373.0102233886719,375.8600735500229,371.4757036570746,375.8600735500229,1832096
2019-01-11,374.6842346191406,375.0628895856771,366.6927294567725,372.67141526313293,4331368
2019-01-14,373.54840087890625,376.2587343541244,369.88146767015616,375.0629968508803,1956808
2019-01-15,377.7333984375,381.0017517542606,370.2799647867663,370.2799647867663,3693892
2019-01-16,373.966796875,380.3241376425786,373.3689282948641,377.8529426458833,1701242
2019-01-17,380.5234680175781,381.44019507339465,371.91414494303007,372.711303135451,3690234
2019-01-18,385.14703369140625,386.1235574893637,377.19537466138286,378.0921777626485,4685056
2019-01-21,384.9278259277344,391.205447732924,383.4530781619993,386.24313229763914,3265418
2019-01-22,374.9633483886719,384.4495276227522,373.4686765242472,383.43315562041175,4791592
2019-01-23,376.4380187988281,378.6302037494698,374.1461890777028,377.65368013326207,5641586
2019-01-24,377.2351989746094,380.1248974872527,374.36542455175805,376.6174062270291,2954782
2019-01-25,386.3826904296875,388.8937345516358,377.0957755064126,378.2516649299708,4310008
2019-01-28,389.73065185546875,390.60753076960293,384.19041678075195,387.8174769783914,3029930
2019-01-29,393.97552490234375,396.52641660189516,383.0743716818238,389.8103683505133,4733138
2019-01-30,405.91302490234375,412.5294292050339,399.177027390185,405.75358350794636,14053348
2019-01-31,400.6517028808594,407.8062023537444,393.29791386459215,406.391227133862,9058428
2019-02-01,416.0567932128906,418.5080644642594,402.764189658223,402.80403783818906,6460222
2019-02-04,416.4354553222656,421.61698352496967,414.64184940594504,416.51515167889903,4133944
2019-02-05,418.41217041015625,421.30741091168204,415.91627342608234,417.91299101334147,2368564
2019-02-06,421.3873596191406,425.28095983370076,417.35399889006806,419.7101359489915,2331000
2019-02-07,424.46221923828125,430.412447184681,421.7067393170103,421.7067393170103,3251088
2019-02-08,426.67852783203125,429.69359064850767,422.52539457879726,423.30409487678264,3733802
2019-02-11,431.0313720703125,432.8883289876143,424.50211597217157,426.53875795489677,3157886
2019-02-12,422.82501220703125,430.65213681432033,420.40896399052764,429.6937024495918,2788882
2019-02-14,423.8233337402344,427.29760316395925,422.1261236342093,427.29760316395925,1970720
2019-02-15,422.2060241699219,426.23938480964944,415.91636242418883,425.7801299167105,2492120
2019-02-18,417.8331604003906,428.09626975636104,412.3222001151518,423.6236416610877,2550698
2019-02-19,414.9379577636719,419.7899431624788,413.85970087105227,418.5120632319607,1837440
2019-02-20,422.4855041503906,423.90319330217665,409.7264967762913,416.255754299882,2558354
2019-02-21,420.66845703125,423.9031296653449,416.3555276871325,423.30411440910564,2603154
2019-02-22,425.7601013183594,427.49723587146224,416.9146326481145,416.99448185249173,2844492
2019-02-25,432.1895751953125,433.28777000407865,424.48222485641105,427.5372128922137,2340940
2019-02-26,422.8449401855469,437.66057726278245,421.28749047301903,431.5306630557262,3726370
2019-02-27,423.44384765625,425.7001480592564,414.5185306618275,423.3040871883788,3325110
2019-02-28,420.8681335449219,427.27756761040524,418.39217454232863,427.27756761040524,6661660
2019-03-01,420.3490905761719,423.86333398081297,416.81490923905056,421.3075250272559,2295910
2019-03-05,420.3290710449219,423.22431176859914,417.39385696804186,422.38565131920956,2117558
2019-03-06,416.6152038574219,424.1028962344424,414.7582463983213,423.5438054540254,2807252
2019-03-07,413.14080810546875,419.5103169792593,412.12246275354175,418.35221116184766,2073614
2019-03-08,402.9576416015625,411.30390794575374,401.73964853596976,411.084298221694,3176094
2019-03-11,401.10064697265625,408.02924739412583,399.74286923564466,402.1389303899043,4547588
2019-03-12,404.67486572265625,407.13083884537997,399.363600213304,402.1789679857425,4902188
2019-03-13,410.6650085449219,416.51540242250843,404.974361867529,406.81135717375446,6803340
2019-03-14,402.0390930175781,415.5369236357149,400.9808229287734,413.3205475770483,3793832
2019-03-15,411.0443420410156,412.8613259735717,402.8577747620282,404.1356790171188,5207688
2019-03-18,404.6348571777344,415.2973105989869,404.0957531279843,412.1624734412622,1690728
2019-03-19,413.7997741699219,416.11598629919126,404.5749477549223,407.37035265328535,3242552
2019-03-20,414.49859619140625,421.10775109180577,411.922849930012,416.11595698213523,4408802
2019-03-22,409.2672119140625,418.51202449481997,406.53171845012093,414.5185891465869,5237090
2019-03-25,406.3919982910156,410.92453811145066,404.07578605999413,410.92453811145066,3055910
2019-03-26,413.16082763671875,416.8348175504609,403.93600136889603,404.67477718779236,3311446
2019-03-27,416.5752868652344,421.84660289584997,407.33047275842154,407.33047275842154,2911690
2019-03-28,432.44921875,434.6256219944068,419.3108038142209,419.86989463557336,8627614
2019-04-01,443.5708312988281,447.2647589958924,432.10969134875444,435.2844529513596,4617730
2019-04-02,440.3161315917969,447.26471821364163,436.2827720075031,443.2712832295913,2787844
2019-04-03,447.5042724609375,452.5759636623174,435.90337417249964,440.31609016592625,5296628
2019-04-04,438.49920654296875,446.4860775787826,431.8900512616359,446.4660909019962,8444208
2019-04-05,436.4027099609375,441.13492191885206,433.4874821524677,435.4242888823147,3409044
2019-04-08,437.8202819824219,439.67723920003107,431.6703816936043,437.28117795098456,4027848
2019-04-09,446.5260925292969,450.79904989880134,437.7604705451611,437.82038183964994,6500982
2019-04-10,438.7587890625,449.3813677056975,437.76043007332714,447.264827149452,4826866
2019-04-11,434.8251037597656,439.7170609995045,433.28764123401504,436.2028679046431,3035580
2019-04-12,432.66876220703125,439.6173499267147,429.9332685603609,434.8052892594462,2839484
2019-04-15,440.57574462890625,442.47262637555235,433.2877252865291,434.88509938896794,3868302
2019-04-16,442.09332275390625,445.76726413266624,440.2163787087613,443.07169501025146,2401182
2019-04-18,440.33624267578125,448.8222944144847,435.48420804969913,442.47272124627847,4055238
2019-04-22,439.7171325683594,444.9884961905939,437.2811468878056,440.6755667494918,2230516
2019-04-23,440.0765686035156,444.05001721466925,437.9201037990548,440.31616497112475,2135528
2019-04-24,454.832275390625,456.09021720827025,438.01992321488655,440.47589557352956,5681646
2019-04-25,452.7357482910156,459.8041581430441,450.87883984279546,455.65097560962477,5361098
2019-04-26,455.15185546875,467.17208774556815,453.25497342139175,455.25169136597935,3465934
2019-04-30,472.5631408691406,474.260350815589,455.2516091649652,455.27159584000094,8310400
2019-05-02,463.25848388671875,471.42503961852566,461.8407948486446,467.2319325317027,4226194
2019-05-03,456.46966552734375,458.90565143915273,449.7606743705004,456.8490224016448,5710316
2019-05-06,453.6743469238281,457.00885645946676,450.4795979080304,455.2118101380805,2827130
2019-05-07,451.95709228515625,459.2451125495292,445.6674309611084,454.19340656188535,4689204
2019-05-08,452.29644775390625,455.25159946494273,448.22316346841467,452.0568513985221,2987822
2019-05-09,453.8938903808594,457.2483861071394,443.31128581156753,449.0618429497627,4962690
2019-05-10,433.9466247558594,443.67062924764855,428.4157270211362,443.67062924764855,15535450
2019-05-13,432.7487487792969,439.5775153296158,430.4924474452199,434.60570647010377,3368062
2019-05-14,426.4391174316406,432.74876675662694,422.1062484717633,432.74876675662694,4388014
2019-05-15,426.2792053222656,433.8867185990131,424.4422349470995,428.4755946018741,3240598
2019-05-16,428.9998474121094,432.28059145642845,422.5183584115797,432.0605695443843,2226902
2019-05-17,425.178955078125,430.9003064450876,423.9986998655354,430.1201443675445,2780046
2019-05-20,429.52008056640625,433.62103592532173,420.59798254242816,426.0992641214611,2380474
2019-05-21,422.5384216308594,429.70009972755236,421.15811961725615,428.6598671683656,1613426
2019-05-22,424.4988708496094,430.10017546025455,421.5781710525443,422.8984981037108,3424864
2019-05-23,426.6594543457031,428.4998735397837,420.1979385482333,425.69922077154985,3884200
2019-05-24,426.4792785644531,429.70004799443717,421.73818445084953,428.49976853076555,4340468
2019-05-27,425.7790832519531,432.500667274533,423.37852450667356,428.89982915661363,3164414
2019-05-28,428.61981201171875,436.0815102029577,422.1982974052226,428.4997645306737,10631688
2019-05-29,434.1009826660156,438.1019133818314,427.37939952765055,428.65972666040335,4354812
2019-05-30,431.38037109375,439.4422570174499,427.2994409129619,435.30130310234324,4745448
2019-05-31,437.1217956542969,439.8624239957855,432.1206312211074,434.10107280085185,4255094
2019-06-03,446.1838684082031,447.7042419380721,434.9612846767242,439.64235507003673,3400394
2019-06-04,434.4411315917969,445.46371726882955,432.50068960706477,445.0636241239572,4128970
2019-06-06,431.7806091308594,440.56268513511344,430.3203078627383,436.101635699279,4701806
2019-06-07,431.9405822753906,434.98128063969625,428.5998140296173,433.30090883927704,3272806
2019-06-10,436.58172607421875,440.8227535104379,432.6608416068653,434.8613544375609,2056008
2019-06-11,443.2632141113281,446.8840278433809,437.6619099676256,440.1024684337682,6485078
2019-06-12,443.3432922363281,444.10347913066903,436.62175536940475,442.90319945734285,3136202
2019-06-13,440.4625549316406,442.5430197585016,437.3018093050863,441.3027407717385,3951850
2019-06-14,434.90118408203125,441.0426031785855,433.7009048251351,437.34174213648913,3467872
2019-06-17,430.0601806640625,435.18134420385525,428.69985404710945,433.70101893333333,2487348
2019-06-18,435.94158935546875,437.76203315339666,429.9602148871469,430.06023819825265,1412162
2019-06-19,433.7409973144531,438.7421619565797,431.2204396385204,436.1415563426739,2437878
2019-06-20,435.0412902832031,436.5016400935788,426.35928819660916,428.0996836848115,1895088
2019-06-21,430.600341796875,437.16188058263333,428.55987607751575,437.10185682981273,4695110
2019-06-24,431.26043701171875,433.7210197711292,427.33950441627627,431.7005297301056,1350104
2019-06-25,431.7005920410156,432.54077805002476,424.15884447807963,431.26049925910655,2203934
2019-06-26,431.6005554199219,437.16186087295534,428.9799253274571,428.9799253274571,3277734
2019-06-27,425.19903564453125,433.72104008668623,424.0787551820741,429.8201315027914,2776050
2019-06-28,425.959228515625,430.4802523015305,423.57864470899005,428.3797630342356,2829874
2019-07-01,419.7377014160156,428.0596582243569,419.03753842433525,426.99940164048496,2467696
2019-07-02,424.0987243652344,425.95916721643357,417.2971410499429,421.2980724118791,2014050
2019-07-03,420.5779113769531,425.9991932451985,419.13758576501436,424.4988438912004,1213340
2019-07-04,416.3969421386719,420.57789598298336,413.6163143068373,419.5776631169284,2553038
2019-07-05,406.6546630859375,419.6976892272952,405.154313863247,417.6572240523347,2514352
2019-07-08,415.716796875,418.41742557144346,404.114071389051,404.4941647562036,4008224
2019-07-09,408.3951416015625,419.217682401456,403.29395320536366,413.4763058015829,3205934
2019-07-10,407.6549377441406,414.09642796683625,405.3343778390587,405.6944714573642,1731600
2019-07-11,408.4151611328125,411.2158381408462,406.11462507815304,411.2158381408462,1550706
2019-07-12,409.6554260253906,411.97593721811904,403.6940277408027,406.51467983958077,2903286
2019-07-15,411.09576416015625,415.2967427720119,408.09506515168795,413.8763923722027,2633206
2019-07-16,407.95501708984375,412.95618179491345,405.4744345121793,412.85615850081206,3450502
2019-07-17,416.3969421386719,417.2971517181213,408.4551029500947,409.85542896257164,2291110
2019-07-18,407.5149230957031,414.8966475037067,406.49469032185726,413.4563217547186,2608300
2019-07-19,406.3345947265625,412.41603993053167,403.7740132098759,409.6953869656644,2139624
2019-07-22,407.6749572753906,410.9957258394498,401.39348936327866,406.3346304487417,1902156
2019-07-23,404.4742126464844,410.47558603714816,402.9538634184629,408.3551214478355,2011658
2019-07-24,408.6151123046875,410.03543804447224,400.6932731464015,404.07406500797157,2384560
2019-07-25,404.6142578125,411.15579643852965,401.2934890581822,408.5351663809626,6042040
2019-07-26,400.67327880859375,404.9342560857458,399.0529064801064,403.1738609265517,2332384
2019-07-29,406.2746276855469,409.69541951729303,401.6935558548459,402.09364903796825,1825826
2019-07-30,409.535400390625,411.03574992959966,404.4142121815418,406.09460854914374,2134474
2019-07-31,413.9163818359375,415.25668410100496,401.27342382834547,409.09523991290183,3714036
2019-08-01,408.7151794433594,417.07711217777637,406.1345735717817,411.75590223566974,3490012
2019-08-02,404.2940979003906,407.25479675731714,397.2924682979593,406.89470318129366,3544858
2019-08-05,404.5342102050781,406.89476976809294,398.93290560650064,401.45351221166055,2687280
2019-08-06,409.775390625,414.8966025549192,401.37345877314436,404.5341800520416,3174832
2019-08-07,409.1552734375,418.4574392618956,406.6746910003782,410.1555063218436,3967844
2019-08-08,435.4013977050781,438.10202663639836,411.315808105251,414.47650511623414,12493298
2019-08-09,434.62127685546875,441.0827431743774,431.22048454467324,434.02113703591664,5645698
2019-08-13,429.0999450683594,436.8617627004331,427.0394553777534,436.8617627004331,2507610
2019-08-14,431.3647155761719,434.2708105601218,423.8689653625696,428.55883076408236,2803920
2019-08-16,425.9934387207031,431.66534420941485,421.0831403209585,431.66534420941485,3108220
2019-08-19,426.5145568847656,432.0862033457712,423.9491666758916,427.1358305974451,1682212
2019-08-20,434.5113220214844,437.2370583739929,426.9354229491664,428.05779648978756,4282308
2019-08-21,428.9596252441406,434.33089966341265,427.3161883888111,434.09035613226075,2555246
2019-08-22,432.467041015625,435.4532846583216,423.30784080678603,429.0999693494792,2580980
2019-08-23,435.7137145996094,439.90247912811185,431.94580332566443,432.50698992914306,3319154
2019-08-26,438.0587463378906,439.3214043207653,426.3542175468998,437.55769546617444,2314884
2019-08-27,438.1588439941406,440.92465388191084,426.41424393554627,440.52381328747276,6604388
2019-08-28,450.5248107910156,452.94991619782263,437.8382438757317,439.722175282311,6985284
2019-08-29,448.0396728515625,451.2263367050474,444.93315756227634,446.13567960974194,2948038
2019-08-30,441.0649719238281,447.25798893839914,434.1905454190668,447.21786573130765,6738070
2019-09-03,444.2716979980469,453.19040192568553,442.0670745552598,443.73057293914724,4086894
2019-09-04,451.206298828125,452.3486849232621,442.48801447094206,445.87509847649227,2425690
2019-09-05,445.7147521972656,451.1261011058399,442.42787835842955,451.1261011058399,2775294
2019-09-06,441.0851135253906,449.4025580024801,439.7021837599069,447.13779827437577,2075686
2019-09-09,434.6717224121094,441.72650987993904,433.30885406553006,441.72650987993904,3521728
2019-09-11,423.9691162109375,438.5196507013879,421.9248387771798,436.11460691326323,5325506
2019-09-12,422.8468322753906,426.67483131278374,420.0810218681629,423.68858789565667,4064734
2019-09-13,428.2982482910156,428.89950928534086,422.44598439906554,422.84682506194906,3091588
2019-09-16,428.85943603515625,432.48701468451696,423.6885816853918,428.89951031539186,3888868
2019-09-17,423.2276306152344,428.4986954482923,419.4998415754894,428.4986954482923,3815108
2019-09-18,424.2698059082031,427.67695175031594,421.1432779056543,424.7508440914208,2572672
2019-09-19,420.7023010253906,424.089384762397,413.767738583161,424.089384762397,3762272
2019-09-20,420.5219421386719,426.3141192478715,415.7920515345681,421.6843898817194,5736082
2019-09-23,414.0283203125,426.09361418289416,407.65494414299474,426.09361418289416,4733492
2019-09-24,419.8405456542969,421.5641312511976,410.0600230982573,410.1401961287902,5614452
2019-09-25,422.4259033203125,425.6927643583637,418.5577813156534,420.68225630329823,4312820
2019-09-26,418.9385986328125,423.1073510147655,414.16858529954146,422.4860284594403,6062076
2019-09-27,417.29522705078125,422.325748438074,414.50935484907217,419.07894857956154,4458334
2019-09-30,433.1484680175781,439.5218451895134,418.0969284869581,418.4777075949403,8559586
2019-10-01,424.7108459472656,433.30886065908635,422.16546798195236,433.30886065908635,4190696
2019-10-03,431.6252746582031,436.9163521950549,422.5462232415782,424.08945011226433,3435302
2019-10-04,432.54718017578125,433.6294794006905,426.7550517590621,431.3045838189581,2694188
2019-10-07,430.66326904296875,437.3172150495059,428.4586451357531,435.2128013198909,1910498
2019-10-09,421.3236389160156,430.4828388842609,416.93445293861583,428.9195993399255,3750540
2019-10-10,426.2940368652344,427.33621278275234,417.43546817021564,421.3035902795892,2707552
2019-10-11,432.7074279785156,436.91625428122467,420.0809490703885,420.8826302709045,4312780
2019-10-14,435.6337585449219,440.8446884369389,430.50297723278703,433.87004941070325,2781204
2019-10-15,434.7117004394531,440.5840259576796,432.68743551241164,436.55555770910996,3002070
2019-10-16,441.2854919433594,443.7306101807902,434.1505086301238,436.51547830793186,3018788
2019-10-17,438.1390075683594,441.8066613382266,434.73186114507916,440.9248312480331,1552278
2019-10-18,439.1210021972656,443.1093477293584,436.27504291394933,438.90052023225996,1647630
2019-10-22,426.6748352050781,439.2813037412688,421.4839680571295,436.9964825445656,5502486
2019-10-23,438.980712890625,442.5080817765424,428.0978778391811,428.89955925835557,7829074
2019-10-24,448.56072998046875,464.5742936982902,445.1335229956439,463.0110054432693,13502160
2019-10-25,454.57342529296875,455.85609598856337,440.1631724561374,449.3424344719099,4587220
2019-10-27,453.150390625,456.8180926484062,450.9858411578466,456.1566957375056,303910
2019-10-29,456.8582458496094,459.30336464400887,452.12830541656973,453.31081499020746,3218206
2019-10-30,459.6639709472656,460.96670293381777,456.23676414881004,460.96670293381777,2441752
2019-10-31,466.891845703125,469.8030182521232,457.1745721115858,460.0656480020258,5848998
2019-11-01,462.5752258300781,468.5983407497406,459.12198307938525,465.3458684963698,2131710
2019-11-04,464.14117431640625,468.3172098233777,462.595251527407,465.8075789918116,3022168
2019-11-05,465.26556396484375,466.02850171215414,459.1019190621105,464.22156710779495,2878100
2019-11-06,461.1095886230469,465.8076476418681,458.2385607253619,465.78755098576283,4576658
2019-11-07,461.1497497558594,463.4586105454745,456.1907281240201,461.3706169161431,2538638
2019-11-08,461.8122253417969,467.5542803909227,460.20606158161934,461.1095286967192,4026580
2019-11-11,460.1458740234375,463.2578166698287,453.82160348399736,461.77213462578703,1906640
2019-11-13,457.194580078125,464.2215476900379,455.6285603499372,461.77215735427546,3378350
2019-11-14,460.88885498046875,464.74363940930766,455.78925403452354,458.3591266591639,2540924
2019-11-15,458.6803283691406,465.7072962439076,457.7567644133904,462.15361899139225,3061712
2019-11-18,458.19830322265625,461.65154509938964,457.27478857844204,460.96894518774343,2484314
2019-11-19,455.6084899902344,459.1621179163798,453.1992440720024,457.35518347770585,2365020
2019-11-20,454.86566162109375,456.8331732960573,451.93439273254944,455.7490322091902,2225036
2019-11-21,456.39154052734375,461.1698887512623,454.3637876661314,457.19462261485137,3876184
2019-11-22,447.6177673339844,455.7288747964739,445.28881025224103,453.9219405484336,2597928
2019-11-25,451.6331481933594,452.1752186302219,444.12435262206264,448.5212060742231,1693202
2019-11-26,444.92755126953125,455.5482917483094,441.07271822596874,452.33596355616623,6459924
2019-11-27,453.0386047363281,455.50809153414883,445.3089409728233,445.3089409728233,3354312
2019-11-28,454.80535888671875,459.1219240239168,451.93433134105766,457.3551340714924,2413116
2019-11-29,452.797607421875,456.49176410952964,451.77365851646533,456.1504641464675,2387702
2019-12-02,451.85406494140625,457.3551565240087,451.13127160204016,457.3551565240087,2995916
2019-12-03,451.55291748046875,454.14283713082295,450.1274274302852,453.7211995057738,3567662
2019-12-04,451.93438720703125,453.74132167387415,448.3004216172202,452.5366986959789,5903136
2019-12-05,450.4487609863281,455.8695650589148,447.4372031682244,452.777669622584,2683884
2019-12-06,449.9667053222656,455.3875072624712,448.64164981328145,452.857829100108,1659752
2019-12-09,443.3414001464844,452.29578388836353,439.2858459242876,451.77376099146613,2192234
2019-12-10,437.23797607421875,445.63019222796873,435.1097893070719,443.3413792680921,1628853
2019-12-11,436.716064453125,441.614894990058,433.2226766984327,437.6797728387712,2387958
2019-12-12,430.7329406738281,439.9282378737542,429.68894404775614,439.52669693940135,2061911
2019-12-13,436.1940002441406,437.6796823115484,431.094400223981,432.05810841029916,2889796
2019-12-16,443.46173095703125,445.67020566397247,437.7196771124971,438.48261454177486,4590144
2019-12-17,447.9189453125,448.92279772243387,443.70276519077765,446.11201097461895,3852266
2019-12-18,453.5003356933594,455.3072698765589,448.9227592926753,449.7258411518751,4618387
2019-12-19,457.3551330566406,460.96900153557806,453.54049410665107,454.1428055198073,3465644
2019-12-20,457.67633056640625,460.76817584357354,454.1427510928816,460.56740539658284,3135806
2019-12-23,458.5196228027344,462.213779953923,454.98604281933086,455.7489804312281,1591463
2019-12-24,450.1675720214844,459.88489291294536,449.16371959568664,459.3628700450378,2354963
2019-12-26,450.1273498535156,453.741217961171,449.36441233865486,451.0509135319613,1848547
2019-12-27,455.78912353515625,456.9536020959401,447.3166192749361,452.09496639359645,2786795
2019-12-30,457.194580078125,463.7798623862506,453.1390257167825,455.3475012519551,1800754
2019-12-31,456.2308044433594,458.9613024898606,453.78141446953765,457.0338863374799,1838808
2020-01-01,459.3226623535156,460.08559989506426,455.2269156118349,457.2748134907877,918373
2020-01-02,460.6076354980469,461.7721141107899,458.15824539166204,459.80455356046286,1075642
2020-01-03,469.84307861328125,472.61372110610455,460.0454691541394,460.9690329904911,3269446
2020-01-06,467.3937072753906,475.5851531855256,465.34585805191523,469.80295318918127,3589985
2020-01-07,469.2005615234375,472.01134794249106,465.02452618331296,467.3936273969031,3179728
2020-01-08,470.4051818847656,476.2275251517986,464.1812977027649,468.1967068524428,3593096
2020-01-09,466.0284729003906,472.3326959844787,465.1852466070689,470.6060500850106,2313648
2020-01-10,466.0685119628906,473.65764492169785,463.69945982042975,467.3936165647959,2049636
2020-01-13,471.0075988769531,473.8183859120245,466.59064782184106,468.9597495546484,4096054
2020-01-14,477.2716369628906,479.7612206465264,471.52962990220044,471.5697742001449,3395378
2020-01-15,478.4360656738281,480.48391481723434,475.18359362062625,479.4399180986578,2348102
2020-01-16,476.4283447265625,480.48389858259867,471.2083122938231,479.4399018992968,2107442
2020-01-17,480.8854675292969,483.4553396028577,469.8029462918135,469.8029462918135,4555694
2020-01-20,473.2159423828125,496.3045437294495,469.08005157857815,496.3045437294495,10272118
2020-01-21,469.0400390625,476.4284033723218,467.67478983955965,473.256219623317,2640668
2020-01-22,474.3404235839844,477.8338108297743,466.992203357166,469.96361668994314,4402650
2020-01-23,481.0058898925781,481.8089717526488,471.40905186148814,473.89858602121654,6089397
2020-01-24,489.6678466796875,490.7153408552776,479.8374145801606,482.6576176885243,3551260
2020-01-27,486.9686584472656,489.9097481535943,484.8736693280023,489.66802620605733,2450421
2020-01-28,484.6319885253906,489.38601783208895,477.5008707946509,489.34573903415605,5330709
2020-01-29,490.59466552734375,492.7299827535703,485.23630683396624,487.492460451202,4281329
2020-01-30,489.78875732421875,494.6233919577277,486.4045524251199,493.1327326179078,3334901
2020-01-31,476.53387451171875,490.63489321258436,475.0834446724124,489.78879274617225,3590768
2020-02-03,466.622802734375,478.34683114109725,465.33358649591577,476.53384314176253,4024193
2020-02-04,472.5855407714844,474.80141500357576,469.3624509793515,469.7653372033681,3246094
2020-02-05,479.9181213378906,482.25488145488305,472.1827243651821,474.92237076576254,3006324
2020-02-06,483.2217102050781,493.93847311354097,481.85188731141517,482.6173809149719,4704968
2020-02-07,489.6678466796875,490.8765051547005,482.77850320820124,484.7929339998896,2865379
2020-02-10,487.41180419921875,492.77016180800064,484.7930435781031,490.63489419443806,2286213
2020-02-11,492.0449523925781,494.54282724497716,488.05636904143773,488.29809093353344,2458748
2020-02-12,494.82470703125,499.9816689781377,491.76278239172535,493.93837724995717,4873027
2020-02-13,493.4954528808594,494.7041118155759,486.7269431742635,493.1328453643528,2090363
2020-02-14,500.9084777832031,502.19769406852,493.3341968607323,493.49536119150906,3650630
2020-02-17,494.30108642578125,502.39908917380916,493.4147072814423,501.9962029755944,2190578
2020-02-18,489.1441955566406,496.19470506522543,487.61325728590447,494.30115932652893,5237465
2020-02-19,488.0967102050781,498.1688668333298,486.68660827712284,495.10694105443173,3799862
2020-02-20,489.9500427246094,493.8983483231928,487.61333158256645,492.3270818429215,4820313
2020-02-24,479.5555725097656,490.71550311364916,476.61448290923397,489.9097305305397,4070143
2020-02-25,469.3222351074219,479.99872147508455,463.31921972875847,479.8375571277838,5525575
2020-02-26,470.24884033203125,474.64031056398034,463.7221023516525,464.8502035934122,5460070
2020-02-27,461.74798583984375,469.2819892763443,457.6788439820804,469.0402181481851,4078174
2020-02-28,430.5645751953125,454.45575279361356,428.0264209778778,451.2326623482688,7894806
2020-03-02,442.93316650390625,455.94636326484596,433.38473258138436,435.9632144955846,8175982
2020-03-03,455.3017272949219,458.2830952893777,447.2037237549092,448.0094962301433,4682284
2020-03-04,453.73046875,463.64150970613895,452.0383661957786,458.48454610587885,5175180
2020-03-05,464.4473876953125,468.87913739018967,453.77089979401745,457.678877580043,6061347
2020-03-06,456.2283630371094,462.4730994152582,450.86995666626103,459.2902884574027,3288548
2020-03-09,435.4798889160156,449.6211907236503,432.2567979430862,447.2038724939532,3699776
2020-03-11,432.5386962890625,437.25249522884013,414.1670919305677,424.4406919735925,4850031
2020-03-12,397.5279541015625,425.28680799923757,391.887545376956,419.80756364571204,5321388
2020-03-13,397.1653137207031,416.7858816512332,319.04567409864484,370.6553998251663,6859998
2020-03-16,363.1615905761719,386.60954516522645,360.05936225930543,377.9072140383835,5281571
2020-03-17,363.1214294433594,385.64278420434016,357.2392991022886,362.59768215384963,5148153
2020-03-18,349.9067077636719,374.52304777716193,345.71668093190857,366.62648712140634,4936397
2020-03-19,333.14666748046875,350.18875183362576,302.3661465257054,337.5381130822691,9270044
2020-03-20,358.4881591796875,372.2265942481988,331.85738946210193,333.1869090906098,11916337
2020-03-23,336.1280517578125,357.76305205341276,322.67166342795923,334.39564550037454,9525470
2020-03-24,356.1917724609375,369.72876706484294,331.85745438989585,332.7840879734712,9915953
2020-03-25,368.7214660644531,377.1014943542815,336.61143005662626,348.0936870962598,11976272
2020-03-26,360.744384765625,376.09434218977015,355.4262809542695,371.54173214611825,9504717
2020-03-27,347.0059509277344,368.60067046920824,338.8273642938591,362.7990981529371,9150873
2020-03-30,337.61871337890625,353.4521397684872,330.36676010823766,330.36676010823766,6325701
2020-03-31,351.63916015625,362.1142040287657,342.6950793162871,349.0607025725371,6381806
2020-04-01,333.22723388671875,349.0606844358276,328.916370343045,348.89952008699447,8136746
2020-04-03,326.982421875,345.35404688791266,321.7449014064882,337.53804496804497,8166356
2020-04-07,363.5243225097656,369.00359122934526,342.45337284011947,342.45337284011947,5972948
2020-04-08,373.1532287597656,384.1922966370966,361.79183222831495,363.4033771380179,7991061
2020-04-09,377.9476013183594,387.5765930397408,372.26691472839974,387.3348711130208,5069225
2020-04-13,369.2452392578125,379.51883838609865,365.8207062150505,378.71306590544873,2236731
2020-04-15,385.7636413574219,388.3824023692477,372.8310006581889,378.7131309409677,6333188
2020-04-16,370.4538879394531,383.5476903951706,367.9962917761619,381.1303730187305,10484842
2020-04-17,366.82794189453125,382.7419492584346,365.5387009368787,378.7130866346616,4706460
2020-04-20,378.7130126953125,381.61379813612933,365.41776863260475,369.0437442860705,4800719
2020-04-21,367.1905822753906,374.6439787973645,360.86526247112926,369.0438494123307,3405204
2020-04-22,372.5892028808594,378.2699138179148,362.59762869703076,365.0149462216776,3768051
2020-04-23,384.9175720214844,387.37516855898645,372.5892367703067,374.6842504002677,3052968
2020-04-24,377.1820983886719,400.3883357048019,374.8050597644208,386.7707858703289,6738184
2020-04-27,389.2686767578125,391.3636900525565,376.49717846642824,381.2109522320462,2914569
2020-04-28,379.5994873046875,394.02281232661386,378.26996739586434,394.02281232661386,4262237
2020-04-29,396.2386169433594,403.69201238154153,378.8742298396843,382.5807635746006,3849090
2020-04-30,437.9776306152344,455.66434674864126,403.692020726913,408.1237694574479,8035267
2020-05-04,414.3685607910156,425.04504777299127,409.49364638250677,425.04504777299127,7032527
2020-05-05,419.3240661621094,426.97890559649505,415.49664644491656,423.8363728933548,4592828
2020-05-06,418.2765197753906,424.4004207916609,407.88208317140425,412.716718572455,6921533
2020-05-07,412.3541259765625,436.5675826487188,408.96987123748823,427.0594758526197,19998641
2020-05-08,417.71258544921875,421.01623383198336,404.8201977177211,419.68668921085526,10120968
2020-05-11,425.0853271484375,431.00778529254944,419.96869078829764,423.83638944908006,4425540
2020-05-12,424.9644470214844,435.11716110850205,419.0017106970761,423.39318077027997,6439945
2020-05-13,426.05224609375,434.99630194240143,420.25067375765906,434.99630194240143,3502017
2020-05-14,416.94696044921875,425.08524245100386,414.44903636775376,418.5182265490933,3741672
2020-05-15,411.9512023925781,417.3498881328842,407.11656725447455,417.3498881328842,4895121
2020-05-18,411.54833984375,417.91396281454297,408.92957899305554,414.7311513291465,5159655
2020-05-19,417.59161376953125,419.4046019624525,407.8820646168656,412.55553545586105,3966934
2020-05-20,424.4407043457031,425.9716919120604,414.9728765790927,415.0131553717958,3138708
2020-05-21,430.9674987792969,433.1028160562238,421.7414409258172,426.8983565761632,4523685
2020-05-22,427.3818054199219,431.08833969653193,421.4190685257686,430.0005663620036,6410434
2020-05-26,422.2248229980469,432.296980035214,419.2031758868967,427.05945837588706,4055691
2020-05-27,427.8249206542969,430.2019593761836,415.7786118884917,426.81770502472204,4828798
2020-05-28,437.2524719238281,439.95179015829666,421.4190224410057,427.8652025165852,4492767
2020-05-29,443.3763427734375,447.20376236121365,432.45813462755615,435.11717418928896,7853755
2020-06-01,451.03125,462.0300665681199,447.60671616793206,448.81537516748546,4503261
2020-06-02,451.3937072753906,457.4772790452759,443.1748189782506,450.66849244488486,2930058
2020-06-03,453.4887390136719,458.0010943811428,448.81526849558855,454.45567581959057,4202273
2020-06-04,466.5020446777344,470.32946442986804,450.4268718826818,455.26150735906117,5315353
2020-06-05,464.084716796875,473.1093793249717,461.3047916226216,471.3769486449496,3995824
2020-06-08,465.9379577636719,470.16826347618246,460.13638580756697,466.66317270085426,3771973
2020-06-09,461.58673095703125,470.24878484419895,459.2902991335426,462.6342744923957,3812291
2020-06-10,466.30072021484375,473.3915108821768,462.19124950571353,463.31935107617306,6491708
2020-06-11,465.7766418457031,471.296211296911,462.5938316045593,467.34790757795747,4975680
2020-06-12,459.8946228027344,466.3005235740524,447.3648711240055,447.3648711240055,6624056
2020-06-15,466.5020446777344,468.15386862940625,454.21401284193666,463.15806880105646,3787100
2020-06-16,468.0732727050781,478.22598670171243,466.05884142158317,471.37692033782946,4728405
2020-06-17,464.0041198730469,468.8387553462975,461.7076876954349,467.34809574756065,3572351
2020-06-18,466.5020446777344,470.4100220156256,459.3709278418016,460.25730718741096,1918229
2020-06-19,458.968017578125,465.7365265636884,457.0341929968588,462.51343641445874,6182627
2020-06-22,458.968017578125,464.64875331050445,455.583812265796,463.31920895176614,2666273
2020-06-23,467.549560546875,470.1683215495072,454.2543123796653,459.04866928211425,4521803
2020-06-24,450.9103088378906,467.1869245279906,446.72033083369746,463.31922604233677,5339893
2020-06-25,443.2152099609375,451.79670784571607,441.56338596267943,449.2987832708649,6353371
2020-06-26,453.1664123535156,462.4327948496667,439.145953078466,443.215093816774,7034875
2020-06-29,446.1562805175781,455.98671567841916,443.4166341155479,452.84418299258766,3857610
2020-06-30,448.6944274902344,451.87723891794144,445.79366596499347,449.6210856004814,3110587
2020-07-01,444.5850524902344,450.91034801886343,443.98072301244974,449.5808526760125,3004648
2020-07-02,458.6456604003906,461.2241419192022,445.5115801026107,447.2036824722197,5243652
2020-07-03,466.6632080078125,467.7912601082243,459.7738131246939,460.90191440556094,3735570
2020-07-06,466.30072021484375,474.6001700588973,465.1323398412537,466.66332780395345,3288417
2020-07-07,477.0575866699219,478.99146029297464,463.4400612741265,468.9595830867305,7255475
2020-07-08,463.2388000488281,479.2333703757298,461.70781206438534,479.2333703757298,4625011
2020-07-09,473.99560546875,476.69492328627996,463.31912136766897,463.842893090088,4807930
2020-07-10,469.1609802246094,474.23733651203275,467.2271067910936,473.9956146279544,2376881
2020-07-13,485.55859375,487.4924678400624,470.04746977327073,471.37701435774625,5443990
2020-07-14,476.4935302734375,494.54285326646215,473.8747697469756,487.1700154967053,6212718
2020-07-15,495.7113342285156,505.98493531109597,477.42028560226134,478.34694380346184,9928037
2020-07-16,505.8236999511719,525.5248479215611,489.22480569425,507.63668812303985,20771204
2020-07-17,502.1169738769531,519.4410764451995,494.26069480530646,507.23360775400624,26830157
2020-07-20,522.6240844726562,525.3637309627426,505.09853056400647,510.05405168622093,10543170
2020-07-21,525.6456909179688,533.7034162278507,518.3534593486161,525.3636902043038,8801061
2020-07-22,523.8729858398438,530.1982799943447,518.192250638403,529.3925075323473,3837958
2020-07-23,527.6718139648438,530.9857051222004,520.1550159069709,525.3682957854375,3172594
2020-07-24,549.5757446289062,553.4957812436891,518.0132389538037,518.0940451249926,12365728
2020-07-27,566.67041015625,569.3377045337835,546.787256910571,552.8491998918413,11348828
2020-07-28,575.8441162109375,578.7538287860602,562.3057783889566,567.3978000615277,8469603
2020-07-29,561.2549438476562,574.4699558101617,559.7192323581245,573.8637616956944,7142681
2020-07-30,562.1036987304688,575.9249070938885,559.8405835285104,564.1647491941771,7966760
2020-07-31,569.9842529296875,579.2792313687506,562.5482603119941,567.2765556981102,6322671
2020-08-03,570.59033203125,580.3298410855343,566.2257146077529,573.1363177514532,5546316
2020-08-04,559.8406372070312,574.6721706837752,555.3143570369151,573.4597821380289,6683186
2020-08-05,556.405517578125,567.7211436237865,550.4243812211038,559.8406183419864,6052220
2020-08-06,569.74169921875,571.9239587097329,554.7889100706601,559.3151400258479,5132907
2020-08-07,557.9410400390625,565.7003541220762,553.6572782634645,565.7003541220762,7371589
2020-08-10,559.3555297851562,561.6995001935527,553.7381208860172,561.6995001935527,3769570
2020-08-11,552.6873779296875,566.5490365931096,550.8283924876592,560.9316278597734,3956468
2020-08-12,579.6023559570312,581.1380673839724,547.2316014302475,550.1009102553414,13085350
2020-08-13,585.6644287109375,589.2207879044253,576.3290474932975,579.5216802845994,8850347
2020-08-14,573.13623046875,588.3315336544207,571.6409715908925,588.3315336544207,3887203
2020-08-17,581.0169067382812,582.5930215036851,573.2576408147372,574.7529000885609,3344102
2020-08-18,577.4605102539062,583.3203865612883,575.8035895782593,581.0976748584882,3634301
2020-08-19,573.7425537109375,577.2585094840744,569.8225178247426,576.9351861949787,4858027
2020-08-20,573.944580078125,578.5920683881001,570.6711416566703,572.6513856725788,3025569
2020-08-21,570.550048828125,577.9051860080691,567.9636101571705,577.9051860080691,4164686
2020-08-24,570.3883056640625,572.6110176003576,562.2248613168906,570.6711765412534,4066936
2020-08-25,567.074462890625,575.1166493564173,561.4975057024631,569.8225630695187,3982510
2020-08-26,576.1270141601562,580.127906137895,563.3565316309479,569.58013589274,4511228
2020-08-27,573.9849853515625,581.9463145046135,571.0348211076521,576.7330355707363,3917059
2020-08-28,570.9945068359375,579.2387574399952,568.3676654244422,576.8543838308117,5416681
2020-08-31,561.2549438476562,585.9876439850401,554.4655500327414,569.8224675992459,7786675
2020-09-01,557.3753051757812,569.0142528069889,551.5558806923846,561.7399228705359,6377322
2020-09-02,567.357421875,569.6609403203665,556.9712639982866,557.6179106719892,4090511
2020-09-03,571.2369995117188,579.0367179291278,563.841410559829,569.6608847297509,5467610
2020-09-04,566.4279174804688,569.4184857532813,559.3556509789198,561.8612835673697,3354824
2020-09-07,572.8938598632812,575.803621306604,556.9307476635606,562.8310273696746,4238823
2020-09-08,586.7152099609375,597.2225766408724,568.367721353378,572.8939518826186,11522742
2020-09-09,583.5225219726562,590.7564489848153,574.025479909843,575.5611422185475,5514179
2020-09-10,583.8861694335938,589.1802546398828,576.9351142425977,588.9377868694041,3366359
2020-09-11,583.2801513671875,593.2621306998917,573.9851724802,575.480431959568,7221661
2020-09-14,644.3112182617188,668.7479241387043,603.137557629025,603.8264673678243,32312474
2020-09-15,642.4874267578125,656.3875600624989,634.6660324617799,641.1500735049382,14024028
2020-09-16,639.691162109375,645.4052132771179,631.5861109581634,640.3395563076107,7471292
2020-09-17,655.1312866210938,662.5879437102262,639.8938000724448,644.3110629243745,19972637
2020-09-18,656.9954223632812,667.8562106247558,651.6461084251258,655.1312705041851,8847382
2020-09-21,650.5115966796875,688.8485406395321,643.0955021516162,667.0459261807672,24911507
2020-09-22,665.4246826171875,673.9349861098556,640.7447925945892,659.7106315945429,21882919
2020-09-23,659.8322143554688,684.7147320348555,656.6307586295201,674.3402761419183,18070370
2020-09-24,638.9212036132812,657.6844177339875,635.4360413416214,657.3196805204782,10553627
2020-09-25,670.8551025390625,677.5822851895471,642.4063429410272,644.5542013121858,19813100
2020-09-28,676.974365234375,684.674163462123,665.2625569835711,679.5274760134025,11145837
2020-09-29,658.738037109375,681.7158375025822,656.6712589446341,678.7170081302519,10554255
2020-09-30,657.8060302734375,665.0195466673043,654.1587567085345,662.9932835756916,9470272
2020-10-01,658.9002075195312,665.3842490731389,657.4818234296796,664.5332285130901,4321350
2020-10-05,668.018310546875,680.1758869965173,660.6426844858422,671.7466142037099,11889998
2020-10-06,672.0304565429688,676.366639898993,666.8026877187899,672.7193662266795,7848500
2020-10-07,671.1387939453125,673.2055722282392,667.0457527439654,672.7192889155423,6980002
2020-10-08,688.564697265625,712.4340858021181,684.4716558132978,695.0082236351722,25860257
2020-10-09,693.58984375,699.0607539986854,688.3620751740604,691.279923654947,7286954
2020-10-12,701.7353515625,706.719978041095,694.7245116707455,697.6828257975637,8717550
2020-10-13,729.7787475585938,734.8038391606068,699.7089813151524,702.1404964010171,18948618
2020-10-14,721.7142944335938,738.1270231235028,714.8655162715975,732.696628922363,15441198
2020-10-15,697.0344848632812,732.4535726507779,675.5155813000273,729.414178094688,15648823
2020-10-16,670.4094848632812,710.8131546530385,665.1006355238844,696.2240591185406,28982990
2020-10-19,684.6742553710938,698.412328157575,675.1508194425819,680.6622448094755,15671485
2020-10-20,712.9608764648438,718.1075643903014,683.7421261712587,686.4573481109788,21563969
2020-10-21,705.9905395507812,722.6869762337567,697.0344670482675,714.0550761273531,11161929
2020-10-22,705.3392333984375,714.9066053954725,693.3698304073205,699.3545567516469,9607794
2020-10-23,694.1026000976562,712.8302199857875,692.5962182446577,709.2068227200995,5447267
2020-10-26,690.3163452148438,700.9829759445701,685.6344402347335,694.5504257450584,6612856
2020-10-27,689.8682861328125,698.1735855601343,682.906509295761,691.2525109869517,5807904
2020-10-28,675.4971313476562,693.736225705307,668.9831761767144,693.736225705307,6853002
2020-10-29,684.0057983398438,686.0007064762221,666.8252664008714,671.7514336414044,6690978
2020-10-30,685.5530395507812,700.0058767449141,678.2655426880362,686.2451273683893,8727274
2020-11-02,669.6345825195312,687.1000843089756,667.0289906242252,685.5530498412386,5953172
2020-11-03,662.8357543945312,677.4514537509011,661.4515287442337,674.194475607868,7011687
2020-11-04,663.7313232421875,685.3902037734798,660.0264715718722,661.3292923925155,10077502
2020-11-05,686.3264770507812,693.0032399369771,675.8634089422479,679.0796835701243,8903859
2020-11-06,692.1890869140625,696.8302895470405,681.0339793211101,688.8507050311035,5871913
2020-11-09,696.1790771484375,710.6726199261714,689.746525445476,705.7871527181121,7505062
2020-11-10,659.2936401367188,690.8863100189393,656.077365112269,690.8863100189393,10397497
2020-11-11,672.6066284179688,675.0086595222418,655.751758101971,661.9807481201238,9779484
2020-11-12,671.5072631835938,681.5224578213921,669.3087937027291,673.502171595814,4699639
2020-11-13,674.2757568359375,677.0035053502613,666.1740649452337,670.0417257825674,3918289
2020-11-14,676.2299194335938,679.0797746027902,675.0085529325096,679.0797746027902,475390
2020-11-17,663.6092529296875,682.2961737339025,662.7950084475651,682.2961737339025,5977903
2020-11-18,663.0390625,667.5988599786655,651.598941077875,666.8660202971317,5816221
2020-11-19,655.1002197265625,668.0467235427932,653.838151043257,663.6090823166307,7170339
2020-11-20,667.0696411132812,670.5301793796608,654.6524155692134,662.7541562735371,7455575
2020-11-23,683.3138427734375,685.5937169282298,664.6269257038807,671.7515634985624,7116516
2020-11-24,684.372314453125,698.1330626060891,680.1789365498031,687.1407648724577,8465615
2020-11-25,671.5072631835938,688.8506562925899,669.7159158400179,684.3723127824135,5610232
2020-11-26,685.6343994140625,688.0364300264414,667.3546050318427,671.0187043633443,8414555
2020-11-27,669.3903198242188,690.3164114209125,663.0799255501645,685.5938037101596,11723771
2020-12-01,679.1612548828125,680.4640757810832,663.690610810789,670.9374060709091,8078785
2020-12-02,686.5302124023438,690.0314535188174,676.881386069084,680.8305013809795,7062229
2020-12-03,702.04150390625,703.507133828887,686.6522654747303,690.8863461270957,9633229
2020-12-04,699.0287475585938,706.6419120589331,695.7310680075786,705.1355799484476,5577388
2020-12-07,696.4231567382812,700.2094127041066,692.433389390049,698.6216263410982,5314265
2020-12-08,703.3441162109375,713.0336418797008,696.9930215151402,699.4357540671792,8722526
2020-12-09,708.8404541015625,716.5350736386664,703.588567770045,705.2170565737691,5952003
2020-12-10,705.7462158203125,714.7436049979858,704.3212883583159,708.8403340839999,4641898
2020-12-11,702.082275390625,718.0007444118444,696.3418619708933,709.2069143116664,5637035
2020-12-14,710.8353271484375,712.9930945840864,698.7030662906027,705.2170211785609,5143894
2020-12-15,721.4203491210938,723.8630816801946,708.392442139223,712.2193997546517,7527270
2020-12-16,720.6468505859375,726.3058579613519,715.2728585114214,721.6239536079015,4378179
2020-12-17,716.0057983398438,722.2347879230417,714.0923438652848,722.2347879230417,4863371
2020-12-18,725.2066040039062,736.8909881918065,721.9496272605171,728.5449852868718,11568187
2020-12-21,708.7589111328125,741.3693831196583,692.1076064269188,721.9496778065717,8875855
2020-12-22,744.056396484375,748.4940376506366,710.02099628105,715.8428626318602,10251896
2020-12-23,751.2218627929688,761.31851322166,744.8707664189687,749.1048472341467,10723068
2020-12-24,748.57568359375,755.822479739594,741.5324982765385,755.5782163217935,4390561
2020-12-28,750.5703735351562,755.2115759088183,743.8121558951003,753.1759651920829,3884750
2020-12-29,762.0513305664062,769.4609345011075,753.379608092222,756.4330244989724,6760167
2020-12-30,765.959716796875,773.5321797751672,758.0615361796638,763.7612469780072,6382809
2020-12-31,770.3973388671875,773.4100033106686,761.3184941647128,764.6161739592886,3468390
2021-01-01,773.939208984375,778.0104304940245,767.0181324179707,767.0181324179707,3142822
2021-01-04,798.28515625,801.7863969086125,775.6898762272593,780.8603078129106,5259092
2021-01-05,807.2009887695312,810.824385493205,787.5370206469929,787.5370206469929,7150252
2021-01-06,796.4937133789062,812.6157391459034,786.6413284064187,812.5343346021527,5995748
2021-01-07,783.7510375976562,804.6364290099208,781.1861972278869,804.4735701695687,5261000
2021-01-08,809.8881225585938,817.0941648207519,789.8169804445733,793.8067974412944,8034775
2021-01-11,859.1092529296875,862.3255779705717,820.7583612844005,826.4580721266533,13384331
2021-01-12,864.8089599609375,867.2110405852001,845.7556210646421,856.5851113752271,6700542
2021-01-13,859.801025390625,868.798462534776,847.6281157438631,866.3557302127476,6691409
2021-01-14,836.798828125,854.1422714890441,819.61829325814,854.1422714890441,15021108
2021-01-15,805.9389038085938,857.27699097135,801.216297361213,853.0429608652638,23769415
2021-01-18,799.1809692382812,818.2750125233192,795.4354644525024,814.2444923466952,12947569
2021-01-19,801.0942993164062,811.8016326043938,797.4301996707495,804.4734333130802,6387923
2021-01-20,813.633544921875,822.1017047730511,804.1068775136828,807.5267132111779,7444118
2021-01-21,812.0394897460938,833.8671999597892,803.5782101759978,824.8745144700267,8857975
2021-01-22,805.9080200195312,820.7868351785148,802.3109761782226,810.7313889102626,5379466
2021-01-25,774.5972290039062,815.0643137909177,769.2833693854097,815.0643137909177,7731883
2021-01-27,781.1373901367188,787.4731460483457,770.5096705430219,778.3578127456127,7531736
2021-01-28,763.519775390625,778.6029693433481,760.3723059781704,775.6598791175232,6960905
2021-01-29,747.2103271484375,776.2321724589075,743.531501686547,769.2832799197809,7692663
2021-02-01,758.9417724609375,763.3563835536498,732.7812324087643,751.2980096233513,8651478
2021-02-02,780.4423828125,787.2686276939318,764.8277829998392,774.1883597364002,7690178
2021-02-03,784.7344360351562,795.6891317717841,778.7256573123798,789.7212688088931,6354619
2021-02-04,782.8950805664062,793.3592869246285,776.7637038060489,788.6585647416878,4623148
2021-02-05,773.4935913085938,788.0045154659229,768.5067085612349,785.4701832803661,4631703
2021-02-08,782.9768676757812,788.4133754133852,769.5695695859572,780.7286960379756,6509526
2021-02-09,777.9490966796875,802.7198997691644,773.8615119978958,788.9038435857989,7557977
2021-02-10,784.366455078125,788.985394773211,773.493492292126,780.7693614223789,4896963
2021-02-11,793.3185424804688,795.0353082772199,779.1345921322196,784.3667210607706,3745595
2021-02-12,785.143310546875,806.4804833038602,782.854223134629,797.0790382374695,8045740
2021-02-15,780.4423828125,794.013140859534,776.7226416942669,792.9912449253518,4643228
2021-02-16,778.5213012695312,786.6556040631482,771.8176529909682,782.3636405179868,3277086
2021-02-17,771.0818481445312,783.5081133615894,769.2833012227932,778.275985934218,3643176
2021-02-18,775.0877075195312,782.159248249126,767.1169182115312,771.7359083848183,5133094
2021-02-19,776.7637329101562,783.1812208675414,772.1038764182329,776.6410854114449,5494816
2021-02-22,752.2381591796875,777.8264269349621,748.8863101131346,776.232259077466,5043203
2021-02-23,743.8995361328125,760.2907405051078,741.1199586279705,755.3856389534619,5916942
2021-02-24,748.8453979492188,751.6658409231313,740.2614714443423,750.4804315691952,3435827
2021-02-25,759.6775512695312,763.601622265158,753.873201452799,756.9388897145808,6234947
2021-02-26,743.4906616210938,756.2030378454205,739.9344336128669,742.3052522850181,9198218
2021-03-01,760.576904296875,763.9287538616707,748.5594445784734,748.8455555632823,5397960
2021-03-02,779.7066650390625,783.0993797921104,759.1460971108427,763.4380604046357,6715548
2021-03-03,789.1082153320312,791.3563868856837,774.1885313850646,788.903836099881,5742015
2021-03-04,783.18115234375,792.9096229424183,777.7446452626232,778.2760511808456,6268541
2021-03-05,769.6919555664062,794.6262143500232,765.4408588435182,781.6276791563819,5992152
2021-03-08,786.3695068359375,795.4439242450873,771.7359347249356,778.6848282049801,5621823
2021-03-09,795.5665283203125,798.6322164530312,775.9052085113285,788.1679610422036,5440319
2021-03-10,808.1154174804688,813.5110088067113,800.9212790797221,805.8263802480407,7694950
2021-03-12,800.553466796875,819.805980833827,795.9344761079143,808.1154985230645,6447010
2021-03-15,811.2628173828125,812.8978510651659,790.8248963533944,799.1227122502454,5321071
2021-03-16,823.44384765625,832.886157299958,809.7095745474685,811.7942325367646,8094575
2021-03-17,807.257080078125,837.0555813281212,803.3738747685207,827.3271101725197,6758901
2021-03-18,774.8016967773438,817.3125785841725,762.2528314336612,813.4293730345101,8269566
2021-03-19,785.1839599609375,792.1737180822105,766.5854541958495,776.6409000805985,9004154
2021-03-22,800.1446533203125,803.1694757823058,772.2264316644553,785.1841042645057,4745254
2021-03-23,801.8614501953125,811.7125689889613,794.4629320564047,804.1505374867678,5158305
2021-03-24,797.6102294921875,805.0496118873572,789.5576596431011,793.8496225396826,3874331
2021-03-25,782.4044799804688,796.6701587857941,776.6409962509025,792.9913330140794,4879437
2021-03-26,783.6306762695312,797.0788368814973,779.7474716795957,788.9036693237383,4271178
2021-03-30,814.083251953125,818.1708361162731,788.4541192090934,788.9037434875861,5475000
2021-03-31,803.3329467773438,817.5168440629283,800.062879401092,817.5168440629283,4445140
2021-04-01,819.6422119140625,828.5531637774297,809.8320116522676,810.9765549750472,5269079
2021-04-05,844.9036865234375,850.2175461871069,819.6423952403164,823.2394894330929,9452833
2021-04-06,840.7343139648438,850.7079792073498,834.0715319521172,849.3999722599851,4260257
2021-04-07,847.9284057617188,854.3050768753483,837.7094455120136,842.8598413956785,3551106
2021-04-08,848.1736450195312,861.9896983286344,843.391191895676,853.4875040003766,4852068
2021-04-09,854.63232421875,862.3170042695334,845.4352576194357,851.9344780984607,3708082
2021-04-12,825.2015380859375,852.6291688503495,818.4978898573835,852.6291688503495,5976427
2021-04-13,803.946044921875,834.5211434496687,794.789846738654,827.7357639566867,7773994
2021-04-15,810.8948974609375,813.1839344186818,783.7941967991464,791.3562268595293,7430279
2021-04-16,827.940185546875,831.2511187927631,813.0205031116932,817.5168457633918,4677808
2021-04-19,813.102294921875,840.7752222369602,807.5840558051997,814.2468385494276,6239343
2021-04-20,785.87890625,822.4219179515553,782.3635939161416,822.4219179515553,9742418
2021-04-22,786.3695068359375,794.5446756359897,780.9738654895407,789.7213060850507,4970596
2021-04-23,781.260009765625,796.9562936109958,776.8045328846417,788.0862556099779,6023490
2021-04-26,759.3096313476562,780.3198241243824,754.6089095155817,768.4658299391508,19619972
2021-04-27,759.3502807617188,767.280201832293,754.8948551695607,761.1079614263848,6406825
2021-04-28,755.221923828125,765.0729901664705,753.5460245584911,761.2715674178755,6845677
2021-04-29,756.6777954101562,773.4411138156579,754.6395678685972,773.4411138156579,8588734
2021-04-30,747.859619140625,761.2120164876055,744.9062930571363,752.892759476812,10921664
2021-05-03,755.1388549804688,757.4266503129235,741.2456877153116,747.6931109249566,6871176
2021-05-04,749.5233764648438,761.2119209425543,748.1090927951825,757.0522929592616,6217026
2021-05-05,756.5531616210938,757.7178269961004,749.2321757132391,752.0191569417342,2696835
2021-05-06,762.0438232421875,768.6160555655485,749.7729210666173,758.7161209572871,6319104
2021-05-07,762.3765869140625,766.5362146235965,760.130377795573,763.7076474704312,3651558
2021-05-10,760.3382568359375,766.70245590885,757.2185364737161,763.7491307879534,4029147
2021-05-11,754.8062133789062,759.0906512485058,752.9759665964544,755.8045344217634,3818154
2021-05-12,753.8076782226562,756.1786963730617,744.5733254467907,753.8493151191833,4076940
2021-05-14,757.34326171875,758.7159589288063,745.8211153285908,756.2201827481194,5184569
2021-05-17,767.16015625,771.361370067433,757.1354128817195,760.8790778079538,7956551
2021-05-18,775.0217895507812,781.5940214307044,769.1151387042962,772.0268780071248,5913426
2021-05-19,774.8555297851562,782.8419952925474,769.6559947473471,772.0269624139044,4178834
2021-05-20,769.0320434570312,777.6840392142016,767.076987834803,775.3546576940676,4753782
2021-05-21,774.2314453125,777.5591471338155,767.867195268554,769.9470089068762,4161547
2021-05-24,776.0201416015625,781.1780901583753,771.77734161426,774.9386485436918,4191877
2021-05-25,782.5091552734375,785.1713271998495,777.9752016284475,780.3461691451249,5032874
2021-05-26,786.835205078125,789.4557909713683,775.8121911197369,782.0100468592287,5017674
2021-05-27,784.0067749023438,796.0696971663283,780.4294538854465,789.4974640359547,9078274
2021-05-28,784.1314697265625,790.1213442446965,779.8470833219799,782.0516557117041,4098094
2021-05-31,786.3360595703125,788.5406318666134,775.8537669136105,783.2995109266159,4171524
2021-06-01,790.9117431640625,791.9932363777231,783.7155658211638,788.6655337038671,2944472
2021-06-02,785.1297607421875,790.9116536388887,780.0133981495819,787.8335188586507,3657189
2021-06-03,781.5525512695312,790.1629613176011,779.5143232997979,786.1697284080138,4164240
2021-06-04,779.1399536132812,785.5042051159259,777.6424976058096,782.0932795012667,3550303
2021-06-07,789.9966430664062,791.9516989736072,779.5975715708148,781.1782507488311,3282517
2021-06-08,804.6383666992188,808.6315990081157,791.5355398634391,791.9930887404589,6385642
2021-06-09,808.0493774414062,819.4467690546664,802.8914282321157,810.2124146074765,5521459
2021-06-10,805.761474609375,816.6597296899436,804.0976235231849,814.871069461607,3878256
2021-06-11,818.0739135742188,823.6062384156717,807.383691295363,811.9592815087834,4777035
2021-06-14,818.78125,822.3169340777686,811.9594493887275,817.7829290462287,2236373
2021-06-15,819.8209838867188,826.1020111778971,817.9491515351073,819.5297794993356,2559001
2021-06-16,814.7880859375,820.2787754829872,810.2956666535796,818.656510142865,3138753
2021-06-17,820.6114501953125,822.7328503666187,814.0808036256831,815.2871059275506,3609989
2021-06-18,811.3353881835938,829.1802012884741,807.0509513139313,823.6062899787314,5622783
2021-06-21,816.950927734375,818.1572299927868,799.6884717766477,805.3039694978361,1639495
2021-06-22,815.3703002929688,822.108928449935,812.167406886355,817.0341515746821,2529648
2021-06-23,809.3804931640625,819.4467733174805,807.7998141028158,819.4467733174805,2395543
2021-06-24,823.3568115234375,827.4332166709338,806.2191129679061,808.6317176212879,4686567
2021-06-25,828.3068237304688,840.2449369296248,822.9824790669618,827.7660517276997,5196000
2021-06-28,819.6963500976562,831.9256675662223,818.7812521740186,831.9256675662223,1844159
2021-06-29,818.281982421875,826.8508565407457,815.703033427484,821.0689635885443,1895170
2021-06-30,818.1988525390625,824.8126714159964,816.1190384756688,816.1190384756688,2682591
2021-07-01,819.8626098632812,821.9424236884037,811.2522009379561,821.1104981583547,2861509
2021-07-02,819.1555786132812,821.6097185606359,812.9993087403781,818.2404299690876,1646631
2021-07-05,815.0789184570312,828.5145341063997,813.6230489930866,825.020437237593,2598033
2021-07-06,808.6732177734375,817.1172823858298,807.1341758222318,815.2870360271622,2486069
2021-07-07,811.4185791015625,813.2904116218656,798.8981095099881,806.967797641747,3014899
2021-07-08,812.6248779296875,816.9509010027624,806.9677942695312,811.1274220750441,2555624
2021-07-09,812.6664428710938,814.8710658612371,804.1392060920456,808.6316243155921,3218471
2021-07-12,814.8295288085938,817.8244406201746,811.1274497798977,815.2870777274869,2037878
2021-07-13,805.2623291015625,817.7827982066592,801.9762130938143,817.7827982066592,2997764
2021-07-14,823.1487426757812,826.0604820904273,805.3871017804169,805.5119109231555,4371180
2021-07-15,864.99462890625,875.6016801383296,824.2718612755913,826.1021077219584,12701032
2021-07-16,836.0851440429688,872.4818853881228,830.3032515482263,869.2789924604308,8665827
2021-07-19,832.0919189453125,847.1497506133335,825.6860822575953,836.0851513036607,4644600
2021-07-20,812.9576416015625,842.0750352780032,806.4269956966808,831.093608078976,10216774
2021-07-22,814.122314453125,816.5349188337183,806.9677751082087,806.9677751082087,6156400
2021-07-23,826.9341430664062,835.1702277798663,817.4501698070713,819.1972442373252,5265839
2021-07-26,832.1752319335938,835.2533670471779,821.3186121686518,826.9341104032817,2477027
2021-07-27,830.250244140625,838.78710162563,823.4291153507787,836.94581062563,2883514
2021-07-28,822.8013305664062,833.556113896923,817.9470555263939,832.7610052330928,2952249
2021-07-29,843.3064575195312,844.4782019197605,824.8518152561428,824.8518152561428,4732101
2021-07-30,857.8274536132812,878.751096095348,845.231482138811,847.8259933733426,9330054
2021-08-02,866.5737915039062,869.5867762627126,856.2374791535084,865.4020468293021,2536478
2021-08-03,869.963134765625,872.8924446070915,857.0323650462104,862.0540390601531,3359006
2021-08-04,870.3816528320312,876.9098702559022,865.9040137034827,871.3441608346336,3122161
2021-08-05,888.1249389648438,898.0427249534996,865.1507184852657,870.423517196309,7896314
2021-08-06,878.7512817382812,895.5320874204616,872.9345487659266,888.1251368502797,11584782
2021-08-09,879.25341796875,892.811898552028,873.3529094343016,885.3212747904066,6321578
2021-08-10,890.259033203125,897.4568474142385,877.1190275688189,880.8852829352879,5871606
2021-08-11,892.979248046875,903.0644854374841,884.7772408041791,896.3270311254199,5011239
2021-08-12,917.7109985351562,921.6028166366083,893.8580450848581,896.3688822901526,6540144
2021-08-13,936.9187622070312,940.6850176126597,912.438102070446,919.8032646190505,7270809
2021-08-16,940.4340209960938,945.2045704408312,932.650385411291,938.1742063910449,3159376
2021-08-17,956.5870361328125,964.1195473476458,931.1439688734642,936.7514641335736,5295838
2021-08-18,949.3057861328125,969.0995749963363,947.087859300401,969.0995749963363,4871006
2021-08-20,935.1614990234375,954.746053895571,926.6664775408428,926.9176021822002,3467046
2021-08-23,973.4514770507812,986.089336087926,942.4427016367446,944.9116504681147,9383780
2021-08-24,964.9144287109375,981.7370118047887,962.487266475283,977.5103964203115,3947317
2021-08-25,966.1282958984375,979.1428430402852,954.3692695345887,970.7733856284805,3447912
2021-08-26,977.09228515625,980.9004292249379,966.6723513266239,970.7734059776193,4654833
2021-08-27,973.326171875,979.0174447348272,970.4387494507648,977.0924283411737,3050466
2021-08-30,973.7028198242188,979.5195526002934,966.2958695039772,974.2049668996817,2956868
2021-08-31,989.5211181640625,998.8111966549477,972.5729647213866,975.8788599585232,7199002
2021-09-01,974.7489624023438,996.3839912542044,972.3217991092582,995.9655183473358,3200410
2021-09-02,981.528076171875,989.2698239481188,965.8353441930026,980.9003668927202,5224479
2021-09-03,983.2019653320312,988.0980772649856,969.392361222239,982.1557832025014,4533364
2021-09-06,1004.4603271484375,1012.787895373995,982.5741782974113,983.4111239348027,4331916
2021-09-07,989.4373168945312,1016.8472927587451,987.6797510891575,1016.0522350887214,3721585
2021-09-08,994.961181640625,996.9279837854566,976.7576109711791,991.7807468180908,3118518
2021-09-09,1003.1214599609375,1008.4778315108339,990.1069115086772,997.6394239377372,3388292
2021-09-13,1011.3651123046875,1016.8889329889154,984.624638322658,997.639183640154,3723138
2021-09-14,1036.6829833984375,1038.3149869171853,1010.1936271739262,1017.7261397212048,5593286
2021-09-15,1065.6412353515625,1078.7812434895998,1029.652566103483,1036.6829312270524,6063895
2021-09-16,1057.146240234375,1084.0959568215035,1050.5343478517377,1077.3166139758482,3616292
2021-09-17,1057.3135986328125,1072.12749742631,1053.2962181975106,1058.7363655302747,4817180
2021-09-20,1068.068359375,1087.0252014021269,1046.1822071678032,1052.8777732936771,5453683
2021-09-21,1087.611083984375,1100.5837440857663,1068.7798031920331,1078.8231529479488,4645597
2021-09-22,1101.001953125,1112.0078083614303,1087.6944974544426,1088.029296132649,5367303
2021-09-23,1111.7152099609375,1118.5362368842118,1099.663169325205,1110.5015771824706,3037295
2021-09-24,1136.7393798828125,1153.1017058881896,1118.9961754835851,1121.507012077789,7951730
2021-09-27,1084.0120849609375,1144.8998877357565,1079.7018961194829,1143.2678844041598,7653504
2021-09-28,1062.0841064453125,1092.1722638662213,1049.5299207899304,1092.1722638662213,8572321
2021-09-29,1072.2947998046875,1089.2429503850742,1053.5472976857823,1062.9210487452349,4639821
2021-09-30,1070.9136962890625,1080.873266386454,1061.9583177973425,1080.873266386454,3589722
2021-10-01,1066.0596923828125,1074.6383866689157,1055.0957230455274,1066.268928828815,3372796
2021-10-04,1070.1605224609375,1082.6728184382443,1066.0594685471212,1072.545797011294,2706626
2021-10-05,1092.33984375,1099.41199497409,1056.3929599306591,1062.9211781115396,3710314
2021-10-06,1067.4820556640625,1104.6424548545683,1064.4272864406214,1098.0724533678851,2861608
2021-10-07,1093.3023681640625,1102.9690311085874,1074.6803236242395,1074.6803236242395,2421641
2021-10-08,1106.5677490234375,1119.8333175915582,1083.0495958959023,1093.3021804553166,5197831
2021-10-11,1090.4566650390625,1108.8694719938003,1034.1720619615114,1088.0295018708734,5264998
2021-10-12,1046.47509765625,1095.561986307154,1034.7160711732408,1093.846206653856,12811641
2021-10-13,1059.029296875,1063.5907125662743,1040.700164299619,1057.0624947724464,5705730
2021-10-14,1047.1448974609375,1082.3802998969404,1041.202601923363,1079.1580785713631,10360519
2021-10-18,1022.2455444335938,1065.0134511957124,1016.8890712792067,1037.8127147211658,23861603
2021-10-19,1031.2008056640625,1048.6929917213915,1025.258511459461,1029.443240077663,10189780
2021-10-20,1031.8704833984375,1057.3973299556915,1021.4086610389072,1036.9758322766415,8222562
2021-10-21,1021.5763549804688,1045.3712911288112,1003.2661559918912,1045.3712911288112,5998795
2021-10-22,1007.4850463867188,1032.250257035502,1000.7347278179636,1015.2901022318421,3812305
2021-10-25,983.3524780273438,1004.1096828025936,976.3912134196787,999.0891755892471,6690819
2021-10-26,984.5338134765625,997.3593750686567,973.1004224178752,987.2338991796348,5126660
2021-10-27,993.2669677734375,996.8108429624656,980.0616396734159,987.2338514144611,3536653
2021-10-28,972.0455932617188,999.8906493186951,967.6579286594642,998.456248237635,4096585
2021-10-29,965.08447265625,989.765321465164,960.2326818647541,972.045737704918,3558520
2021-11-01,1003.4343872070312,1005.3329134969044,964.8732499867069,964.8732499867069,4511112
2021-11-02,987.782470703125,1008.4130884568928,986.2636079843363,1004.9535711548477,3016082
2021-11-03,992.5921020507812,1002.1690955976712,988.668458914356,991.4530064309632,2063067
2021-11-04,998.2876586914062,1001.7050484688107,993.9843514543763,999.8908798586044,256369
2021-11-08,998.0765991210938,1006.4723682106174,986.0104685375866,1001.9580110360564,3808317
2021-11-09,989.5965576171875,1004.9534882776908,987.6135695085044,1002.4221192895858,3565461
2021-11-10,986.516845703125,991.4529953348813,980.5680865304427,982.1713077189803,2401325
2021-11-11,979.3869018554688,985.3778925843003,972.2569183565488,983.859029554121,2861259
2021-11-12,989.2169189453125,994.1109408252742,981.3275051747255,986.3058854315801,3812518
2021-11-15,987.9511108398438,997.0218497585626,981.7492773887743,988.0776998902061,3619915
2021-11-16,981.6650390625,991.8748746796231,979.1757974398795,987.9934623377846,3141207
2021-11-17,972.4254760742188,982.8041314121474,970.3582323451122,979.2180249013068,3172985
2021-11-18,945.2131958007812,974.5771190293482,939.5598459213672,968.6705910352308,5384530
2021-11-22,936.6908569335938,949.9805437376289,929.8561814632801,945.2131116806103,3961223
2021-11-23,938.8004150390625,945.0444795219531,919.7307881061865,932.3876338140698,4545069
2021-11-24,944.5802001953125,955.718284405907,939.0955679481609,945.0443256630421,2675632
2021-11-25,949.0947265625,954.3261816716122,937.4503871239267,942.0912306245402,3106454
2021-11-26,936.6488647460938,950.1072702239944,930.9532838633123,945.044531661522,2207274
2021-11-29,956.1403198242188,966.1392071758792,928.2530290190407,929.0968187196311,3661152
2021-11-30,960.7811279296875,977.0240790701521,956.0136956959186,956.0136956959186,7421904
2021-12-01,976.0114135742188,981.327329388078,966.3078329310864,966.982905828665,2918586
2021-12-02,999.6375122070312,1001.0720163485305,972.8894227053881,980.3991708530561,4011279
2021-12-03,988.415283203125,1003.8565730374557,986.9386512161394,1002.4221717364819,2571036
2021-12-06,959.0091552734375,989.4699406367903,957.574651086337,987.1495191298613,2493755
2021-12-07,970.0628051757812,974.5770592655522,954.6636438497238,970.3581109570433,2299958
2021-12-08,988.5839233398438,997.0218197544918,976.3068458575299,976.6021516317095,2525711
2021-12-09,986.0103759765625,995.5030089543801,974.5769857226159,995.5030089543801,1734844
2021-12-10,980.65234375,984.7025754925403,974.7458158764372,974.7458158764372,957733
2021-12-13,978.0365600585938,990.1449209028775,973.1004112198322,983.8587292281156,2225682
2021-12-14,980.779052734375,983.7745477229253,966.5612152147911,975.4210081085103,1972685
2021-12-15,969.4298095703125,980.4412011125702,963.860819284402,977.3192210588231,1604301
2021-12-16,978.5853271484375,985.462235367884,969.9787114515826,975.4211150537561,2121810
2021-12-17,988.415283203125,998.1188648318872,983.0150084789575,988.9215364268997,6373455
2021-12-20,978.7115478515625,989.2166868511565,966.5609573810547,978.7959062086629,3091768
2021-12-21,1016.7662353515625,1025.161898749869,983.0568897453334,986.3054583616894,6217986
2021-12-22,1031.7860107421875,1034.4860963836322,1021.0698205365621,1027.7357792783557,3809814
2021-12-23,1035.70947265625,1038.4517887750615,1025.710586792608,1037.7768189160406,2814281
2021-12-24,1067.5623779296875,1083.2569442037682,1051.48825060292,1064.9888818913216,15952929
2021-12-27,1069.250244140625,1077.5194242272973,1058.1544922204348,1069.9253170870893,3372907
2021-12-28,1083.3414306640625,1087.6447367958174,1071.6127352449093,1071.6127352449093,3446067
2021-12-29,1090.0916748046875,1096.0825596497104,1077.603549013716,1082.5819276601835,2254162
2021-12-30,1111.3131103515625,1119.244650022305,1082.328855803899,1090.0917817605357,4518139
2021-12-31,1113.04296875,1121.7761715139109,1104.478482724826,1113.80240007766,2231508
2022-01-03,1118.9918212890625,1130.5939305975646,1108.824113385303,1110.722640363058,2661272
2022-01-04,1125.1513671875,1127.893683792743,1103.0441176012864,1121.8184389756436,3367100
2022-01-05,1105.9970703125,1122.2400179405874,1098.6139122997329,1121.396228453414,3510253
2022-01-06,1084.1854248046875,1095.0703327225071,1077.5194654595364,1088.4887317484745,4409632
2022-01-07,1088.9527587890625,1095.6608452121443,1081.9070329086999,1094.8592862565133,3898684
2022-01-10,1086.885498046875,1101.0189756009008,1080.050822038994,1101.0189756009008,2529949
2022-01-11,1133.758056640625,1137.4285212535344,1080.0508213683413,1087.3496229099542,6772189
2022-01-12,1140.9300537109375,1145.1067707574362,1123.4214206546603,1142.4910437686362,3162044
2022-01-13,1125.8265380859375,1147.047872107943,1114.772912331449,1130.6783294248876,4598005
2022-01-14,1128.3155517578125,1133.167342559122,1091.0200880162404,1113.8024100397815,5636243
2022-01-17,1062.1199951171875,1074.1439950619103,1049.1678473560078,1074.1439950619103,11973283
2022-01-18,1029.2122802734375,1071.570473522235,1026.891859063557,1071.570473522235,7799487
2022-01-19,1011.87255859375,1029.8453202544097,1004.9535243121686,1029.4234254079308,8464215
2022-01-20,1000.087646484375,1022.2532418938061,995.5354325875553,1021.0619821410824,6172404
2022-01-21,993.7910766601562,1003.9166287549763,982.7721576517849,1000.0876463225667,5514748
2022-01-24,957.1607055664062,990.8557360132156,945.3333814604401,989.1539657495604,5878438
2022-01-25,956.1395263671875,969.7112057638118,926.1033452533478,948.7368676910709,4725254
2022-01-27,917.0413818359375,949.5451498792885,910.6171580268235,948.7368506119882,8304735
2022-01-28,919.3386840820312,937.8454333831874,916.615893548062,918.1049423424079,7654724
2022-01-31,935.4631958007812,947.8435129567542,929.889856276185,936.5268022850308,7572995
2022-02-01,963.8826904296875,967.030923777395,937.0372237658216,950.1833571173869,6783774
2022-02-02,996.3436889648438,998.8112760892153,964.3079537459336,972.4764284785155,6982539
2022-02-03,984.2613525390625,996.2588118353517,979.3687631488748,988.7284993735817,4169794
2022-02-04,990.2601928710938,993.0680515844031,967.754218020313,987.0267877090578,3625482
2022-02-07,984.7715454101562,996.6839331291453,975.11402328296,984.4737564907372,3824483
2022-02-08,988.6859130859375,995.4079262357649,977.2841356938636,986.1332577531787,3267641
2022-02-09,1004.8101806640625,1011.7023288253081,992.1319725906723,997.2372829127512,3772972
2022-02-10,1012.8511962890625,1014.1701099212487,999.0243115263728,1008.2563953482038,2053245
2022-02-11,990.1748657226562,1003.1934482006245,985.3674484077933,1003.1934482006245,3912397
2022-02-14,975.4970703125,990.7279326424182,964.5632187956012,966.0522675511112,3243813
2022-02-15,994.3018188476562,998.9391010661291,976.9011563423007,981.495956626729,3000492
2022-02-16,993.6638793945312,1006.2995051289573,987.0269326108767,1002.3428677720799,1885868
2022-02-17,989.6220703125,998.9392216762357,987.0268289134866,998.9392216762357,1644055
2022-02-18,991.2813110351562,995.6208050137617,978.6031001032869,980.9430345284773,2166690
2022-02-21,991.0682373046875,995.109940783715,978.6878198376028,981.1554069457251,1706058
2022-02-22,978.1350708007812,982.0491217375105,963.2019947937341,963.2019947937341,3254855
2022-02-23,981.0706176757812,986.1759287825068,976.8587775598606,983.623273229144,1937649
2022-02-24,934.739990234375,965.7121288252608,929.1666505543418,941.0790435101667,5469084
2022-02-25,961.2448120117188,970.8598547496127,948.7368431602263,949.2473534233434,3213276
2022-02-28,958.9049682617188,964.3081720022162,941.929851243082,952.6509832478955,4571884
2022-03-02,949.204833984375,956.9478669611433,943.6314955070729,956.9478669611433,3867328
2022-03-03,969.7537231445312,980.2196515967252,953.4167704983772,957.245753512427,3969380
2022-03-04,968.690185546875,982.6447231848963,955.2462621079062,959.7984770187843,3522375
2022-03-07,982.0913696289062,988.2178036013466,944.907738789615,945.333181265432,5249845
2022-03-08,1000.0452880859375,1003.70403165321,982.7722792072918,983.6231642975146,3805165
2022-03-09,1006.3417358398438,1016.807663800985,987.9626390082994,1004.0443876863283,3781326
2022-03-10,1014.3828125,1019.5306056420796,999.7901105385746,1019.5306056420796,3834327
2022-03-11,1015.4885864257812,1027.145772382325,1000.8959928517531,1004.0442255712588,2770879
2022-03-14,1023.4873046875,1033.65544577052,1002.0450378822859,1015.4889625444087,5740660
2022-03-15,1001.3640747070312,1033.2297829262989,993.9188303382033,1027.0182803628968,3003066
2022-03-16,1020.6368408203125,1023.5723533380673,1008.2990048954316,1012.6810846354202,1894018
2022-03-17,1018.4242553710938,1033.825252766317,1013.2338777562788,1033.825252766317,6987787
2022-03-21,993.8761596679688,1029.4856723419161,991.3659868653341,1020.9768232505171,4046440
2022-03-22,1000.9812622070312,1005.5334767630075,988.9838029532116,995.5355767401893,4516870
2022-03-23,1004.6399536132812,1013.2764577872642,995.5355249747371,1012.5532262563565,2338886
2022-03-24,1014.3399658203125,1015.956668058957,994.6845435183591,994.6845435183591,2351703
2022-03-25,1003.4910888671875,1020.2109979728265,1000.1301350498377,1020.2109979728265,2489854
2022-03-28,990.3876953125,1010.5111492032327,985.4951058654079,1008.2138009230275,3406258
2022-03-29,993.5784301757812,999.7899325806378,990.1324080479941,992.9828521885994,2443230
2022-03-30,991.4512329101562,1005.7035577017451,988.8135099909456,1001.7895071892578,3073672
2022-03-31,990.217529296875,999.6198511436597,987.8775952856471,999.6198511436597,3006639
2022-04-01,995.2377319335938,998.9390611737515,980.2621756401547,987.8775553856265,2479745
2022-04-04,1010.0432739257812,1011.6598726406501,993.8338700292894,998.2584313281832,2282137
2022-04-05,1017.190673828125,1023.6148986544235,1007.5331475528718,1012.5533910214165,2634464
2022-04-06,995.9609375,1016.7225532116211,993.4082823846646,1012.5531957496796,2838968
2022-04-07,998.343505859375,1004.6825581579234,989.5793479887063,991.7916284230301,3391918
2022-04-08,991.5789794921875,1004.0444675965038,989.19656341519,1003.1935824544728,2656091
2022-04-11,964.4782104492188,990.4302046430442,962.989161602032,990.4302046430442,5679058
2022-04-12,962.4786987304688,971.4554741876597,952.6084523738533,961.3300246225014,2906617
2022-04-13,957.3308715820312,972.6468044434664,955.5440335217605,965.754655429384,1971580
2022-04-18,937.4625244140625,946.8222591710896,922.8698262693202,944.4823254818328,4391701
2022-04-19,910.6597290039062,949.5451344228939,900.8745508833317,949.5026524908784,3422431
2022-04-20,926.9541625976562,931.548962484352,905.9372402594845,914.7013975224007,2573318
2022-04-21,935.2928466796875,940.2706075360585,919.8918473687285,931.7191708591321,2547848
2022-04-22,937.7179565429688,965.7119929563331,919.8918515571022,924.5717195598944,9567571
2022-04-25,927.3369140625,934.2716469697585,916.6583705821982,933.3356943264978,3565801
2022-04-26,931.1235961914062,941.9297952949108,923.2529091033502,939.3771400231088,3213714
2022-04-27,932.2298583984375,935.8887065177115,914.3612681623914,924.9122660277176,3288792
2022-04-28,945.11962890625,953.5976321206213,928.509788424254,944.6870798770022,5202061
2022-04-29,933.6571044921875,952.0404387247183,929.4181027721276,946.4173011947678,2988180
2022-05-02,922.9732055664062,936.03616606093,918.7342036568463,928.2502829790923,2584604
2022-05-04,903.9842529296875,930.845592232919,896.0686894854111,930.7591035400744,3385725
2022-05-05,927.4285278320312,930.1535025630824,905.8442653047384,916.1389545644081,2982126
2022-05-06,908.5260009765625,914.1059471974622,890.1426659752526,908.2665349029285,4075606
2022-05-09,930.9320678710938,936.8147773412283,894.5979467507059,903.162439278214,4207192
2022-05-10,927.8609619140625,938.6313904667819,922.7135651207965,928.2502137980249,2473518
2022-05-11,917.7825927734375,933.7004188882589,911.8566919260238,924.789866242744,2895668
2022-05-12,916.4850463867188,926.4768671498451,902.9462385515875,908.4395909541903,3195189
2022-05-13,910.213134765625,932.575903159604,904.114149929625,925.6551172363417,2496626
2022-05-16,903.6382446289062,923.0163572013712,899.8749834864956,911.8133792702404,1415370
2022-05-17,936.81494140625,939.4967249332863,904.3304589982312,915.446950691105,2620776
2022-05-18,928.8558349609375,949.315427186861,926.3471348256071,937.3771361614796,2865869
2022-05-19,873.22998046875,915.5332956373823,869.0774676462288,912.7649185547722,4729354
2022-05-20,890.05615234375,894.9439776924017,879.6317308777428,890.185938178329,2005622
2022-05-23,880.9293823242188,897.1067273114256,877.8582946376752,884.9953539436725,2285466
2022-05-24,857.9611206054688,884.4764009612783,853.8519042476407,884.1735849172283,3418456
2022-05-25,842.9949340820312,858.8694646025233,833.0895493370065,858.1773966171448,3904551
2022-05-26,848.4016723632812,852.9866814905274,838.3232589107105,845.2007990022772,4278059
2022-05-27,868.4720458984375,874.1384281684145,855.58206246172,855.58206246172,2795530
2022-05-30,899.6155395507812,911.2510668095056,878.6369105269011,881.5349680550016,3562969
2022-05-31,900.350830078125,904.7196176393427,882.7893495496837,904.0274969316748,5185485
2022-06-01,880.5833740234375,904.4167632332059,875.0899694268575,900.3508444185783,2554081
2022-06-02,899.4423828125,907.4013480790422,871.4132382196639,874.9601718363659,3560227
2022-06-03,902.297119140625,925.3519995373996,899.8748027541722,911.7698990036291,3556955
2022-06-06,897.3663330078125,906.0605058576488,883.3949770796926,897.9718594580422,1997494
2022-06-07,884.9088134765625,894.2951061668002,876.4741075175529,891.050988490258,1839248
2022-06-08,891.2239379882812,894.3383753425985,878.9395883450455,885.0817631666633,1665512
2022-06-09,889.8831176757812,892.5216033293163,875.2196953752497,886.6821915743484,1654005
2022-06-10,878.3772583007812,885.6441028291675,872.191839104715,875.4792010384543,2260855
2022-06-13,858.00439453125,866.8284068377837,849.9589917346533,861.637817575282,1738804
2022-06-14,862.416259765625,865.9198962777833,846.1956714673053,854.7168660661316,2461791
2022-06-15,856.3605346679688,871.1536894052368,854.716827340987,855.5819253443686,2408630
2022-06-16,834.7764282226562,871.1537930317771,831.9216150321863,871.1537930317771,3198618
2022-06-17,829.412841796875,833.219294733765,816.695888577493,823.9194897279591,4302066
2022-06-20,830.5374755859375,835.6848201835803,823.6599346732147,834.8197220260404,1305407
2022-06-21,853.5057373046875,865.0115839113586,833.6517787796789,840.6158077038141,2128325
2022-06-22,831.6187744140625,846.9310210026845,829.7588452214012,846.0226785782316,2575065
2022-06-23,840.2266235351562,845.6334872644687,829.2831102264664,832.3109539148813,2169033
2022-06-24,836.2903442382812,851.7323242102558,830.4941764051739,851.2565308153032,1922313
2022-06-27,858.4801025390625,870.9807809956305,851.4295845067707,853.1165364094562,3626024
2022-06-28,866.7850952148438,871.1538302781033,850.6077493753179,856.360673148658,2702471
2022-06-29,854.32763671875,865.3143933885368,852.1216470759398,852.2081357672662,3150015
2022-06-30,841.9567260742188,862.1135012499057,839.1019129036533,856.4471192535079,3741119
2022-07-01,843.7733764648438,849.0505063414784,834.1275647222154,834.3870835814017,2827579
2022-07-04,851.7755737304688,856.0145755688526,842.1297615329926,843.7734162529429,2738846
2022-07-05,849.656005859375,867.3905145262241,846.4551327592266,854.1977702740559,2476050
2022-07-06,853.5057373046875,864.2329745254618,847.8393554894494,849.5263072912949,2998254
2022-07-07,856.3174438476562,865.8768213293706,852.0784942905899,862.502917182718,2985141
2022-07-08,850.8672485351562,864.2330250992228,847.0608484738169,864.2330250992228,3141642
2022-07-11,816.2632446289062,847.060766516658,813.1921571488887,843.4705885320919,5787815
2022-07-12,802.6380004882812,820.5887859261533,799.6966986515888,808.8667173209789,5305354
2022-07-13,793.9437866210938,809.731827052404,782.9137857718223,804.5412384174527,12874342
2022-07-14,781.1836547851562,802.4218044961666,771.9270937196696,801.2106987277288,4916497
2022-07-15,764.0114135742188,782.9137860732172,758.9938023173823,775.127903117793,5591590
2022-07-18,778.8477783203125,785.0764949562778,768.9423949035602,774.2627691304338,5156225
2022-07-19,778.32275390625,785.146298804714,774.2111135845926,778.5851876726412,4636293
2022-07-20,802.5553588867188,803.7800679363004,783.0469402970441,791.3576833824211,4827089
2022-07-21,808.7227783203125,810.9098159308955,799.187272980381,805.7046557388132,3498709
2022-07-22,805.0485229492188,815.2401393000619,795.2068539645095,813.0531017479043,3514659
2022-07-25,814.1465454101562,815.3275242215747,799.5808552988404,805.0484486747898,2120224
2022-07-26,799.1434936523438,813.2717771037117,797.043916317801,812.265718507062,2780103
2022-07-27,812.221923828125,813.0092252201003,797.0438529168277,797.918667837555,1742497
2022-07-28,827.6624145507812,830.199399299473,815.9399260915579,818.7393446500704,2843497
2022-07-29,829.674560546875,844.8088492437414,828.5810418058518,837.1979481273263,3617725
2022-08-01,832.955078125,836.76050180942,826.8751035280977,834.5734644288414,2489519
2022-08-02,831.9927978515625,834.4422691808544,823.2446478223268,832.9551263914607,2545241
2022-08-03,837.3729248046875,841.3970524282813,831.1179762258387,831.9490611508876,4119614
2022-08-04,838.16015625,848.5267451227636,827.3999433775147,844.1964005756328,3513266
2022-08-05,837.85400390625,844.1526821164667,835.4482628352584,842.3593221788026,2565683
2022-08-08,845.114990234375,846.8208901030423,831.1179507285395,837.8540366696164,1746911
2022-08-10,832.8675537109375,845.9460477548095,829.4120240158792,845.1149628821549,3271939
2022-08-11,841.878173828125,847.2583073076909,838.7288612609691,844.1964548806625,3594584
2022-08-12,836.673095703125,843.3216684116527,834.5735183243949,843.3216684116527,3022304
2022-08-16,838.2477416992188,847.6957329980115,833.3925291395792,847.6957329980115,2784861
2022-08-17,857.8435668945312,859.8556841083537,835.4483242718386,842.4468442657388,4649125
2022-08-18,851.6324462890625,860.3368666655186,846.9084236883756,860.3368666655186,2829269
2022-08-19,848.6143188476562,863.4861745272103,845.7711699677416,852.5072564544341,2880969
2022-08-22,839.3411865234375,848.570473259897,835.62322310967,844.1963986554645,3616799
2022-08-23,828.3623657226562,831.9490859552109,821.4513056907917,831.0305408609685,3753715
2022-08-24,830.3306884765625,834.3985462382283,825.956613424575,830.9867997343606,1494361
2022-08-25,825.6502685546875,834.4859308310971,824.6442634848609,834.4859308310971,3316314
2022-08-26,827.268798828125,836.3231124217657,825.606629025148,829.8057302077862,2195046
2022-08-29,802.642822265625,806.5794900587534,787.4210187744055,798.3562070886511,4974880
2022-08-30,821.4075317382812,826.9188554037872,808.0666033649327,810.8660219647913,2998417
2022-09-01,810.1223754882812,814.4527201788669,801.5491996389761,802.4677446595325,2953921
2022-09-02,808.7227783203125,819.701696446545,803.9550256503467,814.6277798688868,1750283
2022-09-05,818.8267822265625,824.3381056588096,807.0167805598333,810.0786328438,2279812
2022-09-06,820.4014892578125,824.8630777560824,810.997228088779,818.8268329502636,2108615
2022-09-07,815.0650634765625,815.8086347933264,807.5416232032625,810.9534227148649,2709547
2022-09-08,814.4965209960938,823.1134810570491,811.8283458400612,819.1768134317471,3214686
2022-09-09,829.761962890625,833.6986300840966,817.3395801789992,821.4512210377405,2206526
2022-09-12,835.9295043945312,842.8842946713891,834.1361442336995,835.5796104137074,2517615
2022-09-13,835.7982177734375,839.6473714853746,831.4678731273498,835.4482704385038,2442828
2022-09-14,815.32763671875,820.9702045401726,810.5598839581844,816.4648856189693,6761712
2022-09-15,804.7423706054688,819.4392524881147,801.5930044484553,819.2642788025353,2995215
2022-09-16,784.6215209960938,803.0800944006762,781.5596687843265,800.5431097817115,5095937
2022-09-19,785.4088745117188,793.5884265712696,776.3982909408205,785.5401181158625,2686561
2022-09-20,799.5809936523438,805.5734556714884,789.0832125540635,789.3456464026253,1836721
2022-09-21,788.1644287109375,799.3620478126219,786.3272855383859,795.2066773862362,1819649
2022-09-22,785.2777099609375,791.620118742058,778.3666500692386,785.2339264951465,2315711
2022-09-23,783.7030029296875,798.3561543019208,780.3349865093803,784.2716540422191,2569608
2022-09-26,793.1947021484375,802.5552325126997,771.5867628500476,779.6788008958106,4182702
2022-09-27,803.7362670898438,806.0982782271241,793.9820586539045,797.1751547054369,3545337
2022-09-28,805.5296020507812,810.9097353962828,797.6999975035877,798.7060560623296,4154139
2022-09-29,807.4979248046875,814.4527143006487,801.855357727041,810.9534545184763,2928360
2022-09-30,815.6337890625,818.4332078964276,796.125424161009,806.4920145217992,3229901
2022-10-03,813.796630859375,816.0711284376094,801.3305174600242,815.6337209499129,1598950
2022-10-04,827.574951171875,831.9490259666524,819.7453466103301,824.513098815531,2331351
2022-10-06,843.8026733398438,846.7770652597185,835.8856094343502,835.8856094343502,3713623
2022-10-07,837.8103637695312,851.1512929588727,835.4483525128519,844.1965028009446,2174327
2022-10-10,842.6654663085938,846.0772658325916,824.2506230390871,824.2506230390871,2758812
2022-10-11,821.1014404296875,850.3202864451619,818.8269425027484,846.9084861602763,3134969
2022-10-12,832.823974609375,843.2342956497827,825.2130725658773,825.2130725658773,3502390
2022-10-13,859.1558227539062,865.2357979135829,847.9582010077628,850.3639423490795,9698562
2022-10-14,877.0457763671875,894.935753975504,869.5661187210665,879.1890838175772,7424383
2022-10-17,870.0910034179688,880.7637574130347,867.0291508272638,879.8014822423161,2136170
2022-10-18,882.86328125,886.7562185579478,874.0276179878252,874.8149728211517,2487826
2022-10-19,879.7267456054688,889.3134612967909,878.2688331137707,889.3134612967909,2517099
2022-10-20,898.9443969726562,900.6231480960452,872.9674099629482,874.734550468946,3931399
2022-10-21,907.6032104492188,909.9889145570331,893.81953774891,903.450473907826,2071897
2022-10-24,911.490966796875,917.8968505363778,910.077276094867,914.4951269496964,398105
2022-10-25,906.9848022460938,916.4831818117494,902.0368307415692,915.3787190715569,3068136
2022-10-27,911.8885498046875,916.6597419798348,900.8880375265555,910.960758071922,3313674
2022-10-28,910.0772705078125,918.6920796218427,906.1012047628755,911.8001891875441,2423629
2022-10-31,919.92919921875,929.9577001139979,915.7322404771429,918.0295015852198,2418565
2022-11-01,936.628662109375,938.2190238030785,923.3308870522908,926.865167959668,2275488
2022-11-02,923.5075073242188,942.1950381689895,921.1219109856046,940.9580183476871,2799322
2022-11-03,923.4634399414062,927.0418346291708,912.8163756134685,913.6116103855362,2396164
2022-11-04,923.6400146484375,926.8650671973527,913.1255085205155,923.4633437653525,1709158
2022-11-07,925.23046875,932.7849285288988,917.7201227623029,926.0698172173176,2213508
2022-11-09,930.7969970703125,937.8655587692134,927.0418236677715,937.3796598670291,2307691
2022-11-10,929.9135131835938,938.7051023273568,925.1423198800703,927.7488091054286,2321667
2022-11-11,963.6658935546875,970.7785691962479,944.6249119425896,946.3037169522323,3923101
2022-11-14,971.0436401367188,974.5336992489114,963.1357300684899,967.5093593718899,2170007
2022-11-15,975.373046875,977.3168579358131,962.1194954848813,966.183896339649,2172420
2022-11-16,976.5217895507812,982.9276738133857,971.3529252000809,978.5540442530306,2213697
2022-11-17,965.3447265625,972.4574024103514,962.2963444639661,967.5977660012106,2460883
2022-11-18,974.7103881835938,977.2285414249523,957.7899990096276,970.2042021952135,2623894
2022-11-21,967.9511108398438,977.5378255098514,965.3887358028245,970.9552709571184,1733741
2022-11-22,974.9314575195312,977.1403831945992,961.3244537895729,964.0635000551173,2529146
2022-11-23,974.9314575195312,982.0883551352116,971.7064044623922,979.8352078035626,2217599
2022-11-24,998.0809326171875,1002.8522335377169,975.0197706686084,977.2286962931408,3295202
2022-11-25,996.8438720703125,1005.1053398555313,990.1729816707095,1003.0288635669388,1977441
2022-11-28,988.5382690429688,1000.8640287702082,986.9477997230832,994.0163605089244,2368293
2022-11-29,997.5064697265625,1006.1655002704264,987.8756414546872,988.5383190618905,1785948
2022-11-30,990.3056030273438,998.3460709231013,986.9479928539641,995.7836955652798,6053488
2022-12-01,1004.0892333984375,1016.6801092067209,997.0206715411556,998.4343623410731,3919684
2022-12-02,1003.3380126953125,1007.6233058631805,993.0001784031818,1004.0890256657352,2944923
2022-12-05,999.1851806640625,1008.992786757395,995.9601283739003,1001.3057703793522,2646466
2022-12-06,990.4378662109375,994.0163682798164,978.1121063873394,991.0122083508128,2807894
2022-12-07,977.1404418945312,986.5946012086839,973.6944960628765,984.2973399401492,2399879
2022-12-08,973.1199951171875,984.0762869088551,970.8669558752412,984.0762869088551,1752350
2022-12-09,907.8683471679688,949.8379301270719,901.860080814329,949.8379301270719,12415478
2022-12-12,908.66357421875,918.161953439829,894.5706193793807,905.6594141028717,4275785
2022-12-13,923.0656127929688,925.0095316695908,911.0490813629433,911.9326514365874,2284909
2022-12-14,933.2268676757812,934.1988812502381,923.3309238834588,923.3309238834588,2425507
2022-12-15,920.9893188476562,929.3391214305078,916.3505755875221,929.118228894311,1906369
2022-12-16,909.76806640625,924.6119808624453,903.3179608853826,910.0772944007707,5159215
2022-12-19,912.9489135742188,916.7040869424166,904.2015469802902,909.7680824103422,3328172
2022-12-20,909.8120727539062,913.037125133467,893.7311403610682,907.4264766691222,2629849
2022-12-21,919.22216796875,930.6202442767403,914.4950893201293,914.4950893201293,2878658
2022-12-22,918.1177368164062,931.8572960242795,913.2581009092427,924.2143925260214,2623451
2022-12-23,910.6073608398438,922.5355576791156,907.5148653629955,909.6354552615137,2177675
2022-12-26,911.5792236328125,920.4591462283383,909.1936275200002,910.9607677095433,1680715
2022-12-27,915.68798828125,919.5757188732474,910.3865668897155,918.0294709673832,554319
2022-12-28,914.8927001953125,917.4109614957218,906.9847902234342,910.0772858549802,1397806
2022-12-29,922.8449096679688,924.2144867062624,908.3985575706292,910.0773626266256,1277244
2022-12-30,918.2946166992188,932.3875192390227,913.8767653879702,927.7487753622116,1860560
2023-01-02,918.4269409179688,921.1218729940222,911.4026014324545,918.1177129398192,701880
2023-01-03,920.105712890625,924.0376645965003,913.1697090955425,918.0293447027274,2484372
2023-01-04,915.9088134765625,920.6801139495659,911.4026271967152,915.55536383825,1219170
2023-01-05,922.5354614257812,927.5718753914948,912.8161909411816,920.5033150390587,2294943
2023-01-06,912.5513916015625,925.8932807210798,905.880393112956,922.4473351962214,1887689
2023-01-09,943.1669921875,946.3037096248521,918.9572543431963,923.2866621533644,4562242
2023-01-10,939.986083984375,947.7173228090347,933.3151940559936,937.4679306244512,2297082
2023-01-11,931.9899291992188,953.9024063638133,928.2347556916925,944.5365834224634,3594167
2023-01-12,946.8781127929688,949.3962665211824,937.4680677328753,937.4680677328753,4748542
2023-01-13,952.31201171875,957.7901038560309,919.796584976133,922.358960146548,8253765
2023-01-16,966.3607788085938,972.3248782400409,952.9747752597286,960.4409010345339,4508538
2023-01-17,981.69091796875,984.2531857953509,967.5095701670518,970.0719458513656,4390338
2023-01-18,985.313232421875,994.7673894815549,984.3854406607761,988.6707341344127,6905092
2023-01-19,990.8856811523438,992.624189927504,979.6073585117351,982.8169717763058,2298287
2023-01-20,987.676025390625,999.8012909982024,987.0073514545419,990.5736124469852,4747128
2023-01-23,999.6227416992188,1001.1384676619864,987.9878825012819,990.5288212571327,1696834
2023-01-24,1014.467529296875,1019.6831644038293,999.6229456588883,1003.8133677635783,4861107
2023-01-25,1001.0049438476562,1011.792862246195,995.6555520301671,1011.792862246195,2692236
2023-01-27,994.6303100585938,1011.3026478624973,985.1797388553117,1001.0050242532138,3864525
2023-01-30,1011.7035522460938,1016.3396474847738,985.8927847308377,994.6300578858325,3508427
2023-01-31,1000.514404296875,1014.3336646260232,992.3120481510948,1012.8180473491857,4582858
2023-02-01,1009.3408203125,1013.7095110361981,993.6046746497417,1013.7095110361981,2393911
2023-02-02,1024.943359375,1030.203615961437,1011.9265288760112,1014.4229550357715,3048359
2023-02-03,1021.8674926757812,1031.22892743087,1015.1361317708073,1028.8662578449998,1814055
2023-02-06,1021.4661865234375,1025.1662037992307,1005.6855263194344,1012.1047521029108,2070175
2023-02-07,1005.9082641601562,1027.9744990708266,1003.8131080666759,1023.3829173125886,1931191
2023-02-08,1020.84228515625,1024.4085464144378,1009.87598825386,1010.9459319315102,2848255
2023-02-09,1022.045654296875,1027.083018995306,1014.6011073061269,1019.9504980300608,1501083
2023-02-10,994.6746826171875,1007.4686207690763,980.7216662353841,1003.7240906678142,3185163
2023-02-13,992.3119506835938,999.6673627169627,985.1794299239632,999.6673627169627,2009185
2023-02-14,1003.4120483398438,1018.5241443453074,996.7699308848479,999.4446265848967,3938046
2023-02-15,1010.05419921875,1011.569816468831,998.196338967039,1003.0108126344118,1648954
2023-02-16,1005.8194580078125,1027.2170261235647,1002.1194400877317,1015.1362722580825,2369355
2023-02-17,989.2362670898438,1000.0686978150117,987.4531365890887,1000.0686978150117,1958807
2023-02-20,994.71923828125,1011.6589768798692,987.4975820138301,989.2361994333469,1706036
2023-02-21,985.3578491210938,1000.380810320502,983.4855839039517,999.4446232951077,1313278
2023-02-22,974.1242065429688,985.6700422592419,971.8507803712679,976.2639849891275,2212194
2023-02-23,975.6842651367188,991.3757894471162,974.0348914351113,985.0011859201907,2139983
2023-02-24,976.1302490234375,984.7338759535471,964.6736566606953,978.0471361892631,1684570
2023-02-27,966.4120483398438,971.8060612960908,959.324148582196,971.8060612960908,1834553
2023-02-28,960.750732421875,977.9579860108672,952.2808621872873,966.0109893869286,20793703
2023-03-01,981.7025146484375,984.2880757445696,960.5278391059253,960.5278391059253,1655100
2023-03-02,986.0264282226562,995.8782666047973,972.0735207753617,972.0735207753617,4074162
2023-03-03,997.661376953125,1007.2010802770427,990.5734777280643,994.0951164456965,3253621
2023-03-06,1004.5262451171875,1023.5166232101969,1001.4950111745748,1006.5768881570665,4091674
2023-03-08,999.1326904296875,1002.1194124634478,987.2303152601314,991.4206287004929,3209393
2023-03-09,995.5663452148438,1004.5265105604742,993.2482973617593,1000.2915756781221,1834324
2023-03-10,995.2542114257812,996.9035851715515,985.1794817889648,985.1794817889648,1193681
2023-03-13,979.4735107421875,1010.6782928628975,976.2638977765001,999.3999712725408,3028387
2023-03-14,966.5012817382812,983.7530462906929,950.4084866254725,979.4289769128304,3683544
2023-03-15,962.5784912109375,978.8495578226698,958.8784734749635,976.308618502089,1528510
2023-03-16,956.1145629882812,969.62179782803,953.6627586350928,966.4120759714856,1812907
2023-03-17,988.2553100585938,995.9673700846654,966.5012082783293,970.2011164456757,5350523
2023-03-20,972.5639038085938,988.1217822831767,968.4627255408117,985.1795735075691,2066169
2023-03-21,966.36767578125,982.8616342638302,960.3049880487846,979.8302903975974,2421127
2023-03-22,964.1830444335938,985.8481201345985,962.0433752370371,973.5444780862398,1382329
2023-03-23,950.3193969726562,963.2470927607094,945.9507055947918,960.2157492229885,2178855
2023-03-24,937.7037353515625,971.8061055699578,933.5134222830224,956.6494965840043,2688253
2023-03-27,937.4807739257812,949.9626862747693,931.5073308350782,939.0856347612495,1459887
2023-03-28,928.2086181640625,948.4472159072766,926.6483788788075,942.206258766257,2965015
2023-03-29,951.7459106445312,953.974823784214,929.1001313786247,932.5772576432597,2478745
2023-03-31,967.5711669921875,977.9579237005976,953.4398798468447,965.9217930814825,3131614
2023-04-03,979.0724487304688,980.0531487864945,970.0230392355752,971.761548024273,1540702
2023-04-05,990.707275390625,992.3121363953444,950.5423256462416,967.6603351395477,3342291
2023-04-06,973.4554443359375,988.7904311152329,967.7494052746565,988.7904311152329,2378264
2023-04-10,983.4856567382812,985.1796525682516,973.1435210662866,973.4555471533104,711625
2023-04-11,969.13134765625,989.5482119816975,967.3482173017767,984.2879556692732,2318905
2023-04-12,975.81787109375,978.4479442526075,962.9793136086623,973.588958642645,2715967
2023-04-13,955.6240844726562,970.9144485652738,947.7337546601341,970.9144485652738,3071057
2023-04-17,929.189208984375,940.6012870910697,906.053135550995,940.6012870910697,9509446
2023-04-18,948.4915771484375,950.7651118481602,931.8638650872438,935.7422606142576,3686404
2023-04-19,926.0686645507812,957.4963356396128,924.0626429919197,957.4963356396128,4322881
2023-04-20,924.9988403320312,933.6469787274642,919.9614754830139,927.2277532003012,3057560
2023-04-21,935.2073364257812,957.5410897337576,925.2218490420921,939.7097845245629,7708194
2023-04-24,939.7544555664062,944.0785255394975,932.577311310146,942.3845296891246,2033625
2023-04-25,939.2192993164062,943.9892601165257,931.1506997034089,936.5446037650753,1237595
2023-04-26,950.0072631835938,951.2999890823517,934.3602516947559,940.6012075743964,1647101
2023-04-27,955.0892333984375,958.4326029435895,945.9506899750219,950.007355223264,1654910
2023-04-28,964.927978515625,969.1446299213719,955.5426000277386,961.1647281063326,2629188
2023-05-02,968.0565795898438,974.6308944987613,964.837388012171,964.9280460790892,1905168
2023-05-03,960.2579345703125,964.8373289522737,956.6761109442187,963.0237249504837,1649820
2023-05-04,967.37646484375,968.419198639492,950.60062702928,957.6283428704768,1403672
2023-05-05,957.1749877929688,970.2328492988263,954.0464541747458,967.3765112779289,1641673
2023-05-08,975.4922485351562,977.0791520303331,956.6761070923448,959.3965130840764,1389075
2023-05-09,978.4393920898438,981.7038572648604,966.6963500581454,971.1849758370925,2981949
2023-05-10,977.8046875,987.3261089539894,972.1824484157647,983.1094573142152,2091411
2023-05-11,986.6911010742188,990.7717095242309,979.391412374239,981.2956741788604,2653108
2023-05-12,993.401611328125,1000.5653694134387,977.0337906157464,984.7869921518427,1585037
2023-05-15,997.2555541992188,1002.8776826301497,990.9533242309844,996.5300682819847,1523466
2023-05-16,989.0489501953125,1002.2883486606266,986.6912870075201,997.6635696575764,1166324
2023-05-17,974.4041748046875,991.9960457977313,963.6584820929467,988.8676230421663,3602382
2023-05-18,979.2554931640625,983.8801611839023,972.9985372814075,981.1143708312438,1515743
2023-05-19,993.2656860351562,1001.1095465595139,981.5679164773946,987.1447716879853,1984436
2023-05-22,1015.482177734375,1017.3411660755204,987.4619743427381,993.2655291681466,1864932
2023-05-23,1004.1471557617188,1025.9104033976157,1001.1093912512619,1015.6182230085265,2138096
2023-05-24,1008.3182373046875,1011.0840271271765,995.6683962203048,996.6205824066911,1302744
2023-05-25,1011.9909057617188,1014.0312100072061,1000.2478656040165,1005.8246086534767,1124803
2023-05-26,1033.0289306640625,1034.0717752406222,1010.1775615211042,1011.0843636409616,1635167
2023-05-29,1021.2403564453125,1040.963299719793,1019.6081792801375,1039.1950801174528,1288914
2023-05-30,1029.9910888671875,1037.3815477314438,1022.9180992760936,1023.7795169482517,1983735
2023-05-31,1038.37890625,1045.860022448766,1026.5904807246718,1029.0389124422454,5967930
2023-06-01,1035.4771728515625,1047.4922987355674,1031.6232645491457,1041.0086426292526,1445692
2023-06-02,1031.0791015625,1043.8196013086585,1026.1369649979783,1041.0085376749087,1336554
2023-06-05,1032.2127685546875,1041.4621047460394,1030.1270796617334,1037.3814957156892,1435758
2023-06-06,1023.4164428710938,1026.7716757948904,1009.9504588912584,1024.6859874721636,1943605
2023-06-07,1023.8247680664062,1028.132077253774,1012.1722746572823,1028.132077253774,2459039
2023-06-08,1021.7391357421875,1025.8197446712666,1014.0767032528018,1023.8248245833796,1385218
2023-06-09,1006.3236083984375,1025.5931526007055,1002.8777162165866,1023.8702065097799,1824218
2023-06-12,1033.436767578125,1034.615543586464,1007.9102729398512,1009.2250913666564,1670970
2023-06-13,1025.865234375,1038.2429941758346,1024.051630220315,1038.2429941758346,2014656
2023-06-14,1029.9910888671875,1032.3034783777741,1021.104495171668,1031.940735418167,836964
2023-06-15,1037.0186767578125,1040.1018254934609,1030.6257894950436,1033.7542119115478,2109652
2023-06-16,1041.1900634765625,1046.6762601245964,1026.9079312721333,1042.8223514345123,2909817
2023-06-19,1031.5325927734375,1046.3587823774192,1029.6282201415163,1041.1899448949987,1278608
2023-06-20,1059.7342529296875,1061.6385151230245,1026.9533362176599,1027.4067372491024,3504867
2023-06-21,1061.366455078125,1066.127166019743,1053.3866631540575,1065.4924488383062,2019683
2023-06-22,1054.9735107421875,1061.3663986793445,1050.8475172012531,1061.0944244847296,972005
2023-06-23,1056.5604248046875,1061.4571779861044,1043.7291537300146,1053.613318158621,1699790
2023-06-26,1058.691162109375,1066.3535934806125,1054.6559381457928,1058.4644616463966,1190307
2023-06-27,1060.958251953125,1064.9934762408081,1052.0715488131739,1058.2378461788862,1504039
2023-06-28,1061.18505859375,1064.5401817735153,1057.7845510357697,1064.0867807657844,1424076
2023-06-30,1077.2352294921875,1082.7214250439235,1056.4241710018182,1061.2755388329374,3036648
2023-07-03,1071.477294921875,1083.6284646982174,1065.0390224167836,1079.0944543856726,1749952
2023-07-04,1079.638427734375,1081.814774650263,1068.7115301651754,1071.8399527549125,1094468
2023-07-05,1083.4468994140625,1090.5198874589637,1076.9178596492472,1082.7214136534433,1653610
2023-07-06,1070.6158447265625,1086.3488378945779,1065.4470067110663,1083.4471156601157,2334220
2023-07-07,1049.714111328125,1072.7015229172735,1046.2683296904138,1068.3489391601195,2159585
2023-07-10,1019.6987915039062,1053.61320653035,1015.6181827339929,1051.8902606887784,3960400
2023-07-11,1010.9934692382812,1026.2730592474036,1008.3637215667001,1026.2730592474036,4982603
2023-07-12,1007.048828125,1019.6986695210377,999.7036446629559,1015.3459764097214,3824027
2023-07-13,1005.4620361328125,1019.6081242691147,985.7390939224459,997.4821347771567,12294227
2023-07-14,1043.68359375,1049.260447526816,1007.955687745351,1010.3586242052689,6605038
2023-07-17,1046.2227783203125,1062.7719143587487,1037.0641005144735,1044.5904904883964,3159479
2023-07-18,1058.4193115234375,1060.9584015481762,1039.5578952454136,1050.9381945894438,2431478
2023-07-19,1060.096923828125,1065.4016933966636,1049.1699154357307,1056.4243314456578,2242397
2023-07-20,1057.124267578125,1063.5266465021868,1049.9901435461477,1060.965650273111,1990001
2023-07-21,1020.2193603515625,1042.5820293870374,1001.5153063670048,1015.2346941254569,5259150
2023-07-24,1017.8869018554688,1031.4232944017167,1016.149090801598,1024.3807216001708,2672505
2023-07-25,1016.65234375,1023.4662612408902,1010.7529404024472,1023.0089483448933,2506726
2023-07-26,1019.8076171875,1025.1581550017602,1015.3259290961407,1015.4173693329765,1969964
2023-07-27,1021.9570922851562,1026.8503178752262,1014.2742134084481,1019.8077440332924,1769815
2023-07-28,1009.3351440429688,1023.0087523541855,1003.7558384617806,1018.938713019025,2031899
2023-07-31,1021.3626098632812,1023.9236068220769,1002.4299000241145,1013.4054098783932,2526624
2023-08-01,1041.30126953125,1044.50245920482,1016.9722503418456,1024.3806955423804,2710536
2023-08-02,1034.35009765625,1039.9292914017662,1025.7525948171337,1039.9292914017662,2701150
2023-08-03,1029.4112548828125,1038.603288090981,1019.8534607030667,1029.8685677459323,1608187
2023-08-04,1046.652099609375,1053.9691066225378,1029.868737102666,1033.9387775942712,3315303
2023-08-07,1052.551513671875,1057.0788671455427,1045.554603318206,1055.9813607424317,1655404
2023-08-08,1043.908203125,1058.130679909424,1039.929602963185,1056.3014281891722,1667697
2023-08-09,1046.468994140625,1048.1610293189592,1028.9538900382454,1043.5421249753306,1559337
2023-08-10,1037.4600830078125,1047.0636538467948,1032.2924249409145,1042.673405375226,1676669
2023-08-11,1071.438232421875,1085.6149307826763,1055.75249097384,1060.965812808354,7391806
2023-08-14,1071.026611328125,1076.514365100942,1055.4779756384767,1070.7065146877712,1720940
2023-08-16,1076.6517333984375,1084.9748054668087,1070.203577144843,1075.3712350074607,2567226
2023-08-17,1076.2401123046875,1080.127271875604,1064.5786335919374,1076.3773285016273,2331256
2023-08-18,1073.49609375,1077.2918125732097,1059.731044539932,1072.8559004467002,3406088
2023-08-21,1078.572265625,1087.3984252142407,1069.1515770512465,1072.8100795422365,1661946
2023-08-22,1078.80078125,1085.6604725254344,1075.7368081433635,1081.0873450084782,1805887
2023-08-23,1081.544921875,1092.9777434593022,1078.0236351567646,1091.1027160600174,2347850
2023-08-24,1071.2552490234375,1087.489853651114,1069.197341394577,1087.4440777110187,2464221
2023-08-25,1055.4322509765625,1070.8437828895803,1051.8195242267186,1065.538909325328,2105159
2023-08-28,1048.57275390625,1060.6915463359205,1042.0332684423768,1056.3928495297664,2571967
2023-08-29,1058.7249755859375,1063.9840731219638,1050.2646882453735,1055.3865696029059,1794652
2023-08-30,1070.5693359375,1074.8223675898332,1062.4749211693666,1066.453520464011,1497356
2023-08-31,1072.0784912109375,1086.6667258490588,1066.3620808278743,1078.8009674916918,4483967
2023-09-01,1084.5631103515625,1086.575242066305,1071.1180466802475,1072.855857696781,1669640
2023-09-04,1127.2762451171875,1129.562809508906,1083.8315216745373,1084.7461474312247,4517935
2023-09-05,1130.0657958984375,1135.6906544732717,1120.5993308559002,1131.163302047517,2842400
2023-09-06,1130.3399658203125,1136.3308078438306,1118.312617484864,1133.9984680273765,1767709
2023-09-07,1146.9405517578125,1149.6844286758935,1125.2639687644285,1132.3065415280478,2582004
2023-09-08,1154.3033447265625,1161.1630370925568,1147.2149959483681,1151.513691838269,2280777
2023-09-11,1172.1385498046875,1174.653770349457,1161.940451447985,1167.5654215414702,2691836
2023-09-12,1172.9158935546875,1181.467620597975,1157.4586985614378,1175.2938977885797,2140769
2023-09-13,1166.37646484375,1172.9160611579007,1158.0076170654256,1172.5501885353362,2275523
2023-09-14,1174.013427734375,1180.507247330057,1166.6964227479984,1171.498207270308,2655172
2023-09-15,1193.2205810546875,1198.1595818132635,1180.8274706899997,1183.5255716537122,4286280
2023-09-18,1193.58642578125,1199.3486118065443,1179.5926092333264,1190.8425489403735,2761885
2023-09-20,1182.9766845703125,1192.671692872836,1172.0926184175917,1172.0926184175917,2220756
2023-09-21,1168.891845703125,1175.2942267046287,1151.7883868300019,1174.3796008472711,3112700
2023-09-22,1164.958740234375,1174.0135572335314,1157.0929813361176,1163.8154580791443,1321467
2023-09-25,1155.583740234375,1170.7208394982813,1149.3185768214753,1161.574582939701,1246703
2023-09-26,1153.7545166015625,1160.6142091850638,1149.7759172328601,1156.0868567394098,903152
2023-09-27,1153.434326171875,1159.425168533878,1146.3003134542018,1151.0563219326507,1670373
2023-09-28,1135.873779296875,1157.9162382803804,1132.8098052614882,1153.4345496255517,1807072
2023-09-29,1129.3800048828125,1143.0078402539787,1122.474535296489,1129.6543256390548,2338327
2023-10-03,1132.94677734375,1149.4100394702195,1118.3127665646662,1127.2761428263118,2162636
2023-10-04,1133.7242431640625,1138.5260277166415,1120.4163956017464,1128.6480262633102,2253785
2023-10-05,1129.9744873046875,1146.895065912755,1122.9776887127166,1142.367712512225,2995200
2023-10-06,1132.031982421875,1148.7696744074851,1125.0808506707904,1145.1111722596904,2497711
2023-10-09,1142.9161376953125,1158.510548974826,1126.0413398832056,1130.47725175332,3430211
2023-10-10,1154.07470703125,1156.7728080795102,1141.6357086869323,1148.3582966335453,1532394
2023-10-11,1139.2576904296875,1165.64461817471,1135.0504347578953,1157.916076070504,2186131
2023-10-12,1119.2730712890625,1141.9558306925144,1111.4073135059505,1138.7088651725294,3921609
2023-10-13,1148.6781005859375,1158.3731078202854,1105.370608778044,1107.6113964235024,5740821
2023-10-16,1162.1690673828125,1170.0806013323477,1152.7027145373934,1155.1721590540644,2527113
2023-10-17,1168.114013671875,1169.8060485664255,1162.4890443533438,1169.7146083434866,1687345
2023-10-18,1161.071533203125,1172.0928173861903,1159.1966175347677,1168.8916274830676,1743126
2023-10-19,1159.1507568359375,1165.9190087516715,1156.9099687270514,1158.6477797342668,2279726
2023-10-20,1162.15185546875,1164.6911194640884,1150.0095341842232,1156.0576444231199,1625449
2023-10-23,1141.8837890625,1163.906107384955,1137.8671582402485,1152.3640000130297,1646367
2023-10-25,1134.820068359375,1156.8886015891205,1131.403649448233,1136.8514342985568,1420065
2023-10-26,1137.405517578125,1143.314986606534,1119.1689872308996,1121.89287958881,4617424
2023-10-27,1171.477783203125,1172.6782075570638,1138.9290376784113,1142.2070415339276,2675348
2023-10-30,1167.8304443359375,1177.1103439117803,1159.7509690341471,1172.6781295170117,1158770
2023-10-31,1178.2183837890625,1181.7733305073154,1160.3973239635739,1174.52490923173,2525870
2023-11-01,1162.4749755859375,1187.4059303960191,1159.1047700158174,1181.9119317371965,1572719
2023-11-02,1175.817626953125,1177.2949942065973,1168.0613079775258,1168.984676600433,1368604
2023-11-03,1169.21533203125,1188.6522835257022,1166.2143844860564,1184.3123840615874,2052536
2023-11-06,1172.4012451171875,1181.4503038634673,1168.1999849760589,1178.4493554558424,1175823
2023-11-07,1176.3255615234375,1179.7881942992817,1170.0005081960774,1171.7549313456873,1385282
2023-11-08,1170.50830078125,1182.650621165972,1168.8924056312349,1181.9118811538906,937671
2023-11-09,1170.36962890625,1178.0336329037857,1165.1064732945647,1170.5081567309549,1483749
2023-11-10,1159.2431640625,1173.601592120915,1154.8110620286427,1165.5683296923653,1469902
2023-11-13,1164.3677978515625,1166.7685336544696,1157.2579047591273,1163.4444292569142,730991
2023-11-15,1178.818603515625,1184.6819718698525,1171.2008121922217,1177.2950227077645,2410620
2023-11-16,1210.5826416015625,1216.9537957871376,1180.0652594076678,1185.4208432299984,3936945
2023-11-17,1208.828125,1224.1560224818609,1206.2888611404298,1212.752441873881,2882039
2023-11-20,1223.8330078125,1229.6501635171867,1213.3065811406989,1214.1837363983839,2831858
2023-11-21,1224.9407958984375,1233.6204835202775,1220.508694126106,1233.2511135269424,1514256
2023-11-22,1227.80322265625,1233.3896479560726,1219.2159620237696,1224.9408024454233,1535630
2023-11-23,1227.1568603515625,1232.9279140590097,1224.1096989076734,1231.7274898015037,1307344
2023-11-24,1208.828125,1230.5272888908721,1205.5963346332744,1227.0646563550947,1795933
2023-11-28,1215.7532958984375,1218.7542438636558,1196.0393987316443,1208.8280313633186,2152951
2023-11-29,1231.7276611328125,1236.206089605448,1220.2317656348746,1222.540187438951,1835524
2023-11-30,1238.14501953125,1243.5929169959222,1227.803223237183,1234.5438593281008,4104385
2023-12-01,1234.2667236328125,1245.6242021412122,1226.233462152357,1242.8540964285187,1854324
2023-12-04,1235.4210205078125,1246.5476576494875,1229.003653578865,1246.5476576494875,1547057
2023-12-05,1216.58447265625,1243.7776357152586,1208.04331220312,1243.7776357152586,3932040
2023-12-06,1227.6649169921875,1237.2678614310373,1218.4312298656723,1223.4635442632602,2077245
2023-12-07,1226.233642578125,1234.5439609389707,1223.786692962028,1229.003748698407,1985003
2023-12-08,1259.5672607421875,1264.9689452638977,1227.1570408960163,1230.8505158121818,4509751
2023-12-11,1269.9088134765625,1277.0187062340267,1261.367654378468,1265.1072293810741,2824656
2023-12-12,1269.9088134765625,1280.7121804386081,1265.014915069137,1271.4784949271545,2730422
2023-12-13,1264.2763671875,1276.834271563353,1253.057527759634,1273.6485819484576,1896931
2023-12-14,1306.1973876953125,1310.4910748487086,1276.0955895303262,1284.4059081307407,5145574
2023-12-15,1377.019775390625,1382.282931848375,1313.030279952164,1313.030279952164,7374290
2023-12-18,1389.0234375,1394.1942791444942,1367.5089039185032,1375.6806935290574,3075527
2023-12-19,1374.24951171875,1389.346565557645,1364.4617145338054,1386.437931968379,2590417
2023-12-20,1329.6044921875,1387.869137589197,1325.0338629730072,1371.2022902542967,4368383
2023-12-21,1313.0765380859375,1336.160756168979,1311.275901445915,1312.2454836917661,2841508
2023-12-22,1350.611328125,1354.9050150459975,1313.9536364803223,1321.3405859475342,2303438
2023-12-26,1346.4100341796875,1354.90498076569,1331.6361356190564,1350.6112939533264,1363265
2023-12-27,1359.244873046875,1362.8921341460684,1345.8560275556026,1353.1505497539895,1402329
2023-12-28,1359.614013671875,1369.078541569102,1355.920539370518,1357.9058043506757,1928616
2023-12-29,1353.7506103515625,1368.2936650327522,1345.8558768684493,1360.9990309352002,1481617
2024-01-01,1370.048095703125,1381.1285183810946,1343.5474632180028,1348.11809248631,1222315
2024-01-02,1356.9365234375,1374.7113709814823,1349.3648324385715,1370.3253696394606,1440888
2024-01-03,1327.5733642578125,1352.7351616328954,1325.495784658035,1348.1183180778344,1651716
2024-01-04,1311.1373291015625,1334.0831312701805,1308.5519643935397,1326.8808103863146,3392241
2024-01-05,1323.00244140625,1328.5887532419185,1312.937702140651,1315.8001219680718,1776925
2024-01-08,1336.9454345703125,1341.2852219561746,1320.9250117107215,1325.0339569438058,2025264
2024-01-09,1348.48779296875,1367.4629538260845,1341.0546291807088,1348.672421638947,3119270
2024-01-10,1377.758544921875,1392.4401311824329,1353.7048556433995,1361.876646867434,4368914
2024-01-11,1371.017822265625,1385.0529807171993,1361.0453957181012,1385.0529807171993,2271368
2024-01-12,1422.7264404296875,1435.838229983694,1383.6679020132253,1389.6697981514208,5862043
2024-01-15,1466.494140625,1495.4879406718564,1454.7674030904495,1486.6236235960798,9712071
2024-01-16,1436.253662109375,1465.3859868974432,1420.1409249201436,1465.3859868974432,4459799
2024-01-17,1455.1365966796875,1463.539228381475,1400.3346929109161,1403.5202694888592,3846289
2024-01-18,1447.4266357421875,1462.800634264829,1419.2638906846119,1456.1524247802222,3205598
2024-01-19,1458.964599609375,1479.4819896165297,1449.7528214857646,1460.872153269152,2374099
2024-01-23,1417.7437744140625,1458.918034258903,1411.6025515949666,1450.543608527749,3196630
2024-01-24,1466.8272705078125,1471.2935629182155,1417.7902853567039,1423.7454554893307,2136023
2024-01-25,1442.4947509765625,1460.8719619630403,1429.9331130870714,1460.8719619630403,2641656
2024-01-29,1465.10595703125,1478.1792990974766,1442.4949601177295,1456.2197146165115,2521598
2024-01-30,1450.9158935546875,1481.7616055242856,1446.914733423591,1470.1770281731665,1939386
2024-01-31,1466.455078125,1471.3867301036257,1438.8659735129872,1450.9159104851296,7025931
2024-02-01,1467.7578125,1485.9954293668789,1457.4758325044618,1466.4551012412028,2845408
2024-02-02,1473.6663818359375,1501.7207322009172,1465.5245786213743,1474.6434436558548,2337374
2024-02-05,1447.240478515625,1478.0863061099828,1443.6115375776833,1474.7830146029803,1452864
2024-02-06,1510.8861083984375,1513.9102068448085,1449.7528406244319,1457.150205235999,4988311
2024-02-07,1503.06982421875,1516.6085246025668,1487.8097368161505,1514.8405675621611,3320199
2024-02-08,1520.2376708984375,1533.1714170933499,1504.884554960036,1512.9797888388377,3496692
2024-02-09,1517.260009765625,1532.2874760768461,1502.4187099783462,1526.0066559988022,3341297
2024-02-12,1551.083251953125,1567.8786742839268,1525.076051721873,1525.076051721873,4885445
2024-02-13,1549.8271484375,1558.573794238671,1534.0087875407494,1558.573794238671,3129897
2024-02-14,1555.3170166015625,1560.341694951102,1512.4678245239581,1535.0788203041745,1386643
2024-02-15,1546.9892578125,1578.5794104236463,1535.404566224888,1561.3653113415141,2555162
2024-02-16,1551.54833984375,1560.4345810135617,1535.357875130902,1558.5735976134263,1776881
2024-02-19,1558.806396484375,1565.9711379494315,1544.2907470419875,1553.9213145076294,762624
2024-02-20,1547.4544677734375,1556.480192999614,1530.659044976455,1545.5469141069252,2240414
2024-02-21,1522.563720703125,1549.082736009099,1518.609130701357,1540.4756871817215,2890991
2024-02-22,1569.1815185546875,1573.833977923276,1525.0761810233796,1529.7286403919684,3820901
2024-02-23,1549.9666748046875,1579.3701921889558,1547.8264982871924,1579.0445427846644,2191549
2024-02-26,1535.12548828125,1552.8512897422097,1525.5413768625194,1549.9667877454965,1844253
2024-02-27,1543.5,1557.0851589423419,1533.450642105426,1534.3811339999074,2049420
2024-02-28,1537.07958984375,1555.7824542864457,1529.9147340740635,1548.9898179932454,936575
2024-02-29,1548.1986083984375,1561.1324658797753,1522.889279329888,1528.0069837330107,3532888
2024-03-01,1529.821533203125,1562.4817724000354,1525.1690742410174,1558.9924281784547,2371138
2024-03-04,1524.0989990234375,1539.0334378539533,1521.354093646441,1534.3809788519764,1788071
2024-03-05,1506.791748046875,1516.6549375878571,1495.3467680118788,1511.1185572733925,3339546
2024-03-06,1529.9146728515625,1535.3115710810507,1492.3693489667578,1500.8833722143847,2366177
2024-03-07,1523.8199462890625,1539.5452807078952,1516.7946876390224,1535.3114975078695,3181239
2024-03-11,1524.75048828125,1544.4304135685506,1518.6092648062124,1539.9640072673794,2970902
2024-03-12,1521.9124755859375,1549.268959204289,1519.5397894753528,1522.1916685803276,2414182
2024-03-13,1518.0972900390625,1536.4745021005222,1498.4173668105927,1524.8433552261806,2564135
2024-03-14,1562.5283203125,1566.017664484703,1498.0917645991515,1520.4235673012506,3513306
2024-03-15,1532.79931640625,1560.4348797548546,1528.6585593969637,1560.4348797548546,3931561
2024-03-18,1529.1702880859375,1547.687098122507,1520.6562651691895,1535.2184849490855,1183544
2024-03-19,1487.99609375,1527.44897167879,1483.297064381414,1527.44897167879,1915379
2024-03-20,1476.7835693359375,1506.5593080705457,1468.409142816829,1493.2067729488308,1815178
2024-03-21,1484.87890625,1507.3501930534849,1473.2942148269315,1496.2308611303752,2684744
2024-03-22,1449.5667724609375,1462.2214394857517,1403.3678272669822,1451.5673527475165,7468824
2024-03-26,1453.6607666015625,1481.854712645766,1447.4265171813668,1453.6607666015625,4496344
2024-03-27,1438.7264404296875,1467.2460380993846,1432.957436444408,1459.9416998579716,2589697
2024-03-28,1436.2608642578125,1452.5444730358977,1424.5831450999235,1441.331999843097,5301493
2024-04-01,1448.4964599609375,1459.9415539056463,1440.4012271803317,1441.3317189291563,1014857
2024-04-02,1422.070556640625,1456.2195577034008,1419.092914952857,1450.6366073224292,2031775
2024-04-03,1429.095703125,1450.1247935400786,1412.4864484346012,1419.3255399441282,3343884
2024-04-04,1432.6318359375,1444.5886337964419,1413.137963033882,1433.701924309251,3388449
2024-04-05,1437.842529296875,1440.1221888921655,1417.8835245751386,1435.2371066861738,2773570
2024-04-08,1433.0040283203125,1445.984344277823,1430.7708251487431,1445.984344277823,1820136
2024-04-09,1433.4227294921875,1453.2422518093103,1427.8863482853492,1432.957483555968,2432095
2024-04-10,1432.1663818359375,1444.2627744348038,1429.421363056483,1433.9343388559323,1829986
2024-04-12,1415.7432861328125,1435.702289983919,1410.8116341153336,1430.1659091594695,4319991
2024-04-15,1400.4366455078125,1424.1176149714058,1390.154666296818,1402.3440854328057,3295684
2024-04-16,1374.6156005859375,1397.2264834874047,1365.3106824572449,1383.0364833411486,2446933
2024-04-18,1364.891845703125,1377.965300655175,1351.1670919388014,1374.3829300168259,5180223
2024-04-19,1346.8868408203125,1354.330775001012,1335.2556936629696,1341.7691360710817,5219506
2024-04-22,1364.0079345703125,1370.8935965177088,1349.6783383198765,1351.2601289251031,1939632
2024-04-23,1383.315673828125,1397.0868844825352,1368.8464807298933,1372.3823950465996,2783858
2024-04-24,1376.4298095703125,1392.8994667755906,1373.6849045645693,1386.4325950716684,1321471
2024-04-25,1399.59912109375,1409.7415033975133,1377.0811536766607,1377.0811536766607,4558032
2024-04-26,1371.4052734375,1425.0015767091554,1363.1238739617388,1411.4164195749272,4328477
2024-04-29,1290.964111328125,1336.1859818692947,1285.0089421737437,1316.6456576219025,11493223
2024-04-30,1271.6099853515625,1300.7344221603441,1267.7484219250653,1280.728849810369,7606726
2024-05-02,1266.1201171875,1282.1246439241083,1263.6078348204794,1263.6078348204794,6555505
2024-05-03,1254.3494873046875,1274.7737364063726,1240.8573565179047,1274.7737364063726,5964228
2024-05-06,1264.3524169921875,1270.1214212368916,1254.7683051560061,1263.6079780510615,2504082
2024-05-07,1255.0638427734375,1271.990465657768,1250.5375910414418,1271.094562266956,5096525
2024-05-08,1238.7501220703125,1257.9398105510415,1232.7622007168059,1255.0636652399298,6832455
2024-05-09,1244.7855224609375,1262.655015281329,1239.5519175409313,1240.0234093315516,5653762
2024-05-10,1241.15478515625,1247.4728434102672,1229.273216571314,1244.8324436757098,3357203
2024-05-13,1238.04296875,1246.5298196232968,1227.434405158379,1241.1547450040396,2316566
2024-05-14,1245.7283935546875,1251.2919040933905,1234.082455289736,1246.6241818318576,3200462
2024-05-15,1256.90283203125,1263.8809335188123,1243.0880996146484,1244.0310831910676,2975965
2024-05-16,1271.282958984375,1280.3827708519102,1252.7533141163406,1268.3125385671644,5055915
2024-05-17,1257.185546875,1273.9706990952038,1254.3565963958843,1273.9706990952038,2487831
2024-05-21,1265.3895263671875,1272.886198820423,1239.080264844997,1239.080264844997,4966721
2024-05-22,1266.4739990234375,1275.762363207252,1263.5978533876566,1272.0375094240042,2390777
2024-05-23,1276.3753662109375,1280.9958932862505,1261.7119266988338,1269.8687570198047,3326149
2024-05-24,1268.5013427734375,1282.4575444483144,1264.3993876202378,1282.4575444483144,1769966
2024-05-27,1276.1396484375,1282.080375569564,1261.711954483371,1273.9707402892632,1942325
2024-05-28,1280.9486083984375,1285.5692498453625,1268.878375448544,1280.4299215107205,2147233
2024-05-29,1275.9510498046875,1288.6813280421875,1270.1516778077666,1288.1155609203583,3845920
2024-05-30,1255.91259765625,1274.489442355841,1249.5474587970853,1269.2558376941877,4150461
2024-05-31,1248.6044921875,1264.4466618291722,1240.7306025881562,1255.912614680419,10319045
2024-06-03,1239.504638671875,1277.5069204754766,1235.1669375129502,1273.5464357456524,5384064
2024-06-04,1229.22607421875,1249.4530223860959,1164.5845152051536,1249.4530223860959,5447244
2024-06-05,1267.0870361328125,1279.5344889042385,1241.0607114075463,1244.7383705243383,3005139
2024-06-06,1317.8193359375,1319.9882438582897,1273.876331371229,1276.7995569655636,5936709
2024-06-07,1349.880859375,1356.623214317792,1318.2909126135173,1326.7777639822739,5884025
2024-06-10,1337.857666015625,1359.7820295291851,1317.8192692559196,1357.8960627753304,3293739
2024-06-11,1347.3349609375,1355.9631684512171,1334.6989581704995,1343.7515773537707,2269082
2024-06-12,1356.71728515625,1388.0714813205907,1352.709605947274,1388.0714813205907,5990861
2024-06-13,1361.8095703125,1374.5869269748102,1355.161490955782,1365.20428770539,4232861
2024-06-14,1349.45654296875,1363.5540998239212,1343.185679861057,1361.809603423659,3065114
2024-06-18,1355.2559814453125,1357.660635665121,1345.68479001072,1349.4567244039551,2223029
2024-06-19,1363.4124755859375,1369.1175709896477,1348.7491533228808,1357.9432411338073,3117522
2024-06-20,1361.1495361328125,1366.3359455699065,1348.0421570982112,1366.3359455699065,3163919
2024-06-21,1365.2987060546875,1397.4544219983477,1357.1418753477756,1378.6419462721992,6489262
2024-06-24,1358.69775390625,1361.6209797362428,1345.2602390218217,1355.868803404265,1988692
2024-06-25,1365.392822265625,1367.4202596782793,1345.1186783596481,1358.791938203214,2079037
2024-06-26,1361.38525390625,1370.4379877341275,1356.1988445762458,1365.3929338430714,1917424
2024-06-27,1371.9466552734375,1377.2745348301157,1342.3369516872913,1353.1812614480245,6613193
2024-06-28,1376.3787841796875,1384.9599115724923,1359.7822965092623,1384.2998691231603,4943575
2024-07-01,1385.1011962890625,1394.2952847856982,1372.0408987287185,1381.4707330842423,3723295
2024-07-02,1396.369873046875,1407.3555376338154,1389.0145564391346,1390.9005232503214,3811366
2024-07-03,1396.55859375,1404.1024619134032,1387.317309205714,1404.1024619134032,2070876
2024-07-04,1435.5509033203125,1447.0553710473575,1400.330492737163,1400.330492737163,6822557
2024-07-05,1432.769287109375,1442.0576524322273,1419.708987433259,1436.1640050052524,3061687
2024-07-08,1445.9708251953125,1452.1944928569285,1420.3216066449165,1440.8786916138874,2939620
2024-07-09,1443.802001953125,1458.1354201014115,1438.049825672493,1445.9709100294026,2658608
2024-07-10,1423.8577880859375,1445.2163858575193,1403.0178772464265,1443.801910708544,3507096
2024-07-11,1425.6966552734375,1446.536565826853,1422.066192129631,1428.6198808524657,3304053
2024-07-12,1471.24267578125,1476.7120256239693,1424.3764461717788,1442.764622736062,6430647
2024-07-15,1480.1068115234375,1543.0981525138047,1478.032293961537,1489.9138625011985,10337489
2024-07-16,1480.0596923828125,1492.7427735046106,1466.339237397138,1475.7690717212354,3540650
2024-07-18,1503.63427734375,1508.0662534294595,1468.2252034326518,1469.2153820802357,4399468
2024-07-19,1503.63427734375,1524.2855224136326,1498.023456857912,1518.6748170380768,5633838
2024-07-22,1487.17919921875,1503.5871345272762,1481.3327477814792,1498.0235090632552,2704495
2024-07-23,1518.7738037109375,1521.101896503033,1473.876213495106,1495.6361269781773,2907674
2024-07-24,1504.8531494140625,1518.4412495461963,1498.344209809512,1514.6403953545912,2484299
2024-07-25,1508.55908203125,1514.640472245112,1485.0412955268168,1491.8353459377827,2934731
2024-07-26,1553.9315185546875,1558.3500342283564,1514.640216195122,1523.0021408247073,2814159
2024-07-29,1551.0810546875,1563.10127921254,1539.3459406226839,1558.540207806142,1639491
2024-07-30,1549.085693359375,1551.6987807120745,1537.4455769700774,1547.897926380875,1783877
2024-07-31,1560.8206787109375,1563.1012143194587,1538.5856595153593,1540.296090219965,1984986
2024-08-01,1558.8729248046875,1573.0785713350297,1554.644404805801,1558.3978180178149,1785188
2024-08-02,1529.1787109375,1557.400006948139,1521.4344473138951,1539.3935065901494,1692851
2024-08-05,1484.61376953125,1516.2558131926169,1460.478320605045,1496.5864378353583,3279717
2024-08-06,1503.950439453125,1525.0926901420096,1485.1837225495083,1485.1837225495083,2138704
2024-08-07,1515.21044921875,1534.594828141211,1510.8394902442883,1525.092692982442,1897787
2024-08-08,1480.2901611328125,1522.242112718734,1477.1545260019577,1517.4910449511974,2373805
2024-08-09,1510.7919921875,1522.2421118982377,1497.3940042888414,1505.9934833405937,2021762
2024-08-12,1506.3258056640625,1520.8165601421429,1495.4933496097476,1510.8393193539564,1273739
2024-08-13,1513.357666015625,1528.3235297486287,1499.1044624603833,1499.437014011432,1973825
2024-08-14,1545.1895751953125,1548.61032030667,1518.6785975948062,1520.4364692221711,3932148
2024-08-16,1585.193603515625,1590.6573309067323,1551.4134686395503,1553.5990059931346,3101056
2024-08-19,1594.933349609375,1601.1097373201053,1576.451743549025,1582.105467440935,1631947
2024-08-20,1602.772705078125,1610.6595239383796,1586.0964108824783,1596.358763617163,2786109
2024-08-21,1593.7457275390625,1604.7681818718365,1590.4199800080523,1602.0600963665877,1410370
2024-08-22,1592.7003173828125,1603.0101102459896,1589.707121779218,1603.0101102459896,1749127
2024-08-23,1578.7322998046875,1602.0125324219466,1574.6464510226854,1592.605510811716,2158185
2024-08-26,1633.8446044921875,1647.6702577231686,1584.1009494947923,1587.8068054529497,2672708
2024-08-27,1626.3853759765625,1669.3825361265244,1620.2089883307117,1639.9259181232355,3556487
2024-08-28,1633.8446044921875,1651.2335584535388,1608.7590601446714,1627.2882239425962,2516461
2024-08-29,1664.631591796875,1668.5750012455442,1612.7499549339407,1628.6660319674618,5112407
2024-08-30,1665.9619140625,1678.3622473431574,1655.462007890427,1664.6315918879181,4792561
2024-09-02,1716.703369140625,1721.7869885406676,1672.3758829092578,1676.366733505417,4445349
2024-09-03,1701.309814453125,1726.6805859867384,1698.079181157948,1716.085681641816,2553290
2024-09-04,1696.3687744140625,1706.2510187323146,1677.1269496377652,1677.2219477961119,2644961
2024-09-05,1701.4049072265625,1708.1988412703545,1679.312442333494,1702.7826704679092,2878565
2024-09-06,1668.6700439453125,1706.3460355752143,1653.4191855883776,1698.9818803332773,3351716
2024-09-09,1659.7855224609375,1678.362243805335,1654.4643497666918,1670.8079764689178,1418238
2024-09-10,1690.5250244140625,1700.2172729124052,1660.1657457191857,1662.3511674446404,2307528
2024-09-11,1690.1923828125,1707.3912251818288,1685.3937579005517,1689.669718953345,2303930
2024-09-12,1717.60595703125,1723.8773431430982,1688.6244443088503,1710.3843573875197,3349489
2024-09-13,1722.547119140625,1729.3886101021262,1706.2509340391673,1715.135407271614,1599349
2024-09-16,1721.6444091796875,1733.4270804790917,1718.1761064998213,1728.438459307369,836199
2024-09-17,1723.4498291015625,1736.9903722109752,1717.2258839418441,1721.7393983116485,830317
2024-09-18,1669.0499267578125,1718.0809176330838,1653.4664029621295,1718.0809176330838,2629136
2024-09-19,1650.0457763671875,1687.5792103818744,1635.7925735768001,1687.5792103818744,4167373
2024-09-20,1672.4234619140625,1678.172184491221,1635.697683759818,1660.97334185027,4644317
2024-09-23,1665.534423828125,1676.1767696190345,1646.245041590123,1676.1767696190345,1541597
2024-09-24,1687.1990966796875,1694.7058066585246,1651.803643190464,1662.8736538561357,1907389
2024-09-25,1693.6605224609375,1695.2283978945752,1667.6246500255008,1690.2397771466358,2240579
2024-09-26,1695.038330078125,1718.366117918183,1690.3348196466566,1693.5180116755291,4303250
2024-09-27,1718.3662109375,1737.5130372122394,1707.1062035428931,1719.8865294223942,4099016
2024-09-30,1706.6785888671875,1730.0538197506903,1700.0746508793582,1717.9861536745707,2117894
2024-10-01,1726.06298828125,1731.7167127513046,1700.8823281163984,1700.8823281163984,1642542
2024-10-03,1690.0023193359375,1719.2213853688677,1681.8779472613437,1689.4796554975533,3552386
2024-10-04,1688.1494140625,1717.8911453556686,1679.2649403352655,1689.4797362660076,2982759
2024-10-07,1688.4818115234375,1714.3751290778628,1679.882449050618,1696.0835194293238,3419048
2024-10-08,1700.359619140625,1704.6831372627134,1656.22224540073,1685.6788659442886,2353030
2024-10-09,1719.601318359375,1734.1396312541558,1701.0247140969975,1703.7803564356443,2499596
2024-10-10,1718.6038818359375,1748.3454984566454,1707.5338699977005,1729.3887831918837,3753869
2024-10-11,1748.060302734375,1760.5556335598844,1711.0019759320503,1714.1851679844474,2977110
2024-10-14,1763.5013427734375,1772.6233696141549,1741.1713244480918,1754.1417625462805,1751092
2024-10-15,1776.994140625,1789.0143639050464,1738.8430476026147,1738.8906046720142,5696544
2024-10-16,1772.3857421875,1791.1524589322812,1761.7433973167174,1775.9490428352433,2144442
2024-10-17,1774.8089599609375,1783.5984355206683,1759.2728752313353,1776.8043852678163,2399099
2024-10-18,1765.211669921875,1780.605199066697,1751.2435770985392,1774.048702356469,2366406
2024-10-21,1751.813720703125,1794.478333346907,1748.3929750374948,1781.935560575307,1284980
2024-10-22,1743.3492431640625,1771.3250848113257,1740.2408163143666,1750.0921850314505,2089660
2024-10-23,1765.347412109375,1783.7588641928671,1715.3734707398967,1715.3734707398967,2522186
2024-10-24,1764.5343017578125,1781.7979553362723,1757.6478710337176,1764.6299223054793,1621637
2024-10-25,1771.6597900390625,1790.0234892197363,1760.039032630313,1778.9765718707056,4078295
2024-10-28,1790.214599609375,1795.044662994362,1764.7254783132612,1764.7254783132612,2418907
2024-10-29,1790.214599609375,1794.1838445912315,1770.559732541233,1790.214599609375,1719955
2024-10-30,1758.7001953125,1788.01495918398,1755.3526585928244,1779.933095804746,1732047
2024-10-31,1689.119140625,1763.577893335124,1680.032970135899,1759.8477578890368,3616088
2024-11-01,1680.845947265625,1703.7048630604625,1674.724714222872,1699.592128597398,242223
2024-11-04,1686.1541748046875,1704.4700059443742,1668.9861405755373,1686.2020434582648,2843690
2024-11-05,1696.2923583984375,1705.6653901226484,1684.767222268796,1691.9405144442237,1818350
2024-11-06,1758.3175048828125,1772.2814911223131,1705.3307602110547,1713.0778928659386,3477029
2024-11-07,1752.1484375,1781.4155652735772,1735.1716446865662,1769.460077376793,2173869
2024-11-08,1757.4566650390625,1773.381397762631,1748.4183631771275,1758.843454889943,1521324
2024-11-11,1785.9586181640625,1792.3667128589661,1754.109152285669,1766.255881066567,1679869
2024-11-12,1791.2666015625,1810.4910004351577,1783.2324913126854,1808.6259912489497,2711052
2024-11-13,1783.519775390625,1797.7228723857115,1778.115871235151,1784.715324241269,1254074
2024-11-14,1777.9722900390625,1814.364841871021,1765.9211815985996,1790.4538660951773,2462563
2024-11-18,1755.0654296875,1783.806466122739,1735.9366511622957,1777.9720952703128,2483933
2024-11-19,1741.2451171875,1783.758785233633,1738.1366903499616,1756.978492479455,2354204
2024-11-21,1756.3568115234375,1759.4174865096948,1740.9102976437193,1755.0656421672286,1841245
2024-11-22,1815.7037353515625,1819.1468922386778,1756.5001406920778,1765.92104104738,2765950
2024-11-25,1809.295654296875,1836.3150567143796,1796.6707058861032,1835.4064863430567,6531524
2024-11-26,1816.8038330078125,1831.5329008854037,1806.8568435981363,1807.7654139889494,2079873
2024-11-27,1808.674072265625,1833.4936183639497,1804.89606804986,1814.1257280291195,1631975
2024-11-28,1760.70849609375,1817.7122344768493,1755.0654829071393,1802.9830512152425,3631255
2024-11-29,1767.5472412109375,1790.7408882804773,1754.0613571414485,1761.760738230607,2482280
2024-12-02,1789.9755859375,1796.71852757897,1755.4959133357374,1767.5471381207312,2014744
2024-12-03,1808.3870849609375,1813.695368246239,1790.5017219099689,1801.931121547749,2954648
2024-12-04,1814.9864501953125,1827.7548872027612,1795.8098019827223,1800.018156837047,3730643
2024-12-05,1840.188720703125,1853.6744878733077,1801.9311589421452,1802.8875979861698,3881814
2024-12-06,1838.9451904296875,1854.869922886312,1831.8676353403484,1842.1014857824619,2250408
2024-12-09,1826.7030029296875,1842.1495172589423,1818.1906718571208,1831.5808188355531,1379520
2024-12-10,1852.000732421875,1858.16983435041,1828.9027059975372,1832.9675719629013,2695207
2024-12-11,1846.7882080078125,1850.5183436998552,1832.537242634673,1842.3407430193313,1387117
2024-12-12,1851.857177734375,1864.0996438512484,1837.7975708877239,1841.0972387947513,2306173
2024-12-13,1883.037109375,1888.9669843462561,1829.0460589352936,1854.5351810872864,2569918
2024-12-16,1869.2645263671875,1893.7493430070183,1865.2952809088067,1884.9979022380137,1371189
2024-12-17,1865.6298828125,1877.6809908151913,1853.578774809809,1860.560826183848,1987909
2024-12-18,1874.9552001953125,1886.0498694216537,1861.9476529384706,1864.0996407227838,3460812
2024-12-19,1849.9921875,1861.4215871685926,1826.798541101202,1826.798541101202,1916115
2024-12-20,1828.089599609375,1872.3727705645813,1813.7908837273742,1869.4555850087092,3786921
2024-12-23,1820.103515625,1854.9179204620316,1816.4212486260326,1834.9283209283042,2058339
2024-12-24,1814.31689453125,1839.8538856039963,1806.9523610128151,1825.4594321101026,1310301
2024-12-26,1817.951416015625,1825.7464171594404,1804.130919267359,1822.5901217812946,1065107
2024-12-27,1809.5826416015625,1820.0078503609286,1800.687711936963,1817.2341538282076,1328546
2024-12-30,1844.9228515625,1883.1804092651594,1784.3803365497217,1805.7567235655226,6262203
2024-12-31,1833.876220703125,1843.8232099723618,1796.7185877132538,1831.7719847840262,1968650
2025-01-01,1828.66357421875,1852.5745501977226,1824.7900661618437,1833.8762370338534,880695
2025-01-02,1886.2890625,1890.210556038001,1826.8464684786386,1828.6636092856363,3487645
2025-01-03,1861.85205078125,1905.3221577527042,1856.4481469411373,1893.749268904406,2853344
2025-01-06,1867.9732666015625,1887.4367772234918,1845.9273005851599,1866.2516296719136,1789037
2025-01-07,1832.4415283203125,1894.705684714795,1825.7464552294475,1874.6204654422002,2494547
2025-01-08,1848.079345703125,1854.0570897376158,1812.0216403882027,1823.2597991730452,2372138
2025-01-09,1850.5181884765625,1859.7477312476349,1836.362844846416,1842.8666766230358,2742139
2025-01-10,1908.1915283203125,1915.125711443772,1850.9486744379037,1851.6660037265374,4802079
2025-01-13,1902.7398681640625,1924.5466084379739,1879.7853309792208,1908.0002829355888,5694121
2025-01-14,1734.550048828125,1854.5352783900382,1719.438265459356,1851.7615818536426,15819311
2025-01-15,1746.170654296875,1763.2431840319339,1733.5935747144458,1756.0220228034866,3350594
2025-01-16,1714.177734375,1757.8869483579,1707.5305302718773,1753.1526221840563,5362008
2025-01-17,1728.3319091796875,1732.3896594889736,1690.7973060382847,1712.9702236877545,2424374
2025-01-20,1735.384521484375,1738.0897667398146,1702.9221681054837,1729.491077824964,3401004
2025-01-21,1741.374755859375,1759.1034419574432,1730.747191470232,1730.747191470232,4005357
2025-01-22,1765.8179931640625,1769.4410262938272,1742.9688252421668,1746.9782208892855,3009261
2025-01-23,1745.819091796875,1767.0258675688,1743.1138462506083,1755.52886884039,3750930
2025-01-24,1732.1480712890625,1767.4606169260542,1730.4573223886894,1739.0560118123294,3171259
2025-01-27,1653.9871826171875,1719.491674536344,1649.494715491195,1714.9024988352355,4174844
2025-01-28,1635.9202880859375,1671.909085210521,1633.746468125392,1653.9871001386684,5079829
2025-01-29,1660.798583984375,1665.7258860387553,1638.5773114819663,1638.5773114819663,3733620
2025-01-30,1655.09814453125,1674.2760432117043,1640.3644762901606,1663.6968335184233,2543744
2025-01-31,1667.030029296875,1679.3483424760545,1651.1853914005399,1651.1853914005399,2033832
2025-02-01,1636.64501953125,1673.3100718198589,1630.8481658611277,1667.56157243857,569018
2025-02-03,1634.7127685546875,1643.0215687317504,1605.2454284595824,1608.626926503283,2659929
2025-02-04,1673.889892578125,1677.126445702508,1634.761129345416,1637.7077926042691,3647768
2025-02-05,1654.856689453125,1687.657288812703,1652.1032076944243,1671.426052228862,2681942
2025-02-06,1665.146240234375,1669.928597404779,1654.8568012372875,1665.4843664491111,2057798
2025-02-07,1667.223388671875,1672.3922260951683,1643.0698325468725,1664.8080330593748,2428098
2025-02-10,1675.1456298828125,1681.0874280002695,1654.1320370328092,1665.580798515355,1823071
2025-02-11,1664.856201171875,1689.7827172461298,1656.9338822625002,1683.792682747557,1702553
2025-02-12,1659.156005859375,1683.406150887176,1641.620501779214,1665.5325206329032,2214307
2025-02-13,1645.4368896484375,1671.377786218565,1642.6834077443082,1654.0355795078697,1838463
2025-02-14,1653.3109130859375,1665.049564924085,1642.3934585667596,1653.0693775252237,1460459
2025-02-17,1652.0067138671875,1661.9096722714025,1636.7416186155301,1653.3109823622358,1127023
2025-02-18,1667.0784912109375,1669.9769180284588,1643.6495411026413,1648.2387168970497,1511900
2025-02-19,1654.325439453125,1672.9719143141651,1645.774986099813,1664.856295740352,1294110
2025-02-20,1630.4134521484375,1656.4992937141897,1626.5488830275854,1647.4657690443657,1681532
2025-02-21,1643.1180419921875,1646.4513034452302,1628.0946010908026,1632.7803673148708,1222563
2025-02-24,1588.3861083984375,1632.7802946794557,1582.154420535075,1627.9495837484515,4455420
2025-02-25,1580.705322265625,1596.0186534436289,1576.0195559090769,1580.608731627433,1951519
2025-02-27,1574.0389404296875,1603.796169545569,1560.5129486383394,1565.1504787131457,2266866
2025-02-28,1521.722412109375,1560.2713938910233,1509.548925296973,1557.4213214020822,4910121
2025-03-03,1519.1619873046875,1549.112394882425,1515.345654931609,1521.7222876689495,1784684
2025-03-04,1483.51123046875,1507.1817124918593,1471.4344539263473,1507.1817124918593,3246644
2025-03-05,1519.693359375,1527.85733190497,1479.2120946641812,1480.129882599235,3112003
2025-03-06,1531.7701416015625,1540.7069571720203,1521.8189474584497,1526.5047136565845,2011489
2025-03-07,1505.201416015625,1533.2678982530847,1502.9310050971646,1529.0652026487353,2091986
2025-03-10,1496.84423828125,1519.210337066457,1494.6220639266126,1504.2834864471465,1855766
2025-03-11,1514.7659912109375,1520.6594349132547,1471.0480576269676,1478.1491790525988,1846190
2025-03-12,1488.438720703125,1512.0126150946132,1456.0729554598856,1503.3173348800117,3113860
2025-03-13,1482.7867431640625,1495.5397730438926,1477.3763704252644,1488.43865145314,1983351
2025-03-17,1492.834716796875,1495.153481777532,1467.618427733285,1476.2653536705113,2029100
2025-03-18,1492.834716796875,1492.834716796875,1492.834716796875,1492.834716796875,0
2025-03-19,1492.1583251953125,1508.4861525271813,1473.4634965665346,1505.7326707494562,4522829
2025-03-20,1509.1141357421875,1528.5335706236285,1494.6703568419748,1495.4431998495122,4608677
2025-03-21,1513.6549072265625,1538.1467058554922,1469.9853278367539,1483.1248379059398,8109210
2025-03-24,1549.8370361328125,1556.358495992976,1507.18183434888,1537.1322425955566,2487843
2025-03-25,1569.884521484375,1602.7815934097953,1564.1359044960918,1567.082685450675,4906013
2025-03-26,1578.0968017578125,1589.2556741740043,1567.0827563317714,1569.884592492202,3096513
2025-03-27,1574.956787109375,1589.3039757038034,1558.9188496046233,1570.6091470542583,3383080
2025-03-28,1538.5814208984375,1570.512467106751,1528.050447554126,1561.3823527478442,2211077
2025-04-01,1478.5357666015625,1531.3354640765813,1474.4296620448904,1523.6063260875512,4126827
2025-04-02,1475.8306884765625,1486.4582535672753,1455.396755646507,1463.7055556754244,3167863
2025-04-03,1420.32568359375,1449.2133601604044,1415.3983817566616,1449.2133601604044,3966161
2025-04-04,1373.95068359375,1406.8961062582325,1371.0522572372747,1399.9399301776,4421312
2025-04-07,1327.575927734375,1336.8992232309022,1258.641707724703,1299.4612142696033,6484139
2025-04-08,1355.835693359375,1376.0280898289989,1325.5471576235818,1333.2762955689088,3938359
2025-04-09,1333.2763671875,1341.6817579796348,1311.1034486907115,1333.9043832667496,3306801
2025-04-11,1343.4691162109375,1376.7526686392682,1313.9534241048455,1313.9534241048455,4859622
2025-04-15,1378.2017822265625,1380.4239563549397,1358.3958680760932,1371.9218582276333,3265147
2025-04-16,1383.225830078125,1387.4768796206802,1357.9129499749583,1367.0913014689193,2553111
2025-04-17,1389.3125,1393.273659479303,1337.1408205841446,1371.9219401947148,3549969
2025-04-21,1431.82275390625,1448.24717146118,1381.5833590323464,1386.4140700779142,2840104
2025-04-22,1429.7939453125,1449.1167903929115,1414.9153310131258,1439.5519584906503,2608145
2025-04-23,1540.03076171875,1545.8276152760352,1491.4337588885946,1502.3512135963967,13293318
2025-04-24,1532.9779052734375,1549.0159614375018,1522.7368207144577,1540.9969333554695,3193118
2025-04-25,1524.7655029296875,1563.2180079009242,1515.0074907447076,1536.1660275416993,3800415
2025-04-28,1514.11328125,1533.7567583224293,1502.1902887075348,1529.45666460708,2618810
2025-04-29,1533.36572265625,1544.8977751729592,1512.9403682654263,1519.6836830659456,2231069
2025-04-30,1531.89990234375,1551.8366139276175,1518.706506055622,1535.320412492524,3682256
2025-05-02,1536.6885986328125,1545.0932566245697,1521.7360355269539,1531.4112164014552,1370848
2025-05-05,1532.974853515625,1561.4139275341602,1527.795295583931,1544.1159672656072,1012225
2025-05-06,1543.2364501953125,1547.8297783303724,1529.5544093893036,1540.988757927368,2055057
2025-05-07,1527.7952880859375,1542.5523218157716,1509.9108593146914,1516.7518793892564,5469936
2025-05-08,1544.7999267578125,1561.7070659924163,1520.4655378762384,1526.426974030769,2789018
2025-05-09,1533.7567138671875,1541.8681374630637,1521.9315459661677,1530.4339088517308,2035161
2025-05-12,1632.3651123046875,1636.9583207691708,1557.7979482424228,1562.4889810002123,4028207
2025-05-13,1582.816650390625,1649.7609219305975,1578.516556534311,1646.7313510197612,3118470
2025-05-14,1600.5054931640625,1605.0011161642653,1580.2756668548495,1592.980418660114,1569126
2025-05-15,1657.4815673828125,1663.9316486793148,1588.0940725218575,1612.5262890221936,4961582
2025-05-16,1622.2012939453125,1655.038165485982,1620.3444218339287,1653.4745276598394,2586263
2025-05-19,1612.13525390625,1626.2082336338199,1600.896434983901,1623.2763678279898,1642018
2025-05-20,1601.0919189453125,1628.1627647334162,1599.2350467946155,1623.080911866382,2421580
2025-05-21,1614.480712890625,1619.8558000098128,1591.4167265660574,1607.6396929207494,1420835
2025-05-22,1595.9122314453125,1603.4373056992788,1577.3437486544608,1601.1896135717705,2202093
2025-05-23,1610.7669677734375,1632.8537848172423,1585.6506993306352,1595.9122292800785,1459454
2025-05-26,1635.5902099609375,1637.74031650289,1608.2261286111677,1614.871738943854,1078813
2025-05-27,1614.5784912109375,1637.447068579784,1604.2192557885498,1635.7857256593927,2740015
2025-05-28,1619.6605224609375,1628.944764607831,1609.5944016772385,1626.2083086769428,1775441
2025-05-29,1626.8922119140625,1637.4469760410148,1617.9989099115317,1632.0718889814948,2374051
2025-05-30,1599.4305419921875,1626.8923285324765,1590.3418293460747,1626.8923285324765,4408910
2025-06-02,1594.4464111328125,1598.06233137024,1569.2323165811392,1588.1917399969473,1883100
2025-06-03,1593.3714599609375,1614.1876369033746,1580.2757680175937,1609.4967228998926,2380133
2025-06-04,1589.1689453125,1607.2487841475554,1585.3574959687687,1593.9576832419102,1659720
2025-06-05,1595.325927734375,1616.3376325452718,1587.703028967531,1597.7691492240142,1409322
2025-06-06,1600.5054931640625,1602.557894663253,1585.1621098568744,1594.1531172614302,1261281
2025-06-09,1610.8648681640625,1620.3445199888556,1601.77603634604,1610.571633861058,1299786
2025-06-10,1630.215087890625,1646.6335840705608,1611.5488995120772,1615.751288206324,3055223
2025-06-11,1682.793212890625,1686.2137228863323,1628.1627579567419,1637.9356436587632,5085821
2025-06-12,1662.5633544921875,1686.8001600145808,1656.504212760553,1685.822871393483,3607962
2025-06-13,1656.79736328125,1672.1407461373924,1626.7945325520482,1628.1627604119788,1988422
2025-06-16,1683.8681640625,1690.1228346139003,1645.1675615164684,1653.5722191490133,2116100
2025-06-17,1690.3182373046875,1699.309363464099,1680.9362911670594,1688.754599498069,1777245
2025-06-18,1676.9295654296875,1705.368640386869,1671.1635387172182,1688.657028859282,1794428
2025-06-19,1674.9749755859375,1680.6431779554941,1658.6541841904886,1680.6431779554941,2514527
2025-06-20,1700.3843994140625,1703.0230308224286,1670.283863869687,1674.974896704472,2719770
2025-06-23,1664.5179443359375,1690.513917292285,1660.6087898219519,1689.9274486768445,2221446
2025-06-24,1653.3768310546875,1693.2501326643085,1650.8357853641514,1680.838615690037,3601071
2025-06-25,1678.102294921875,1681.6205101558849,1662.367971723991,1663.345260361101,1307518
2025-06-26,1684.9432373046875,1687.679693080965,1664.0292375800627,1671.1634920195497,2971055
2025-06-27,1684.1614990234375,1712.698278541594,1671.945391473212,1695.5957279712784,6478283
2025-06-30,1689.341064453125,1695.4003254033596,1674.3886203248433,1685.8228493228191,1855229
2025-07-01,1679.2750244140625,1705.368581931321,1675.072635776667,1689.3410252673389,1639826
2025-07-02,1679.568115234375,1699.01618166813,1672.140745950055,1682.890920237285,2069447
2025-07-03,1673.020263671875,1691.1978065279343,1667.7428817335567,1677.027122797998,1839063
2025-07-04,1686.702392578125,1689.7319633318016,1667.449735876389,1676.0499231428803,768500
2025-07-07,1671.554443359375,1686.3114773426612,1664.615718167014,1686.3114773426612,1366412
2025-07-08,1669.306640625,1679.8614052673206,1649.1745192422793,1661.390626792222,2139193
2025-07-09,1635.9810791015625,1675.365856502806,1633.0492133684056,1671.1634678994455,2894808
2025-07-10,1625.9150390625,1641.7471863795888,1611.5489439820735,1636.9584482534708,2740853
2025-07-11,1601.0919189453125,1617.9012347035837,1592.980376059705,1605.880537520897,2548153
2025-07-14,1583.0120849609375,1605.0987829445833,1570.5027434544527,1602.753266499877,3334703
2025-07-15,1530.824951171875,1584.575826428627,1514.7973935993668,1553.8889392406409,14685607
2025-07-16,1527.3067626953125,1538.252347947558,1524.570306733285,1530.8249780051106,5218099
2025-07-17,1508.8358154296875,1531.2157470727775,1507.3698826054404,1528.0883521356325,4966082
2025-07-18,1525.4814453125,1526.6633301202655,1506.9644484412943,1520.7536656165742,3902458
2025-07-21,1507.3585205078125,1527.352814206147,1503.0247422895857,1525.4815165452098,3368842
2025-07-22,1497.2135009765625,1516.6169718680485,1495.4406737376653,1510.0177742647013,3218227
2025-07-23,1506.7674560546875,1512.8740610728175,1495.1450681696203,1501.1532028292183,3471536
2025-07-24,1484.5076904296875,1514.7455462558817,1478.9920275496038,1506.9644638665545,4654421
2025-07-25,1467.6651611328125,1489.4324014259423,1464.2178568256334,1478.4995460982325,2733655
2025-07-28,1444.0264892578125,1471.703393813639,1441.465658700526,1467.6651471387913,4404841
2025-07-29,1450.231689453125,1455.2548802216168,1439.0033028790403,1444.0264936475323,6223556
2025-07-30,1454.2698974609375,1461.952509184248,1446.6858763290873,1458.209673681624,1642426
2025-07-31,1445.7994384765625,1460.3765387150347,1437.5258841615207,1442.9430765992654,2306285
2025-08-01,1430.2373046875,1444.8145254719295,1428.1689461223614,1442.943107633972,2152783
2025-08-04,1452.2015380859375,1453.186482140495,1418.9103809489254,1430.2372375763357,2384774
2025-08-05,1460.3765869140625,1463.036008156187,1449.0497296249407,1457.6188155396505,2614394
2025-08-06,1441.170166015625,1461.361520163538,1434.4726182426073,1458.6037488096254,1735697
2025-08-07,1453.2850341796875,1456.9292792933993,1429.1539034867683,1436.0485122561738,1495363
2025-08-08,1453.48193359375,1459.8840701262184,1437.0334155186883,1452.595580105969,2815614
2025-08-11,1465.5968017578125,1507.9493975075343,1443.5340301579827,1452.7925286241757,2374556
2025-08-12,1476.5296630859375,1487.1671073639752,1466.5817518112065,1467.566695902416,3422656
2025-08-13,1478.49951171875,1484.8031777803567,1466.5817125803987,1477.416097293887,2916128
2025-08-14,1467.3697509765625,1493.3721787241154,1463.429974623002,1478.4010766735587,4227538
2025-08-18,1462.64208984375,1479.287670333578,1453.6791219592094,1475.5448344012702,2795155
2025-08-19,1453.8759765625,1460.2781132767866,1447.0798381577704,1454.0730375239393,2515817
2025-08-20,1473.476318359375,1477.711625923567,1436.048443962546,1445.8978845932904,10219330
2025-08-21,1471.0140380859375,1482.340895426405,1463.7254275768885,1477.416174843593,2157601
2025-08-22,1444.2235107421875,1469.0440527458952,1441.9580913308687,1467.172635001644,2802805
2025-08-25,1481.5528564453125,1486.9700489562556,1453.9744218441479,1457.7172574901363,2764914
2025-08-26,1470.3245849609375,1483.8182708946867,1462.6419729695385,1479.2875521292813,4092265
2025-08-28,1427.971923828125,1465.5967382355561,1424.2290883660041,1465.5967382355561,4367902
2025-08-29,1432.896728515625,1440.5792203762308,1417.5315043295445,1427.9720080027619,3404604
2025-09-01,1446.2919921875,1450.3302390953695,1424.229219512329,1424.229219512329,2105254
2025-09-02,1443.632568359375,1455.1564868606395,1437.7229035584512,1446.8829320928585,1295198
2025-09-03,1444.0264892578125,1452.7925156018284,1430.7297441997619,1452.7925156018284,1800307
2025-09-04,1421.56982421875,1443.8295361526164,1419.205934404439,1443.0415328037025,2192155
2025-09-05,1397.6356201171875,1430.4343053841567,1381.679574449836,1426.1989978362844,3895199
2025-09-08,1381.8765869140625,1407.0911320942328,1379.90669869323,1402.4619428682502,2929976
2025-09-09,1405.6136474609375,1410.2429566938608,1387.8846543370264,1388.9680687592238,2906889
2025-09-10,1441.8597412109375,1449.7392942796687,1410.5384696697556,1413.2963613367867,3205017
2025-09-11,1445.6024169921875,1448.2618382191527,1436.3440385771949,1441.859701527013,1982922
2025-09-12,1445.10986328125,1457.7171952248143,1440.9731463607454,1452.7924749706763,2110883
2025-09-15,1444.4205322265625,1446.1934797112908,1430.1388426818744,1445.1099450081597,1725617
2025-09-16,1460.7705078125,1462.8388662870202,1439.101738544819,1441.8596299991318,1724524
2025-09-17,1459.1947021484375,1476.4312241110413,1453.0880967460891,1468.3547304843955,2656774
2025-09-18,1471.3095703125,1480.2725377322047,1463.7254284708758,1470.1275652324414,2792406
2025-09-19,1445.306884765625,1471.3094310439387,1441.9580510377682,1471.3094310439387,3197957
2025-09-22,1418.2210693359375,1427.3809775570503,1393.6959365821042,1401.5754895804482,4457129
2025-09-23,1408.273193359375,1422.4562929293581,1399.0146943055404,1422.4562929293581,3106480
2025-09-24,1420.5848388671875,1422.948608380378,1398.620538653115,1403.6437292172852,2894044
2025-09-25,1402.3634033203125,1420.7818091834802,1394.6807915451006,1418.5163897483094,2713246
2025-09-26,1374.29248046875,1405.0226867226033,1371.0421170121724,1398.6205504003483,2568054
2025-09-29,1366.511474609375,1381.4825769045776,1362.177696503153,1376.0653843299085,2990852
2025-09-30,1364.2459716796875,1383.8463822072579,1361.0941988309764,1371.140579989617,2782077
2025-10-01,1368.579833984375,1375.7699740443054,1361.192753196406,1365.2309999806755,2253527
2025-10-03,1372.51953125,1378.7247268470078,1359.6167882642824,1375.4743633947794,2793839
2025-10-06,1396.355224609375,1399.605588283867,1369.8603240853759,1372.5196251045522,1970901
2025-10-07,1411.8189697265625,1420.190995007908,1395.8628023450046,1400.590582361564,1592836
2025-10-08,1431.3206787109375,1436.737871112136,1405.7121328143633,1411.6217972520342,1735807
2025-10-09,1464.119384765625,1468.6501035176059,1430.6312858204308,1431.320698588094,2681316
2025-10-10,1472.98388671875,1475.938718988998,1451.7091184194492,1468.5516383133775,2129445
2025-10-13,1472.1959228515625,1479.5830037253727,1454.269988024091,1467.5667335969492,1820492
2025-10-14,1472.885498046875,1511.889262130931,1467.7637163549157,1492.5843809410892,5802489
2025-10-15,1473.1807861328125,1486.6745919280122,1463.7253471796544,1475.3477352096886,1710696
2025-10-16,1492.1903076171875,1497.016557741116,1475.446257960757,1477.3176757923743,2021043
2025-10-17,1475.5111083984375,1490.5026052102426,1468.5614528351703,1488.2190984767906,3210161
2025-10-20,1484.64501953125,1499.0407346788663,1478.390281024646,1479.184575854568,2354881
2025-10-21,1475.3126220703125,1492.1903573160696,1470.3485822921484,1491.8924664524288,274400
2025-10-23,1512.9400634765625,1536.370306923643,1494.6723729069756,1499.1400086944757,5011470
2025-10-24,1512.8408203125,1521.5774576588615,1505.4940171584299,1514.032141389429,1491451
2025-10-27,1522.470947265625,1538.355874005925,1515.8191826700736,1520.3860748694353,1394846
2025-10-28,1511.1529541015625,1530.9098565142488,1501.1256180606642,1523.9602008750792,1936466
2025-10-29,1546.099853515625,1547.7875785367585,1511.053684754937,1518.9961482753308,2596355
2025-10-30,1538.65380859375,1548.6811446451054,1527.0378828693122,1546.4968944408054,2183395
2025-10-31,1530.4134521484375,1546.993296406407,1526.541476911987,1538.6538065954383,1723467
2025-11-03,1532.3990478515625,1538.5544085723318,1517.2090379673377,1529.0234766336932,2252136
2025-11-04,1518.1025390625,1530.8105286880013,1514.0320509018281,1525.3500852257325,1666863
2025-11-06,1515.4219970703125,1520.8824404996724,1503.4090457641944,1518.102529913232,2474769
2025-11-07,1501.522705078125,1507.876699931102,1479.7801876431495,1504.2032379541695,2238714
2025-11-10,1529.420654296875,1533.7890335362633,1500.5299670520405,1507.0824753149343,1558896
2025-11-11,1558.70849609375,1561.1905159919884,1530.1155783890918,1536.6682078743436,2270763
2025-11-12,1582.535888671875,1588.4927364335006,1562.1833254863207,1563.672537426727,2331564
2025-11-13,1587.00341796875,1593.4566692773499,1568.6364719365813,1587.8969693114916,1944022
2025-11-14,1583.1314697265625,1586.5070408604847,1562.778907562833,1578.5645775770781,2543918
2025-11-17,1594.8466796875,1596.1372572784026,1574.0969697549983,1582.5358371425214,2000978
2025-11-18,1583.7271728515625,1592.46393117536,1578.6638766106146,1592.46393117536,1640123
2025-11-19,1650.6424560546875,1657.4928550760465,1577.1746685281062,1583.8265544385058,6342672
2025-11-20,1633.566162109375,1656.400744077912,1630.7862514797346,1650.6424097132451,2724035
2025-11-21,1596.4351806640625,1631.6798628242454,1594.449564767714,1624.2338032129392,2958835
2025-11-24,1598.81787109375,1628.2049607815773,1591.371811821883,1602.689846153595,6392688
2025-11-25,1589.584716796875,1607.2567460310713,1581.1458495813354,1606.6610855249191,2285950
2025-11-26,1606.263916015625,1615.7948475599933,1589.5846949187028,1589.5846949187028,1243303
2025-11-27,1617.2840576171875,1621.4538022906338,1602.3919392229225,1607.4552352384987,2106176
2025-11-28,1612.5185546875,1625.127287826632,1607.3560020460795,1617.2840811198662,1841289
2025-12-01,1631.0841064453125,1634.6581906102379,1616.2912446483251,1618.2768604279913,2034350
2025-12-02,1623.7373046875,1641.0121862182775,1612.320013948334,1639.1258269881153,2326220
2025-12-03,1628.701416015625,1642.6999836490309,1617.0856116627165,1623.7373763447454,2371611
2025-12-04,1642.699951171875,1659.9748331234766,1633.2682759836734,1638.1330590034308,3935708
2025-12-05,1670.895751953125,1678.8382154205196,1639.1258980835469,1650.7417024276615,3391204
2025-12-08,1676.4554443359375,1683.206586728738,1664.8396400459083,1670.8957441731231,2702407
2025-12-09,1645.6783447265625,1674.866921117288,1644.4870237279085,1674.866921117288,2817704
2025-12-10,1654.0179443359375,1658.981983784725,1645.0826733281203,1651.33741151054,1482249
2025-12-11,1660.3719482421875,1665.3359877184005,1637.1402192550368,1655.5071653170248,1408684
2025-12-12,1661.1661376953125,1665.8324075629043,1648.0611218299982,1665.336003610546,1284337
2025-12-15,1671.8885498046875,1675.8597815144374,1648.0611595461885,1661.1661757114134,1689723
2025-12-16,1639.82080078125,1669.9029293771819,1633.5661835709452,1668.910121452463,1929309
2025-12-17,1643.09716796875,1652.5288435552777,1634.4597872243548,1639.1259361428438,1394918
2025-12-18,1649.4510498046875,1661.8611484080207,1639.3243366289462,1645.0826708578404,1822056
2025-12-19,1630.5877685546875,1668.9101304161918,1620.758945808705,1662.953282835884,3487150
2025-12-22,1658.287109375,1661.4640462269583,1632.1762127260945,1640.0194194953087,1339691
2025-12-23,1667.818115234375,1674.7677709501743,1644.2884938811706,1663.0525885523043,1614314
2025-12-24,1662.6553955078125,1667.917326025199,1653.124463597572,1663.9460942965677,989858
2025-12-26,1648.9547119140625,1664.343234798626,1638.6294852240096,1656.0036239646458,921138
2025-12-29,1619.0711669921875,1648.8554039037997,1613.7099801096233,1647.7632182631444,1516288
2025-12-30,1603.583251953125,1623.9358136537296,1599.512763851478,1619.0711519572365,3323273
2025-12-31,1611.6251220703125,1619.9646115256955,1605.1718706821791,1612.816443080404,1359963
2026-01-01,1622.7445068359375,1633.8639067998354,1606.7603239406958,1611.227959474964,773806
2026-01-02,1628.403564453125,1631.183475212849,1613.4121885237892,1620.262587673384,950573
2026-01-05,1596.0379638671875,1621.7517128456075,1568.7357464792142,1613.3128456529612,3245802
2026-01-06,1604.675537109375,1614.3057257417076,1585.8121860705728,1588.7906099188046,2112043
2026-01-07,1635.849609375,1642.6007519063255,1605.0725629506446,1609.1431724961542,3816569
2026-01-08,1634.8568115234375,1648.6568663406495,1623.63815434392,1641.409440982351,3266398
2026-01-09,1649.4510498046875,1662.95321284664,1635.2538485255266,1635.2538485255266,3281306
2026-01-12,1655.6064453125,1665.137377003319,1629.6941831182085,1647.2668346358942,4175707
2026-01-13,1653.025146484375,1685.3906596485378,1614.3056385487048,1672.881304400103,7149266
2026-01-14,1656.5,1665.8324186046716,1637.3387588350079,1653.0251723104584,2470615
2026-01-15,1656.5,1656.5,1656.5,1656.5,0
2026-01-16,1698.0,1700.9000244140625,1664.800048828125,1670.0,3098089
2026-01-19,1716.800048828125,1719.0,1685.0999755859375,1698.0,2087629
2026-01-20,1687.300048828125,1720.0,1681.800048828125,1720.0,1739341
2026-01-21,1682.5,1694.9000244140625,1668.9000244140625,1687.5999755859375,1728435
2026-01-22,1703.0999755859375,1709.0,1681.5,1690.5999755859375,1853439
2026-01-23,1707.0,1721.0,1698.800048828125,1712.699951171875,1874357
2026-01-27,1720.199951171875,1725.5,1700.5,1720.0,2671530
2026-01-28,1729.5999755859375,1734.4000244140625,1691.0,1705.0999755859375,2713867
2026-01-29,1721.5999755859375,1725.0,1696.0999755859375,1722.800048828125,2235602
2026-01-30,1695.5999755859375,1713.199951171875,1683.0,1713.199951171875,4448681
2026-02-02,1676.800048828125,1688.5,1653.5999755859375,1670.0,1916380
2026-02-03,1695.300048828125,1780.0999755859375,1689.0999755859375,1780.0,3200948
2026-02-04,1621.800048828125,1645.0,1586.0,1642.0,5834470
2026-02-05,1610.0,1631.800048828125,1600.199951171875,1613.699951171875,3184531
2026-02-06,1593.699951171875,1612.0,1574.0999755859375,1612.0,3342992
2026-02-09,1602.0,1619.9000244140625,1594.4000244140625,1600.4000244140625,1863558
2026-02-10,1573.0999755859375,1602.4000244140625,1567.800048828125,1595.0,3234785
2026-02-11,1551.5999755859375,1578.0999755859375,1546.0999755859375,1574.0,2944646
2026-02-12,1476.0999755859375,1535.0,1469.5,1529.0,5397659
2026-02-13,1455.199951171875,1476.800048828125,1396.0,1423.0,7214938
2026-02-16,1461.800048828125,1467.0,1446.800048828125,1451.0999755859375,2388700
2026-02-17,1482.5999755859375,1510.699951171875,1458.0,1464.0,2840341
2026-02-18,1467.199951171875,1483.199951171875,1443.4000244140625,1483.199951171875,2036245
2026-02-19,1450.4000244140625,1501.800048828125,1443.0,1470.0,2397127
2026-02-20,1436.5,1455.0,1431.0,1443.0,2392491
2026-02-23,1426.199951171875,1441.5999755859375,1415.5,1438.199951171875,2629763
2026-02-24,1339.199951171875,1406.699951171875,1322.5,1402.300048828125,10004684
2026-02-25,1378.199951171875,1391.4000244140625,1354.0,1355.0,5703505
2026-02-26,1373.5,1405.0,1368.0,1391.0,2329520
2026-02-27,1389.0999755859375,1404.800048828125,1382.0,1398.0,8651443
2026-03-02,1371.0,1386.0,1350.0,1351.0,2088938
2026-03-04,1364.0,1382.0,1356.0,1356.0,3161598
2026-03-05,1354.0999755859375,1378.199951171875,1332.5,1378.199951171875,2217963
2026-03-06,1356.699951171875,1380.800048828125,1354.199951171875,1356.0,1871596
2026-03-09,1358.5999755859375,1372.699951171875,1328.0,1330.0,2256550
2026-03-10,1361.5,1364.4000244140625,1345.0,1361.0,1671877
2026-03-11,1350.300048828125,1376.0,1346.9000244140625,1367.199951171875,1837000
2026-03-12,1358.0999755859375,1363.4000244140625,1341.0,1350.0,2616965
2026-03-13,1325.4000244140625,1356.699951171875,1321.0,1350.0,2190786
2026-03-16,1328.5999755859375,1337.699951171875,1302.4000244140625,1312.800048828125,3618375
2026-03-17,1321.0999755859375,1328.5999755859375,1297.699951171875,1328.5999755859375,2285672
2026-03-18,1357.199951171875,1378.4000244140625,1326.5,1326.5,2564106
2026-03-19,1311.800048828125,1354.199951171875,1309.199951171875,1341.4000244140625,1663249
2026-03-20,1333.699951171875,1352.5,1328.9000244140625,1334.9000244140625,5050431
2026-03-23,1358.5999755859375,1365.0,1310.0,1314.800048828125,5166409
2026-03-24,1373.300048828125,1394.0,1360.0,1380.0,3555664
2026-03-25,1381.300048828125,1411.4000244140625,1348.0,1348.0,4167275
2026-03-27,1364.4000244140625,1407.4000244140625,1359.800048828125,1377.0,8956139
2026-03-30,1341.5999755859375,1359.199951171875,1336.199951171875,1350.0,5541018
2026-04-01,1354.4000244140625,1399.699951171875,1349.0,1399.699951171875,2469237
2026-04-02,1402.199951171875,1412.800048828125,1341.199951171875,1347.0,6509389
2026-04-06,1403.300048828125,1422.300048828125,1394.0999755859375,1397.0,2134581
2026-04-07,1441.5999755859375,1446.5,1388.0999755859375,1391.0,3459049
2026-04-08,1461.0,1466.0,1431.9000244140625,1449.9000244140625,4239052
2026-04-09,1464.9000244140625,1469.0,1436.0,1458.9000244140625,3101205
2026-04-10,1451.199951171875,1457.5999755859375,1421.0999755859375,1452.0,3450066
2026-04-13,1429.4000244140625,1447.800048828125,1417.5,1441.0,2252652
2026-04-15,1451.300048828125,1474.9000244140625,1437.0999755859375,1445.0,3993858
2026-04-16,1450.199951171875,1468.699951171875,1435.0999755859375,1460.0,5229848
2026-04-17,1442.300048828125,1458.0,1430.0,1443.300048828125,3319268
2026-04-20,1428.300048828125,1451.9000244140625,1424.0,1445.9000244140625,2352656
2026-04-21,1441.199951171875,1455.0,1422.4000244140625,1430.0,3089128
