Price,Close,High,Low,Open,Volume
Ticker,HDFCBANK.NS,HDFCBANK.NS,HDFCBANK.NS,HDFCBANK.NS,HDFCBANK.NS
Date,,,,,
2006-04-21,36.3616828918457,37.06222411262718,35.88394531135869,35.88394531135869,28008920
2006-04-24,35.236961364746094,36.3209773126382,34.6628198227513,36.098176946666875,11868720
2006-04-25,35.3333625793457,35.776825397368754,35.13412793514057,35.26695103127732,17786760
2006-04-26,35.86466598510742,36.50521911042142,35.196258317962766,35.34836484136638,18299760
2006-04-27,35.314083099365234,36.59091018649312,34.54498923974868,35.86251775434448,18850140
2006-04-28,35.02058029174805,35.176969071328465,31.74496416701326,34.23434756044346,19290100
2006-05-02,36.475223541259766,37.31930009735076,35.605440131741744,35.94821343243493,17044980
2006-05-03,36.98509216308594,37.44783506622631,36.4238041578809,36.54805937829422,8016660
2006-05-04,37.8655891418457,38.343326635520754,36.25027775341583,36.41951996669742,9527480
2006-05-05,37.647071838378906,38.17622631204581,36.895117029502416,37.70491552180883,9352040
2006-05-08,37.537818908691406,38.34761749711623,37.06222249721289,38.047693304710194,32176720
2006-05-09,36.53306579589844,38.30048381603363,36.33383115180516,37.74990802354334,14694840
2006-05-10,37.32143783569336,37.696344636080184,36.56733867047262,36.633750209226974,18600680
2006-05-11,37.53488540649414,37.89276864779449,36.00416796744698,37.47020660250471,6720720
2006-05-12,37.741844177246094,37.89707195205575,36.70699344174832,37.08212777915495,4342920
2006-05-15,36.372833251953125,37.72891687383593,35.83384872518404,37.383965460823525,7634320
2006-05-16,36.55177307128906,36.65094767127955,35.40050291631933,36.21976005161744,7620200
2006-05-17,36.405174255371094,37.29773257973748,35.65921815630801,37.29773257973748,6975220
2006-05-18,35.3422966003418,36.392240837787824,34.66749011836376,36.09040748806805,10689980
2006-05-19,34.911102294921875,36.00416443496776,32.99447355329514,35.961046333105465,9194180
2006-05-22,33.93231201171875,35.96105069608469,30.614323173959985,34.92619967733463,7656500
2006-05-23,33.68437957763672,34.495011155498716,32.03724292654968,34.27941733577685,10653680
2006-05-24,33.14107894897461,34.45188963784257,32.20971216094989,34.106938244566685,24265960
2006-05-25,32.690486907958984,34.06381827560695,31.39907894220564,32.384344125815645,17455920
2006-05-26,33.37176513671875,34.02070462450582,32.339072211564364,32.77025984105189,6039860
2006-05-29,32.95566177368164,33.977577364512335,32.68616957786444,33.632626037986455,4832680
2006-05-30,32.343379974365234,33.12382840954792,31.30852916674121,33.12382840954792,5578720
2006-05-31,32.1320915222168,33.41703173846697,30.84068704624766,31.573704491082577,12457300
2006-06-01,31.849679946899414,33.30925129701777,31.606061122630035,32.77026664819871,10589920
2006-06-02,32.98800277709961,33.41703557947649,31.649167258373218,31.90787913395175,8813740
2006-06-05,31.882007598876953,33.37391608495904,31.481003057119352,32.89961045130055,6723300
2006-06-06,31.157609939575195,31.692281523066143,30.840686861168567,31.692281523066143,3770720
2006-06-07,31.077844619750977,31.46375935983107,30.61431927061821,31.118807967662303,4635600
2006-06-08,29.866214752197266,31.261107176995125,27.596011852795698,30.657443759775028,14506360
2006-06-09,30.730731964111328,31.0455002895145,28.51227370339092,29.622580210365253,7441120
2006-06-12,29.848960876464844,31.383990965573464,28.680442878188256,30.954958120367912,7149800
2006-06-13,28.098342895507812,29.228055694193475,27.596008901213832,28.932689924426253,7793300
2006-06-14,27.550731658935547,29.01030094846322,26.52666111787303,27.940957552027996,19552540
2006-06-15,30.08395767211914,31.252478973449048,27.768482344931925,27.768482344931925,15544960
2006-06-16,31.670738220214844,33.050540963477545,30.61432957199147,30.61432957199147,24585060
2006-06-19,31.748342514038086,31.912195911112306,30.377165783771677,30.377165783771677,3769620
2006-06-20,30.56903839111328,31.347332011785678,30.193907346657735,31.045502057660553,5362620
2006-06-21,30.573348999023438,30.920455066270783,30.269361023607534,30.829906086514892,4450520
2006-06-22,31.517658233642578,32.77025768868021,31.261101084596252,32.11485398237475,3886540
2006-06-23,32.31319808959961,32.360628986269866,30.29524009662021,30.390101889960714,5514720
2006-06-26,32.83924865722656,33.28768085894602,31.27188083578027,31.27188083578027,15341120
2006-06-27,31.953153610229492,32.765939742108564,31.51980803375252,32.33906500515644,7523400
2006-06-28,31.332250595092773,33.41704246233364,31.133904673306226,33.41704246233364,10551840
2006-06-29,32.31103515625,32.813369002450955,31.52627401606517,31.907875885268403,21540020
2006-06-30,34.32038116455078,35.1331707973072,32.55898002772316,32.55898002772316,12039800
2006-07-03,33.567962646484375,34.49501688315952,33.244571863204754,34.49501688315952,10040440
2006-07-04,33.945247650146484,34.061670159805814,33.63263725666253,33.63263725666253,4172900
2006-07-05,34.814083099365234,35.18490466867963,33.54854864798066,33.632630091621714,12820100
2006-07-06,34.49501037597656,34.70844943697011,33.934465141486726,34.516571073341765,7704840
2006-07-07,33.60245132446289,34.92404243114062,32.38218957155949,34.58124577341231,3791100
2006-07-10,33.572261810302734,33.63262780215626,32.89961030696355,33.248871158358924,2795580
2006-07-11,32.83708190917969,33.419184347398534,32.55680939012635,33.419184347398534,2273680
2006-07-12,32.82200241088867,33.28768253453038,29.320757795698412,29.320757795698412,6166200
2006-07-13,32.18168640136719,32.98585032811967,32.02214581025937,32.59778084278998,4184100
2006-07-14,31.446516036987305,32.16659863648993,30.85578776109491,32.16659863648993,9449000
2006-07-17,30.504362106323242,31.476688773882096,30.280142755017188,31.476688773882096,10783540
2006-07-18,30.625097274780273,30.786792610666442,30.22624746371438,30.398723146599632,8153400
2006-07-19,30.06239891052246,31.00238797609629,29.84249232136385,30.700554693198153,5204760
2006-07-20,31.32362174987793,31.90788239525926,30.657437697504985,30.657437697504985,8917160
2006-07-21,30.607851028442383,31.347336158725327,30.398724786240457,30.82991237186089,6075420
2006-07-24,31.455137252807617,31.79362113174631,29.8511219835925,30.398728842940304,5664600
2006-07-25,33.028968811035156,33.19713170834087,31.907881732430358,31.907881732430358,9657240
2006-07-26,33.6800651550293,33.80510995919852,32.38650229911379,32.558978004509285,7089160
2006-07-27,33.984046936035156,34.279409347520534,33.21222084652826,33.84822180855801,17956240
2006-07-28,34.30097579956055,34.55106211397699,33.417039880392586,33.58951558287663,12997020
2006-07-31,34.279415130615234,34.710602742321086,34.10262663075964,34.279415130615234,7149520
2006-08-01,33.68222427368164,34.322538233513605,33.42135757283211,34.322538233513605,4727080
2006-08-02,33.62185287475586,33.93446323074595,32.94488846583303,33.50543366876037,12695780
2006-08-03,34.40229797363281,34.71059547237506,33.636939465215036,33.636939465215036,7324740
2006-08-04,34.51225280761719,34.62004969796218,33.93445976472401,34.408768714002,4704860
2006-08-07,34.645931243896484,34.71061005722284,34.11772696618331,34.11772696618331,14445100
2006-08-08,35.07926940917969,35.18059547086137,34.66748445268664,34.88307825738033,3438540
2006-08-09,34.876609802246094,35.31426495125214,34.62867495945577,35.31426495125214,6521840
2006-08-10,34.730010986328125,35.25821523776064,34.41308777752843,35.25821523776064,4101960
2006-08-11,34.95423126220703,35.18491496650217,34.630840493600026,34.936983359783866,2699400
2006-08-14,34.81624221801758,35.09866955564586,34.55321753189807,34.84426717363021,1755060
2006-08-16,36.48493576049805,37.487448846824805,35.27761252355739,35.70233254837601,13071100
2006-08-17,36.592735290527344,36.864385587926805,36.00416512899579,36.646633741319256,9866860
2006-08-18,36.267189025878906,36.59489252052553,35.83815618281984,36.30599433053033,4090560
2006-08-21,36.11411666870117,36.26287691876265,35.32288780837307,35.32288780837307,3671260
2006-08-22,37.02607345581055,37.5133141681859,35.795031641099335,36.34695113929081,8039200
2006-08-23,36.778141021728516,37.51331657868943,36.40085191820721,37.082129031807945,3791960
2006-08-24,36.79540252685547,36.98296812641459,36.00417348046214,36.43536118681498,4452800
2006-08-25,36.65094757080078,36.88810207684497,36.284438753032866,36.88810207684497,5397320
2006-08-28,36.45476150512695,36.6509526884581,36.219765009770356,36.646639890554965,3380620
2006-08-29,36.45476150512695,37.084295121246946,36.265041163500975,36.56040367069778,4381540
2006-08-30,36.21976089477539,36.931221141720016,36.05375273622485,36.21976089477539,3962340
2006-08-31,36.739341735839844,37.03901699839168,36.13567841344536,36.305996074876795,10372740
2006-09-01,37.78282165527344,37.94451704038873,36.73719018231413,36.75875088287658,7465120
2006-09-04,37.95744323730469,38.23771583033933,37.78281278871317,37.836711237769826,2692780
2006-09-05,37.715980529785156,37.987627538040904,37.51332182804024,37.51332182804024,2327620
2006-09-06,37.25461196899414,38.11267443339879,37.0950713612634,37.94451152051799,5832640
2006-09-07,36.5970573425293,36.99590729513248,36.31462991531028,36.93554127815595,11533820
2006-09-08,36.61644744873047,36.75874013555742,36.286589222713495,36.737179441298764,7094020
2006-09-11,35.47811508178711,36.86653967544844,35.18490738318968,36.82342157353418,16124040
2006-09-12,36.24346923828125,36.6444737868489,35.14825247886316,35.99553771570605,13062940
2006-09-13,37.67716598510742,38.33257288682077,36.53020884165885,36.69405892223726,10416500
2006-09-14,37.31928253173828,37.85826695137806,37.12955896332114,37.728909374784585,4153120
2006-09-15,37.85395431518555,38.2463332637008,37.43785663081789,37.642673342908104,6452060
2006-09-18,38.07602310180664,38.244186011252594,37.56722157613156,37.57368912728714,3088820
2006-09-19,37.98978042602539,38.246334254156274,37.73969085824915,37.944504285943516,5656640
2006-09-20,37.759098052978516,37.972537099567774,36.78461315450579,37.728915052524506,4892100
2006-09-21,38.09327697753906,38.147175438758126,37.642686631275915,38.114834388206084,4567980
2006-09-22,37.765560150146484,38.548166584925134,37.211485874032284,37.94881616981802,5001060
2006-09-25,37.87120819091797,38.19890840260305,36.92043873100317,37.08213408310976,5376480
2006-09-26,38.31748962402344,38.50290044524642,37.56506927963423,37.94451322761816,7099660
2006-09-27,38.77454376220703,39.02247530044584,38.46408818374097,38.591287728065225,8805340
2006-09-28,40.06163787841797,41.165476982062756,38.8521566380181,38.97719813579347,17390220
2006-09-29,39.899940490722656,40.57474675209773,39.4536598089102,40.316034886700585,5290540
2006-10-03,39.658477783203125,40.10044571923148,39.518343132860096,40.10044571923148,4448160
2006-10-04,38.38216781616211,39.664950397406734,38.2161596523279,39.539905586049855,8581240
2006-10-05,40.1435661315918,40.359159938195084,38.72064898183036,38.81982029063563,8565920
2006-10-06,40.26213836669922,40.747224371117284,40.150028680117714,40.48851249336765,4394920
2006-10-09,40.09614181518555,40.31389370102036,39.8848607711358,39.8848607711358,3071960
2006-10-10,40.44538879394531,40.7472187279018,40.100437478252566,40.100437478252566,2897020
2006-10-11,41.646244049072266,41.91142343890488,40.62001898936835,40.73428341302384,6854880
2006-10-12,41.35736846923828,41.706629452089636,40.876595106842736,41.706629452089636,9512260
2006-10-13,42.59055709838867,43.116606512185406,42.12702844095939,42.15721144225754,6900340
2006-10-16,45.22295379638672,45.91932413115891,42.77380812427377,43.075641414707924,19710100
2006-10-17,43.45508575439453,45.792121754325144,42.92903635661451,45.23157984875487,30601940
2006-10-18,42.249916076660156,44.369203466609925,42.064505282217645,44.369203466609925,27611500
2006-10-19,41.54492950439453,43.032528873752625,41.17842065908626,42.428865504579804,11480720
2006-10-20,41.40046691894531,42.20463067308495,41.10294649577161,42.08389870127518,9954600
2006-10-23,41.80363845825195,41.94593116243157,41.18919807334982,41.40479188342786,3487420
2006-10-26,43.110145568847656,43.33436171432901,41.60961099933085,41.60961099933085,22114980
2006-10-27,43.08857727050781,43.67930547051414,42.782434467346974,43.334354072465125,9061660
2006-10-30,44.38429260253906,44.714150838865265,42.226199943682616,42.700505624896095,9888180
2006-10-31,43.31711196899414,44.75296766765348,43.16188414807417,44.75296766765348,8675460
2006-11-01,43.073482513427734,43.894897629201026,42.86866906774472,43.739669834858056,4095260
2006-11-02,43.57366180419922,43.89058494431719,42.51509548692626,42.9462830746024,5641880
2006-11-03,43.18559646606445,43.636186748944844,42.94628720032645,43.409815875428265,4321760
2006-11-06,43.071327209472656,43.58012868671814,42.916099417113,43.54994568763155,2223120
2006-11-07,42.896705627441406,43.96820725092505,42.773815562393985,43.33436084946139,5534540
2006-11-08,43.23086929321289,43.62756109197855,42.47844575395062,43.09504414777779,9443560
2006-11-09,43.88627243041992,44.101866225648706,43.33435284098626,43.377470942091975,6698440
2006-11-10,45.03754425048828,45.27469875029857,43.98113592886146,44.30021383703318,12615760
2006-11-13,45.52478790283203,45.9214797079643,45.08066519820565,45.26823075275943,8058260
2006-11-14,45.94951629638672,46.34189537560523,44.85429919145554,45.692959099739525,11355360
2006-11-15,46.41518783569336,46.56826088142916,45.964597582433534,46.13707328067519,16733080
2006-11-16,49.342952728271484,49.58657477880189,46.56394873421274,46.9563310354316,35798540
2006-11-17,48.57544708251953,49.53052949489628,48.20893821609292,49.45722508985024,17354240
2006-11-20,46.848541259765625,48.28439699824992,46.0508447238413,48.12054357734487,14746560
2006-11-21,47.10293197631836,47.99118065938481,46.137072684231825,46.943394671510035,12461440
2006-11-22,46.46046447753906,47.626827739565925,45.923634724573745,47.60311228968311,17546600
2006-11-23,47.99332809448242,48.405112974613346,46.56825317813754,47.34439204698641,7011380
2006-11-24,47.68934631347656,48.590530078101324,47.34439821878734,48.07741579848961,8895040
2006-11-27,47.90278244018555,48.23264065996632,45.71666164551102,46.837748642064625,2316860
2006-11-28,46.87872314453125,47.818712379390355,46.643726658241675,47.64623665662982,4645680
2006-11-29,46.885189056396484,47.63329988706449,46.5682658726979,46.61138397945471,7745780
2006-11-30,48.37062454223633,48.56897044118684,47.176236351466834,47.176236351466834,18356040
2006-12-01,48.45254135131836,48.931159747318034,48.090342134753925,48.508594542942795,9143700
2006-12-04,47.44573211669922,48.896677560459416,47.34871226886238,48.42237182869255,6395980
2006-12-05,46.81403350830078,48.29300697860867,46.57041148289218,47.68718897991653,5469300
2006-12-06,46.88087463378906,47.77559094405767,46.65450046903673,47.63329823596185,5051120
2006-12-07,47.69581604003906,48.07310519468365,46.91321277340111,47.33146198720166,6126360
2006-12-08,46.82050704956055,47.68934983561151,46.74073839303045,47.581552931240914,3701000
2006-12-11,44.52873611450195,46.97788149012974,42.74146519638101,46.97788149012974,13335340
2006-12-12,44.332557678222656,46.007719269081306,43.161881540322774,44.19673252069876,12647160
2006-12-13,44.80471420288086,46.137082578666245,43.5628915570371,44.62361287389466,8708600
2006-12-14,45.0914421081543,45.615336754588114,44.42310329969141,45.274698154660435,9197580
2006-12-15,45.5506591796875,46.3483556058945,45.27685412428306,45.74900508692759,6155600
2006-12-18,45.99478530883789,46.382854847330464,44.49856365413357,45.701577578610234,6566220
2006-12-19,44.789615631103516,46.26643459835828,44.298061989880445,46.26643459835828,10369940
2006-12-20,44.01131820678711,45.188461802425756,43.33435380627706,44.830575304845844,13982640
2006-12-21,43.5197639465332,44.35626893068476,43.11875935296264,43.97682174297052,8435360
2006-12-22,43.36884689331055,43.938014358232714,43.16187541074789,43.938014358232714,7372820
2006-12-26,44.448970794677734,44.61929172911362,43.29123320797109,43.76122608588249,3797560
2006-12-27,45.692962646484375,45.84387768866725,44.62792846497765,44.62792846497765,4520940
2006-12-28,46.57041549682617,46.913212138579716,45.58084074556293,45.9214793439109,9042300
2006-12-29,46.04867935180664,47.374583207125085,45.83524359336393,46.826973108144024,6219780
2007-01-02,46.13706970214844,46.55963496558007,45.92363067203806,46.55963496558007,4033540
2007-01-03,45.93441390991211,46.13707260565347,45.406209764656595,46.05083640264451,3032100
2007-01-04,45.27685546875,45.921482153697376,44.62791927612843,45.53341263248659,6866840
2007-01-05,45.57221603393555,46.30307884485097,44.591263639007146,45.47735424070993,11909340
2007-01-08,44.1945686340332,45.44716792661383,43.832369385384645,45.44716792661383,6214060
2007-01-09,43.718109130859375,44.625760447885064,43.29554713833309,44.49855760969889,10463200
2007-01-10,43.06056213378906,43.9164700489352,42.90317953199911,43.91431529455774,7135500
2007-01-11,42.952754974365234,43.88627659097056,42.303818773497575,43.48527196224057,20115340
2007-01-12,45.774871826171875,46.128445485113595,43.80865436379114,43.9078289476272,13665140
2007-01-15,47.17192459106445,47.559994093061306,46.352667484560065,46.56610653308343,9705900
2007-01-16,47.26247024536133,47.63329182214631,46.57688029211463,47.60310882355684,12846940
2007-01-17,45.75547790527344,47.43064289594179,45.23158647416101,47.38752478761291,17386300
2007-01-18,45.75116729736328,46.30955451759539,45.330756704586285,45.92148497256316,13192660
2007-01-19,46.06807327270508,46.47339059610026,45.360925999781394,45.360925999781394,9001000
2007-01-22,45.54634094238281,46.26642667034567,45.08281562959506,46.137069086000245,6886040
2007-01-23,44.53737258911133,45.490296897121056,44.34764897114897,45.490296897121056,10682440
2007-01-24,45.6390495300293,45.91500931562605,44.843507925574535,44.843507925574535,6323880
2007-01-25,45.968910217285156,46.352666917425495,45.40405551499551,45.75116166396518,10185640
2007-01-29,45.80937194824219,50.01776405163371,45.28763532143317,46.13707546142075,10488760
2007-01-31,46.50788879394531,46.826966655628986,45.102216478333624,45.964591566981305,16488260
2007-02-01,47.6009521484375,47.904940186347396,45.988311496577545,46.570414080219756,8651320
2007-02-02,47.69365310668945,48.508597277780176,47.271087878490654,47.84025528829529,18093780
2007-02-05,47.57508850097656,48.02567880127528,46.79679466877847,46.83775802147847,4368420
2007-02-06,46.96927261352539,47.89201395607177,46.61785361284739,47.89201395607177,6354440
2007-02-07,47.51472091674805,48.06017300736433,46.49711784333494,46.7838580130175,10890960
2007-02-08,47.853206634521484,48.29301658812359,47.17192936098229,47.85751614241808,6671280
2007-02-09,48.02568435668945,48.293021912281965,46.913222602097186,46.92399966272748,9017100
2007-02-12,47.26031494140625,48.293007721555405,46.79894437422582,47.23875424707909,8921780
2007-02-13,46.08102035522461,46.99944876608628,45.330751556796415,46.99944876608628,22695760
2007-02-14,43.86256408691406,45.199245175929406,43.3451402104245,45.199245175929406,26720800
2007-02-15,44.921119689941406,45.91716189102698,43.98544348348527,44.19672446468827,15603000
2007-02-19,44.55245590209961,45.34799752273833,44.26356100969157,45.23157832226203,11822340
2007-02-20,44.48131561279297,44.83919883041827,44.244161110420414,44.81117387264727,4645380
2007-02-21,43.80865478515625,44.49855421293431,43.54994291095197,44.41231801809954,22538940
2007-02-22,42.5711555480957,44.15361333801965,42.17015092634681,43.89490142166241,21479960
2007-02-23,41.31639862060547,43.06701934763314,39.88485581901375,42.234827089226776,10172580
2007-02-26,41.03828430175781,42.55821807688171,40.531637516916135,42.15721344645611,7509420
2007-02-27,42.07959747314453,42.299504076365594,39.669260301285654,41.17841694318239,12713780
2007-02-28,40.3160400390625,40.87658522714348,38.80688346006016,39.06559535852051,18341040
2007-03-01,42.26932144165039,42.64445585160982,40.57475398032403,41.394011108112174,12116680
2007-03-02,40.42815017700195,42.25638467445408,39.84388953326968,42.25638467445408,13026420
2007-03-05,40.0163688659668,40.48851985580841,38.09758519323667,39.74040904089326,9433540
2007-03-06,40.01205062866211,40.66099004086881,39.25316285773424,40.057326771953335,13449560
2007-03-07,39.47737503051758,41.38969070193304,39.06559014368769,41.22152782589673,9825280
2007-03-08,42.00413513183594,42.68756699656237,39.47737585249979,39.62613608202161,10255320
2007-03-09,42.122718811035156,42.64445542607334,41.23231534077597,42.38574351716934,8808060
2007-03-12,40.9649772644043,42.42239347598161,40.753696258886414,42.12271822183367,9646900
2007-03-13,41.40046691894531,41.825186863154336,40.54455948130171,41.39399936971976,6891480
2007-03-14,40.2276496887207,40.48851965582389,39.453668672059266,39.93660000840291,10374460
2007-03-15,39.60026550292969,42.256382556996996,39.4536633057676,41.60960119132867,10091540
2007-03-16,38.957794189453125,40.31603561960438,38.18165857915235,40.31603561960438,9597300
2007-03-19,39.8697624206543,40.229806984760266,39.024635065032456,39.23807412505986,5299660
2007-03-20,41.18918991088867,41.35088523640405,40.2513557070196,40.31603449516571,18142200
2007-03-21,41.635475158691406,41.820885965205896,40.96282353026695,41.30777493903359,6889140
2007-03-22,44.23552703857422,44.498551694544375,42.083902189127976,42.6444472929299,9608520
2007-03-23,43.59953308105469,44.41232262496751,42.94628413280522,44.41232262496751,11551640
2007-03-26,41.96318435668945,43.89490658619116,41.70662716397351,43.89490658619116,15065200
2007-03-28,41.327178955078125,41.95455774673257,41.04906109128467,41.95455774673257,8616320
2007-03-29,40.26213836669922,41.1762571770946,40.01420683587666,41.04905434687519,51260300
2007-03-30,41.141761779785156,41.820880876643265,40.44539478561731,40.79034286271189,21617760
2007-04-02,38.865089416503906,39.75548943992824,38.58697161399547,39.2423785099023,13241560
2007-04-03,39.41918182373047,39.83312165330156,38.85648169968669,38.85648169968669,13015840
2007-04-04,39.88701248168945,40.402281593178536,39.669263902170876,39.88485772772616,7502780
2007-04-05,40.643741607666016,40.876583292168384,39.583020571399764,39.8870053106083,5772400
2007-04-09,41.87479019165039,42.04079836786024,40.64375122013683,40.94989407502586,4271380
2007-04-10,42.77164840698242,42.90316073983322,41.135292462764994,42.04078564958532,7468740
2007-04-11,42.228363037109375,42.98940900478562,42.04079745501434,42.687578954322255,8853740
2007-04-12,41.32286834716797,41.82520235787979,41.04906326628626,41.82520235787979,7133340
2007-04-13,42.308128356933594,42.5582146639376,41.0490580689086,41.394009463652495,8401980
2007-04-16,42.03863525390625,43.07564088107411,41.66134611281273,42.68757139229501,6233680
2007-04-17,42.172298431396484,42.86004309954281,41.89633866275532,42.29949796903422,14800380
2007-04-18,42.27363967895508,42.773815666899594,42.00199263039304,42.47198561294177,6378140
2007-04-19,42.36201858520508,42.77380016175858,41.39831422623755,41.67427397259473,6470360
2007-04-20,42.88591766357422,43.506828851046116,41.825196578109896,42.49353866405258,7150040
2007-04-23,42.54959487915039,43.47664892893543,42.42886287075057,43.07564430692146,6792960
2007-04-24,43.711647033691406,44.179485228634405,42.09469338263007,42.54959647471669,34375140
2007-04-25,44.455440521240234,44.84351001585597,43.7655410250902,43.7655410250902,32408380
2007-04-26,44.60420608520508,45.059109185121365,43.38610229632011,44.81979990905734,25270200
2007-04-27,43.748294830322266,44.84351176235932,42.48276023857905,42.48276023857905,7118740
2007-04-30,44.16007614135742,44.412320479413374,41.83597536196996,43.37746963554527,10217700
2007-05-03,43.31711196899414,44.84351668157333,43.11876603997435,44.19673519097371,20557680
2007-05-04,43.45293045043945,43.981134595236306,43.16187750856145,43.33435320412989,8374140
2007-05-07,43.12092208862305,43.97682988338991,43.03253111575989,43.59954066921261,8307880
2007-05-08,42.74363327026367,43.11445493595077,42.56684803319939,43.11445493595077,9539920
2007-05-09,42.89023208618164,43.03252478698694,42.25638577323111,42.70913407953874,4185720
2007-05-10,43.627567291259766,44.19673486723021,43.12954607349822,43.12954607349822,12945160
2007-05-11,42.799678802490234,43.549944247620346,41.288364275419724,42.540966920345376,14292300
2007-05-14,42.94196319580078,43.97897193649092,42.74146257965321,43.33434541493214,15756120
2007-05-15,43.5952262878418,43.7526088499039,42.90532345584799,43.02390071070321,10986900
2007-05-16,44.64731979370117,45.050482441584656,43.43568367571743,43.98113573315355,47687660
2007-05-17,45.23772430419922,46.012631045652576,44.80577133513949,45.322378037502375,23042340
2007-05-18,46.46411895751953,47.40616375065633,44.844844294601955,45.14872864332641,41166740
2007-05-21,48.04867935180664,48.70854410711153,46.668169642909454,46.88523089706252,22417600
2007-05-22,48.408992767333984,49.18173015754205,48.024793492012336,48.73458458761882,15106340
2007-05-23,48.38945770263672,48.83877603193442,46.69204063128105,46.69204063128105,10822920
2007-05-24,47.369266510009766,48.6651221871626,46.88522094339635,47.99657326885212,7011260
2007-05-25,46.41636276245117,47.10227689836136,46.0647247044615,46.10379412775332,13399620
2007-05-28,48.93210983276367,49.27289754213207,47.70571524961325,47.70571524961325,14364120
2007-05-29,49.680965423583984,49.96748446746287,48.66945949964114,48.92559010989513,8731440
2007-05-30,47.929290771484375,49.70702281610868,47.57982205064292,49.70702281610868,13106680
2007-05-31,49.81989288330078,50.35169221779777,48.244026282907235,48.244026282907235,18391000
2007-06-01,50.07384490966797,50.575255713199056,49.53336137085233,49.793834128416314,14867460
2007-06-04,50.72286605834961,51.40878033223208,49.83725916468617,50.61867759652299,9738760
2007-06-05,50.34083557128906,50.575262076217754,49.930590015686654,50.35820086559021,6234920
2007-06-06,48.93428039550781,50.445024583428285,48.534888558433785,50.358201423052634,9076620
2007-06-07,47.99440002441406,49.05148696361195,47.79687354590835,48.59566045024214,6244300
2007-06-08,47.360591888427734,47.75347219793976,46.71591974878822,47.31934972341303,9823080
2007-06-11,47.638423919677734,48.969010193942395,47.31934367670696,47.99223475107459,9177920
2007-06-12,47.2390251159668,48.361231006114245,46.494503554905485,48.05734337038057,3986840
2007-06-13,47.01112365722656,47.319350219923685,46.66165492908199,47.23903862116288,7293920
2007-06-14,47.59718704223633,48.62171632986875,47.31934892817583,47.71005981110202,6880320
2007-06-15,48.202789306640625,48.53489272612757,47.53640973561144,47.753470967280904,7628140
2007-06-18,47.252052307128906,48.836599701016254,47.02847954012177,47.81207059049632,3837780
2007-06-19,47.75129318237305,48.17456184756311,46.88521782737572,46.88521782737572,12678440
2007-06-20,47.75563049316406,48.42852149676547,47.1977849656364,47.53639988695138,13362220
2007-06-21,47.83161544799805,48.36124540872712,47.57982361222656,47.75347326834799,25488140
2007-06-22,47.88370895385742,48.52186619177904,47.62323282660112,47.62323282660112,12899220
2007-06-25,47.74478530883789,48.1789077297464,47.408339770215555,48.1789077297464,7349860
2007-06-26,47.6970329284668,48.18759008563435,47.31934521922652,47.31934521922652,14878840
2007-06-27,47.33454132080078,47.91626379427512,47.01546106590104,47.91626379427512,9577740
2007-06-28,47.636253356933594,47.86199555210415,46.66815892835552,47.49299216718189,14650180
2007-06-29,49.782981872558594,49.96748188428201,47.44957423842729,47.75345855896625,18784100
2007-07-02,49.817718505859375,50.57526334226593,49.099246410631324,50.57526334226593,10032480
2007-07-03,49.9457893371582,50.922564852392654,49.48995943854555,50.21060429736686,8261500
2007-07-04,49.95664596557617,50.13463778252838,49.09925468014691,50.09773776703406,5851020
2007-07-05,49.01675796508789,50.332148204944446,48.712870321446026,50.13245231391221,10347480
2007-07-06,50.28439712524414,50.618669907537026,48.85179191635241,49.407468044475685,10263640
2007-07-09,50.688133239746094,51.18303251945242,50.48843732969715,50.57526048638239,8755140
2007-07-10,49.89369583129883,52.068650343049434,49.67012302322266,52.068650343049434,18476240
2007-07-11,49.869815826416016,50.531853216889,49.44654710532391,50.01090429608291,8939960
2007-07-12,52.15764236450195,52.31175729767848,49.94579117627156,50.227968130278725,10772120
2007-07-13,53.240779876708984,53.831186705543566,52.2162505744426,52.35516963345711,17223940
2007-07-16,52.86091232299805,53.39705373727865,52.09468657295478,53.39705373727865,6617640
2007-07-17,52.06430435180664,53.29721049136889,51.625839760104235,52.9629376699525,6528200
2007-07-18,52.096858978271484,52.9499112420803,51.052795104969945,51.66056714557137,11781200
2007-07-19,52.496253967285156,52.93905736996337,51.05279496091827,51.70832073006602,19265640
2007-07-20,52.133758544921875,53.22340671968987,51.93189321439381,53.006345515032,7446440
2007-07-23,53.41008377075195,53.61195242955756,51.68444771777376,52.02523211412427,6900560
2007-07-24,54.21755599975586,54.48237097624118,52.57874298327131,53.34931104395919,9134500
2007-07-25,53.78993606567383,54.04823942660301,52.57222258707274,54.04823942660301,5462740
2007-07-26,52.84354782104492,53.722646332541075,51.70397653520315,53.722646332541075,11229180
2007-07-27,50.764102935791016,51.660566771997786,49.928419284086914,51.660566771997786,13060660
2007-07-30,50.742401123046875,52.00786840307774,50.010902576777745,50.3538596936929,9495620
2007-07-31,52.12074661254883,52.52448067253,49.96749939667989,51.22645531688614,12367440
2007-08-01,50.41680908203125,51.66056891034432,48.66729622785923,51.612815178317035,19603560
2007-08-02,50.028263092041016,50.440681348112456,49.49863324846796,49.91105150453941,11486760
2007-08-03,50.141143798828125,50.748915901232216,49.403136946539114,50.66208942255078,5668700
2007-08-06,49.164363861083984,49.48995567473355,48.05735036983899,49.26855231406631,13700780
2007-08-07,49.55073547363281,50.748914345985426,49.09924773460006,50.271380320192215,7850720
2007-08-08,50.868289947509766,51.764750387891546,49.70701128479717,49.70701128479717,9735040
2007-08-09,50.16936111450195,51.76910125483451,49.44654685047405,51.5672359089277,9963460
2007-08-10,49.07754135131836,49.27289511725512,47.362755789498344,47.80773193645568,11183340
2007-08-13,49.30112075805664,49.878501142276626,48.71722548947836,49.489962977971665,6990060
2007-08-14,49.822059631347656,50.010901825561994,48.89520733047165,49.27723718260892,3739280
2007-08-16,47.49299240112305,48.35255291968505,46.93948566496763,47.80989990621722,13261400
2007-08-17,46.368621826171875,47.65796614387495,45.634957074579916,47.30632798889838,17813000
2007-08-20,48.22665023803711,49.44653629290736,47.80338160950066,47.80338160950066,16216840
2007-08-21,47.92494201660156,48.96900919528678,47.71222296298956,48.96900919528678,4472260
2007-08-22,48.50883102416992,48.70418807118988,47.66880532704719,47.92710865822723,10904820
2007-08-23,47.759979248046875,49.707018626915634,46.66816159295573,48.730243151714234,17498560
2007-08-24,47.65361785888672,48.708535500146745,46.887392032088464,47.697032751719284,16790980
2007-08-27,48.60434341430664,48.92125422302527,47.82075235131012,47.82075235131012,11009360
2007-08-28,49.95012283325195,50.28873777903991,48.56744403392077,48.81272425248637,10280800
2007-08-29,50.468902587890625,51.22644743080929,48.64342026231264,48.66512439685055,13768500
2007-08-30,51.25249481201172,51.964455357055286,49.9913696388478,49.9913696388478,18028920
2007-08-31,50.866119384765625,51.87762534326416,50.2713738332045,50.92255741491911,13085820
2007-09-03,51.070159912109375,52.8891338650587,50.80751770952635,52.8891338650587,7861420
2007-09-04,51.072330474853516,51.87762901861321,50.59696920868058,51.22644539076451,4634660
2007-09-05,50.898685455322266,51.415288894370036,50.271378676978244,50.59913991900247,4036960
2007-09-06,51.42613983154297,51.556377878215464,50.31478753174452,50.35819910993832,3003320
2007-09-07,51.94491958618164,52.35516515600654,49.51383460528997,50.45805222909063,5225420
2007-09-10,51.925384521484375,52.35516480314447,50.79232470539668,50.83573628631636,4565040
2007-09-11,51.565059661865234,52.311750741807366,51.319779438766844,51.92538205938703,3622340
2007-09-12,51.31977462768555,52.17716896225051,51.22643990748822,51.74738542916871,2501020
2007-09-13,52.680763244628906,52.83270545297666,51.31327674531563,51.31327674531563,11261480
2007-09-14,53.51427459716797,54.26096576402741,52.528818062732846,52.6156412305619,8943820
2007-09-17,53.22991943359375,54.21754859840752,52.748043283941165,52.8847929056805,4804860
2007-09-18,53.44697952270508,53.60760600658641,52.24880405708986,52.96293396345736,4634780
2007-09-19,57.4908332824707,58.17240871342235,54.52577944508803,55.17696312471589,19943240
2007-09-20,57.57331466674805,58.128990848370535,56.87437728802532,57.608045256122274,10048500
2007-09-21,57.23687744140625,57.84464624818609,56.73980535975009,57.375793186877424,7397100
2007-09-24,58.454566955566406,58.86698845338842,57.96835208341517,58.25921323901856,8850200
2007-09-25,60.618675231933594,61.16783976938011,58.38945922897517,58.454574935319926,9633320
2007-09-26,59.722225189208984,60.343017077375826,59.04498864186901,60.343017077375826,15567160
2007-09-27,62.20975112915039,63.33846557397904,59.52035925423385,59.56377415080476,21646960
2007-09-28,62.32261276245117,62.682935161368974,60.90737607596174,62.44851197219162,11914540
2007-10-01,61.282875061035156,62.93471395134612,60.39509570178921,62.51361476638805,14461960
2007-10-03,61.853759765625,62.46153512045834,61.04195297021638,61.3675447811042,9845300
2007-10-04,61.1982307434082,61.588938224913285,60.25618599980366,61.1244307357542,8058100
2007-10-05,60.913883209228516,61.64537836445881,60.43851867007508,61.211255981610506,5934180
2007-10-08,61.09621047973633,62.513619717389034,60.73371539520744,61.44133696035763,13414460
2007-10-09,61.6953125,61.862447253487865,59.309805204973905,59.309805204973905,9376780
2007-10-10,61.51298904418945,62.94776068572852,60.607840743136705,62.088200015274076,9075580
2007-10-11,63.41226577758789,64.02871882597435,61.68879922099496,61.86244554126234,9010140
2007-10-12,62.19672393798828,63.42529124015275,61.68011717365175,62.73069268531355,9317820
2007-10-15,65.0836181640625,66.20365455737756,62.94773712012948,62.94773712012948,22605080
2007-10-16,65.45480346679688,65.98009449552049,63.60327166022218,65.98009449552049,9401340
2007-10-17,63.50125503540039,64.4584957769479,56.65297643412803,61.05063871691407,12514880
2007-10-18,60.26488494873047,63.51211919562344,59.04499523392501,62.860935485396645,12403100
2007-10-19,59.316307067871094,62.513620676773975,58.094258172425874,58.606519384475604,9959160
2007-10-22,59.55725860595703,60.646903545696766,57.781699416086724,59.85680414943879,11298040
2007-10-23,64.6061019897461,65.76954690052402,60.269216611401895,60.69031589046856,17765180
2007-10-24,65.72395324707031,66.20365657601431,63.75086801483772,65.98659540691261,12287460
2007-10-25,67.46261596679688,68.54141035828877,63.61195253230029,64.90563538458908,12865860
2007-10-26,67.13703918457031,67.71876834476853,64.51928114832012,66.76803904941912,6943260
2007-10-29,71.49778747558594,72.49843636678979,68.3742738189784,68.67815815555973,5857960
2007-10-30,70.35169219970703,74.59958086048387,69.99571532765394,71.84724683148602,8068040
2007-10-31,71.77779388427734,72.45502374819901,68.59133715316801,69.02545954021338,8414440
2007-11-01,73.3753662109375,75.0337102509243,72.33564126047958,75.0337102509243,14329740
2007-11-02,76.86137390136719,78.13334938117362,71.21994868733827,71.21994868733827,5836120
2007-11-05,74.49755859375,75.97140571947854,72.72851147111832,75.97140571947854,9186000
2007-11-06,74.15679931640625,75.88025933071144,73.3666932860259,74.88612184520396,7367280
2007-11-07,70.19107818603516,75.87157262390039,69.89370540613285,75.87157262390039,9072080
2007-11-08,67.521240234375,69.00811102497599,67.07192188630356,68.5913505374496,10426800
2007-11-12,64.13507080078125,65.98660250748789,63.16480700552295,64.26096337776734,16731300
2007-11-13,68.33954620361328,72.93256190922716,61.86244090514804,61.86244090514804,20645840
2007-11-14,76.0712661743164,77.27378707514443,70.3278286863674,71.18738918220755,23823680
2007-11-15,73.82035064697266,75.9714281650625,72.72636022662456,75.9714281650625,9536920
2007-11-16,73.24080657958984,73.9310597335904,70.84878747321741,71.6302092627385,13168660
2007-11-19,71.82772064208984,73.23644567417008,71.42615610756714,73.23644567417008,17750520
2007-11-20,70.77497863769531,72.67209152110075,70.25186031904322,70.76195549483946,11291720
2007-11-21,68.63042449951172,70.02396064045845,67.94017131366894,70.02396064045845,11127660
2007-11-22,69.0992660522461,69.63323478377887,67.34975319778661,69.37276530155481,9680020
2007-11-23,67.84033203125,69.7200834479231,66.91131004896798,68.8171077584982,8636700
2007-11-26,71.34152221679688,72.66125167005437,69.90023237224732,69.90023237224732,8477140
2007-11-27,70.87699890136719,71.86897025257166,69.45958941973797,70.50148061136098,11135400
2007-11-28,69.73524475097656,73.58374195846542,68.81708017486491,73.58374195846542,10708140
2007-11-29,72.689453125,73.54032928913024,70.70985611142788,70.70985611142788,20858060
2007-11-30,74.50191497802734,75.89978957812183,73.54032886743664,73.80080494633172,12315080
2007-12-03,73.63150787353516,75.32024391301528,72.93257047485052,75.32024391301528,9809040
2007-12-04,73.87245178222656,75.01636880121951,73.39492101006994,75.01636880121951,5247320
2007-12-05,74.83403778076172,75.45049092853664,73.58376287587537,74.01788537071829,16401940
2007-12-06,73.3645248413086,77.27379981103823,72.59396010522575,75.53730992764412,10360420
2007-12-07,74.66036987304688,75.53729899197764,74.23493176797803,74.23493176797803,11839500
2007-12-10,73.27770233154297,75.10318813279409,72.81970630028333,74.66906565803805,8191940
2007-12-11,77.29767608642578,77.92498625847672,73.14963891116061,73.27987698183318,7261500
2007-12-12,77.4496078491211,78.08994105208066,74.71246923993372,77.14355075586865,14992920
2007-12-13,76.24708557128906,77.18261881620101,75.71094414069047,77.0567262344581,7964560
2007-12-14,74.86225128173828,76.6226146888922,73.8008186805194,76.6226146888922,9556480
2007-12-17,73.0866928100586,74.62565630244723,72.28139741435777,74.62565630244723,9451120
2007-12-18,72.1402816772461,74.01785948599897,70.17804683199607,72.41160814163759,13267720
2007-12-19,71.76261901855469,73.80082740200055,70.87267316393648,73.80082740200055,11025860
2007-12-20,71.31328582763672,72.05780412590433,70.59915265165459,71.63019331297775,11873800
2007-12-24,73.72052001953125,74.01789289887427,71.64324208062959,72.33132921957984,6793060
2007-12-26,74.09384155273438,74.45199120600263,72.9325628140434,73.72049602574282,4321680
2007-12-27,75.77606964111328,76.31872266543495,74.23493372720327,74.23493372720327,8729880
2007-12-28,75.11620330810547,75.45047943297594,72.3768918428748,73.75739798653461,6754740
2007-12-31,75.06410217285156,75.97141635552245,74.14810368782628,75.97141635552245,3779240
2008-01-01,75.08147430419922,75.49388929533599,74.01787565626249,75.1031817509291,2621040
2008-01-02,74.46502685546875,75.3115643483406,73.37972067891941,75.27683375578903,12479500
2008-01-03,73.55770874023438,74.2349387000852,72.76760270428652,74.2349387000852,14037280
2008-01-04,73.64454650878906,74.40859978502246,73.54035471577279,73.93106897144565,7459640
2008-01-07,71.86460876464844,72.86309146475568,69.99354255172697,71.67360050064791,12644920
2008-01-08,74.48457336425781,74.79063054940217,72.49846407156527,73.32329424665787,18334980
2008-01-09,75.73699951171875,76.70942948282014,73.81383376675954,74.43028680177771,20098380
2008-01-10,74.75587463378906,78.03783885990838,74.02437946258802,77.68620078199302,17222000
2008-01-11,76.60307312011719,77.18696831031879,74.7602255500166,75.0163561903671,8302200
2008-01-14,77.4105453491211,79.22734673352473,74.76890733928339,77.01331959979143,23350920
2008-01-15,77.6623306274414,79.0233020022166,76.68989404138425,79.0233020022166,12456840
2008-01-16,72.66123962402344,75.476523766283,71.64322202512194,73.58374976114696,24563400
2008-01-17,71.35235595703125,72.41161564362606,69.98921192367119,72.15548502450835,26713380
2008-01-18,68.20063781738281,70.58831123191116,67.53208555177255,68.63909909607224,19934820
2008-01-21,65.42659759521484,69.02546980433497,64.25012283673946,69.02546980433497,14869780
2008-01-22,61.923221588134766,77.27379059066298,58.649941463148075,65.07060912623761,23290120
2008-01-23,66.60739135742188,73.80080213318737,59.90888643752857,65.94318466815773,18665740
2008-01-24,65.5698471069336,71.06583850919185,64.03305666169321,66.4207299609428,16283820
2008-01-25,69.82643127441406,72.93257710884725,66.2080174657124,67.0285086932196,12144620
2008-01-28,69.0341567993164,69.45959496369777,62.07951299880488,67.28898262108221,11916140
2008-01-29,66.73979949951172,70.63170476330491,65.12703656493021,69.40748318533122,12190420
2008-01-30,66.54879760742188,68.33086834106875,65.33542620143992,68.33086834106875,7930220
2008-01-31,68.1376953125,69.0211361577805,65.7717290980999,66.94168574861501,12793700
2008-02-01,68.20063781738281,68.71289911580119,64.47586649581666,68.37428414331178,14574460
2008-02-04,67.17611694335938,70.4928125245088,66.24709507341966,70.4928125245088,10982600
2008-02-05,65.6501693725586,69.34672172551404,65.12921713938881,67.72310139705824,12142820
2008-02-06,65.12272644042969,65.75872106036337,63.008551576111714,65.11404875816294,15731880
2008-02-07,64.76237487792969,65.63930395938132,64.33693679104367,65.07494352826528,33430640
2008-02-08,62.59828186035156,65.24859722424935,61.775618067926644,64.72765167563736,7761320
2008-02-11,61.24380874633789,63.7725700914615,58.63690855840195,62.59827497271677,13853780
2008-02-12,61.1092414855957,62.73068897066994,60.18021978241605,62.079505348137026,9261840
2008-02-13,63.75088882446289,64.5974263354508,62.07951462713589,62.5049528026764,11688240
2008-02-14,66.70073699951172,67.50603218462811,65.07494413152175,65.07494413152175,12665300
2008-02-15,67.8207778930664,68.37428133035343,64.78408705271235,65.98660801405538,10884640
2008-02-18,67.58635711669922,69.02547419516587,66.86788494353326,68.50452854494469,3478480
2008-02-19,68.23970031738281,69.3597368911789,67.51254398105499,69.2859368789443,5489420
2008-02-20,66.73329162597656,68.15721247774263,65.50906335600479,68.15721247774263,7939100
2008-02-21,66.89175415039062,68.15721805505285,64.99463472301305,66.85485083107095,5978400
2008-02-22,64.0026626586914,66.84182688225685,63.38404353411002,63.8333551865839,9438340
2008-02-25,61.72137451171875,65.54382036260432,60.57529125135911,65.07062837566372,27321760
2008-02-26,63.16046905517578,63.79211792902143,62.73068550335386,62.9477466988672,12350240
2008-02-27,63.0475959777832,64.53663929404885,62.570065299563744,63.815994501036116,9212020
2008-02-28,63.926700592041016,64.72765700586002,63.03457555322083,63.76824352027956,12499920
2008-02-29,63.240787506103516,64.0026678806579,61.285063802382844,63.38187597367413,13693900
2008-03-03,60.33867645263672,62.07950494074498,59.131816676730246,62.07950494074498,10176000
2008-03-04,58.6824951171875,60.560073120273564,56.14287649795486,60.560073120273564,16964140
2008-03-05,57.857662200927734,58.68249876381562,57.31500918225768,58.259226759580045,12435040
2008-03-07,55.665348052978516,57.73827988800662,54.567015585734346,57.73827988800662,18383840
2008-03-10,56.935150146484375,57.67750236559595,53.18433618516074,54.916483634875256,15564540
2008-03-11,57.87721252441406,58.649950013034406,55.14223624877973,55.78907782007214,20753240
2008-03-12,59.4986457824707,62.50494490061932,58.45024304067075,60.516663399093666,12473880
2008-03-13,56.39900588989258,58.38945991001525,55.81294465340894,58.172398720758686,8559700
2008-03-14,57.106624603271484,57.560281671010564,55.350600465750055,56.21884517893829,9006800
2008-03-17,53.22340393066406,55.35060428725928,51.87762519472537,54.04823712755906,17274360
2008-03-18,53.43829345703125,53.744350521591464,50.59913277083416,53.13657854353956,24222920
2008-03-19,55.246421813964844,57.95317213968243,54.048242970132954,55.350610270618084,25308920
2008-03-24,58.25489807128906,58.649951127524226,55.79125161239016,55.79125161239016,12884240
2008-03-25,61.384910583496094,62.29657036039448,59.25771326964353,59.474774490411455,17537260
2008-03-26,62.4788932800293,63.23643472727798,60.62953429203325,60.82922688095209,24661680
2008-03-27,62.21842575073242,63.69443926587832,60.16936748610827,60.829228766851394,17155740
2008-03-28,61.081024169921875,61.91671116695035,59.30112619326928,61.86244586356126,12130140
2008-03-31,57.79255294799805,60.777144884279636,56.01482093019822,60.777144884279636,23602140
2008-04-01,56.85049819946289,58.172400077974736,55.13354335748352,57.30632803237297,15136540
2008-04-02,57.65145492553711,60.82054970884576,56.783210142394026,59.90889003687273,13423660
2008-04-03,57.788204193115234,59.40965158090421,56.657310600424296,57.521216539190085,11518100
2008-04-04,56.16893005371094,57.30633536187014,55.810780362110556,57.30416262991081,23299320
2008-04-07,56.5835075378418,57.417021684823375,55.48952063393982,55.91496200951274,12104000
2008-04-08,56.80709457397461,57.521227899651024,56.006138078191974,57.521227899651024,14698460
2008-04-09,59.902381896972656,60.73372340980851,56.26443392749552,56.82662166187904,15735320
2008-04-10,57.58850860595703,59.70268265365896,57.351912683968784,59.70268265365896,10847260
2008-04-11,57.74045944213867,58.82359285128541,56.52274250717344,58.56311672773198,8359040
2008-04-15,56.57917404174805,57.8989032430475,55.36362997854615,56.883058401502964,17942760
2008-04-16,56.79623794555664,57.91192913888726,56.47498496472247,57.7795249781987,11031900
2008-04-17,60.8292350769043,61.428326172744484,57.21733976701128,57.21733976701128,36265280
2008-04-21,63.4144401550293,64.00919245907978,59.995725613499644,60.99420864570371,17950720
2008-04-22,65.47651672363281,65.83250030967018,62.00137104091986,62.9477547954786,13991420
2008-04-23,62.745872497558594,65.50037920876201,62.326946039304595,65.50037920876201,10959740
2008-04-24,62.62649154663086,63.81381650938133,61.128770674994804,63.81381650938133,24423020
2008-04-25,65.13571166992188,65.46564888116707,62.969445476333505,63.15177606056744,10903280
2008-04-28,66.13203430175781,67.24555261907422,65.13571763102038,65.13571763102038,23126160
2008-04-29,67.57050323486328,68.05944647226995,65.54487268672595,66.31321301141527,11831380
2008-04-30,66.53804016113281,67.58359930876811,65.70203382452657,67.58359930876811,16181420
2008-05-02,67.24745178222656,68.84307883365719,66.88074433161911,67.44827157357012,11967760
2008-05-05,66.73011779785156,68.05288892814704,66.19096802510828,67.22997892189721,8403100
2008-05-06,67.3543930053711,67.6665305637637,66.57513490950944,66.57513490950944,8619960
2008-05-07,67.31293487548828,67.75385642284401,66.15387295775321,67.20815847056377,6881160
2008-05-08,65.84830474853516,66.50532076600432,63.397026355449945,65.48377546743728,11781360
2008-05-09,63.41010284423828,69.84933876129519,63.00410676013723,68.20569677502253,12408460
2008-05-12,64.08895111083984,64.47530954843754,62.26850342775558,62.26850342775558,5235260
2008-05-13,64.62155151367188,65.26547778850065,63.73970838253597,65.03410238008505,10483240
2008-05-14,63.947052001953125,64.3792470770495,63.300947642913904,63.955785032323355,12053760
2008-05-15,64.54515075683594,64.9053100412457,63.401363420205854,63.401363420205854,4635880
2008-05-16,65.5011978149414,66.69300665027923,65.13449047853761,65.92029667179598,9818520
2008-05-20,63.7899055480957,65.7020333000213,63.30096231563514,65.48375411962256,12626240
2008-05-21,61.556915283203125,63.305327030722374,60.788568286369724,63.305327030722374,28917680
2008-05-22,60.408748626708984,61.46740372895029,58.979023003968386,61.46740372895029,10268020
2008-05-23,60.31052780151367,61.589647112434285,59.90016858605993,61.46741131866489,13286840
2008-05-26,58.83058166503906,60.310513722523886,58.32417920678895,59.80847444826443,7817180
2008-05-27,58.18012619018555,59.808486775163175,57.58203679271525,59.585844441458775,12565100
2008-05-28,58.99430465698242,59.39812242486103,57.49472793218802,58.267438003881836,8254020
2008-05-29,57.606056213378906,60.01803836307375,56.9272045347908,59.590213057582375,12834520
2008-05-30,59.751739501953125,60.37165156238262,56.79624425531664,56.79624425531664,13161520
2008-06-02,57.210975646972656,60.24505498228851,56.49065034059057,60.24505498228851,9821940
2008-06-03,55.2857551574707,57.18915003580345,54.417004879592504,57.18915003580345,10400820
2008-06-04,53.04183578491211,55.44290654060772,52.21674082804531,55.44290654060772,9689180
2008-06-05,54.48902893066406,56.31166128753668,51.53134558388681,53.26011616802015,21232940
2008-06-06,53.80363082885742,55.65900367097443,53.17280419576467,54.56978947402958,19993160
2008-06-09,51.67103958129883,52.389176504386626,50.597106585284386,52.386994911975115,11123780
2008-06-10,49.433685302734375,52.16435659807824,48.894535471041586,51.07732723314166,31157420
2008-06-11,52.227657318115234,52.81264388804222,48.99494338172239,49.98592933625385,25568940
2008-06-12,50.70843505859375,51.28687687585118,48.94910542548448,50.47924125668707,24675380
2008-06-13,48.98839569091797,51.23012384430941,48.610773634998225,50.30898542091423,14506540
2008-06-16,50.17147445678711,51.16464213254004,49.33109822119103,49.662883531197224,20103260
2008-06-17,52.98290252685547,53.47839718025771,50.204209597792946,50.204209597792946,25744440
2008-06-18,51.007476806640625,53.7839882221714,50.745542458711974,53.7839882221714,21475980
2008-06-19,49.02332305908203,50.42249348279369,48.54529109445385,48.99494902890821,11940000
2008-06-20,47.945011138916016,49.68033294366082,47.69617305581181,48.9818370402961,12981700
2008-06-23,47.827152252197266,48.89017081496651,46.930024670615666,46.930024670615666,14868460
2008-06-24,46.25990295410156,48.40995411341542,45.48937774954408,47.14830077577693,7222820
2008-06-25,46.901641845703125,47.22687899177556,44.317217401558096,45.402065088639745,25943520
2008-06-26,46.29701232910156,47.96902820531147,45.40643293429048,47.1875883932369,27974340
2008-06-27,44.59880447387695,45.79497346961497,43.48121278693043,45.79497346961497,20918020
2008-06-30,43.9788818359375,44.32812980524185,43.43755048112369,44.09238792556274,13423280
2008-07-01,42.13878631591797,44.310662972835715,41.47521590178706,44.310662972835715,20463360
2008-07-02,44.86073684692383,45.83862661546449,41.82229113952272,42.12788065135546,18080340
2008-07-03,42.976985931396484,44.528950973554764,41.25476340196985,44.4416406372495,34043780
2008-07-04,43.66893768310547,43.96143102154909,42.91805667702376,43.05120712671472,28030260
2008-07-07,43.891571044921875,45.83862062612181,43.49430140077128,43.65582916773506,27912660
2008-07-08,43.732234954833984,44.952414769148476,41.909602473332725,43.65583590972159,24163840
2008-07-09,46.198787689208984,46.57641307339143,43.66893276091261,44.921856468735996,46627720
2008-07-10,46.021976470947266,46.995502972612144,45.02225753636761,45.83862277919263,26190300
2008-07-11,46.615699768066406,46.930022310870605,45.18815543861916,45.62034726963701,21049640
2008-07-14,45.037540435791016,46.71174122874776,44.14696104445904,46.6156978634067,19296800
2008-07-15,40.082611083984375,44.52022767747567,39.81194367341485,44.52022767747567,37121580
2008-07-16,39.44741439819336,41.03648659122944,38.95410464140599,40.07605951391788,21831700
2008-07-17,41.85066604614258,42.73906390316484,41.38573365985374,41.42065579717089,46489000
2008-07-18,45.161949157714844,45.53302633087248,42.50767755679874,42.50767755679874,56678300
2008-07-21,47.309837341308594,47.75512546578153,45.62908475383932,45.83863426167605,24730240
2008-07-22,48.07815933227539,51.297776456750775,46.713914788006164,46.713914788006164,45148360
2008-07-23,52.58781051635742,53.041831531617746,49.57119450441168,49.57119450441168,47566960
2008-07-24,52.99382400512695,54.52614492448004,51.75399974561538,54.30786572408635,26460660
2008-07-25,49.176109313964844,52.155621775061206,48.80722034016107,50.343904124286134,40124160
2008-07-28,49.208858489990234,50.4093939706678,48.45797758371284,49.176114614838916,29768040
2008-07-29,44.93494415283203,48.881431426478194,43.78679706885213,48.881431426478194,49470820
2008-07-30,47.76166534423828,48.23969726634687,45.62034718853618,45.83862636168707,36235540
2008-07-31,47.940650939941406,49.27869986903729,46.19878091905524,48.02141315989415,36079500
2008-08-01,48.383766174316406,49.11281787135559,44.801803858203264,47.79004650959526,61370000
2008-08-04,48.40340805053711,49.52536289985691,47.816236524817484,48.466707547089996,20113860
2008-08-05,51.71033477783203,52.16872237363642,47.934107747544644,48.03233270930962,41716340
2008-08-06,53.10295486450195,56.460089479784244,52.28658959036096,52.91086813395684,66547600
2008-08-07,54.68547058105469,55.22462030263722,52.386991591434516,52.386991591434516,37795060
2008-08-08,56.014801025390625,56.53430652958691,53.522053237550956,54.569793947477706,42487040
2008-08-11,57.25462341308594,58.3154636392353,56.359684148502446,58.05352597167082,53257300
2008-08-12,55.22681427001953,57.625703663225174,54.79680401789669,57.27645564208675,27192080
2008-08-13,53.14442825317383,54.56979092569903,52.92396749687726,54.18780238921914,24319980
2008-08-14,51.286888122558594,53.144443126492476,50.859059376469105,53.144443126492476,19485840
2008-08-18,52.5419807434082,53.42600872186342,50.65823043091182,51.03367087167525,30093880
2008-08-19,52.68604278564453,52.823559730097,50.915798563941934,51.95044304034334,18360480
2008-08-20,54.054656982421875,54.4824856484793,52.44812205525534,52.9196058919694,21819080
2008-08-21,50.91798782348633,54.133239374726536,50.66260156966573,53.78399133681268,13882360
2008-08-22,52.12506866455078,52.299692674064254,50.24786639096393,50.64076957970024,20124380
2008-08-25,52.72314453125,54.21180993596007,52.57253471521534,52.827920921546514,15062700
2008-08-26,54.626548767089844,55.093666099408736,52.20146683843508,52.38700548178686,28607800
2008-08-27,53.871299743652344,55.355598763625096,53.52205173989083,55.172241729778605,28482020
2008-08-28,52.95889663696289,54.4693882499074,52.29969587347033,53.696681373686005,27136360
2008-08-29,55.73540115356445,56.52120747929654,53.967341916680844,53.967341916680844,24888920
2008-09-01,56.67836380004883,57.18913620187907,54.54795720532364,54.54795720532364,14423480
2008-09-02,58.48352813720703,60.50698001982011,56.10210193039148,56.857352547809526,57122060
2008-09-04,56.88572311401367,58.34164789949341,56.19814515968274,56.76130906763618,50381320
2008-09-05,54.50430679321289,55.87946619780976,54.13323287912821,55.66118703297457,47930240
2008-09-08,56.80060577392578,57.582042270018725,56.35749932613741,56.49064642213094,34216720
2008-09-09,56.473182678222656,57.34193610444309,55.281377038451076,55.44290481056443,35867160
2008-09-10,55.691749572753906,56.30729512531627,54.56979472640604,56.30729512531627,33393840
2008-09-11,54.70075988769531,56.04972352389725,54.48248072346776,55.22681014217017,24340400
2008-09-12,54.338417053222656,55.64809207178893,53.39108625582192,54.794619718661046,26068580
2008-09-15,52.53541946411133,53.04182864496015,50.45958613470349,52.61618500715415,34826660
2008-09-16,53.71194839477539,54.30784950125332,46.96275460372545,50.204201093557884,28293580
2008-09-17,51.83475112915039,54.48247834127771,50.87213925763391,54.46937879422922,33372980
2008-09-18,53.423824310302734,53.87129725360281,47.453887963173315,51.465859982302554,54211440
2008-09-19,56.73293685913086,56.927201846204284,54.79461686672182,55.01726254087909,36326260
2008-09-22,56.78314208984375,57.71519167557579,55.975506558762746,57.01451745924188,22754180
2008-09-23,53.860382080078125,56.3924216377948,53.36052427520709,55.66555164408471,22109880
2008-09-24,55.905662536621094,56.53430764107171,54.517406818076616,54.517406818076616,26159940
2008-09-25,56.78096389770508,57.39869104326522,55.359964310817034,55.66555715981517,34824680
2008-09-26,54.33405685424805,56.75259073606617,53.705411706432166,56.750405812482015,26172660
2008-09-29,52.402286529541016,55.3119451894478,51.74089752230082,55.3119451894478,28521460
2008-09-30,53.68357849121094,54.270749979261915,49.76764972958056,49.76764972958056,46326400
2008-10-01,56.54521179199219,56.97085880391822,52.884672802562456,54.045919492615624,27338800
2008-10-03,55.69392776489258,57.132386666687765,55.15259636684896,55.87946638790396,27906840
2008-10-06,52.507049560546875,55.00634513153926,52.05084694195297,54.56978683684451,30037180
2008-10-07,49.280887603759766,54.569790795024325,47.72018958861664,53.703222250745284,57285380
2008-10-08,48.28553009033203,49.37474086877586,42.56443235768184,47.75947656285705,67626300
2008-10-10,45.74040985107422,47.934116612693344,42.56881314564973,45.40644292090244,90773920
2008-10-13,51.210479736328125,51.95044604039921,45.799340204592404,46.733574850125336,44092840
2008-10-14,49.81129837036133,54.48247389804356,49.15646095971501,53.47838853611576,43950620
2008-10-15,49.62577438354492,50.37447039452295,48.15238987465509,48.67625858998994,32890720
2008-10-16,47.72892761230469,48.951289055554945,45.44572586114282,47.97776575112902,54627240
2008-10-17,44.8061637878418,49.98592728529668,43.87411084866652,49.24377947883327,34234280
2008-10-20,47.16358184814453,48.582396452769096,45.00916417595505,45.18378817804401,24365620
2008-10-21,47.565208435058594,48.98183792912353,46.80341303359896,48.02141104058204,30895360
2008-10-22,45.77314376831055,48.23969918937773,45.40206982529669,46.711744916411014,25920440
2008-10-23,46.89728927612305,48.80723235040142,43.52705776414532,44.74723774023626,34135140
2008-10-24,42.47275924682617,45.8386234859722,40.26595681148877,45.8386234859722,63935240
2008-10-27,40.70033264160156,41.473039383566544,37.63132492945015,41.473039383566544,34216220
2008-10-29,41.51451873779297,43.65365541742979,40.17865119109605,43.219278640134554,47965580
2008-10-31,44.64246368408203,46.275191195562506,42.12788632426209,42.12788632426209,58745580
2008-11-03,46.735755920410156,47.93410983194539,45.402069981477226,46.063455638311005,43100720
2008-11-04,48.57366943359375,49.407497564714795,45.845179471563476,47.124295698990316,42095380
2008-11-05,47.949378967285156,50.99000916275819,47.14829491175263,49.98810536457014,30025520
2008-11-06,46.37340545654297,48.23969288355781,45.02225696458862,46.27954701933995,26108760
2008-11-07,47.57612991333008,48.67625547745776,45.05281988094617,46.537118920384984,27560740
2008-11-10,48.05197525024414,48.66315757838401,45.947764232854915,48.45797463037431,36987140
2008-11-11,44.67519760131836,47.49754901887552,44.31721989352503,47.23561134871019,24708200
2008-11-12,43.94615173339844,46.31884557145879,43.31532497865825,43.6580215906888,38022440
2008-11-14,44.04655456542969,46.23153130368099,43.760609370598544,45.00916655512043,35778060
2008-11-17,40.88150405883789,44.30194156491046,39.565280937434935,44.140413780956024,71692220
2008-11-18,39.9494514465332,40.63266292939892,38.66378737078235,40.16336408351932,50241820
2008-11-19,38.61577224731445,42.520786817630814,37.984945522339125,40.38165009253945,48777380
2008-11-20,35.85017013549805,37.53091898720694,35.31756845667574,37.53091898720694,64849280
2008-11-21,37.389034271240234,37.8932619073045,34.83735379641463,36.23652062158724,62015900
2008-11-24,36.19504928588867,37.41522890246704,35.27391103101446,37.325733653993034,36073340
2008-11-25,36.4700813293457,38.635410130181,36.160125331372214,36.88917690395813,48339900
2008-11-26,39.55437088012695,40.359818240407776,36.45262232902785,37.10745985589661,48547600
2008-11-27,39.55437088012695,39.55437088012695,39.55437088012695,39.55437088012695,0
2008-11-28,40.28343200683594,40.861870626084404,34.55578389161794,35.36341636533952,55185040
2008-12-01,39.24005126953125,42.34616323839759,38.85369616718954,40.38165051084306,42957000
2008-12-02,38.674705505371094,39.06106060645714,36.893549836157696,38.41495606556216,34729680
2008-12-03,38.43459701538086,39.37756130671328,37.592039278015925,39.37756130671328,39434520
2008-12-04,39.81193161010742,40.106609776927144,38.06788010880409,38.06788010880409,35790980
2008-12-05,38.86679458618164,40.861866380330085,37.76230234529116,40.16337359267962,39840780
2008-12-08,39.20294189453125,41.64766803406044,38.50881237311434,40.357637286352094,49286640
2008-12-10,40.32707977294922,41.0343055374289,39.42122247973797,39.42122247973797,64598740
2008-12-11,40.100067138671875,41.429386463144176,39.384108408411244,40.38164579792766,44658380
2008-12-12,40.16118621826172,40.59992615671843,38.24251042341896,39.508530292290516,32151040
2008-12-15,41.22201919555664,41.85284581173337,40.38164312792157,40.82474954011445,30706780
2008-12-16,42.998809814453125,43.61217367673924,40.700330692510455,40.90551029028848,37878500
2008-12-17,43.75188064575195,44.528954016264876,43.13196855586817,43.79553581688759,51596780
2008-12-18,46.216251373291016,46.707379544491275,43.35024791021324,43.572890283070585,39705300
2008-12-19,45.93030548095703,47.3382055511117,45.079017995935885,45.88228379404035,40583380
2008-12-22,44.46346664428711,46.49346360883625,44.005082381760424,45.925936429697494,23885380
2008-12-23,42.77399444580078,44.44164743754575,42.48368270368339,44.17970972719755,26338860
2008-12-24,42.966068267822266,43.65583120014673,41.123791658267976,43.4113596112421,27097480
2008-12-26,42.4683952331543,44.52458463670258,42.17153542557568,43.43755529115144,16777140
2008-12-29,43.7584228515625,44.09238969517587,41.734974134447185,41.7524368666808,26060580
2008-12-30,44.48529815673828,45.15323192373809,43.45065363038648,43.61436301761883,37710760
2008-12-31,43.58380126953125,45.0528191441429,43.15160944755023,45.0528191441429,20786740
2009-01-02,44.339046478271484,45.05281692761637,43.795530175220904,44.5289482801205,20937040
2009-01-05,45.581058502197266,45.81679707803017,44.88038089140659,44.96550963564509,20118160
2009-01-06,48.03887939453125,48.58894382706149,45.140132327962725,45.5832387697945,36579860
2009-01-07,44.059654235839844,49.123730594043565,43.481212404912775,48.67625760463704,75564760
2009-01-09,44.4198112487793,46.14421536547878,42.564438297356084,43.65583415113444,42827140
2009-01-12,43.817359924316406,44.61625912128076,43.21927382486842,44.17970079981745,36113140
2009-01-13,43.1690673828125,44.17969755798221,42.56879973484712,43.65582894293713,25056220
2009-01-14,42.67576599121094,45.60725743399643,42.21083355137419,45.60725743399643,56650340
2009-01-15,40.37291717529297,41.9096010828328,39.59802544747001,41.9096010828328,58494980
2009-01-16,40.929527282714844,41.235120128938966,40.259411941235584,40.94917493995973,15617600
2009-01-19,41.084503173828125,41.669489715533985,40.66540759230551,41.42938464137473,20296900
2009-01-20,39.833770751953125,40.38165032214531,39.37756471159449,40.38165032214531,16022220
2009-01-21,38.82969665527344,39.587125938851095,38.417148995312225,39.587125938851095,39520800
2009-01-22,39.31208038330078,40.03239898954522,38.5044447787889,39.29025113373392,32599200
2009-01-23,38.0875358581543,39.783562712754204,37.76666519254328,38.96720069959303,31859400
2009-01-27,38.82969665527344,39.46270516440262,38.417148995312225,39.159297132269,24549860
2009-01-28,39.80320739746094,39.98001298965731,39.087251996825195,39.202939688772844,26349180
2009-01-29,40.31398010253906,40.92952562483185,39.72680860724907,40.37727959581151,46873960
2009-01-30,40.40785217285156,40.818218213218174,38.958478140646726,38.958478140646726,14969020
2009-02-02,38.796939849853516,40.18519546760374,38.28616407423426,40.16336621891013,26159440
2009-02-03,39.211669921875,39.71807919443504,38.85369221670096,39.087252527065075,22960400
2009-02-04,38.672515869140625,40.274684000258574,38.51098810217441,39.72680454323839,75987120
2009-02-05,38.60268020629883,39.27716217606708,38.421508059569625,39.06979758955704,21546020
2009-02-06,39.220401763916016,39.499802180676774,38.69653306017607,38.984663178706235,23419660
2009-02-09,40.139347076416016,40.25066822810941,39.421210240103655,39.639489359194656,20581120
2009-02-10,41.342071533203125,41.82883645763599,40.222301708306084,40.39255918649337,16643980
2009-02-11,40.79637908935547,41.16527145165127,39.595843549928276,40.46896030587533,18642780
2009-02-12,40.76800537109375,41.080143015004865,40.3620059432497,40.8269383544836,14280640
2009-02-13,41.217655181884766,41.643298888070206,40.905514243564944,41.03648307501081,15215800
2009-02-16,39.89924240112305,41.03647818220142,39.63949302316257,41.03647818220142,27995360
2009-02-17,38.430233001708984,39.91889865079183,37.99149303635057,39.59584305702614,34365340
2009-02-18,38.259971618652344,38.76638087811064,37.76011379833899,38.19885371915575,15660980
2009-02-19,38.61577224731445,38.949739141085146,38.17048083516945,38.591761403221575,17921580
2009-02-20,37.82778549194336,38.369116967709495,37.26462476421498,38.24251463381618,19994900
2009-02-24,37.30390167236328,37.5440100456228,36.452614404761675,37.238420598451754,15370420
2009-02-25,37.73173141479492,38.03950579455159,37.55274092534485,37.75792384518263,21852620
2009-02-26,38.19013214111328,38.541561803305484,36.71456254624785,37.819054818658635,64875240
2009-02-27,38.83185958862305,39.19857029385762,36.80186615105943,38.02422739693181,27103880
2009-03-02,36.91973876953125,38.2839835853184,36.56176106309573,38.1159076914242,37138220
2009-03-03,36.29981994628906,36.81059231058041,35.797777281691275,36.5377433983724,33429840
2009-03-04,36.62724685668945,37.107460383755814,36.23434366884391,36.277998838454316,34239980
2009-03-05,34.98579025268555,37.30391431360524,34.53831722216149,37.094368144728726,48449580
2009-03-06,35.00325393676758,36.14485326230064,33.789622072895526,34.92467328864108,47417080
2009-03-09,34.87010192871094,35.56641310420185,34.14977990817978,34.881016554761274,35178920
2009-03-12,34.86573028564453,36.408965589451924,34.53831153633413,35.57950409173042,57410880
2009-03-13,36.41987991333008,36.53120108813363,35.459449591540384,35.579503798098564,91452600
2009-03-16,36.88262939453125,37.22096275373922,36.088093396929125,36.670898345960644,54510220
2009-03-17,36.1535758972168,37.50035782386396,35.321932886638564,36.84552038804797,41847020
2009-03-18,36.801876068115234,37.54402404842991,36.33039217605168,36.66654069331326,37820820
2009-03-19,36.339115142822266,37.67498592270775,35.7541285683,37.05070736579212,48852220
2009-03-20,36.64033508300781,36.74510813335629,35.404874401507314,36.22778765841827,40572140
2009-03-23,38.635414123535156,39.28152194951653,36.758211879047835,37.2755357906463,40899460
2009-03-24,41.11070251464844,42.52078757050652,39.726813226876665,39.9996622188195,75401080
2009-03-25,42.44002914428711,42.647397077592885,40.90552642188472,41.38137687584334,35818000
2009-03-26,43.36771011352539,43.87411945924226,42.57099236108827,43.13197150712758,46312840
2009-03-27,43.71913528442383,44.22336298554335,42.8220077257528,42.82637424192087,45761560
2009-03-30,41.27659225463867,42.78271719082071,41.067042786574035,42.78271719082071,26509680
2009-03-31,42.49458694458008,43.12759853192937,39.48233708242253,41.5603523694205,74405400
2009-04-01,43.65583419799805,43.874113368988034,41.54289342153934,43.00099668502807,25893640
2009-04-02,45.25145721435547,45.92157590962186,44.13605044812222,44.13605044812222,35591320
2009-04-06,46.45635223388672,46.93001759316927,45.41297815571123,46.056900986784726,26945760
2009-04-08,45.696746826171875,46.493464486271904,43.319686732847266,46.493464486271904,53028520
2009-04-09,45.594154357910156,47.1483009914414,45.05718613112138,46.44107527752649,29772380
2009-04-13,47.949378967285156,48.67406732113444,45.402061766872905,45.402061766872905,34222020
2009-04-15,47.26836013793945,48.226605666597514,45.51121195969143,46.050361835452186,62675520
2009-04-16,46.54148864746094,48.35975467988659,46.155133552811876,47.96903306889614,39041500
2009-04-17,46.7946891784668,47.93410670375114,46.124570532882466,47.32292436621277,47042120
2009-04-20,46.585147857666016,48.02142543630578,45.76223431646358,46.7117501971338,22931780
2009-04-21,47.45825958251953,48.021420274510824,45.175061192828174,45.40207007771932,30096100
2009-04-22,47.55648422241211,48.1240114267594,46.493465673992084,47.58486158183227,24182440
2009-04-23,47.694000244140625,48.021419010118706,46.5152940188899,47.803139832799985,28823100
2009-04-24,48.468894958496094,49.02114104448368,47.017336342012506,48.02142195144963,37310260
2009-04-27,48.69371795654297,49.76546948750008,47.58485936612824,48.02141770893676,28785580
2009-04-28,46.792503356933594,49.200122271255445,46.406151634442296,48.81813373396099,29601760
2009-04-29,48.036705017089844,48.45798227326343,46.79905902533166,47.41024144986843,42856300
2009-04-30,48.036705017089844,48.036705017089844,48.036705017089844,48.036705017089844,0
2009-05-04,52.360809326171875,52.692591272573075,48.90544960198923,50.20639161388144,45266140
2009-05-05,52.092323303222656,52.82137827234292,50.859047308065655,52.68386132753917,30463880
2009-05-06,51.16244888305664,52.343339861940464,50.68441702054551,51.9548032486258,24286180
2009-05-07,51.35454559326172,51.863136501972335,50.93108343480968,51.513888468222426,15457680
2009-05-08,49.9444465637207,51.295594894050744,48.65660104545928,50.640757512424564,45138660
2009-05-11,50.073238372802734,51.850030616207334,49.68033854619624,51.850030616207334,33836720
2009-05-12,52.18181610107422,52.55943811994821,49.73490855243624,49.94227309086181,34608840
2009-05-13,50.8284912109375,52.3346162569038,50.07324376446916,52.168725275155886,47519520
2009-05-14,50.80012130737305,51.03368166859836,48.94911447734106,50.302444958405374,19203300
2009-05-15,51.729984283447266,52.037755397219854,50.51853416324885,51.29560751438845,41519920
2009-05-18,60.1620979309082,67.2168816193724,55.056548773324025,55.056548773324025,271500
2009-05-19,61.63330841064453,65.44009798748652,52.66203576996304,60.768924690159274,99306960
2009-05-20,60.271240234375,61.598381249626556,58.97903134522885,60.987195608456325,29037980
2009-05-21,59.85215377807617,61.336449536482306,58.245615550512994,60.0005820216464,38176700
2009-05-22,59.801944732666016,60.85186701204565,58.549024423023745,59.32827600070155,18276080
2009-05-25,59.52909851074219,60.675064211030076,58.77821759516921,60.02677477698457,16761340
2009-05-26,58.32419967651367,60.76674423847863,57.84398281501803,59.74301434933487,24951620
2009-05-27,61.51544189453125,61.94763042022941,59.688446170638194,59.81286024422735,53941080
2009-05-28,62.86220932006836,63.46247697343194,60.41966513583722,61.16181956362201,70308860
2009-05-29,63.060848236083984,63.73315178184583,62.03494017691949,63.065218082565764,30721400
2009-06-01,62.58720016479492,64.78526674277204,61.84941537055287,63.4755914852118,22222360
2009-06-02,61.02213668823242,63.300972221100274,60.20140470987072,62.624305323707574,19577240
2009-06-03,59.84123992919922,62.340539374494604,58.84370241012113,61.99129133050298,28659520
2009-06-04,60.62922286987305,61.10506984981144,59.022684755072206,59.41559124802663,24262960
2009-06-05,61.93015670776367,62.47149136291476,60.469868755595925,61.070136379357386,20214840
2009-06-08,61.120357513427734,62.20956852902249,60.463335026453436,61.99128934120136,15709480
2009-06-09,62.002197265625,62.42784432327899,60.16647525782866,60.67724773020236,12893300
2009-06-10,65.53831481933594,67.62287803830813,62.64611608043102,62.87530652350195,32476460
2009-06-11,67.9502944946289,68.53965084477719,65.54049755409339,66.57513855941733,36272980
2009-06-12,66.71266174316406,68.93255710350068,66.18224497508555,68.38685919526729,23487560
2009-06-15,66.92656707763672,68.1249241425311,65.57105541941955,66.51838613238212,18419340
2009-06-16,67.50064849853516,67.66654279961189,64.89439467199037,65.83299910118306,27458080
2009-06-17,67.4373550415039,69.1508412682054,66.35687044051399,67.22998715683654,35711420
2009-06-18,66.568603515625,68.30828889174853,65.77843392937065,66.79343081039545,31335520
2009-06-19,68.05289459228516,68.49163785664581,66.57514700600886,67.01606853235552,17830440
2009-06-22,67.80025482177734,69.3644356620104,66.96983266988462,69.3644356620104,20433060
2009-06-23,65.2672348022461,66.55241345739837,63.9886465318132,66.55241345739837,29413000
2009-06-24,64.04796600341797,67.51464911972396,63.762367025173795,67.51464911972396,23783620
2009-06-25,64.34674835205078,65.89335698187709,63.97328199406583,65.89335698187709,39782340
2009-06-26,65.83186340332031,65.95927979634754,64.63236594866734,65.02780260710101,36775320
2009-06-29,66.24925994873047,67.35209374564977,65.55504352166824,66.12623493171799,36200480
2009-06-30,65.6055679321289,67.00498239335147,64.99483426242291,66.95884969253093,20584840
2009-07-01,66.01639556884766,66.6974312733253,65.1662021295606,65.81867725576991,11854560
2009-07-02,65.92852020263672,66.30198663008679,64.37971225474377,66.30198663008679,13585200
2009-07-03,66.59856414794922,67.00498919376714,65.15960722569618,65.46277841343453,19610540
2009-07-06,62.56509017944336,68.01556136182805,61.51278038070942,67.00499291470133,30500820
2009-07-07,62.712276458740234,63.69648333859301,61.73246763961718,63.27028711818415,20679740
2009-07-08,60.42750930786133,62.171836275399784,59.766244875579375,62.15865550370433,21619400
2009-07-09,61.50837707519531,61.90820497468214,59.974949220029465,60.458266510872484,11691480
2009-07-10,60.583499908447266,62.16306088173749,59.768457387747446,61.73247326571741,21467820
2009-07-13,60.36161422729492,60.71750852354708,59.31589482498487,60.194648822392054,15282560
2009-07-14,59.867305755615234,62.82211158789438,58.973172093823656,61.12392404386397,51070240
2009-07-15,60.710914611816406,61.07339927382853,58.57114419340127,61.07339927382853,42583380
2009-07-16,61.093162536621094,61.820330796917965,59.843134673108054,61.51276829630836,28846400
2009-07-17,63.12308120727539,63.65912157706847,60.37258414759785,61.07339085963815,24977340
2009-07-20,64.75318145751953,65.29142093170115,62.40471099824997,63.753601524737164,22513560
2009-07-21,64.18856048583984,65.01019972970631,63.78213557088526,64.45658062449047,16773220
2009-07-22,63.49656295776367,64.75098233792122,62.962721544843525,64.58841500337611,29869220
2009-07-23,64.10730743408203,64.5994075807728,63.03522636790997,64.1336689841745,25878520
2009-07-24,63.70744705200195,64.50052578776895,62.78695197398941,64.14902295127374,22111200
2009-07-27,62.98028564453125,64.58840676905193,62.6112106434687,64.01721543634484,19702420
2009-07-28,62.58705520629883,63.48997165429281,61.38096087438539,63.44603127590206,32996480
2009-07-29,62.33441162109375,63.16923192732433,60.85371330555267,63.16923192732433,19905200
2009-07-30,64.34015655517578,64.67627962216937,61.46882684766838,62.33439989418828,37241540
2009-07-31,65.86700439453125,66.32395350182625,64.77515233580296,65.03438314382956,25795680
2009-08-03,65.61876678466797,66.30199488678011,64.1556403876781,65.90655821920957,10928980
2009-08-04,64.5466537475586,66.24703996252413,63.99084231654541,66.12621401400935,19447220
2009-08-05,63.615196228027344,64.970670426409,62.99787212135606,64.970670426409,21808440
2009-08-06,62.11032485961914,63.92934513338433,61.600645997275635,63.270279719638104,33306200
2009-08-07,61.08216857910156,62.65513842975271,60.59006197218718,61.952132822365506,28488020
2009-08-10,60.42971420288086,62.17623366563542,59.75526893344579,62.1279019299413,27679720
2009-08-11,60.596675872802734,60.981130746963494,59.755271869558285,60.41433736811959,20270720
2009-08-12,61.78739547729492,62.04003593126312,59.53558817545573,59.974965209960935,18392820
2009-08-13,62.59144973754883,63.04620652995634,61.74344866298498,63.04620652995634,20531280
2009-08-14,62.712276458740234,63.665723730928455,61.99609651768729,63.665723730928455,12256400
2009-08-17,61.785179138183594,62.424473348819724,61.293079142790674,61.908204137031824,26981300
2009-08-18,63.30982971191406,63.92496152861308,61.55671978956996,61.55671978956996,25274500
2009-08-19,63.69868850708008,64.13586651271878,61.9961024917452,63.3120345698148,22003460
2009-08-20,65.02997589111328,65.46715373204988,63.92933468465273,64.10508275118309,14477600
2009-08-21,64.41046905517578,65.2474816674907,63.505353547166216,64.98385279719092,20833940
2009-08-24,65.23209381103516,65.98562363125117,64.45659380361299,65.8186649580761,12741880
2009-08-25,65.33314514160156,65.86258835584383,64.17099147455842,64.522494301955,9548980
2009-08-26,64.17540740966797,66.728186860608,63.71186786486333,65.81867990213748,13106840
2009-08-27,64.01720428466797,64.23689270479679,63.446013051461314,63.709641837359314,14838040
2009-08-28,64.05016326904297,64.36871419509689,63.05058352898568,63.92933730639315,9175820
2009-08-31,64.6323471069336,65.16179039154542,63.05058752559296,63.05058752559296,13194940
2009-09-01,63.53829574584961,65.32875532795346,62.734235189413404,65.02998224478878,12314080
2009-09-02,63.21536636352539,63.79094916527571,62.62660278802208,62.92098457577374,6342740
2009-09-03,63.06816101074219,63.62178022831549,62.611211957601526,63.48996580963804,10059660
2009-09-04,63.896400451660156,64.14904088138248,62.611221408198645,63.050598400536884,10667720
2009-09-07,64.47416687011719,64.85203126145247,63.63056405083921,64.15122458970646,15236680
2009-09-08,64.01061248779297,65.11345262329407,63.70964043155503,64.79270270984546,14822620
2009-09-09,64.827880859375,65.11567226778773,63.95571721661762,64.35994326580526,27106000
2009-09-10,65.27163696289062,66.03835426875595,65.0277859835451,65.46716291586634,17774500
2009-09-11,65.5220718383789,65.73516987581806,64.35113549944988,65.46714973289829,14430880
2009-09-14,65.63414001464844,66.08229973849677,65.20354571695101,65.5220967315058,12454780
2009-09-15,66.53266143798828,66.70840955062302,65.56163534912534,65.68685939916699,21756800
2009-09-16,66.64469146728516,67.44655975140097,66.15698949695206,67.22467224988684,23157440
2009-09-17,67.43998718261719,67.62012668144713,66.81607256351661,67.1060563270691,24112200
2009-09-18,66.9808120727539,67.56298510121151,66.38984962942547,67.48829183570744,8229580
2009-09-22,67.94303894042969,68.10341390933377,66.60953525371129,66.7852833175402,13451620
2009-09-23,68.96459197998047,70.25196290726352,67.29056058249017,68.32309884158227,26131400
2009-09-24,71.34601593017578,71.91280912376308,67.92546550160436,67.92546550160436,44450520
2009-09-25,70.67597198486328,71.36579696145564,69.94880372483178,70.42333159889616,11237640
2009-09-29,70.79900360107422,71.82934310229312,70.34864490158516,71.35481518388517,7774000
2009-09-30,72.51918029785156,72.93658713637419,70.48486249919438,71.00333088197391,23977240
2009-10-01,72.24674987792969,73.30564995417444,71.19004883186693,72.05782100436485,17295980
2009-10-05,71.79639434814453,72.27751267402564,71.0472557982765,71.22301061158959,10969880
2009-10-06,72.92119598388672,73.15187291185221,70.5156111364321,72.89263540862201,11507280
2009-10-07,73.71427154541016,75.13345719294496,73.37594942234976,73.55169751766525,21686660
2009-10-08,74.1382827758789,74.47001457601907,72.49501028450152,72.9365863411796,16809880
2009-10-09,73.62419891357422,74.2547037573965,72.93657292146638,72.93657292146638,9009600
2009-10-12,74.79293823242188,75.1334526606899,72.2775027057514,73.06838249568322,15601380
2009-10-13,74.79293823242188,74.79293823242188,74.79293823242188,74.79293823242188,0
2009-10-14,74.79074096679688,75.96826791174963,74.08554287696988,74.91376596987075,15642420
2009-10-15,75.67389678955078,76.23190744170532,74.43485716927309,75.14884477499511,18772320
2009-10-16,75.55744171142578,76.39885217047939,75.23669847409424,76.10007241312314,16519700
2009-10-20,74.31182098388672,75.57283060498169,73.81532291649374,73.93175753268169,9388380
2009-10-21,72.98490142822266,74.78415047610234,72.5345427609265,72.93656969820006,12847520
2009-10-22,73.20021057128906,73.68352124662267,72.05782769438973,72.10176807594776,7579740
2009-10-23,74.33819580078125,74.65014971675072,72.98930519090823,73.59564759710376,7576980
2009-10-26,74.38213348388672,74.56227967287236,73.15627453617255,73.41990343246185,8164820
2009-10-27,73.38034057617188,74.69408004464435,72.93657227888802,72.93657227888802,19155140
2009-10-28,71.1593017578125,73.36716846750576,70.52659781473264,72.9365808912723,13320900
2009-10-29,70.88030242919922,72.03146804932001,68.99317227253216,70.52001006311986,20490880
2009-10-30,71.20983123779297,74.16683647214461,70.54197634280222,71.26694568692639,15292380
2009-11-03,70.3222885131836,72.0358560905584,69.59731245786287,71.03846844713215,9502520
2009-11-04,71.35263061523438,72.36539139382275,69.48088028285375,70.52000931340947,12550460
2009-11-05,71.32625579833984,71.96115196628145,69.72911639125296,71.17027216341943,19742900
2009-11-06,72.05782318115234,72.65098477322921,71.26694329317003,71.83813469584396,11478120
2009-11-09,75.02140808105469,75.13345133809428,72.05781297922492,72.10175335180973,17472440
2009-11-10,74.84565734863281,76.53506203798419,74.32938815866392,74.70945158454727,18728700
2009-11-11,76.2692642211914,76.45160273757179,73.61322419176362,73.61322419176362,15191800
2009-11-12,75.42124938964844,76.5394629165555,75.02800514440005,75.95289844606224,15689900
2009-11-13,75.67169189453125,76.49552361044924,74.93792654638378,74.93792654638378,17245820
2009-11-16,75.73101806640625,76.8821836317985,75.52890170161638,75.70245748943326,12131120
2009-11-17,76.87557220458984,77.19632214580227,74.75118879937646,76.66467318488499,14013800
2009-11-18,76.87339782714844,77.1106584416657,75.21035438219477,75.21035438219477,18930600
2009-11-19,75.55305480957031,76.80308261261303,74.86982025134945,76.80308261261303,11882240
2009-11-20,77.06671142578125,77.39624412578492,75.08951522575921,75.08951522575921,15307920
2009-11-23,77.5698013305664,78.20909558495539,76.24508012015293,76.24508012015293,11746440
2009-11-24,78.07288360595703,78.20908937430465,76.45597310341232,76.890958654513,8803300
2009-11-25,79.20648193359375,79.48328484362278,76.95027708203632,76.95027708203632,15749580
2009-11-26,77.38306427001953,79.52722587548301,76.89096424425153,76.89096424425153,16057640
2009-11-27,76.9063491821289,77.49291367980842,73.91858445966479,76.53946646402952,14975520
2009-11-30,77.60496520996094,78.51667117445696,76.55046305658068,77.55004308313153,17511280
2009-12-01,78.63528442382812,79.04390172322654,76.89095759238359,78.19590752330022,10975060
2009-12-02,79.39981079101562,79.68101176803131,78.04432996389178,78.2134876743818,23703320
2009-12-03,79.39323425292969,80.14236617602207,78.58477543668148,78.58477543668148,9752940
2009-12-04,78.62871551513672,79.13180408087538,77.993812502364,78.47932893720005,6778560
2009-12-07,78.9714126586914,79.4261693895793,78.42658285277066,78.64847034747014,9102120
2009-12-08,80.54878234863281,80.80142276759413,77.8751772185765,78.5166638456247,13661280
2009-12-09,79.27897644042969,80.61687840713974,78.71437546815349,79.33609758755242,16068740
2009-12-10,78.43317413330078,79.30753664618285,77.87297122377672,78.7077847172557,12233920
2009-12-11,78.43538665771484,79.0439214028842,77.46655954631765,78.59795400598972,11953200
2009-12-14,77.2116928100586,79.08783385711163,76.84700921608331,78.41558780567489,16142240
2009-12-15,74.7292251586914,77.63789813808818,74.25469729453455,76.2999962605885,17086360
2009-12-16,74.40189361572266,75.08292247748066,73.59563401849725,73.66593593466574,17161840
2009-12-17,73.44184875488281,74.56226123044453,73.24413048375067,73.8153218148566,13195340
2009-12-18,73.11670684814453,73.51654141054433,72.35877906251628,72.55869634371618,12563560
2009-12-21,72.61802673339844,73.42867778719359,72.36758534435732,73.1167238899353,17188860
2009-12-22,72.34562683105469,73.25294150196511,72.15010753223578,72.93658949311592,12548620
2009-12-23,74.27008056640625,74.6940776924967,72.4971930544821,72.4971930544821,20208740
2009-12-24,75.16203308105469,75.74859766456075,73.9998789537408,74.79734933982925,7437940
2009-12-29,74.56008911132812,75.48497589202411,74.1119226587741,75.47179511733383,10404580
2009-12-30,74.36455535888672,74.68310635753026,73.59564562844034,74.68310635753026,8531020
2009-12-31,74.79293823242188,75.30920074540379,74.24810844283336,74.69407574454551,11516440
2010-01-04,74.94454193115234,75.94632100590606,74.36676007398087,74.69409381028326,6100980
2010-01-05,75.01042175292969,75.7925120657229,74.91375830264207,75.13344674341228,16773200
2010-01-06,75.06095886230469,75.57283002271468,74.171216579247,75.30920118972877,13279680
2010-01-07,75.25648498535156,77.69941980418038,74.76438493677031,77.69941980418038,12247960
2010-01-08,75.35533905029297,75.72221501548421,74.73801502845754,75.2213256065554,14171800
2010-01-11,75.05216979980469,76.83164766993217,74.80392076685295,76.83164766993217,27533220
2010-01-12,74.48319244384766,75.21255318348248,73.75382499985172,75.04559447902591,9814100
2010-01-13,74.22393798828125,74.46559662900225,73.18041782984203,74.0328101056436,20693500
2010-01-14,73.9822998046875,75.30043077616794,73.37595741241104,75.13346537438495,20345280
2010-01-15,74.43704223632812,74.65014032296801,73.41989023964508,74.62377877894825,23163460
2010-01-18,77.62252807617188,78.12122521905327,73.90760176065456,74.25470661086963,47002920
2010-01-19,78.17394256591797,78.59574736855453,77.01837909484688,77.55002812996214,33328440
2010-01-20,77.15898132324219,78.648468816452,76.58339862974113,78.42878035607085,27304220
2010-01-21,75.2059555053711,77.36988840580443,74.91816412872245,77.36988840580443,25046940
2010-01-22,73.68790435791016,74.69407452959652,72.6729380664636,74.51832644774129,18947400
2010-01-25,72.79158020019531,73.7230572105313,71.67556567107732,72.93657540160126,12057580
2010-01-27,70.17728424072266,72.98490257304255,69.7247265363032,72.98490257304255,24215580
2010-01-28,70.00371551513672,71.13510956672832,69.28093871729408,70.73967308217394,34864460
2010-01-29,71.66455841064453,71.92598816971037,68.21325517115375,69.42154149463634,32870340
2010-02-01,70.28933715820312,71.5305758229318,69.64125341158754,71.5305758229318,15034660
2010-02-02,69.38201904296875,70.95498940238683,69.07005844389501,70.60787784113855,20669400
2010-02-03,71.29988098144531,71.72388476870083,69.33367345334277,70.30030125472338,15455340
2010-02-04,71.03626251220703,71.39435576275912,69.66320968301005,71.09118462537491,17210480
2010-02-05,69.12937927246094,70.21244190617708,68.7624965486247,70.21244190617708,18693880
2010-02-08,68.86795806884766,69.810416970689,68.05949923864902,69.64125922777524,15181200
2010-02-09,69.05467987060547,69.32929048214638,68.169335527172,68.8415817678753,23947500
2010-02-10,70.01692199707031,71.06703278948108,68.71856211973136,69.2018795155527,27733360
2010-02-11,70.21245574951172,71.75027546434424,69.86095275953475,70.47607796372301,14539380
2010-02-15,70.9066390991211,71.16586983486802,69.53138739575651,70.16848249547779,9604980
2010-02-16,70.5815200805664,71.29770672651249,69.86094207824821,70.52000756955245,14349700
2010-02-17,72.75862884521484,72.97831732707984,70.9549882863242,71.09119407238282,24796680
2010-02-18,73.98009490966797,74.25470550695701,72.53014961510978,73.15187176181392,20008840
2010-02-19,74.42607879638672,74.69409906709606,72.76523407112612,73.37596790708848,14691980
2010-02-22,74.54468536376953,75.55964491510488,74.25469500499963,74.73801226961614,13280340
2010-02-23,74.73802947998047,75.08293532550462,73.91858897129761,74.0372226370873,12945780
2010-02-24,74.7160415649414,75.13344827001407,74.14485026646126,74.25469448907823,11211380
2010-02-25,74.30082702636719,74.8698192937825,73.90319147769333,74.7380115904116,11673940
2010-02-26,74.90498352050781,76.2209220967547,73.815330518644,74.25470748601688,18702060
2010-03-02,76.6690673828125,77.15458366775032,74.95769924331961,75.7485722726273,15429300
2010-03-03,78.0619125366211,78.2530471651979,76.56364204693504,76.56364204693504,22295920
2010-03-04,78.25962829589844,78.5166600586291,77.02717245806087,77.98940905658341,27028840
2010-03-05,78.38485717773438,78.86817457834336,77.81367241892895,78.45296007904365,20899300
2010-03-08,78.39363861083984,79.52723200415157,77.89714048663402,79.52723200415157,14745920
2010-03-09,79.57994842529297,79.74691380620528,77.98940606391977,77.98940606391977,24795380
2010-03-10,79.7227554321289,79.96221506992511,76.00782244446657,79.61510351835975,29921120
2010-03-11,80.27196502685547,80.62566020913548,79.22404684179415,79.79084679062115,15490460
2010-03-12,79.14276123046875,80.4235418974102,78.4880872597397,80.27415536589646,14944880
2010-03-15,79.6392593383789,79.96659297190743,78.20908543406331,78.20908543406331,15025920
2010-03-16,79.28996276855469,79.52283200225952,77.50608682289675,79.30753489562154,20872500
2010-03-17,79.4261703491211,80.1775011528858,79.00436554196409,79.28996457208538,9589680
2010-03-18,79.12739562988281,79.6326831597719,78.67044653844158,79.6326831597719,7003940
2010-03-19,79.96001434326172,80.17750378765226,78.98459697999479,79.73812683859005,12679680
2010-03-22,80.71794128417969,81.50442306355374,78.99997582511442,79.1757239208659,30611220
2010-03-23,82.77861022949219,83.04223906700439,80.62566597246193,80.62566597246193,20308760
2010-03-25,84.63057708740234,84.79973476650207,82.17226299655321,82.60285044612637,46592800
2010-03-26,85.74223327636719,86.36394883027755,84.05721939910833,84.84370804532085,23105720
2010-03-29,86.33976745605469,87.43601077235306,71.56791022288631,71.56791022288631,26453420
2010-03-30,83.78260803222656,86.55288369725292,83.54314835500158,86.33758653862465,18739960
2010-03-31,84.9535140991211,85.36652269415941,83.3607730653068,83.48159901371484,13652160
2010-04-01,85.20616912841797,85.6784979686553,84.62838741557283,85.6784979686553,14818440
2010-04-05,85.61260223388672,86.1003109213728,84.55370216489331,86.06515996050278,14247680
2010-04-06,84.9271469116211,85.67848426199015,84.59761427984421,85.67848426199015,8842880
2010-04-07,84.87664794921875,85.58843649881766,84.6240075310651,85.23913261042706,10756100
2010-04-08,83.60465240478516,84.79536698740556,83.20921579891636,84.79536698740556,12477660
2010-04-09,85.64994049072266,85.98606357287538,83.06420967988034,83.06420967988034,12415300
2010-04-12,85.863037109375,86.46498134583454,85.18200154085724,85.18200154085724,9141280
2010-04-13,85.7531967163086,86.24529674452269,84.84368993528001,85.67850344090895,12682600
2010-04-15,85.98826599121094,86.77255544859153,85.42366500675308,85.89819291278941,19094720
2010-04-16,86.30460357666016,86.75057083435738,84.62398837914891,85.45880175568708,10465120
2010-04-19,84.97989654541016,86.06515813595895,84.62400229264138,85.6785042789459,12241660
2010-04-20,85.43904113769531,85.98387094070269,84.75580652999606,84.75580652999606,10878640
2010-04-21,85.28306579589844,86.11787929095452,85.01943695305968,85.6345619805368,7889000
2010-04-22,84.98208618164062,86.55725542960536,83.83531212325674,85.18640154992252,13790220
2010-04-23,85.7575912475586,85.98826817259545,84.74043922378533,85.01944117790539,10634120
2010-04-26,87.41845703125,87.7392003866352,86.01684322976526,86.01684322976526,15796560
2010-04-27,86.97687530517578,87.69965235126642,86.46060598653962,87.39208308613101,8968940
2010-04-28,86.4759750366211,87.29321642753969,86.03000770286789,86.03000770286789,11423540
2010-04-29,87.249267578125,87.65569255616207,85.52251955939693,86.64073297820929,18792900
2010-04-30,87.89517211914062,88.31477796324054,87.1284613911737,87.78971922442052,14219220
2010-05-03,86.54847717285156,87.21633207147633,86.2101617194118,87.21633207147633,10014140
2010-05-04,85.1072998046875,87.20752074214245,84.89640078077294,87.20752074214245,9177920
2010-05-05,84.20000457763672,84.96232390094066,82.60726303593962,84.88763061937054,16028540
2010-05-06,83.28390502929688,84.18462914812343,82.4710549625694,83.70131180503783,10522460
2010-05-07,81.19905853271484,82.38318269676948,80.6696151784209,82.2074345887606,19571620
2010-05-10,84.98428344726562,85.15124882301791,80.40597672462698,81.86690364938008,12853080
2010-05-11,85.60380554199219,85.89818727185337,84.0637873025416,85.15124785383964,13929300
2010-05-12,86.77256774902344,87.04058799215674,85.63457620265415,85.63457620265415,13741640
2010-05-13,86.35295867919922,87.65570985063957,85.68730280489886,87.0493674566532,12744380
2010-05-14,85.75540161132812,86.68907767421896,85.33799482996668,86.29363437790771,9400300
2010-05-17,84.74922180175781,85.53790263378751,84.11871694216941,85.32700357198588,13207200
2010-05-18,83.29708862304688,84.58006859935537,83.05103858709191,84.27250605441166,12243120
2010-05-19,82.09979248046875,82.9543840158441,80.91567487929467,82.55894066903514,18180160
2010-05-20,81.32647705078125,82.44469058337805,80.68279142844034,82.33923770186779,6778000
2010-05-21,80.25438690185547,81.28472626573475,79.13617349910132,79.96659556953364,10997240
2010-05-24,80.16651153564453,82.0536344799371,79.57335005043139,80.63444899774568,9621820
2010-05-25,79.25262451171875,79.96661211993244,78.42879265608758,79.60631977030988,11068700
2010-05-26,80.30712127685547,81.42753386704736,79.62828467737906,79.65025486627701,14002780
2010-05-27,83.33222961425781,83.78917866858613,79.57116419046372,79.74691227958388,22619720
2010-05-28,83.34101867675781,84.09674758541338,82.83353882356344,83.3322359646844,11758500
2010-05-31,82.9741439819336,83.42011133586867,81.94380445657315,83.30587573786359,8768220
2010-06-01,81.50881958007812,83.0422476243839,80.75748871315655,83.02906685158601,11365460
2010-06-02,81.41873931884766,81.84493548003567,80.31810466108844,81.19685852673632,18903340
2010-06-03,83.72766876220703,83.92099568884753,81.90425713971693,81.90425713971693,13593780
2010-06-04,82.85331726074219,83.9122106479164,82.60726052941416,83.74525196068004,10188700
2010-06-07,82.45568084716797,83.25535019645612,79.45474187004872,82.0316836558832,19238260
2010-06-08,81.84274291992188,83.34980257709869,81.41654675995457,82.60286313430937,11342280
2010-06-09,82.64240264892578,83.28828725279128,81.35283247117329,81.724106502115,11584680
2010-06-10,84.73180389404297,84.9882796396696,82.38151956530515,83.17305131252873,17020940
2010-06-11,86.06501770019531,86.22862883676648,84.95067660749224,84.95067660749224,21630760
2010-06-14,87.25231170654297,87.33411726844982,86.06501098933927,86.06501098933927,14977960
2010-06-15,86.84329223632812,87.5552315099162,86.3612978842626,87.33413244044671,9121560
2010-06-16,87.38055419921875,87.99742244179085,87.02679436755918,87.334125287707,18168580
2010-06-17,88.26716613769531,88.39540062237862,87.02679691460423,87.68788768576,15977200
2010-06-18,88.07257843017578,88.34895219140947,87.48224785472812,88.08584383092249,9802800
2010-06-21,88.38876342773438,88.88181673070521,88.00184009619524,88.51037195180542,14203300
2010-06-22,87.8669662475586,88.43961192508468,87.66355217127185,88.21851289527197,8524880
2010-06-23,88.38435363769531,88.6032395588282,87.3562443069636,87.7630657879397,8488080
2010-06-24,88.51039123535156,88.7491752888369,87.55524152659241,88.30919024942715,17653100
2010-06-25,86.1247329711914,88.08588092723465,85.78645161487448,87.56187713484266,14470320
2010-06-28,86.25959777832031,86.84771538977618,85.04575924836371,86.32150525044243,10658160
2010-06-29,84.21221160888672,86.1755723542465,83.84518635717235,85.79085539906683,15902320
2010-06-30,84.85782623291016,85.73780302140628,83.08903355064078,83.79655332251197,17535120
2010-07-01,84.34486389160156,85.33096371702531,83.7965358453936,84.54827122908983,11567260
2010-07-02,84.58588409423828,85.05019355255561,84.01544463911986,84.34488688553178,8225000
2010-07-05,84.68980407714844,85.30003302597814,83.929222607097,84.06188342115887,5160540
2010-07-06,86.84769439697266,87.10196367387039,84.45982762384753,84.68092664904086,12496060
2010-07-07,85.66704559326172,87.06881291715885,85.39067174988907,87.06218021481423,7933440
2010-07-08,86.03849792480469,87.10640349614549,85.88593902212624,86.67083804525642,6725840
2010-07-09,88.56122589111328,88.96805409972406,86.23305305639468,86.44973256452349,31402360
2010-07-12,90.62630462646484,90.91594387983106,88.749168859663,88.83760714168022,29738560
2010-07-13,91.64776611328125,91.97720152688751,90.09344011699,90.73904554146718,12514620
2010-07-14,92.25579833984375,93.34360196485399,91.67872626954762,91.97721135781059,21116060
2010-07-15,91.2077865600586,92.4194119011308,90.87171840039416,92.4194119011308,6477460
2010-07-16,90.16200256347656,91.3581494867227,89.8192949150287,91.26970445008521,9427760
2010-07-19,90.55555725097656,91.26970300390492,89.41247196989809,90.29686834298789,17531160
2010-07-20,90.40299987792969,92.36193463896142,90.03155501427806,90.55555879468108,13369180
2010-07-21,89.90107727050781,91.30285111956314,89.54511105543796,90.65502580537951,9284700
2010-07-22,90.9712142944336,91.22547687333888,89.54512260582209,89.76622167398462,11149940
2010-07-23,90.14649963378906,91.49077880986387,89.58490619054595,91.49077880986387,13843620
2010-07-26,90.73463439941406,91.08396794950124,89.94972867865246,90.42951661340703,6072980
2010-07-27,91.39350891113281,91.88877541928461,90.42952019862709,90.79212591446309,13291820
2010-07-28,92.24696350097656,92.41942052296517,91.09061281991153,91.62346244170668,13142120
2010-07-29,92.88812255859375,93.52488883878333,92.12090866158027,92.45918990450512,22531480
2010-07-30,94.0511245727539,94.49774227029422,91.9772141923883,92.75990679858822,23399320
2010-08-02,94.46900177001953,94.84708605610419,93.805704528001,94.18820836663207,16526680
2010-08-03,93.8543472290039,94.8072837333419,93.38119870182348,94.6304071665734,16220960
2010-08-04,93.51605224609375,94.14397273805145,92.47246446078479,93.52489809736288,14734700
2010-08-05,92.87267303466797,94.07324625991012,91.31392709913067,91.31392709913067,14710560
2010-08-06,92.45035552978516,93.30379458271041,92.041320957607,92.56311145158897,10920880
2010-08-09,92.06564331054688,93.03405823165689,91.59470125323386,92.41940314095069,5236440
2010-08-10,92.64714813232422,92.9588986478747,91.52396776375399,92.2182153731193,14694540
2010-08-11,92.39730834960938,93.4386831741007,91.8865699915679,92.90584030498908,14670160
2010-08-12,91.6742935180664,92.10101303417402,90.56216564729375,91.84011779351405,9938860
2010-08-13,92.31108093261719,92.92352296764065,91.01543678874066,91.16136299420577,10499860
2010-08-16,92.15408325195312,94.05111691883842,91.55269355358635,91.90645339040346,7186680
2010-08-17,93.79244232177734,94.45353318377364,92.0258627661222,93.21537694029627,20131820
2010-08-18,96.92762756347656,97.23937132419435,94.18820676185807,94.18820676185807,38844340
2010-08-19,98.61680603027344,99.03026016173084,96.62028193882513,96.62028193882513,20763920
2010-08-20,98.66767120361328,99.04353556680195,97.51353381093654,97.79432719526642,8398140
2010-08-23,97.13323211669922,98.52173382149832,96.531842456489,97.85180399850815,8194860
2010-08-24,97.66610717773438,98.16799970209904,95.51923007386254,97.13325754083345,10680280
2010-08-25,96.94087982177734,97.94687778630805,96.33506384497485,97.3278031538903,10591220
2010-08-26,96.32624053955078,97.89603863222901,95.80223004458198,96.33729279474656,20388100
2010-08-27,94.59281921386719,96.83918674252521,93.99585572872809,96.39920171953572,11550480
2010-08-30,94.26338195800781,96.29749621456097,93.59566515838782,95.51480357377922,6876460
2010-08-31,94.37614440917969,94.63040700375012,93.40551620138982,93.96710975839673,9390160
2010-09-01,95.0394287109375,95.29369127087945,93.74599790917144,94.4336127211175,9616200
2010-09-02,96.7286376953125,97.0602863267823,95.5059600105235,95.5059600105235,11590660
2010-09-03,97.01607513427734,97.28360315367543,95.87962253140763,97.01828153701999,8118160
2010-09-06,97.47373962402344,98.15472858611662,96.62693309516412,97.1951593644477,9546440
2010-09-07,97.24378967285156,97.99110557127348,96.51195232792544,97.99110557127348,8407840
2010-09-08,96.38152313232422,97.2791849431088,96.01449781476362,96.75296800284009,9969600
2010-09-09,99.26685333251953,99.49458511299294,96.53627836938126,97.06249525467533,26029580
2010-09-13,100.92951202392578,101.48447284725019,99.40614294452234,99.49900077511506,14595580
2010-09-14,103.21788787841797,103.916561741518,101.08649637603136,101.08649637603136,32697460
2010-09-15,105.04196166992188,105.4200392094718,103.29969983060819,103.43014747881762,25503160
2010-09-16,105.91972351074219,106.79085441574821,104.15314404096499,105.05301890562683,25534780
2010-09-17,106.15409088134766,107.2772780039803,105.5527011043828,105.9197263926504,21503140
2010-09-20,108.17050170898438,109.22072224159359,105.96393741354854,106.2690551952392,15095460
2010-09-21,109.25609588623047,110.31074268927102,108.56405476951527,108.56405476951527,32710780
2010-09-22,109.73812103271484,110.1073595244784,108.3518320075283,109.2229630624344,25049020
2010-09-23,108.95098114013672,109.74693910395993,108.47783266137459,109.29147558110151,12380340
2010-09-24,110.3394775390625,110.6379626042465,106.48793588980506,106.48793588980506,27910620
2010-09-27,107.82780456542969,111.0271083360149,107.61775775273776,110.54953354142698,16677440
2010-09-28,108.35620880126953,108.8558947643095,107.07383713631874,107.80788752952277,18864220
2010-09-29,108.02236938476562,109.39981221049479,107.28610573627282,109.39981221049479,15595720
2010-09-30,110.07861328125,110.50533294597486,107.30824169114021,107.45416791404594,36959780
2010-10-01,110.58268737792969,110.72640040947952,108.88464831066044,110.19576404438381,17730260
2010-10-04,110.2842025756836,111.54888940165644,109.80663456914951,110.58268764032302,13980460
2010-10-05,108.24127197265625,110.9784798373224,107.7835952284706,109.72705815497122,17196660
2010-10-06,108.63703155517578,109.66514090164708,108.33854645525618,108.55964552965466,8219880
2010-10-07,107.61112213134766,109.22293617593064,107.3015847953104,108.64807726762838,9012840
2010-10-08,106.38180541992188,108.2500950713975,105.68534476935427,107.6818688995987,14906860
2010-10-11,105.6190185546875,107.9317127212034,104.6528100413774,107.9317127212034,19820040
2010-10-12,105.25641632080078,106.12754714339543,103.45446035941009,106.04131527258572,15619800
2010-10-13,107.95162963867188,108.33855304239471,104.66830683474205,105.46426490045363,20573400
2010-10-14,107.20429992675781,108.60386075228817,106.57195985518679,108.11744012230444,7707260
2010-10-15,105.51953125,108.01794804422688,105.24094426238518,107.20651823516414,11726540
2010-10-18,106.05902099609375,112.31391602199548,104.04923111607116,112.31391602199548,16550200
2010-10-19,104.75009155273438,107.14459797565192,104.29462806229603,107.14459797565192,16649040
2010-10-20,103.27755737304688,104.88937107722516,102.94812200077554,104.75671031910976,9860460
2010-10-21,104.58428955078125,105.01322232692951,102.44183882011981,103.03438951177569,14595060
2010-10-22,102.88402557373047,105.24315558049737,102.52363976340992,105.24315558049737,12950380
2010-10-25,101.91340637207031,104.69041016527851,101.66135019226176,103.29748871631938,17259580
2010-10-26,101.7674789428711,102.85528932836144,101.30759584941521,102.05933133256461,10139440
2010-10-27,99.68473052978516,101.97090101340972,99.07007534149815,101.97090101340972,16440660
2010-10-28,100.23307037353516,102.406478417605,99.09662444935228,99.78202629690936,42138460
2010-10-29,100.81676483154297,101.61714245255182,98.9197308731326,100.82118438424706,16264860
2010-11-01,103.88117980957031,104.6240761474423,101.04448188590226,101.61712763207039,20269600
2010-11-02,103.93204498291016,105.55269825217391,103.6070290690791,104.57986366062651,11122040
2010-11-03,104.45824432373047,104.88496385227484,103.96297788505544,104.40296956363693,7081520
2010-11-04,105.64997100830078,106.34864482766835,104.69261507465744,105.68534766658102,9716320
2010-11-08,103.27094268798828,106.12754542109887,102.83095773176707,105.83569305181302,8510920
2010-11-09,106.06123352050781,106.4282520630129,103.04765191955981,103.47437153321403,13716100
2010-11-10,105.94403076171875,107.00309031314328,105.39128315756543,106.12753999743845,8934340
2010-11-11,104.06249237060547,106.54322428396733,103.30854370849067,105.46867926130051,6728740
2010-11-12,102.36444091796875,105.19892561979717,101.92666236853393,103.69545477406163,12403100
2010-11-15,105.50183868408203,105.7737862024654,102.32463960672473,102.36886211653727,22815960
2010-11-16,104.91593170166016,106.11429166914697,102.8110709154264,106.11429166914697,18299340
2010-11-18,103.4898452758789,106.96772939455934,102.53469565599654,106.96772939455934,16631980
2010-11-19,101.8647689819336,104.53564291453552,101.35181749406293,103.69546910476097,11752680
2010-11-22,105.23872375488281,105.7273507452467,101.97088020530022,102.63417732698063,11021900
2010-11-23,104.88055419921875,105.24315992173871,102.03501017755875,104.57986269534119,11416240
2010-11-24,102.20968627929688,104.97342488331373,101.26116930112384,104.09344808272763,8257500
2010-11-25,102.72482299804688,104.30126025220513,101.36285883262784,102.81105486346206,22687740
2010-11-26,101.61271667480469,103.47437397892641,100.64430832974833,102.85529922673393,15139380
2010-11-29,101.61271667480469,102.49711303359892,101.04228399224225,101.70558126133793,11818860
2010-11-30,101.0599594116211,103.21125578039677,99.87045208914246,101.57291087068293,17253560
2010-12-01,104.67051696777344,105.0220636976196,100.82118114971482,101.19925868975187,16081440
2010-12-02,105.76275634765625,106.12756851494456,104.05365786729622,105.15473381970604,14738560
2010-12-03,105.93519592285156,106.12755102950726,104.88939491801476,105.90645196486246,7923580
2010-12-06,105.38687133789062,107.23304993889761,105.03311147314663,107.01195086685864,9363120
2010-12-07,103.9895248413086,105.68535771322351,102.9658417932064,105.2431595637958,17194700
2010-12-08,100.841064453125,103.47435493651889,100.16671505260855,103.47435493651889,23488440
2010-12-09,98.69862365722656,101.01574434361945,98.13703012924924,100.5182714353195,36567840
2010-12-10,98.27191162109375,98.70969024309936,95.97026931216749,97.28359843077565,41242460
2010-12-13,99.00816345214844,99.27348504209286,96.46110452779693,99.18504676124749,15823360
2010-12-14,98.97499084472656,100.63986646273908,97.81422080335587,99.36191419185012,11844160
2010-12-15,95.64302825927734,98.61018060878683,95.07259565421153,98.61018060878683,22420420
2010-12-16,97.31895446777344,98.15028901915204,95.07258740679835,95.6474462615302,19518360
2010-12-20,96.06755065917969,97.27474975172147,95.1367254177863,97.27474975172147,10322440
2010-12-21,97.90708923339844,98.12597514779702,96.04101259166295,96.08965465568573,12351160
2010-12-22,96.34613800048828,99.05238860131786,95.95921460751438,98.74285123642044,15006480
2010-12-23,96.88339233398438,97.46045761021736,96.13165692064551,96.39918487931631,6526540
2010-12-24,98.09722900390625,98.37802912753838,96.1780907886959,96.79716545572897,7033420
2010-12-27,97.88939666748047,98.61018176963081,97.15535290879484,98.12376113368741,7541260
2010-12-28,99.76653289794922,100.32148695935145,97.95351787745415,98.34044123875668,9350060
2010-12-29,102.93487548828125,103.33285108824964,99.65155317261512,99.7598962977837,16142080
2010-12-30,101.94876861572266,103.62469636878521,101.1771283784743,103.30631321163547,14504700
2010-12-31,103.7551498413086,104.57985173543489,101.35401737214283,101.92666310789743,16497820
2011-01-03,105.70746612548828,106.1120744524666,103.93424727566085,104.80095859407479,10796780
2011-01-04,103.71977996826172,105.59691563327772,103.16482589893569,105.53058186480538,16568260
2011-01-05,102.06818389892578,103.9033035885756,101.59502862262363,103.9033035885756,15651840
2011-01-06,102.93265533447266,103.5915329024924,102.1035339347833,102.4130779885931,10870180
2011-01-07,100.35467529296875,102.86414471893116,99.98101726838539,102.86414471893116,15896020
2011-01-10,95.1720962524414,100.3789765902639,94.54196256092841,99.76210830300101,40141720
2011-01-11,94.92223358154297,98.1104776947646,93.96708418876428,95.95697538334987,24315180
2011-01-12,97.51795959472656,97.9026698343997,93.15346591873785,95.91277811624191,19810660
2011-01-13,94.7630615234375,98.05301672198793,94.02901100117218,97.68156516117142,18972020
2011-01-14,90.63069915771484,97.63732756862284,89.76620118879407,95.07257761374741,25582820
2011-01-17,91.45098876953125,92.55206447708693,90.67492893817283,91.0928093850297,24561640
2011-01-18,93.27507781982422,93.56914340636212,90.50249316951285,92.27791870273654,16840320
2011-01-19,91.77600860595703,93.48289363021695,91.22547410212687,93.376763651656,17984100
2011-01-20,93.63765716552734,94.38275985532525,90.46930412429103,91.50183961630124,19277080
2011-01-21,92.60291290283203,93.95383161807383,91.80474856453539,93.03847830480395,16595220
2011-01-24,95.01068878173828,95.24947279880637,91.66767205833776,92.64050657744993,25548320
2011-01-25,92.1673583984375,96.1714662088928,91.53943782672836,95.12566514108873,28221080
2011-01-27,90.6904067993164,92.86160109184156,90.25263499822427,92.86160109184156,37891160
2011-01-28,90.83854675292969,92.3906596670106,90.29906452691483,90.87171026120774,35596840
2011-01-31,90.53123474121094,91.2453872565295,88.27160169066796,90.3278273496822,22236060
2011-02-01,90.19072723388672,91.84012425375437,89.10733649349494,91.84012425375437,17102460
2011-02-02,89.31959533691406,91.24757929450882,88.71377936056992,90.71693618437229,19524340
2011-02-03,91.13483428955078,91.61240913281532,88.88183402654782,89.32403220578438,11592060
2011-02-04,89.2245101928711,92.19829482318104,88.6607103695338,90.69482412934371,18506400
2011-02-07,90.1575698852539,91.09282142752099,89.33287463096268,90.42952418411672,17118920
2011-02-08,88.5656509399414,91.0905983939887,87.78074523863208,91.08839199165452,14391980
2011-02-09,89.42571258544922,89.98730601595295,87.61712412322863,88.35117452878066,14715160
2011-02-10,89.14051055908203,90.60639165198864,88.43962357340338,89.14714326095373,23071180
2011-02-11,91.06185150146484,91.09280860722292,88.21852095699501,88.21852095699501,20206840
2011-02-14,93.10260772705078,93.31265454510952,90.65725252242694,90.65725252242694,11844720
2011-02-15,93.17115783691406,94.09977674039322,91.76939037597725,93.30381864418379,15199460
2011-02-16,92.63388061523438,93.83444698467463,92.20052831333307,93.48068711178426,9101580
2011-02-17,96.64680480957031,97.01824955250459,92.64049155279125,92.86159057797691,23609840
2011-02-18,96.22674560546875,99.18947204307554,95.74695761437144,96.57607919657906,39535740
2011-02-21,97.3587646484375,97.63735163859609,94.29875429870314,95.73589826808549,11201020
2011-02-22,94.56187438964844,96.91657844946066,93.9848022313941,96.84140556533191,11592860
2011-02-23,93.48511505126953,95.20526563161707,92.87045987596305,93.9759552810041,12228440
2011-02-24,91.05301666259766,93.6818809817924,90.46267920253963,92.2867464506251,20055540
2011-02-25,90.30348205566406,92.28674077514812,89.23557662859147,92.28674077514812,12619920
2011-02-28,90.75011444091797,93.78801345201043,89.98731996339527,91.269691848677,21962720
2011-03-01,94.58618927001953,95.07260997349864,91.04860378263353,91.74727772608134,20501160
2011-03-03,96.98068237304688,98.26968693203749,94.1904132980064,94.4048796574421,25337640
2011-03-04,98.0905990600586,98.73841770259875,97.57101490664954,97.72578695146348,19709880
2011-03-07,96.09629821777344,97.46047581957707,95.11240457187822,97.46047581957707,12855680
2011-03-08,97.57101440429688,98.10165755669372,95.36002376066986,95.42635752842345,17971140
2011-03-09,97.55111694335938,98.99489357330009,97.06248989716043,97.72578709463534,18083980
2011-03-10,97.655029296875,97.94688166976094,96.50310510601494,96.92982466411483,14940620
2011-03-11,96.67998504638672,98.03532338492991,96.17809260141858,96.48984309057421,13107900
2011-03-14,97.93582916259766,98.12375796152011,96.0454281929112,96.0454281929112,13082880
2011-03-15,96.60481262207031,97.62408281795629,94.18820146672681,95.95699398253389,27602000
2011-03-16,96.56502532958984,97.50469644041011,96.33729354204033,97.10672078655556,11610680
2011-03-17,96.46552276611328,98.74284726445575,95.78675374063039,95.96584344981027,33521240
2011-03-18,95.04164123535156,97.11555155321705,94.72326478804972,96.39919273882387,9644240
2011-03-21,95.26937866210938,96.34170372161593,94.91561881120661,95.9658393623007,12318700
2011-03-22,95.14334106445312,96.08964469124982,94.72104108591294,95.47498962637823,9430540
2011-03-23,95.70053100585938,96.48322368763695,94.85372444497722,95.07261038879454,9314700
2011-03-24,96.96520233154297,97.23494345218496,95.89066414847571,96.35496677232486,8827620
2011-03-25,100.16007995605469,100.60006489389279,97.28357923805018,97.59311654978069,17802960
2011-03-28,101.5618667602539,102.2362162752947,100.15788621112397,100.15788621112397,21860620
2011-03-29,101.93331146240234,102.7580134831695,101.02680385930931,102.14777784595796,21636600
2011-03-30,103.54071044921875,104.53565644359591,101.97091216712896,102.36888786591607,22194840
2011-03-31,103.73304748535156,105.94624445648527,101.93108477385158,103.91655673370273,37863820
2011-04-01,103.197998046875,104.5798673297737,102.72263636303957,104.04923087462232,8738580
2011-04-04,106.16293334960938,106.34865576412383,103.47436777049887,103.47436777049887,12644540
2011-04-05,105.93962097167969,106.56754153816121,104.7191565005843,106.12755653586028,16825320
2011-04-06,105.0640640258789,105.90645091402455,103.96078186341899,105.72957436302691,12939720
2011-04-07,104.12659454345703,105.15470371967238,103.45666472886703,105.02204294752039,13116320
2011-04-08,104.02268981933594,105.46425328421687,103.69988032850839,104.09343639162236,15440340
2011-04-11,101.53089904785156,103.36602532311662,101.20146360244834,102.81991036644366,22416360
2011-04-13,104.7545166015625,105.40454832237226,100.60006372884877,100.79684511423869,18067780
2011-04-15,104.49584197998047,105.77379434197506,103.65124190838394,105.02205884916792,17181860
2011-04-18,102.22735595703125,106.12091382903175,101.89792052384571,105.19008869560872,20706540
2011-04-19,103.80601501464844,104.30570107995987,102.78675152450657,103.474366404378,14924860
2011-04-20,104.88719177246094,105.64113366859138,103.82812533065297,104.38307941190591,13096140
2011-04-21,106.59847259521484,106.87484637281537,105.33157276962767,105.33157276962767,32410700
2011-04-25,105.72956848144531,107.94276538522544,105.50846943129375,107.14460105293388,12645740
2011-04-26,104.35212707519531,106.03248133634563,103.49647476423353,105.53279528502094,12643700
2011-04-27,104.06028747558594,105.19894646276431,102.86856686489911,105.06629240399315,14295300
2011-04-28,103.3748550415039,104.75672406273783,103.03215422320083,104.49804196051095,26769640
2011-04-29,101.50878143310547,103.4610898198141,100.86538913642467,102.81105807413343,18625880
2011-05-02,101.27000427246094,102.39982400103634,100.02521545937901,101.97089127598908,14156740
2011-05-03,98.86002349853516,101.51321221105142,98.26526648902014,101.19924857787755,21480560
2011-05-04,100.00090026855469,101.0489077012782,97.62850481817472,99.22925992594786,26421220
2011-05-05,98.18788146972656,100.59122719006304,97.7257852406081,99.75326660461775,18698980
2011-05-06,101.58396911621094,102.58996717293056,98.38908489645279,98.38908489645279,21551460
2011-05-09,100.77031707763672,102.36886572526438,99.42382459949228,101.79400681447463,7797180
2011-05-10,99.33539581298828,100.73274363794822,98.39351155954874,100.73274363794822,13046440
2011-05-11,99.98322296142578,100.33035017071927,98.21222374379036,99.93679403931039,9821700
2011-05-12,99.06121063232422,100.15344037306014,98.831265753378,99.49456283897115,9478860
2011-05-13,99.54100036621094,101.2633638369031,98.42666602404302,98.6986135343472,11646140
2011-05-16,99.62944030761719,100.20651234039427,98.88876388339028,99.27347407363662,12541240
2011-05-17,99.60291290283203,100.55364290471988,99.09660091599243,99.58301479721634,12223880
2011-05-18,100.26177978515625,100.71945640750347,99.18502856306914,99.85274522046053,13870960
2011-05-19,100.5470199584961,100.99805722436285,99.83508064973569,100.40109375574798,15022540
2011-05-20,102.39981079101562,102.5899527232559,99.7333502087406,100.37896236284091,23827740
2011-05-23,100.1446304321289,101.6525279667845,99.31550877783415,101.48449048567646,20092800
2011-05-24,99.72892761230469,101.37390493002391,99.41497076925901,99.67143970551876,9004880
2011-05-25,99.70462036132812,100.24630899116895,99.28895306330351,99.49457356262178,8314880
2011-05-26,100.12249755859375,100.68851061261527,99.0523789174778,99.71567609772876,19899900
2011-05-27,101.86697387695312,102.23620553416525,100.04953930648678,100.15345613614805,11662040
2011-05-30,102.04163360595703,102.92602982744276,101.58838324140868,101.8824420161933,7849500
2011-05-31,106.10765838623047,106.51226672650184,102.36887220090996,102.80665080051217,35393460
2011-06-01,106.0479736328125,106.43710345349265,105.0110183328911,105.68536787665514,13143340
2011-06-02,105.09508514404297,105.3800522698113,104.41383550284444,104.8613255434139,13445520
2011-06-03,104.9370346069336,105.56485512744158,104.56969512592256,105.07951479367009,11977060
2011-06-06,106.02792358398438,106.41752750266569,104.42720751169864,104.42720751169864,11685600
2011-06-07,105.81641387939453,106.44869131445682,105.25093655330832,105.30881593983877,8126940
2011-06-08,104.87025451660156,105.61606918980405,104.55635101090068,104.91255491975497,10278780
2011-06-09,105.20641326904297,105.73182550480784,104.25800386018916,104.84798093213618,6459880
2011-06-10,105.19082641601562,105.72736746899572,103.75486180659567,105.43795014143438,8743820
2011-06-13,105.64276885986328,105.97226490251411,104.37599901529049,104.77673854729605,7835560
2011-06-14,106.08356475830078,106.77372152269412,105.32662147877186,105.88319841874196,12433200
2011-06-15,105.65167236328125,106.6757754065592,105.3934198188614,105.9722612602057,14077880
2011-06-16,104.32479858398438,105.61605456010437,104.10438946278035,105.25984390643754,8425300
2011-06-17,104.60530853271484,105.35335158303607,103.9084798084517,104.65874454683622,14213480
2011-06-20,102.36563873291016,105.14630203435563,101.16121208834664,104.28694361666541,15625700
2011-06-21,103.54780578613281,104.36931396309504,102.49921664419871,102.49921664419871,10157720
2011-06-22,103.42091369628906,104.53851786598261,102.96229479199013,103.85503967963754,6183160
2011-06-23,103.91291809082031,104.16672044494013,102.85542187029242,103.25615456251575,8267580
2011-06-24,106.11251068115234,106.41528528339201,104.26022094484945,104.59193863580515,16575460
2011-06-27,107.58187866210938,108.28093580692031,105.6449880792888,106.10583544331992,20512380
2011-06-28,107.88911437988281,108.19857446929099,107.06538445321345,108.17185985895567,12193620
2011-06-29,110.830078125,111.27088280703164,108.42121098544521,108.42121098544521,20504880
2011-06-30,112.0077896118164,112.42633664430296,110.2534644412855,111.27088213441954,26841200
2011-07-01,111.37104034423828,113.43482509272863,110.33580864439655,113.09642877535842,13304840
2011-07-04,112.74915313720703,113.18550764248091,111.8675369914874,112.87382585299957,14323360
2011-07-05,113.14764404296875,113.63074903202909,111.96101817793142,112.29496434875095,10637280
2011-07-06,113.33244323730469,113.98697838327215,111.98330102887869,112.873824297498,11785740
2011-07-07,114.2452163696289,114.6526345419937,112.83596638246817,113.36805726041437,14778040
2011-07-08,113.94911193847656,115.0244156428771,113.70644519761086,114.25412182166059,15089360
2011-07-11,112.39961242675781,114.16953002831957,111.98774408236545,113.94244226099521,7945000
2011-07-12,110.41375732421875,111.76067106057427,109.54327000723339,111.76067106057427,14721800
2011-07-13,112.19255828857422,112.60442659947901,110.33804004558998,110.87013088270614,7441820
2011-07-14,112.64006042480469,114.27639143408642,111.04824470663593,112.45082287850282,9354344
2011-07-15,113.30793762207031,113.64188379037095,111.9832817701502,112.75136067490256,5490152
2011-07-18,114.66600036621094,115.52313717053548,113.09645581323585,113.97585026409068,6209896
2011-07-19,113.73094940185547,115.54538912465479,113.17437238295058,115.21144291331186,17052664
2011-07-20,112.00556945800781,114.96656350810174,111.76067419158596,114.96656350810174,7408644
2011-07-21,110.49166870117188,112.40629503320815,110.09093595932498,112.38403059329373,12881024
2011-07-22,111.66048431396484,112.88495381585687,111.05938518043716,111.31540926291119,12634120
2011-07-25,112.47308349609375,112.76250082002397,110.68090146974774,111.66047563630336,13370428
2011-07-26,110.9035415649414,113.58624702100077,110.2579135461169,112.50648618574674,10581528
2011-07-27,111.77178955078125,112.19479350280507,109.53435274588914,111.17069047196011,11062712
2011-07-28,108.48799133300781,111.20408994112293,107.88689222062878,111.20408994112293,21417956
2011-07-29,108.37665557861328,109.06681232100662,107.10766427242413,109.06681232100662,11990668
2011-08-01,108.64384460449219,110.41376241355883,107.86463670261571,109.85718534078991,8809416
2011-08-02,107.49728393554688,108.62156676621836,106.86278479201371,108.62156676621836,7929976
2011-08-03,107.31916809082031,108.95550573311172,105.97225454794543,106.57336039014307,8330268
2011-08-04,106.07245635986328,108.844205978083,105.74963895486601,107.77558076525308,7318424
2011-08-05,105.31550598144531,105.92774073236498,101.76454850260335,103.52333061005096,12624376
2011-08-08,102.8777084350586,106.86279895388306,101.97604949239293,103.07807482426637,17233492
2011-08-09,103.40087890625,105.4268137730402,100.1504678319422,100.18386109347611,17963696
2011-08-10,106.84053039550781,110.1577282930631,105.39343004876224,110.1577282930631,13068904
2011-08-11,106.85164642333984,107.90914263669953,105.74962133596728,106.57335794613994,8409216
2011-08-12,104.20233917236328,108.19856459470529,103.32295162303366,107.9981982413234,11413552
2011-08-16,101.61983489990234,106.50657705278982,101.21909536952063,106.50657705278982,12222592
2011-08-17,104.07991790771484,105.18194328557581,101.49739879973004,101.53079206696587,12536804
2011-08-18,102.94448852539062,105.71624491748656,102.08735852024886,104.25800898817957,22888452
2011-08-19,102.59941864013672,103.1893889766417,100.18387279285601,101.29702693499885,17921036
2011-08-22,100.86287689208984,103.28955794322974,100.33969996987317,102.42129242518389,11908996
2011-08-23,102.27660369873047,102.96676064240765,99.13750758301765,101.83134203108763,16145092
2011-08-24,101.51964569091797,102.9444814645915,100.74043788407978,101.96490729482551,12742456
2011-08-25,98.7701416015625,102.27657629473548,98.11338489425307,102.27657629473548,23200840
2011-08-26,97.72378540039062,100.30629706068252,97.10041512840624,98.8480681424581,8523824
2011-08-29,101.61983489990234,101.95378111147724,98.65884108077975,98.95939403002777,11600396
2011-08-30,105.07059478759766,105.74961591952541,102.14299472208293,102.8442870840287,15589296
2011-09-02,105.25984191894531,107.7533096533789,104.19121677227547,107.7533096533789,15190948
2011-09-05,104.69212341308594,105.52698883105312,103.00012814050865,104.591936845269,11800716
2011-09-06,105.25984191894531,106.06131417602418,102.41017033172375,104.32479661414744,17860792
2011-09-07,108.66609954833984,109.07796790502047,105.27097970119783,105.97226539276046,14746572
2011-09-08,107.68651580810547,109.02230054770165,106.6735416374202,109.02230054770165,8164048
2011-09-09,105.36002349853516,108.13177960775832,104.79231769021362,107.73104010116135,10331416
2011-09-12,104.49176025390625,104.90362856481065,102.96673801847778,103.96857655054946,6985520
2011-09-13,104.12442016601562,105.92772407713737,103.30068354936193,104.85909903394283,7175952
2011-09-14,106.61788940429688,107.55294148759832,102.64392824149506,104.05763518885323,7749008
2011-09-15,107.89801788330078,108.65496125865619,104.99268860651274,108.17630638851622,8736760
2011-09-16,107.68651580810547,109.08908706702044,106.03904252728151,108.25422160477284,10947008
2011-09-19,107.92027282714844,108.42119209246269,106.21714868391045,107.28577373225325,8389220
2011-09-20,109.38964080810547,109.81263795330186,107.53067233947247,107.9759339226587,11835268
2011-09-21,110.0909423828125,110.79222811903914,108.73289299863264,109.70133844111398,12891396
2011-09-22,105.14850616455078,108.86644260724411,103.63461970076101,108.62154741023798,10191088
2011-09-23,101.60868835449219,104.63646837261535,100.74042965661373,104.31365101848571,32911224
2011-09-26,100.20612335205078,101.88698315615999,97.83510671659607,101.5196436989745,27785068
2011-09-27,101.84245300292969,102.83315589718805,101.09663853128768,101.96489721423787,16022836
2011-09-28,101.96489715576172,103.60123474624031,100.57345478191127,102.944471228122,15223752
2011-09-29,104.77007293701172,105.7051183731168,100.77384670717771,101.86473644637728,32532984
2011-09-30,104.11328125,105.70508994281748,103.3897312265237,103.7125485700432,19028800
2011-10-03,101.53076934814453,103.50105320403101,100.35082887547824,102.44355694854899,18136236
2011-10-04,99.93897247314453,101.5196526339512,98.06887496766556,100.74044477382218,14963192
2011-10-05,97.66812896728516,101.57529656118311,97.18946733994886,99.95009453386515,16534992
2011-10-07,100.1838607788086,102.41016879611544,99.33786644989314,100.78496666114259,18887004
2011-10-10,101.230224609375,101.96490351089727,100.19498598338548,100.62911874874578,24125984
2011-10-11,101.85359191894531,103.50105849497855,101.33040817539447,102.56601320303407,9987516
2011-10-12,104.00198364257812,104.61421838249865,100.95194556019328,102.84430748358399,17935560
2011-10-13,104.78118133544922,106.01678631272321,104.10216013466226,105.74962664354165,11733404
2011-10-14,105.50473022460938,106.06130720067732,103.60123968411801,104.4138407103467,6670040
2011-10-17,106.42864990234375,106.97409807323989,105.15965843457428,106.10583932283915,7087264
2011-10-18,106.45091247558594,107.17446255393344,105.08173445538966,105.50473160390075,8109020
2011-10-19,109.5009765625,110.11321135320874,106.70695553204602,107.51956350776432,17378084
2011-10-20,108.98892211914062,109.62342135517471,106.99638023038041,108.6438470439372,11353704
2011-10-21,108.42121124267578,109.48983647976763,107.5974744765587,109.1002325379305,9161464
2011-10-24,107.83123779296875,110.64751627493884,107.51955600736298,109.70133530075677,9743092
2011-10-25,104.19121551513672,109.25606626934476,99.86104369113067,108.6104383012653,82630020
2011-10-28,107.45275115966797,110.09092742235057,106.80712321713385,108.19856567697146,18038448
2011-10-31,109.08907318115234,109.47867701394217,106.2282665358367,107.53065784999302,12851416
2011-11-01,107.37482452392578,109.75697663301317,106.86277643782215,107.99819479630449,13299516
2011-11-02,107.55294036865234,108.64382992505286,106.306206535272,106.57336621176522,10111820
2011-11-03,107.27465057373047,107.94254296274096,105.10400030944642,107.08541303801363,10505636
2011-11-04,107.53067016601562,108.62155966394182,106.92956432320301,108.35440679592145,6803220
2011-11-08,107.80896759033203,108.4991244463852,106.52884045838694,107.53067908338744,8392808
2011-11-09,106.25055694580078,108.13179005883563,105.8164241368994,107.97594576995994,8604988
2011-11-11,103.31182098388672,106.50657435245162,102.98901039737393,105.8943396467534,9210036
2011-11-14,104.94815826416016,106.82939125083757,104.40271687803768,104.61421206255963,12228564
2011-11-15,105.13739776611328,106.37299601743447,104.61421401501087,104.7923227356803,11644292
2011-11-16,103.67915344238281,105.08172459108609,102.47694183589202,104.6364630462086,7117600
2011-11-17,102.26545715332031,104.63647376381886,101.65322246640434,103.11145145757946,10777368
2011-11-18,102.03170013427734,102.76638590269907,100.2061315217318,101.34155004081752,11720744
2011-11-21,98.99279022216797,101.51965132336754,97.95755829447745,101.51965132336754,10194036
2011-11-22,98.85920715332031,100.0725477694093,97.95755510242512,99.5159707517819,15218304
2011-11-23,94.86298370361328,98.34715430839655,92.21367858531893,98.34715430839655,25565636
2011-11-24,95.65332794189453,96.84440415644235,91.56805114336107,95.46409039103405,28885188
2011-11-25,95.9316177368164,96.82214100528378,93.29344119515116,95.23033202172903,18906468
2011-11-28,98.14678955078125,99.05957718972296,96.64403165059827,97.06702881181921,10891716
2011-11-29,96.88892364501953,99.19314691281822,96.22103126730336,98.84807190199257,14831024
2011-11-30,98.51412963867188,100.10593851016108,95.55314269713679,95.55314269713679,28214548
2011-12-01,100.96307373046875,103.96858970700973,100.06142165516776,102.17641437940028,13929784
2011-12-02,103.7459487915039,104.16894593632975,100.88514176320811,101.33040334600426,11237028
2011-12-05,102.93335723876953,104.06877573826783,101.96491184819295,103.23391019365926,8753228
2011-12-07,103.99085235595703,104.8368467134169,102.87769830974501,104.63648034392936,11172944
2011-12-08,101.01873779296875,104.1244405485628,100.42876746000583,103.96859625193699,12557000
2011-12-09,98.79242706298828,100.45102940120013,98.06887689294949,99.51597723302707,13606912
2011-12-12,96.18763732910156,100.39536501158015,94.90751019041649,99.7608658535752,12071156
2011-12-13,97.60132598876953,99.15974134331607,94.84070586240317,95.2859673922736,14925880
2011-12-14,96.69967651367188,98.7924043972854,95.78688899590318,97.7349082375398,24306724
2011-12-15,96.03179931640625,97.06703120320617,95.0633539535987,95.50861556462259,26960140
2011-12-16,92.45858001708984,98.06887959224164,91.27863934805693,96.64404365393199,29424820
2011-12-19,90.38811492919922,91.94653070384058,89.10798768574381,91.73502870247782,32341524
2011-12-20,92.21366882324219,93.861135183343,89.94283222273027,90.38809376838736,19983568
2011-12-21,96.94459533691406,97.8239830180199,93.01515584548875,94.84073132575868,14986880
2011-12-22,98.59205627441406,99.02618228053565,95.46408929498901,96.06519520396128,13576068
2011-12-23,97.41211700439453,99.40466565169243,97.06704193535923,98.89261746006189,6855300
2011-12-26,98.78129577636719,99.1597640870733,97.30079541465193,97.73492822351109,4564760
2011-12-27,97.89076232910156,98.75902106234432,97.00023915774436,98.02433536948305,6294236
2011-12-28,97.91303253173828,98.6254538778628,96.4102744873239,98.51413846716544,7668340
2011-12-29,95.64219665527344,98.40281732082804,94.84072438613744,96.98911032854208,10930628
2011-12-30,95.02996063232422,96.62176953191104,93.97246430680215,96.57724065317524,7676416
2012-01-02,95.02996063232422,95.68671743168296,93.39362285400158,95.48635106567781,7029996
2012-01-03,97.76830291748047,98.1579067714792,95.73123269683178,96.04291442120035,6878476
2012-01-04,98.6922378540039,99.0595841351268,95.92048827582133,98.38055607094344,9742956
2012-01-05,98.7701416015625,99.44916953927135,98.02432714926356,98.84806373135231,6761212
2012-01-06,100.91854858398438,101.77567860487406,97.72380173345097,98.18019219948332,7954444
2012-01-09,101.45286560058594,101.76454738425274,99.29334396704932,100.6068644230294,8463936
2012-01-10,102.34337615966797,102.92221077426815,101.51963952481006,102.41016267853647,8982772
2012-01-11,103.00013732910156,103.30069026521237,101.29701308334401,102.52148247226356,7719112
2012-01-12,103.89066314697266,104.43611133348462,102.67732934377594,102.78864474558223,7975444
2012-01-13,104.54742431640625,105.31549649460716,102.64392691306774,104.63647527696034,7381684
2012-01-16,102.52146911621094,104.15780662705902,102.02054988600145,103.92404024313679,6383420
2012-01-17,104.2802734375,104.4138532866761,103.07806838322182,103.27843475990929,7322016
2012-01-18,107.2857894897461,108.06499735023586,104.54743315482911,105.28211213420099,20137244
2012-01-19,108.37665557861328,109.14473444894895,106.92955558081998,108.19855368116102,16842176
2012-01-20,109.2115478515625,109.85718267563419,106.96298196744968,109.08910361618534,14390260
2012-01-23,107.7533187866211,108.58818437639347,107.06316187357855,108.19858043449969,7533728
2012-01-24,108.82193756103516,109.77925412361215,106.98523337261608,108.03160090064942,15063952
2012-01-25,109.13362121582031,109.75698474009073,108.14291143508939,109.14475003819366,14819100
2012-01-27,107.79784393310547,112.20593137667048,106.78486964279631,112.18366693621746,14877636
2012-01-30,106.65127563476562,107.53066995975796,105.3043620930963,107.51954113808561,9975016
2012-01-31,109.55661010742188,110.20223802185073,106.82938300486093,107.64198400720169,10653848
2012-02-01,110.68090057373047,111.24861318874783,107.16333666052674,110.0909303140932,12020596
2012-02-02,110.84786224365234,111.31538823306163,109.3784977601455,111.0927574565955,22841708
2012-02-03,112.70684814453125,113.0964520640432,110.25790922188465,110.75882854697144,14915004
2012-02-06,113.0296630859375,114.87749606072596,111.31540315961817,113.54171122281053,17438624
2012-02-07,113.3858642578125,114.74392029720943,113.09644693410684,114.43223174041519,12075708
2012-02-08,113.1966323852539,115.27822491903775,111.927634114234,113.69755168263238,13861148
2012-02-09,116.3357162475586,117.09266636660799,112.57325726668532,112.5843928826434,17361024
2012-02-10,115.21144104003906,117.02588752748957,114.43223322624169,116.39138158327103,11515172
2012-02-13,116.20214080810547,116.88116198387465,114.8552272781427,115.46746193615348,14614324
2012-02-14,115.30050659179688,116.61402027087148,114.66600060468274,116.32460292384195,13114828
2012-02-15,118.67335510253906,119.0852302698133,115.1557908873439,115.87934104758338,19379584
2012-02-16,117.20398712158203,119.74197008305339,116.49156584547747,118.21695454170766,8124264
2012-02-17,117.61585998535156,118.6622275614346,115.7902845359758,118.27262362478825,14219648
2012-02-21,118.45074462890625,118.77356208889027,115.87936095082922,117.10383066308582,14831136
2012-02-22,118.31715393066406,119.97575628429664,117.24852869494809,117.99433651875323,13923108
2012-02-23,118.69561004638672,119.31897353506726,117.37095414025,117.37095414025,17095748
2012-02-24,116.80325317382812,119.19653424347253,114.73277588944484,117.3709589889664,16380168
2012-02-27,114.78843688964844,118.317143279348,114.02037148794803,117.30417584072792,15321292
2012-02-28,118.10563659667969,118.75127133667736,114.25412656575912,115.60104015612804,14801148
2012-02-29,115.12238311767578,120.19837631090482,114.28751760409283,118.86259148917209,19988636
2012-03-01,114.43223571777344,116.28006871306458,112.49534496364406,115.10012814414178,12198492
2012-03-02,115.48973083496094,116.88117337514119,113.0407919642437,114.43223450442395,8116696
2012-03-05,113.7531967163086,115.97950445676554,112.55098510114021,115.76800250376132,10051372
2012-03-06,112.9628677368164,115.99064800715821,112.03895126603142,113.49718030354663,11597188
2012-03-07,114.7995834350586,115.32276040698783,110.76995759217809,112.84042821651747,7577636
2012-03-09,116.48043060302734,117.32642487688852,115.69009402597683,116.21327094067516,9315044
2012-03-12,115.53424835205078,118.99615433390763,115.10011560454676,118.88483894164018,11217384
2012-03-13,116.74760437011719,117.43775445862727,115.84593870220667,116.43591579499916,11079428
2012-03-14,117.59358978271484,117.99432249995927,116.09083190181914,117.57131855001458,11721124
2012-03-15,113.71981811523438,117.99433250085106,113.33021418716552,117.54907086877238,14939196
2012-03-16,113.06305694580078,116.85891629010366,112.42855778560586,113.5417118230871,12810608
2012-03-19,111.05937957763672,113.55284054284205,110.22451405028275,113.55284054284205,15299768
2012-03-20,112.51760864257812,113.73094925993796,109.7569879910853,110.42488041293774,6324272
2012-03-21,114.7995834350586,115.2893603499258,111.9832982330403,111.9832982330403,12021572
2012-03-22,112.26158142089844,116.30233589496997,111.337664955442,114.40997408618934,11280064
2012-03-23,114.42111206054688,115.48973727331814,111.52691141562516,113.43040219904692,8047164
2012-03-26,113.90904998779297,114.98881075057378,112.57326515816385,114.32091833575922,9832916
2012-03-27,115.5119857788086,116.1687493600752,113.98697022575892,114.65486262942548,11857352
2012-03-28,114.3097915649414,115.43407443239802,113.55284137924254,115.43407443239802,8699492
2012-03-29,113.56396484375,114.45448119004004,112.42854648085545,113.09643883618725,16225116
2012-03-30,115.734619140625,116.6251423652163,113.48605343385437,113.98697274768698,11184976
2012-04-02,117.62699127197266,117.98320874592164,114.89976365833705,115.32276766230547,5530932
2012-04-03,118.03884887695312,119.41916250783109,117.54905841589253,118.66221237816424,12920812
2012-04-04,117.22623443603516,117.7716825644387,116.74758641224363,116.93681713983258,4175076
2012-04-09,116.1576156616211,117.17058304699863,115.76801177583702,116.60287724537432,5036740
2012-04-10,116.84776306152344,117.1037939017637,114.8440859795541,116.52495929118338,5834072
2012-04-11,117.20398712158203,118.20582571939312,115.12238099314673,116.17987729083622,7463248
2012-04-12,118.08338928222656,118.99617018508702,116.72533316267757,116.88117745027257,12103288
2012-04-13,117.84961700439453,119.71972129396036,116.63628992794159,119.41917512770821,9833428
2012-04-16,117.93867492675781,118.21696344711354,116.68080537942726,117.74944416823858,17396084
2012-04-17,118.04998016357422,119.30784960252527,116.01290293476461,118.43958405850351,15665808
2012-04-18,119.69745635986328,120.19837566532263,118.66221769325831,118.66221769325831,12000284
2012-04-19,123.34859466552734,123.6936696952607,119.59727104046398,120.22063457616065,16366676
2012-04-20,122.69184112548828,124.22799923958011,121.65661595147603,122.94787200727261,15725100
2012-04-23,121.41170501708984,123.78272854412987,120.95531458094626,122.8810764945182,8437648
2012-04-24,120.63248443603516,121.66772301318927,120.08704988786401,121.57866526459152,8760780
2012-04-25,121.70112609863281,122.33561841121247,119.77536434073212,121.11114907315665,10778388
2012-04-26,120.33196258544922,122.43582662861023,119.99801634330643,121.33380131187756,9338952
2012-04-27,120.47666931152344,121.5564233140639,118.92938245094506,120.66590006634183,4549020
2012-04-30,120.7771987915039,122.22429886919014,120.29853717663974,121.06661608938025,6039020
2012-05-02,122.4247055053711,122.66959399635631,120.37649904040187,120.37649904040187,8978348
2012-05-03,123.34859466552734,124.22798906203268,121.43397517982199,121.44510400239933,13714548
2012-05-04,119.6640625,123.27068440370782,119.02957011555517,122.7141073688241,12351888
2012-05-07,118.49522399902344,119.00727203795786,114.96653182911321,118.41730866703686,16712688
2012-05-08,114.73277282714844,119.4191618532694,114.26525360087896,118.63995408395022,11283080
2012-05-09,114.13169860839844,116.34686446080363,112.51761832257446,114.36545825849613,15023992
2012-05-10,115.21144104003906,116.41365281664879,113.54171001047328,113.7754696369513,12084380
2012-05-11,113.66414642333984,115.76801009366456,113.14096950535394,114.26525227033333,8050084
2012-05-14,111.4378433227539,113.94243980253549,109.99074313443566,113.70868018208365,11034848
2012-05-15,111.11502075195312,112.30609675264529,110.42486399316543,110.42486399316543,8019464
2012-05-16,110.24677276611328,111.02598055118918,108.19856672768128,109.97961309356904,16960872
2012-05-17,110.82562255859375,112.76251346408851,110.20225896292953,110.64752061530501,11618520
2012-05-18,111.4378433227539,112.18365785556387,108.8664603211726,109.04456224207374,9614416
2012-05-21,110.7477035522461,113.06306270940632,109.96849568628761,111.37106712735151,8542340
2012-05-22,108.92212677001953,112.42856212337223,108.41007861068333,112.16140242640785,11096812
2012-05-23,108.46573638916016,109.7347279652288,107.35258230796661,109.0890999569672,12695888
2012-05-24,111.24861145019531,111.91650383802322,107.97593603217751,109.75698239971858,11539244
2012-05-25,111.31538391113281,112.01666947094257,110.33580989154521,111.27085503990762,11194572
2012-05-28,113.26342010498047,113.67528844601097,111.3154005945754,111.58256027366353,12206852
2012-05-29,112.41742706298828,113.97584268912412,111.78292791351667,113.57510316591171,10573024
2012-05-30,111.46011352539062,112.51760987154073,110.54732584672517,111.32653368073052,10167280
2012-05-31,112.69572448730469,113.29682362846971,110.28017871677775,110.42488739182748,19039120
2012-06-01,109.17813873291016,112.9072044884906,109.08908777518948,112.20591885448061,11708748
2012-06-04,110.34696197509766,110.9814611559836,107.9870739798509,108.64383760104312,11360968
2012-06-05,111.64935302734375,112.40629643480017,110.97033176348282,111.31540680692298,10710712
2012-06-06,115.7457504272461,116.43590042465158,112.0946001220116,112.39515304025562,25091692
2012-06-07,119.73084259033203,120.10931767136914,116.43590943860252,116.70306911864671,19800492
2012-06-08,120.02027130126953,120.83287924093025,118.20583824593764,120.42101765350648,19322744
2012-06-11,120.65478515625,122.20207219524787,119.86444840042329,120.46554079130324,13071884
2012-06-12,122.35787200927734,122.63616048599815,119.76423155922225,119.95346228807058,11253840
2012-06-13,120.61023712158203,122.98126060091884,120.17610433952386,122.66957204243968,8064732
2012-06-14,118.97392272949219,121.86812356187279,118.5843187712871,120.22064996042538,8642552
2012-06-15,121.90148162841797,122.38014324371252,119.09633921831819,119.10746803972641,9932224
2012-06-18,119.09636688232422,122.89221986894813,117.89415494828317,122.89221986894813,11237464
2012-06-19,119.43030548095703,119.9980113513214,117.17059723447305,119.06295919455883,11860736
2012-06-20,118.92937469482422,120.33194600085486,117.67150525412767,119.55273820991499,9534472
2012-06-21,120.86624908447266,121.26698174822373,118.28372402905877,118.66219905138622,10652656
2012-06-22,121.1890640258789,121.35603711689737,119.12972923665119,119.12972923665119,6168816
2012-06-25,119.48595428466797,122.11299503354432,119.10747920318362,121.42284498189493,6374848
2012-06-26,120.98870086669922,122.00166820438494,119.39688534440414,119.7753603904363,5853128
2012-06-27,122.22432708740234,123.49332555078007,121.55643458965697,121.55643458965697,11937288
2012-06-28,123.07699584960938,124.00821287346598,121.89895714731138,122.71798000904437,12142440
2012-06-29,126.45404052734375,126.75697298993819,123.87357473448725,123.88479141186258,12659172
2012-07-02,128.78765869140625,129.02326365113265,125.65743938197267,126.55499252041534,8201524
2012-07-03,129.2139892578125,130.14520612469298,128.28278608650615,129.2252196285929,8466800
2012-07-04,129.6964569091797,130.33595818214468,129.16914980309116,129.40475481441632,12810284
2012-07-05,131.06520080566406,131.26715575428526,129.1242502242491,129.67400429942907,8381528
2012-07-06,130.4818115234375,132.16472396784985,129.80864654567256,130.61643904075987,15741520
2012-07-09,129.73008728027344,130.5378795958473,127.69936242550365,130.13398343806037,7661160
2012-07-10,132.086181640625,132.9051907391598,129.58424655361088,130.14521731791223,13543016
2012-07-11,131.7159423828125,133.24178020281676,131.2895991012987,131.69350902929114,12299444
2012-07-12,130.16766357421875,132.5910684727012,129.15791609837663,131.02035017694678,7583748
2012-07-13,131.72714233398438,132.7032396085949,130.69496168269146,131.26714908059458,9508572
2012-07-16,130.73985290527344,132.9949526576057,130.38082339575746,131.94032487273913,12850160
2012-07-17,130.87448120117188,132.10861690045425,129.83107008627567,131.7159373597735,8539356
2012-07-18,131.7159423828125,132.09740526170756,130.16765751371088,131.1998519916373,7117996
2012-07-19,132.25450134277344,132.56863682106672,131.39059796241582,132.07497970308785,4800448
2012-07-20,130.72862243652344,132.1647130823719,130.369606622849,132.1647130823719,4168944
2012-07-23,128.5745391845703,130.14525781335215,128.1369791131509,129.5618535151793,6094528
2012-07-24,128.81011962890625,129.57304543820797,127.94623002636553,128.47353712990437,5305588
2012-07-25,129.25889587402344,130.32474045073104,128.73158877219888,128.89988002115268,8815704
2012-07-26,126.95891571044922,129.86474735363294,126.33063111895524,129.69645610436257,17705416
2012-07-27,131.17739868164062,132.09739895689805,126.70086291728425,128.35011149409183,13430872
2012-07-30,131.77203369140625,132.81544480039852,131.04277169141125,131.73836996702246,8466284
2012-07-31,131.88424682617188,132.38912059113807,130.11157346205957,132.38912059113807,8391408
2012-08-01,131.60374450683594,132.01885740428796,129.60668305910724,131.3905728721002,7870988
2012-08-02,130.7061767578125,132.20958101500003,129.53935493004425,131.60372990293052,6885460
2012-08-03,131.98519897460938,132.16470687301293,130.08911512670502,130.36960049782772,9951500
2012-08-06,134.68907165527344,135.08175116447248,133.06225654573453,133.09592026760993,12329176
2012-08-07,134.6553955078125,135.14905244151018,133.95979734822018,135.0817386995453,11228764
2012-08-08,134.38616943359375,135.0817677427429,133.44373575673848,134.63299110572382,8053116
2012-08-09,135.67637634277344,136.20368331229346,134.29638296937006,134.85735365846517,9873120
2012-08-10,135.1154327392578,136.1812772622004,134.55446193770908,134.63299237169542,15127420
2012-08-13,136.30467224121094,136.76466550584826,134.63297670797203,134.63297670797203,8421704
2012-08-14,136.46177673339844,136.65250134735993,135.36226837076336,136.21494133792035,11225568
2012-08-16,134.64418029785156,136.46173352411049,134.15052335878468,136.42806980497534,8143296
2012-08-17,133.53346252441406,135.13784423557746,132.79298392525172,134.31882151955648,7686156
2012-08-21,133.82518005371094,134.29638997891607,131.9851933583269,133.5110309731914,8340840
2012-08-22,133.9373779296875,134.7339536328622,132.6920119437328,133.3764071956807,9580860
2012-08-23,134.11688232421875,135.65393661704138,133.567128280129,134.49834515249987,9425048
2012-08-24,133.802734375,134.72273457988084,133.11835283070374,133.1744499031145,6708376
2012-08-27,133.3651885986328,134.3861663811214,132.84909821689865,133.5110464805814,4046724
2012-08-28,132.2432403564453,133.4100622664101,131.60373917372883,133.03982978531243,8895964
2012-08-29,132.063720703125,133.69053574850133,131.54763039336177,132.2207952397244,6729628
2012-08-30,133.7130126953125,135.08177604410673,131.49156272731983,131.49156272731983,22716404
2012-08-31,133.5895538330078,134.63296478834684,132.22079083588898,132.46761245977157,12506740
2012-09-03,132.4900665283203,134.13931495618036,131.9403124871756,134.08321788454464,7437816
2012-09-04,132.41152954101562,132.91640321292428,131.76081169234493,132.51250701451232,5772588
2012-09-05,132.8603057861328,133.73542562668501,131.7944613704839,131.9403192424342,12158472
2012-09-06,131.9739990234375,133.17447108574393,131.51399200004155,132.41154530137766,5097452
2012-09-07,132.4788818359375,133.51106272499217,131.42425389546494,133.34277146945647,11205148
2012-09-10,132.6471710205078,133.95983731496122,132.24326105706623,132.72570146030077,6034892
2012-09-11,133.37637329101562,133.95977722784986,130.89687232054246,132.1085742762087,6311544
2012-09-12,134.45347595214844,134.6329838581776,133.26422066718294,133.5671394026337,6391016
2012-09-13,134.45347595214844,134.96956631782305,133.18567654258712,134.8573721646079,3399760
2012-09-14,137.49392700195312,137.9427035894748,134.84614787469016,136.11393351709415,25771220
2012-09-17,136.49539184570312,139.10952085987412,135.86710738304663,138.89634924872976,21086848
2012-09-18,135.85589599609375,137.3256365897614,135.49686650661886,136.49539715884563,10039176
2012-09-20,136.18128967285156,136.8768880519337,134.857392982315,135.08178132338375,10491328
2012-09-21,140.2763214111328,141.14021070430556,135.77732599581776,136.5851319214845,23602848
2012-09-24,142.48658752441406,142.91293082358388,139.7490471982155,140.3548984197181,17574880
2012-09-25,142.91294860839844,143.3617253178667,140.50077379500655,142.03782854670402,11686144
2012-09-26,141.5329132080078,142.84557921969778,140.05195597966147,142.45289971416625,10730508
2012-09-27,141.5441436767578,142.93535394247155,140.28757461483445,142.03780069950471,15861744
2012-09-28,141.17388916015625,142.32948056287404,140.48949396268995,141.7909569184417,11007688
2012-10-01,139.76022338867188,141.81338146244101,139.1207223207491,141.14021667701803,8054784
2012-10-03,138.99732971191406,140.64657817387328,138.66074727514078,140.01829369767808,11032228
2012-10-04,141.6562957763672,142.2397134284325,139.4460770499744,139.4572937230663,12652064
2012-10-05,139.65928649902344,143.30559645498084,113.32731069204124,143.15973857851245,14947024
2012-10-08,139.27781677246094,139.99586205210542,138.34659987448183,139.99586205210542,9290672
2012-10-09,140.4110107421875,141.47685541022648,139.5695544253146,140.23150280037024,4310768
2012-10-10,138.66078186035156,140.01832862149246,138.26810225283936,140.01832862149246,4295016
2012-10-11,140.20904541015625,140.87099373640575,138.7729682859234,139.3788195285175,9812932
2012-10-12,141.6226806640625,142.4865701386416,140.46707544376324,141.36462864148697,15506408
2012-10-15,142.29580688476562,142.4640980635954,139.70411177433013,141.90312746749615,7572068
2012-10-16,141.4543914794922,142.59876634486372,140.93828742689803,142.54266926919698,7273836
2012-10-17,140.9382781982422,141.9255921435575,140.5792624157135,141.8133979995705,6433772
2012-10-18,142.755859375,143.13732227802768,140.11929647737088,141.3646489792633,5618460
2012-10-19,141.02806091308594,142.48658501163018,140.6914784288065,141.81342004307132,9055400
2012-10-22,143.38414001464844,143.60852834018,140.2875838614286,140.2875838614286,8241404
2012-10-23,142.2846221923828,143.49632454716456,141.92560637385705,143.3953470683368,8332960
2012-10-25,143.01388549804688,143.83290831692736,141.1402485668445,141.95927138572497,17011340
2012-10-29,143.74313354492188,144.16947677548382,142.609975415996,143.12606574549375,5512328
2012-10-30,142.18365478515625,144.68557616581035,141.4992594991985,142.9465668039723,8834904
2012-10-31,142.3070831298828,142.6885460340318,141.37586607230534,142.2846360792994,7492968
2012-11-01,141.05047607421875,142.64364117833154,140.8036544291465,141.9816929721792,7058460
2012-11-02,141.4319305419922,143.15972304195816,140.91584023565787,143.15972304195816,5432772
2012-11-05,142.48658752441406,142.71097585122416,141.53293713547112,141.81342254398376,4022128
2012-11-06,143.50750732421875,143.87775342726906,142.25093856062975,142.25093856062975,7278084
2012-11-07,143.6197509765625,144.73047597314624,142.91293593915617,143.5524372152253,8200660
2012-11-08,143.38414001464844,143.8329166657115,142.59878087528807,142.82316920081962,3867800
2012-11-09,143.462646484375,144.28166921397485,142.4865629096019,143.21582484575342,4420776
2012-11-12,146.14410400390625,146.70507478059525,142.99145097802912,142.99145097802912,9657456
2012-11-15,145.0109405517578,145.26899257797163,143.38412535794697,145.17923177870375,9442340
2012-11-16,144.11338806152344,145.5382483118892,143.64217810195015,144.28167928931035,12102824
2012-11-19,145.12313842773438,145.38119046057128,143.4851065158677,143.5524202692587,5787948
2012-11-20,146.71629333496094,147.17630033419442,145.4597242573239,145.65044884560916,9353388
2012-11-21,148.92652893066406,149.33042516268762,145.7850924884738,147.0080115568702,12929784
2012-11-22,150.1382293701172,150.598236413022,148.9938543406114,149.62213893907688,8440964
2012-11-23,150.28407287597656,150.9235740908355,147.88311518385962,150.2279757976354,5249712
2012-11-26,148.5226287841797,151.17040811941143,148.11871886722557,151.01333356232658,5481536
2012-11-27,152.6962432861328,153.43672196192477,149.1957911666206,149.1957911666206,16502672
2012-11-29,157.03814697265625,157.91326682476418,151.55186396980474,152.02307392366285,25199452
2012-11-30,157.9581756591797,158.30597484921554,154.73819474291577,157.29622731296965,15639292
2012-12-03,154.14353942871094,157.32985590389433,153.4815912303424,157.07180389070126,11636340
2012-12-04,153.7396240234375,154.8279016218256,152.81962392689172,153.5040053905983,8679488
2012-12-05,155.41134643554688,155.94988388691206,154.15477730979654,154.6035539540754,9219860
2012-12-06,155.89378356933594,156.7352397598865,152.7635638013726,156.12938856357488,10904552
2012-12-07,155.5235595703125,156.62306796116505,154.3791844660194,156.006,7936632
2012-12-10,155.5010986328125,156.28645771681659,154.74940327349591,154.82793370366613,8324104
2012-12-11,155.01866149902344,156.8474317393072,153.99769740778976,156.00597556044826,13500552
2012-12-12,155.69183349609375,156.1742738720613,154.4913614380951,155.1084293305494,7736504
2012-12-13,155.06353759765625,156.17426246204016,154.60354430509435,155.6918221213195,6283232
2012-12-14,154.5474395751953,155.81523893161014,153.78451388708424,154.8391416222114,8373892
2012-12-17,151.7986602783203,154.35669196079604,151.14792883585304,154.35669196079604,12230212
2012-12-18,151.67530822753906,153.0777354178677,150.28409771561743,152.12408492844423,13375072
2012-12-19,154.37913513183594,154.65962047909582,151.34989338142927,151.36111005620495,16489012
2012-12-20,153.34698486328125,154.15477734493686,152.64015617015036,153.93038902274628,10260748
2012-12-21,151.6864776611328,153.03280734451565,151.24891777491865,152.80841906395185,11086244
2012-12-24,151.70895385742188,152.61773760682792,150.74408671760926,152.58407387700635,5482252
2012-12-26,152.65135192871094,153.67231591565604,151.03575349121542,152.1576949484242,5723216
2012-12-27,152.60646057128906,153.48158032329158,151.8435486525232,153.48158032329158,9858168
2012-12-28,152.05673217773438,153.25720406664448,151.27137315250266,152.8308608318603,7024264
2012-12-31,152.26991271972656,152.5840618547169,151.23773189717528,151.9108968759461,5107288
2013-01-01,153.59378051757812,153.72840800985335,152.50550281756045,153.05524315732927,4029212
2013-01-02,154.23329162597656,154.8279260957336,153.2684246807268,154.8054927440946,9709596
2013-01-03,153.33575439453125,154.82794221439323,152.67381980094524,154.82794221439323,9142732
2013-01-04,152.438232421875,153.70603218013255,150.96849134963335,153.70603218013255,10884508
2013-01-07,149.93629455566406,153.41431389591625,149.44263745857725,153.41431389591625,11004568
2013-01-08,150.3962860107422,151.10311476526388,149.37532179521557,149.89141224196314,9885196
2013-01-09,149.77919006347656,150.91234823795043,149.45382428976677,150.7889374122191,12871964
2013-01-10,151.64161682128906,152.13527384130515,149.55480828204998,150.22797321055134,9130368
2013-01-11,150.18307495117188,151.88843411793528,149.59967089407385,151.88843411793528,10283428
2013-01-14,150.18307495117188,150.4523436296686,149.68941798985685,149.92503664327518,11389748
2013-01-15,149.9586944580078,151.56307624172834,149.21821582535782,150.51966519419338,8263376
2013-01-16,148.20849609375,150.16067735824868,147.5577644403914,149.34165445270185,9150756
2013-01-17,149.62213134765625,150.5309013185761,146.76118022347157,147.5802030823511,12844144
2013-01-18,148.7357635498047,151.23769831016818,147.0416348019138,150.34014520446985,20224692
2013-01-21,147.77093505859375,148.85922669909525,146.91826212595868,148.09630088298238,10854720
2013-01-22,146.69386291503906,148.320678220789,145.30265260411008,147.75970742570283,8486128
2013-01-23,147.3333282470703,148.76941861083384,146.8284546544996,147.4230890306453,7079740
2013-01-24,148.16360473632812,148.71335885862499,147.03044646113017,147.1089768947828,6147960
2013-01-25,149.22943115234375,149.66699106172908,147.09774237410323,148.1635867632235,5589732
2013-01-28,150.41868591308594,150.78893207274433,149.09480320895858,149.27431110326364,7368020
2013-01-29,146.40216064453125,150.542127845835,145.85240652696825,150.50846411994453,11961748
2013-01-30,147.34458923339844,147.73726877588157,144.50607163379019,146.52556642370342,10039632
2013-01-31,144.29290771484375,147.62508251370153,143.63095942586585,147.33336673865696,13888384
2013-02-01,143.64219665527344,144.69681086249554,142.75586000199837,144.685594184976,10484144
2013-02-04,145.1567840576172,145.74018810838197,143.608499444749,143.86655144541828,10475800
2013-02-05,144.5397186279297,145.22410015506745,142.7894790561361,142.7894790561361,7460020
2013-02-06,143.49632263183594,145.1568015853993,142.98023226375287,145.08947413669574,9873588
2013-02-07,143.94509887695312,144.28168133730452,142.3855974048765,142.77827694195315,9082836
2013-02-08,145.8636016845703,146.61531065542496,143.7206963054693,143.7206963054693,18826656
2013-02-11,147.4119110107422,148.08507597735286,145.8524094323122,145.8524094323122,15167060
2013-02-12,149.26309204101562,149.66698822063714,147.12018662794594,147.12018662794594,15832836
2013-02-13,149.03872680664062,149.7567721790231,147.98409894991414,148.8367718378037,14508832
2013-02-14,151.417236328125,152.22504250137183,148.54506855736966,148.99384519953693,17684152
2013-02-15,151.85475158691406,152.76352128064337,149.9362347455806,150.72159363816164,12488780
2013-02-18,151.6864776611328,152.78598571412496,151.2377011000052,152.13525422226044,9469164
2013-02-19,151.417236328125,152.0006541802882,150.68797428460317,151.34992257091514,2374812
2013-02-20,151.899658203125,152.76354765588925,151.43966494002228,152.02306902558067,6861684
2013-02-21,149.4987030029297,152.0118546705742,149.00504600999642,151.4621006033434,10871872
2013-02-22,147.939208984375,149.53237419131042,147.54652944468728,148.58994055694484,7708384
2013-02-25,147.29971313476562,149.26311090453018,146.77239237354044,148.82555094815316,7552944
2013-02-26,146.1328887939453,148.76945147084183,144.82022264155054,146.9294645657223,11742640
2013-02-27,144.2255859375,146.74995441948658,143.81047304313685,146.3684915542046,12871336
2013-02-28,140.32119750976562,146.96309844070123,138.97486790565918,145.1679923018926,27887004
2013-03-01,139.68174743652344,141.27489923829117,138.290536931775,140.2427183097625,17220728
2013-03-04,140.8373260498047,141.4319468446712,138.671973413898,139.19928045593105,11969800
2013-03-05,142.02658081054688,142.41926034546276,139.827578154133,141.5665875230462,10557580
2013-03-06,141.476806640625,142.9689941397269,141.14022422990186,142.4753371982183,10933316
2013-03-07,144.0123748779297,144.27042684144914,140.72509526091673,140.994350202154,5950984
2013-03-08,147.4904022216797,148.0962532696245,144.37141358985997,144.55092146076925,10596860
2013-03-11,147.03042602539062,148.0289566482338,145.90848458299922,147.49041927765623,8504584
2013-03-12,144.50607299804688,147.1314189888346,143.6309531025924,146.5255678070258,6895724
2013-03-13,142.46412658691406,144.93239770393333,141.8582754827127,143.84410631226683,7913372
2013-03-14,145.68408203125,146.6377321639151,138.07731431835103,142.4641158850688,31914436
2013-03-15,143.47389221191406,145.82996948858545,142.2173094470106,144.73046128124184,15439608
2013-03-18,144.3489990234375,146.7499567118132,141.36463719945309,142.0378021384981,17561924
2013-03-19,141.71238708496094,144.46114296390152,140.0182586497077,144.28163511500327,20028460
2013-03-20,140.3549041748047,142.1387941852066,139.34515666275573,141.8134283588754,11336436
2013-03-21,136.20372009277344,141.09538308351378,135.4744580000197,139.7154030330338,14452588
2013-03-22,135.81101989746094,137.9090450446605,135.2163854184407,136.6524760306546,29525900
2013-03-25,136.74221801757812,137.62854073281372,136.32709149830148,137.1012337734528,27198976
2013-03-26,137.88661193847656,138.55977684623153,135.2051689834709,135.97931136650416,13274404
2013-03-28,140.32119750976562,141.6226604168602,136.19246160784962,138.33536682193778,19496092
2013-04-01,139.98463439941406,141.14023961375023,139.3451332275658,140.16415599449238,6708772
2013-04-02,141.3422088623047,142.32950925726237,138.64954901056808,140.24270061128175,6857420
2013-04-03,139.9397735595703,141.7348800209681,139.00855660449005,140.91585721972518,6703616
2013-04-04,138.2568817138672,139.8836971852757,137.65103045436507,138.85150259986315,8181984
2013-04-05,139.3339080810547,140.55682697141125,137.63977927120155,137.9875783732656,12959920
2013-04-08,140.1192626953125,141.12900994457647,138.6158584961825,138.8851271684343,8652128
2013-04-09,139.25537109375,140.93828331464888,138.53733950262625,140.93828331464888,14760408
2013-04-10,141.8134002685547,142.18364642786534,138.88513580275716,140.64657841330612,15144504
2013-04-11,143.44021606445312,144.05728386918875,141.79096759184407,141.92559508919297,25066068
2013-04-12,144.43875122070312,144.92117784759526,142.73339192605496,142.73339192605496,15206080
2013-04-15,143.95632934570312,144.3826726478932,142.48658853380053,144.07974018720762,15923768
2013-04-16,148.84799194335938,149.40896276352063,144.13583705400475,144.28169494547734,13740312
2013-04-17,148.11871337890625,150.75527593998996,147.37823471788712,149.21822154218398,14956948
2013-04-18,151.14793395996094,151.5518438044669,146.74992932389608,146.74992932389608,9223784
2013-04-22,156.6903533935547,157.52059287574707,151.39479478080534,151.39479478080534,19860152
2013-04-23,154.6035614013672,157.0718330637983,152.3147976661793,156.80256432514497,23863560
2013-04-25,154.7269287109375,155.9498475205369,152.59524014770713,155.3552131273013,25895124
2013-04-26,154.62596130371094,155.3327898778092,153.2571982470837,154.30060924778613,8568744
2013-04-29,155.98350524902344,156.36495433659954,154.0425413114441,154.4352207685381,11675432
2013-04-30,153.10012817382812,156.16303382348053,151.86599257362118,155.72547391701957,12552272
2013-05-02,155.38890075683594,155.72548321334895,153.10013731343247,153.5713609698958,12303268
2013-05-03,152.79722595214844,155.72549072596385,152.2811355663793,155.41134160649958,12286584
2013-05-06,151.57432556152344,152.42699852504862,150.32897299809795,152.35968476132408,7673460
2013-05-07,154.390380859375,154.80550746878117,150.90114522198195,151.75381809899093,11098464
2013-05-08,156.43231201171875,156.95961904923664,154.04257108977976,154.60354185121378,8653956
2013-05-09,154.8391571044922,156.95962946250762,154.424044191721,156.85865197963525,4523360
2013-05-10,157.82350158691406,158.17131440013208,154.52500461153667,154.53622128715588,13913256
2013-05-13,155.4449920654297,159.64105594005315,155.00743214908258,158.1937486916318,9593972
2013-05-14,154.61476135253906,155.92744117562583,153.7284247941626,154.83914966121282,6653676
2013-05-15,160.4039764404297,160.66202847277114,155.13085120424236,155.6132915445067,14173480
2013-05-16,162.18785095214844,162.45711963541035,159.54007190715024,159.76446019393947,11660616
2013-05-17,161.312744140625,162.12053649127927,159.13617502923972,162.12053649127927,12819852
2013-05-20,160.32546997070312,162.45715921454033,159.79816284651122,161.44741167798585,5841608
2013-05-21,158.82205200195312,161.1108156316574,158.2049841147845,160.21326234123032,9206500
2013-05-22,157.845947265625,159.76446442941958,156.62302833108828,158.7547171120988,5412112
2013-05-23,156.75762939453125,158.5190854128353,155.79276263757802,156.84739017471992,7905248
2013-05-24,157.37472534179688,158.36203931879072,155.7927905999377,158.36203931879072,8264240
2013-05-27,160.4488067626953,160.88636656569113,156.75761751032357,156.75761751032357,8995208
2013-05-28,160.05618286132812,161.73909522920044,158.59765880917212,160.2693545003738,6707916
2013-05-29,160.6508026123047,161.2117733500419,157.93569602431168,159.32690619301493,4933492
2013-05-30,162.7151641845703,163.19759076170823,159.3381096667374,159.3381096667374,15357456
2013-05-31,157.18399047851562,161.716636483392,156.55570603227727,160.94249417661004,12332896
2013-06-03,154.63722229003906,157.3859793181819,154.05380441774025,156.62305352193607,7890124
2013-06-04,153.26841735839844,155.6805914540697,152.80842410717597,154.2220675822685,5616324
2013-06-05,154.36793518066406,155.8152424684352,152.2474629865412,153.0328220439515,7563676
2013-06-06,153.07772827148438,154.69332705843487,152.13529450446512,153.36943037433912,7116412
2013-06-07,151.7201690673828,155.59086761343454,151.05822077981233,152.97673818960968,9556224
2013-06-10,151.76502990722656,154.1547709171418,150.67675206821065,152.81965771666276,6368012
2013-06-11,149.19578552246094,152.7859983074026,148.58993437588705,151.11430274029914,11820860
2013-06-12,148.98263549804688,151.10310797068422,147.74849967430396,148.54507551233175,9815652
2013-06-13,148.22462463378906,149.55957950586398,147.82866508139077,148.79028113721517,7149736
2013-06-14,150.4759063720703,151.24520456737002,149.17489670735208,149.7858083553877,14965212
2013-06-17,150.99635314941406,151.4149472802264,148.73372696115598,150.6003935664689,13070908
2013-06-18,148.75634765625,151.14341530057436,148.2020015297548,151.14341530057436,12446568
2013-06-19,150.5098876953125,150.8266470565122,147.7155362359573,148.4508897026339,9646956
2013-06-20,144.03875732421875,149.07309988371077,143.58623215033182,149.07309988371077,15138044
2013-06-21,143.73330688476562,145.3850209905536,142.56804904994394,144.08401112894416,17899844
2013-06-24,141.49331665039062,143.41654882194612,141.13130200091084,142.95271323668337,10768052
2013-06-25,143.4504852294922,146.2561469314714,140.82584465149063,141.6403844694986,18686432
2013-06-26,140.92767333984375,144.27637130631894,140.2828303693938,142.88485061011642,10476020
2013-06-27,146.27874755859375,147.6815782167415,140.81450111652333,143.45046550989704,27003560
2013-06-28,151.48281860351562,152.31999302918928,146.867055798702,146.9575663674136,21082680
2013-07-01,151.3131103515625,152.50098897488317,150.3854392363869,151.36967600029206,9838684
2013-07-02,148.55271911621094,151.31312581836895,148.04362822560708,151.3018154494615,9183152
2013-07-03,147.21775817871094,148.1341188967005,145.62259588779781,147.97573232335077,13386260
2013-07-04,148.23593139648438,148.75633255650294,146.09774730274148,147.93046863453733,9591060
2013-07-05,151.0868377685547,152.21815066835669,148.99390890392104,149.35592350786888,9543496
2013-07-08,149.43511962890625,151.0189576455137,147.69289504864375,150.2383490039057,7169296
2013-07-09,151.663818359375,152.44442709312665,149.83109681923912,149.83109681923912,7040192
2013-07-10,149.17494201660156,152.02585930336016,148.46222305239263,151.65252045784052,7138580
2013-07-11,154.59393310546875,155.37454189631666,150.70221333006145,150.9171655782622,10599568
2013-07-12,157.42222595214844,157.86344084580955,154.2658594790036,155.44242792544156,15634852
2013-07-15,157.35435485839844,157.94263219507494,154.76364488308272,156.34748335410842,8511888
2013-07-16,153.56443786621094,154.87675825672014,151.58464000682991,153.63231388796635,11647384
2013-07-17,149.98948669433594,154.0395790463805,146.595547612189,153.36079122995113,22633988
2013-07-18,154.7862091064453,155.7817698772891,148.64318899421642,151.5732918577514,13663880
2013-07-19,153.85855102539062,156.56239155908116,152.3086579103735,155.6799619924469,12458420
2013-07-22,154.32240295410156,155.44240558164074,152.9535169915417,152.9535169915417,6460432
2013-07-23,154.67312622070312,156.1212125568142,154.09615928411856,155.64606656432687,7414784
2013-07-24,149.32200622558594,152.95351820802745,147.86260968778984,152.50099300622855,14628748
2013-07-25,147.9418182373047,150.69091477406488,147.1046575365401,149.48041520189696,16267256
2013-07-26,145.7357177734375,148.48481355990666,144.35552160185972,148.42824791664574,9356492
2013-07-29,143.11109924316406,145.48685662190434,142.46625633578114,145.48685662190434,14922224
2013-07-30,141.49331665039062,143.67675634561664,140.3054379561946,142.71514025983888,14691084
2013-07-31,137.963623046875,140.6900846681765,137.31878014825904,140.50907734663284,26824520
2013-08-01,143.04324340820312,144.31030866500817,138.56324590952926,138.90263986867086,23446608
2013-08-02,142.82827758789062,143.63150711965739,141.83271654487245,142.54544931543936,20015848
2013-08-05,143.15634155273438,143.7785636669663,139.1514910009563,142.896134053703,13598372
2013-08-06,137.71475219726562,142.8509027355561,137.22828202964223,142.77171634081492,19645180
2013-08-07,136.02908325195312,139.0044282734256,135.75756535923992,138.0088810801087,22756456
2013-08-08,138.13333129882812,139.71716965933885,135.75757375806205,136.66262424978245,20461448
2013-08-12,136.25534057617188,138.20119341352756,135.45211110761133,138.03149646341026,15700868
2013-08-13,140.39596557617188,141.36889214854835,135.33900118778902,136.6286871644408,14702392
2013-08-14,140.5882568359375,141.1086718485537,137.71473294874056,140.73533304558518,14303708
2013-08-16,133.01979064941406,140.73533993538726,132.34100283622087,138.9252391002054,28059568
2013-08-19,132.2957305908203,133.17814634884695,129.0375439812577,132.81613175221628,20018440
2013-08-20,132.3070526123047,133.47231050218244,128.17776024774793,130.0896819401811,25726984
2013-08-21,134.25289916992188,140.13572637484592,133.4949250348148,137.11512639169112,28908596
2013-08-22,133.20079040527344,136.59472927846724,128.96967718136398,133.2686664207428,30250692
2013-08-23,137.46583557128906,137.82786400595717,133.11028065742894,133.94745501325633,20698444
2013-08-26,138.31431579589844,140.91633552993372,136.33451817217593,138.55188874875068,14607608
2013-08-27,127.136962890625,135.75756259117526,125.67756633077518,135.1466507975203,54708372
2013-08-28,127.14823150634766,129.422167171048,119.46661585019815,125.73409069372694,37067552
2013-08-29,129.4335174560547,131.79796438600425,128.5171566888419,128.5171566888419,40771004
2013-08-30,134.40000915527344,135.7575850053267,129.11678199613974,129.1959683967359,36616916
2013-09-02,133.38182067871094,136.74181521761977,131.79798226522328,135.30505303794595,19515716
2013-09-03,127.2840347290039,135.05616404923586,126.03959031304001,135.05616404923586,18140008
2013-09-04,127.6234130859375,130.51957152038568,126.5147346639079,128.3927114277317,20941800
2013-09-05,137.90704345703125,140.93896757384076,132.13734762740975,132.13734762740975,33246248
2013-09-06,139.4230194091797,140.28281454276973,132.75958295640345,138.24645110585854,18997216
2013-09-10,144.35552978515625,145.0343175427667,139.9207886260902,140.40724489972766,20298836
2013-09-11,146.44847106933594,147.07069323301405,141.5385697794083,143.22422894845832,12690392
2013-09-12,143.43917846679688,146.16564004306687,142.00240266645775,145.37372094066637,17676536
2013-09-13,142.3644256591797,143.563614634876,140.5090696426446,143.09977908323538,15503120
2013-09-16,145.44161987304688,146.8218302406652,142.31919825364247,144.2424306624755,12139216
2013-09-17,145.31715393066406,145.93937607672763,143.35997692905673,144.35553788674764,8432088
2013-09-18,147.18382263183594,148.17938360483382,142.805646806208,145.62260515371955,10989616
2013-09-19,154.58262634277344,156.09858867442762,153.0214087246569,153.85858318929948,29280904
2013-09-20,149.11837768554688,155.31797902815836,143.73333006494332,154.42423891274902,24726152
2013-09-23,145.2493133544922,147.60243666779283,143.24688058257505,147.2969876091837,13985240
2013-09-24,144.45738220214844,145.7923234638129,142.53414980299218,143.2355584481061,18175188
2013-09-25,140.4185791015625,145.19272875976634,138.74424396790647,144.355554287951,20980920
2013-09-26,140.5430145263672,141.6403825734343,139.83028183767155,140.58825599678315,22582440
2013-09-27,137.77130126953125,141.18786097096114,136.88887161447354,140.7353357755414,16408692
2013-09-30,134.1850128173828,138.66500888933456,132.97451360593638,137.1151158268316,17062428
2013-10-01,138.39349365234375,139.0157156622399,133.3478277604826,135.48601161102883,12997108
2013-10-03,143.9482879638672,144.58182056585403,138.02020429604218,139.2193934730128,9772912
2013-10-04,144.90988159179688,146.48240938754446,143.6767476882262,143.7898789856185,13628376
2013-10-07,143.51837158203125,144.38949092149892,139.8868594327512,144.01615208887367,9922000
2013-10-08,143.14505004882812,148.10019307098236,141.59514283769522,147.18383223489673,11768148
2013-10-09,146.87838745117188,147.27434704197918,140.96161432740416,141.4593948606997,8668760
2013-10-10,145.04563903808594,146.84442949575276,143.3034142312264,146.84442949575276,8345284
2013-10-11,149.62747192382812,150.1818181199381,144.66100451741488,146.45979515745654,13390264
2013-10-14,151.03030395507812,151.43757392284968,146.7652589479022,148.778988047985,12375720
2013-10-15,147.62503051757812,152.72724919153796,146.30138607193456,152.2747240087482,16143324
2013-10-17,148.02099609375,149.32200604736906,145.38503127242817,147.74947821100008,14551588
2013-10-18,153.08929443359375,153.75677197370717,148.25859266510028,148.25859266510028,21281184
2013-10-21,151.87876892089844,153.58704877395454,149.91028155613017,152.50099106545332,11225424
2013-10-22,151.36968994140625,152.48969265139803,150.50989476352464,151.82221517292018,8758096
2013-10-23,149.3785858154297,151.3696941271552,147.93049951055232,151.3696941271552,13544956
2013-10-24,151.4375457763672,152.8969422154458,148.47351142906888,148.47351142906888,12321928
2013-10-25,152.1729278564453,152.71596368819567,150.04606743703533,150.52121343233574,8946872
2013-10-28,151.12078857421875,152.72724743061102,150.5551321022535,152.27472225303882,8382088
2013-10-29,155.32928466796875,155.89494120354038,148.3264539955972,151.1434263047387,15222916
2013-10-30,153.7115020751953,155.55554791262182,152.89696218466065,155.21615398990338,10188672
2013-10-31,154.03956604003906,155.0011820321199,152.36523118686992,152.99876366671694,18195556
2013-11-01,154.71835327148438,155.66865889300004,153.45128831611166,154.2205728211693,15642444
2013-11-05,153.01007080078125,154.98986838970077,152.27471741061115,153.96037640545703,14258472
2013-11-06,151.34706115722656,153.67756321362378,150.52119712963233,153.60968719450025,4610652
2013-11-07,150.5551300048828,153.29290176706587,148.63189802699344,151.59593237481053,7789140
2013-11-08,147.63633728027344,151.06422098019513,145.86018150518166,150.102604990247,13480760
2013-11-11,148.03231811523438,149.49171476617576,139.53615955475763,145.71312627621083,11216304
2013-11-12,146.15432739257812,150.02341227989473,145.56603635399813,147.64765500979468,8980320
2013-11-13,143.38262939453125,146.49374051366866,142.17211605491838,144.58181855482198,10561084
2013-11-14,145.3058624267578,147.0480874239111,144.35555662740376,144.35555662740376,12626860
2013-11-18,151.32440185546875,151.59591969751824,146.85571616289266,147.3874414806502,14873920
2013-11-19,149.34463500976562,151.23393611507308,148.75635773971447,151.23393611507308,6789036
2013-11-20,146.96885681152344,149.107040965204,146.25613796694458,148.58663979059753,8370096
2013-11-21,144.27635192871094,146.07512854468217,143.71069543061353,145.83755557747588,12787656
2013-11-22,145.29452514648438,146.3692724301515,143.69936286695847,145.37371152760778,7492384
2013-11-25,149.2767333984375,149.72925854704965,146.62945851706203,146.62945851706203,16150540
2013-11-26,147.73817443847656,149.31070234504833,146.70868232164753,148.81292183944646,14478516
2013-11-27,147.87393188476562,149.050500265555,145.73574737323074,147.31958570622336,8593012
2013-11-28,147.8400115966797,150.012127374033,146.6294982104666,148.33777834692398,14773732
2013-11-29,149.62747192382812,151.3470761687004,148.20202014095585,148.20202014095585,9571080
2013-12-02,149.62747192382812,150.46464640264986,148.8921183887776,149.78585852414164,6858612
2013-12-03,148.3717041015625,149.83110067439225,147.67029554592577,149.3333201784693,10288280
2013-12-04,148.790283203125,149.23149804391815,147.8513016803841,148.17938521892123,10476608
2013-12-05,155.6912841796875,156.09856789365404,151.9466410405109,151.9466410405109,32019992
2013-12-06,154.469482421875,156.03068610257205,153.46261107267296,154.96726291237667,16069232
2013-12-09,157.62583923339844,162.3207879873929,156.6981543261437,160.64643929330464,25265628
2013-12-10,157.63719177246094,158.80243613955957,156.12122924820054,156.65294095425827,25064880
2013-12-11,157.37696838378906,158.79110981094908,155.41980493458453,156.14383429731055,12289776
2013-12-12,157.2978057861328,158.50830550693365,156.23436851002143,156.84528046097708,12867696
2013-12-13,156.10987854003906,158.83634001911335,154.98987594457643,155.62340844191738,25316080
2013-12-16,154.84280395507812,156.32483502510362,154.13008505488668,155.66866796463555,21432244
2013-12-17,148.790283203125,152.87433426254597,147.98705371910197,152.87433426254597,17942644
2013-12-18,150.74746704101562,154.00565421662344,146.96887861360247,147.1838308595582,14087316
2013-12-19,147.64764404296875,154.75229458983063,147.16118778120742,153.63229205512218,10019516
2013-12-20,150.37413024902344,151.2791807201219,147.09332229129143,148.83554721015085,5722468
2013-12-23,150.3402099609375,151.93535876904187,148.6545505752204,148.88081320927705,5531232
2013-12-24,148.72238159179688,150.8039999570999,148.21329081924853,150.5890477578075,3554696
2013-12-26,151.3809814453125,152.0937141201168,148.63189929243669,149.29936287776204,8046760
2013-12-27,151.5167236328125,152.8290436738218,150.2609554198935,150.2609554198935,5464012
2013-12-30,151.48281860351562,153.1797881920539,150.498581766153,153.13453290769812,4227604
2013-12-31,150.656982421875,152.11637930003883,149.3559721632751,152.07112400730963,5261312
2014-01-01,150.4985809326172,151.55069378569948,150.01211079594097,151.1434238487007,4492436
2014-01-02,148.65452575683594,152.6706868408296,147.87391703767076,150.4646265270866,7228992
2014-01-03,150.0347137451172,150.69088076191318,147.07067942228764,147.52320458974083,6513184
2014-01-06,149.71800231933594,150.012141010302,148.65456507355717,150.012141010302,5963420
2014-01-07,150.32887268066406,151.81088990644227,147.8173496062411,150.93977063527922,7896920
2014-01-08,150.396728515625,150.90581928280668,149.33329170662907,150.50985979722094,4649480
2014-01-09,150.00079345703125,150.70220199315906,148.67714896082643,150.0573591070407,3777472
2014-01-10,149.79714965820312,152.6593770357011,148.49613972479003,150.0007915195961,6150508
2014-01-13,152.24078369140625,153.16846863011077,148.63190629770295,149.3559355640431,4752580
2014-01-14,152.1163330078125,152.9535073336152,151.21128266856036,151.38097960717013,3577120
2014-01-15,153.98300170898438,154.46947179782913,151.50542360504997,152.27472192927598,4627840
2014-01-16,152.28604125976562,154.98988211114448,151.67512947339128,154.8541300741605,4501176
2014-01-17,150.4646453857422,152.72727163214432,149.118380007138,152.72727163214432,43374856
2014-01-20,151.6072540283203,153.11190585878765,150.78140381525995,151.16603919149375,5600368
2014-01-21,152.9761199951172,153.58703170386727,151.59592382458345,152.26340117655167,6251924
2014-01-22,153.20240783691406,154.9220119603564,152.64807548992306,152.84039318459662,7033336
2014-01-23,153.74539184570312,154.1074063760983,152.21811974127561,152.72721044275144,5482740
2014-01-24,152.36524963378906,152.71595392313105,150.1704995182673,151.5959512229962,8842900
2014-01-27,146.88967895507812,150.44200444694238,146.07512532976128,150.44200444694238,17060448
2014-01-28,145.81494140625,148.42827178311964,144.49129685512668,146.61817090771575,18395424
2014-01-29,146.04119873046875,147.2743326692055,144.93250646041776,146.50503430101014,10970924
2014-01-30,142.9527130126953,144.78544842399603,142.01373147521485,144.24241264065353,11425460
2014-01-31,142.20608520507812,143.97093123321733,141.4367866187209,142.54547920318095,9620984
2014-02-03,141.75350952148438,143.45047890921165,141.43673637845305,142.53411820183337,4776820
2014-02-04,142.68121337890625,143.78990582427954,139.55879175006726,140.65617382558477,7409304
2014-02-05,144.23109436035156,144.7628059361446,141.43674301806584,142.7716978564017,6905384
2014-02-06,146.39190673828125,146.9801839925291,142.4323111155302,144.52524023041292,13466944
2014-02-07,146.56163024902344,148.08890312309663,145.28324076377174,147.6137570862643,4029468
2014-02-10,145.69049072265625,147.10463194410627,143.90301069475427,146.53897545552627,6280820
2014-02-11,145.89410400390625,146.42582933532935,144.64965985500356,146.16562185293387,4464856
2014-02-12,146.04119873046875,147.704223325572,145.63392881023665,146.30139243590747,6436960
2014-02-13,143.11109924316406,146.6181696593997,142.82827098379022,146.16564444440155,3155200
2014-02-14,145.21534729003906,145.67918290075636,142.3983748986459,143.45050160951936,4249112
2014-02-17,147.1612091064453,147.52322376347038,145.05695575631847,145.26059763212882,3650120
2014-02-18,149.42384338378906,150.32889388566548,146.48242925269065,146.7313126167168,5019672
2014-02-19,151.6072540283203,152.10503451576633,148.20200462302262,148.47352250799074,4060948
2014-02-20,149.95553588867188,151.01897285462988,149.52563143116558,150.64563404627057,3448436
2014-02-21,150.32887268066406,151.50542711916196,149.26543572896998,149.2993668320193,3043872
2014-02-24,151.82217407226562,152.27469918127386,148.37167011607775,149.8084318131908,5018984
2014-02-25,151.8448486328125,152.95354106690294,150.6909147197594,152.50101579747422,4020560
2014-02-26,153.27027893066406,153.6775488172259,151.26784678927916,151.5959302959439,4551340
2014-02-28,151.5054168701172,154.51472020877804,150.49855944489605,154.31107836436712,4903584
2014-03-03,150.7361602783203,152.04848071295513,150.05737241799463,150.50989765821174,3678432
2014-03-04,151.9805908203125,152.46704712317094,150.29493169232938,150.69089124138708,6443868
2014-03-05,151.53936767578125,152.72724625778625,149.8989639196791,152.3878523772134,4006984
2014-03-06,152.86300659179688,153.33816633639998,151.16603709672822,152.27472935749566,4948680
2014-03-07,160.9745330810547,161.75514183025967,152.9987762552105,153.76806082618728,22767568
2014-03-10,166.17857360839844,166.7329197546585,158.3838240758154,159.85453101366224,26123852
2014-03-11,164.07432556152344,167.43431955840228,162.80724674915186,166.18987529141415,13000472
2014-03-12,164.16481018066406,165.85046914336522,162.11713661830993,163.1918838603713,7110216
2014-03-13,167.9660186767578,169.5838016278838,164.60602492899991,164.60602492899991,11448452
2014-03-14,165.65817260742188,167.41170780498604,163.8141268434134,166.3030155109238,12208480
2014-03-18,166.07675170898438,168.52038507567775,164.78705210129323,166.39352487928517,8102724
2014-03-19,167.08363342285156,168.1810015987808,166.47272159079873,167.43433771959369,6055136
2014-03-20,165.2169647216797,167.08363130092837,164.71918420521854,167.08363130092837,5195084
2014-03-21,166.04278564453125,166.86864956978053,165.44319810494147,166.33693804090277,7525592
2014-03-24,169.84402465820312,170.3531155035398,166.07674687872245,166.18987817768615,11713860
2014-03-25,169.7308807373047,172.08400329477746,169.18784501867222,169.69693582615065,8031092
2014-03-26,168.80323791503906,171.1224299490041,168.362023009997,170.33051071789407,9409312
2014-03-27,168.96160888671875,172.1292855180064,167.88686145824616,169.69696239041053,24554932
2014-03-28,168.55433654785156,170.6246311736607,166.31433115208537,169.6856496144054,12160900
2014-03-31,169.42544555664062,170.37575131401243,168.13574587234848,169.23312785537547,8262428
2014-04-01,167.0044403076172,170.500200674406,165.74868548342408,170.03636504870988,8051832
2014-04-02,165.60162353515625,168.79192107710077,163.33899724725947,168.55434807886658,10398752
2014-04-03,164.90017700195312,166.98179564461225,164.32321014485046,166.52927045316343,5559704
2014-04-04,164.14222717285156,165.85050726191727,162.920403450752,164.16484791178956,7422408
2014-04-07,164.1195526123047,165.6242042541762,163.6104618205398,164.0403662353521,11733156
2014-04-09,167.8529052734375,168.54301725547575,163.30503251067304,164.7304841370639,10520384
2014-04-10,167.29856872558594,169.39149773507305,166.529270376488,168.48644735259214,7494792
2014-04-11,167.0157470703125,168.52038510456558,166.054131000988,166.088062105686,5207952
2014-04-15,163.80282592773438,167.16282029878056,162.47918131946292,166.14463851240603,8371868
2014-04-16,164.2553253173828,165.5789559073812,163.15794350099986,163.63310321251703,3572392
2014-04-17,162.61489868164062,163.20317579211905,160.03550006806861,162.06055266793777,12302328
2014-04-21,162.10585021972656,164.37978669557143,161.3252414507122,163.519991536791,6987752
2014-04-22,164.61732482910156,165.0811603209205,162.32076810230197,163.3389496350625,11395824
2014-04-23,165.85047912597656,167.3098755992433,163.49734265668036,164.01775766371674,21025344
2014-04-24,165.85047912597656,165.85047912597656,165.85047912597656,165.85047912597656,0
2014-04-25,164.357177734375,166.98181868290774,164.04040453266683,165.88445046623087,6212444
2014-04-28,164.08563232421875,165.00199304778275,163.0335057612552,163.41815492459526,4882860
2014-04-29,161.958740234375,164.60601499002317,161.21207653662063,164.35713169409536,6641236
2014-04-30,163.2032012939453,165.14906782875875,161.0197756146718,162.00401234445152,8786920
2014-05-02,162.2528839111328,164.61733053674027,161.902179688572,163.70096988747775,5915292
2014-05-05,162.1624298095703,163.6105023567156,161.55151794609847,162.87514880864163,5192324
2014-05-06,162.9542999267578,163.94984691365084,161.5740900124706,162.9542999267578,6184560
2014-05-07,161.91351318359375,164.49291238179555,160.97453166712322,162.56968025628626,6598624
2014-05-08,162.52444458007812,163.58788170446732,161.89091197724255,162.264250841222,7520428
2014-05-09,171.23553466796875,171.95957775736284,162.90907366487005,162.90907366487005,16376444
2014-05-12,179.23391723632812,179.8448151849079,170.7151251492266,170.8508771800282,17561360
2014-05-13,178.32887268066406,181.01007895113858,177.05048347408243,181.01007895113858,12665216
2014-05-14,175.45535278320312,179.8335289897058,175.18383487513117,177.61615805873808,8501500
2014-05-15,178.37411499023438,179.00766131751755,173.3284617777669,173.99593920902893,9466188
2014-05-16,182.07351684570312,193.22826025535858,178.2157422805855,181.01007986450452,32868368
2014-05-19,183.70260620117188,188.929266615898,182.82017655765938,184.6076565801702,10522804
2014-05-20,184.64158630371094,185.89734093319322,181.9943112029274,184.63027593605253,6357032
2014-05-21,183.15957641601562,184.29088942661485,182.14139470647632,183.80441930806788,3642388
2014-05-22,181.59835815429688,184.4040199324735,180.5575557130231,183.72523212904105,7806456
2014-05-23,178.66827392578125,181.68887421850036,177.09574603823413,180.78382378652776,9818936
2014-05-26,180.36524963378906,181.92645339617394,178.74746640750365,180.78382994885496,17395232
2014-05-27,182.1187744140625,183.41978437942208,178.374117291875,181.01008213698415,7619524
2014-05-28,186.31594848632812,187.0626123354091,180.896956228799,180.98746679655525,14355564
2014-05-29,183.32925415039062,187.96763700763594,182.68441132593307,186.1235914696692,13684008
2014-05-30,179.36965942382812,186.1688471578111,165.17168259778558,184.40400180437706,32807544
2014-06-02,185.3995819091797,186.06704553820413,179.53937498370584,179.53937498370584,8083132
2014-06-03,186.5195770263672,187.31149616135383,184.17776453689615,186.21412802686183,3624148
2014-06-04,184.78866577148438,187.73007953311458,184.42663733022306,186.07836533665528,2864340
2014-06-05,183.7847137451172,186.055072075883,182.76932581633622,185.23362854760407,7674472
2014-06-06,186.02081298828125,187.33282730865244,182.7692992377961,185.50741608030992,10565276
2014-06-09,186.9791717529297,189.3864302191538,185.96378388989197,187.53820677206582,9339920
2014-06-10,186.3402557373047,187.92607051721382,184.82287716272518,187.36704949931982,4999344
2014-06-11,187.21875,189.35219392654446,184.82289762340037,186.42013254113346,7743772
2014-06-12,191.6339569091797,192.79766498382725,185.47319369318026,188.1314545033896,12732048
2014-06-13,190.61859130859375,195.31902010010234,189.76292971352905,192.5809029958953,12212884
2014-06-16,191.4399871826172,192.3070546610201,189.45484984602282,189.61457610101894,5309880
2014-06-17,193.16273498535156,193.6761319022308,188.78174517595912,190.75547667156337,6988120
2014-06-18,190.49305725097656,194.26938771886665,189.1011868161646,193.2882180817434,5374628
2014-06-19,188.4166717529297,191.65677958084348,187.60664827764697,191.0064684521478,4720996
2014-06-20,187.5496063232422,189.7857323956887,186.95633929061233,188.47371801483482,2969768
2014-06-23,187.4355010986328,188.59919513397975,186.03221070884814,188.0173481163063,5840844
2014-06-24,189.15823364257812,190.01389513372368,188.24552805202285,188.3253842204836,5066224
2014-06-25,188.04017639160156,190.11659010607093,187.78918790800276,189.15824638606838,6330624
2014-06-26,185.37051391601562,188.61060767181198,184.51485241146753,187.1046489945202,21808264
2014-06-27,186.2375946044922,187.56101503960966,185.73560370102464,186.61407733700537,5142960
2014-06-30,187.45831298828125,190.00248534236206,187.08183029569048,187.08183029569048,6176100
2014-07-01,187.85763549804688,188.91866137486693,185.96377408110507,187.7891853604288,7641372
2014-07-02,191.64537048339844,192.124535369069,188.35962464034023,189.56895681633293,7626724
2014-07-03,190.9380340576172,192.87753371484146,189.69446972733422,191.89637785007307,6062740
2014-07-04,195.46730041503906,195.99210330077602,190.5500883118502,190.93799094105785,5631988
2014-07-07,191.77084350585938,196.39141525265,190.7212237900259,196.2088769319602,8131968
2014-07-08,189.2152862548828,193.57345007514743,187.10465448176532,192.58088827147554,6732272
2014-07-09,189.45489501953125,190.49309503438175,186.64832759773398,188.9300919937943,5795552
2014-07-10,187.86903381347656,193.4935876574879,185.33628133820113,189.45486258258248,9857544
2014-07-11,185.23358154296875,189.71725295754857,184.54905240650044,187.35561908066433,9198780
2014-07-14,186.5227813720703,187.10462834559374,184.17256748430498,185.96374646543768,4921608
2014-07-15,188.65623474121094,189.11258751703718,186.3060207310621,187.27577037969286,6092036
2014-07-16,190.69842529296875,191.32591038965515,186.62548214518984,189.27232280049964,9589300
2014-07-17,189.797119140625,191.43999194024806,189.27231622697948,191.3715418083433,5039100
2014-07-18,189.94546508789062,190.93802695187722,187.56101869503618,189.13544157596343,7288432
2014-07-21,188.80458068847656,193.25402085901356,188.3025897813157,192.0560946592536,9813656
2014-07-22,191.6339569091797,192.2728620137469,188.70189554190804,189.36361271730274,6970352
2014-07-23,190.8238983154297,192.8090355496401,190.52727181532484,192.37549486940796,7849852
2014-07-24,192.18157958984375,192.5808883037437,190.07094781637264,190.7554770402011,4278600
2014-07-25,190.64141845703125,193.9043388122315,190.33338582916113,191.8963888957071,10665952
2014-07-28,189.28375244140625,191.6225608207376,188.93008176452267,191.325934250667,3884952
2014-07-30,191.39434814453125,192.1017032911134,188.6676375699378,189.61457513440214,4685380
2014-07-31,190.29913330078125,191.6453797425673,189.05556903282354,191.18902690491552,11901344
2014-08-01,186.0664520263672,188.88442505412922,185.27924064467553,188.4851163458433,6828460
2014-08-04,185.50741577148438,187.72072966752154,184.16116942210994,186.87647419046212,7363044
2014-08-05,187.1503143310547,187.7892055621913,184.8000998414534,186.42014695541957,6077104
2014-08-06,184.82286071777344,187.001942277917,184.2181877632315,185.97514860726272,3381400
2014-08-07,185.16514587402344,186.76238065050916,184.82288127906222,185.48459840003338,3933740
2014-08-08,181.6626434326172,184.32089009267708,181.400235006235,183.68199896857757,7450680
2014-08-11,180.93246459960938,183.191402421687,180.57879399343764,182.76928168638221,5626224
2014-08-12,184.18402099609375,184.4806475760416,180.71573640102034,182.7693243146683,6603072
2014-08-13,185.37051391601562,186.1348992893657,183.14579400419055,184.8228849823919,7839820
2014-08-14,188.63343811035156,189.76291410831087,185.57586869138046,185.75840703129307,11873224
2014-08-18,189.92263793945312,190.41322281400127,187.92609426105588,189.3864289222541,6702168
2014-08-19,187.9831085205078,191.09772173502094,187.61803187656236,190.07092800629547,7892856
2014-08-20,187.23016357421875,190.4360395742523,186.87649289926554,189.15825715932982,9434852
2014-08-21,189.95687866210938,190.57295781069465,187.33284970761778,187.56102613844314,6390480
2014-08-22,193.20838928222656,193.66474213556518,188.94148731815397,190.37899602081376,10015288
2014-08-25,192.45538330078125,194.58882702501094,191.02928083089992,192.3527011375934,6656064
2014-08-26,192.23861694335938,193.60767534295601,191.2346352129423,192.69496974322493,4165256
2014-08-27,190.8923797607422,193.03724359360652,190.29912666320075,193.03724359360652,4852968
2014-08-28,192.47817993164062,192.9231266519125,190.29909831779423,191.09771563687372,7991452
2014-09-01,191.94198608398438,193.72175917800186,191.34871910145728,193.0144179248609,4154656
2014-09-02,196.04916381835938,196.48269061820577,191.36014162789155,192.37551545689982,11442252
2014-09-03,195.46730041503906,197.37256760677357,194.31499856099674,197.37256760677357,9234780
2014-09-04,194.37210083007812,196.0035679970423,193.6077153032484,195.7867975870087,6406968
2014-09-05,193.59628295898438,195.21632994202528,192.60370719321998,194.40630645050484,3835208
2014-09-08,197.31556701660156,198.0115023398318,193.82447043757097,194.1781411172338,9788344
2014-09-09,197.50949096679688,198.49066065155853,195.7297177898237,196.25452073694902,7661044
2014-09-10,195.61563110351562,197.37259222427903,194.88546381513285,197.37259222427903,4314252
2014-09-11,194.9425048828125,196.9390484147003,194.63447230860564,195.63845405535363,6532864
2014-09-12,195.2505645751953,195.77536755367714,193.71037374653875,193.97276827238798,6086556
2014-09-15,196.31158447265625,197.37261043472412,193.9499640110006,193.9499640110006,5809088
2014-09-16,194.17813110351562,196.69947772908006,193.49360185168183,196.4598952762949,5076268
2014-09-17,193.12852478027344,195.2962007402106,192.1473550464542,195.09083639434536,7905896
2014-09-18,195.80960083007812,196.45989805781394,192.18159017327966,192.7520312245509,6652568
2014-09-19,196.28872680664062,197.37256458906614,194.26937145641276,196.23168271282876,6542108
2014-09-22,195.51295471191406,195.8894513656247,194.178128261091,195.5357807093777,6534316
2014-09-23,193.6875457763672,195.7411335269989,192.9459724219724,195.33041876222921,4716976
2014-09-24,195.1935272216797,195.61564804082784,192.8204868106625,193.28824570055787,6665496
2014-09-25,193.9385528564453,197.5095055082139,192.14735958590015,194.63448815887824,16595960
2014-09-26,198.88998413085938,200.5670752645767,192.8090769039446,193.9385529800404,9882252
2014-09-29,197.39540100097656,200.1905619424899,196.50552138382952,199.1980001584614,8682268
2014-09-30,199.11814880371094,200.74960177132883,196.49412010127642,197.19005536308728,12035432
2014-10-01,198.05711364746094,198.77587487253956,196.34579066087574,197.60076085103822,5870188
2014-10-07,196.79071044921875,197.82891013342103,194.8854294292359,197.37255739954924,5026288
2014-10-08,197.96585083007812,198.51347979332465,195.84381296936814,196.35720989986814,3140384
2014-10-09,202.5293731689453,203.75012530178054,198.1141652666836,199.42617960619808,7650420
2014-10-10,197.89739990234375,201.97035722414105,197.34978486806364,201.49117840151507,4266980
2014-10-13,200.0650634765625,200.3388779401971,195.23914100297898,197.14440836028507,5376512
2014-10-14,198.13699340820312,202.1529068509653,197.40683998841342,201.93613646149734,7266240
2014-10-15,198.13699340820312,198.13699340820312,198.13699340820312,198.13699340820312,0
2014-10-16,195.9692840576172,199.4261618852654,195.1022165739071,198.14837969103806,5533084
2014-10-17,201.9931640625,202.6434612509828,195.56999264218584,196.28875389411536,9977920
2014-10-20,203.9440460205078,207.5492300455484,203.1112105880987,203.98968408194497,9532004
2014-10-21,204.34336853027344,206.67077055343836,202.54078335902034,205.35875627722277,16037152
2014-10-22,203.90985107421875,206.80768029299466,203.36222212834943,206.51105375014154,4571544
2014-10-27,204.73130798339844,207.0244783886051,204.02396659980906,205.14202278441115,6724768
2014-10-28,204.2863311767578,205.40440112412034,203.98970463769706,205.13058665468643,5803492
2014-10-29,203.4306640625,205.9291983962654,203.0769934323282,205.40439546825735,7896188
2014-10-30,204.59437561035156,205.34735494860053,202.41527983849184,203.05418490297683,10738180
2014-10-31,208.0626678466797,208.69015301627755,204.75410967970902,205.3815948493069,10105988
2014-11-03,207.80026245117188,209.7625740355328,206.5909302456107,208.8270563113851,7239648
2014-11-05,208.27940368652344,209.99072659246022,207.69755668386122,208.79280055830446,7524180
2014-11-07,205.2332763671875,206.8647293553949,203.9098559641794,206.49965266724885,9028492
2014-11-10,206.41978454589844,207.26402607921784,203.7615239317313,205.24467052249977,6389756
2014-11-11,207.161376953125,209.3062269415804,205.90640664515797,206.70502411386425,5913408
2014-11-12,208.03985595703125,209.89949939563596,206.30572069388302,207.86872363790016,9058664
2014-11-13,208.9981689453125,209.9222805471474,206.248646208285,208.89548678360157,7388952
2014-11-14,212.22683715820312,212.88855420500806,208.03980631984575,209.51154669858053,8438056
2014-11-17,209.68272399902344,213.11677633556204,207.18418941401535,212.20407065532407,13464084
2014-11-18,212.7060546875,213.34494585765296,208.09688836596737,210.15047608010522,9189112
2014-11-19,211.41685485839844,213.96102746027879,210.4128869869226,213.35635438888457,3454848
2014-11-20,209.5115509033203,211.73627056586676,208.11966665581255,211.73627056586676,4770372
2014-11-21,212.85433959960938,213.34492440826614,208.5646262578262,210.1960930151903,8823808
2014-11-24,215.67234802246094,216.767592017826,211.77052301007026,212.7402727638342,7316860
2014-11-25,217.57760620117188,218.77553231640366,214.25764232431453,215.1703479359197,12156508
2014-11-26,217.06423950195312,219.0265651960568,212.95706367816297,214.4402105034205,8976428
2014-11-27,216.34544372558594,217.63463193712258,215.17032977909156,216.90446472409602,13211448
2014-11-28,218.39903259277344,220.39557596261415,216.0830367130457,216.31121309817036,9251860
2014-12-01,216.76759338378906,219.60839252454377,216.35687862378694,218.6614548353645,7389128
2014-12-02,215.2388153076172,216.67632397565362,214.3032975515192,214.88514464015495,4517556
2014-12-03,212.91143798828125,215.40997287841913,212.6604494662776,214.94221394552952,6661184
2014-12-04,214.80528259277344,215.45557980463175,212.6604187216487,214.48583004114784,6839104
2014-12-05,215.11329650878906,215.4897931314663,213.50465570847908,214.7139878173116,4074180
2014-12-08,211.55377197265625,215.626715471969,211.06318710219188,215.626715471969,4057128
2014-12-09,211.46246337890625,213.3449185425167,211.07456074165452,211.07456074165452,4873344
2014-12-10,212.52349853515625,213.3449279812698,211.13161417835374,211.31415250784767,5565432
2014-12-11,213.02548217773438,213.51606701007879,211.0631707019213,212.18124063635253,4818844
2014-12-12,212.5463409423828,213.61877293056213,211.9758998770517,212.88860558158152,4616828
2014-12-15,214.8280792236328,215.4669703541831,211.7476978433683,212.20405064044454,6638628
2014-12-16,211.23431396484375,214.94218066960067,209.23777035459003,213.92679284817217,4989956
2014-12-17,210.34439086914062,212.77447489305524,209.0095646134462,211.29132841926986,7064016
2014-12-18,213.12814331054688,213.68717822259325,210.3900267716562,212.7972847767414,6493828
2014-12-19,214.81668090820312,216.53940999371335,212.77449928254762,215.63811040174443,6114108
2014-12-22,219.89358520507812,220.44120017349553,215.05624305342727,217.6802714832569,8295612
2014-12-23,218.9923095703125,222.23241737874636,217.98832779526555,218.98090353516528,7544080
2014-12-24,215.68374633789062,220.1445922601837,214.7368086885717,218.57018342531805,16664812
2014-12-26,216.4595489501953,217.4407046917263,215.06766454435535,216.85885765299832,3366480
2014-12-29,217.15548706054688,218.13664281504887,216.37968171413183,216.79039645708818,3614800
2014-12-30,218.23931884765625,218.95806614592988,215.11329940690382,216.76757829388347,5681200
2014-12-31,217.13265991210938,218.43326819689008,216.710539136518,218.13664165781648,4992528
2015-01-01,217.23532104492188,217.7715438970791,215.63808637572177,216.99573862989809,3544940
2015-01-02,220.25868225097656,221.17138787632138,216.85886215263676,216.85886215263676,5900384
2015-01-05,218.39903259277344,221.456587797375,217.93125986184285,221.3310935709127,4796000
2015-01-06,214.99923706054688,218.2621571618612,213.92680507467585,217.68031006183256,8219680
2015-01-07,215.626708984375,217.07562362747217,213.63016538266783,214.4173767881261,5746112
2015-01-08,220.15599060058594,221.0915221823403,216.35686195478738,217.73732636830783,9525824
2015-01-09,222.6203155517578,223.612877344769,220.55530794097444,221.99283043675973,8985184
2015-01-12,220.6580047607422,222.3351098082593,220.07615767355605,221.1942277052341,4126412
2015-01-13,219.81370544433594,221.776030626822,218.06816453039335,221.09150150132749,5828348
2015-01-14,219.93923950195312,222.3921358239376,218.9808958280074,219.0607519980102,3685232
2015-01-15,226.6134033203125,227.76569138592055,221.5022462522516,225.8946420702849,11398476
2015-01-16,228.4844207763672,231.57622197821377,227.84552967469915,228.67837906242565,7821308
2015-01-19,229.21461486816406,232.73994326473655,228.84953817493263,231.1997524637199,4239492
2015-01-20,232.9567108154297,234.3371753238504,228.6327650189855,230.45817631654228,8505804
2015-01-21,232.72850036621094,235.6947793641333,232.36340980402505,234.42841717380094,6740612
2015-01-22,233.02513122558594,235.59211553529252,232.40905220590014,233.88079266215482,6470680
2015-01-23,237.94236755371094,239.12887372465912,233.74391610844282,235.02169841259436,9987912
2015-01-27,245.07284545898438,245.91708690074967,237.50879309563948,237.98795790998088,9962400
2015-01-28,241.49049377441406,249.442435954613,240.72610838485292,244.1487544756328,11364940
2015-01-29,249.8531951904297,251.1309776499136,242.09519643565835,245.28966651115243,20567616
2015-01-30,245.82583618164062,249.75048692927405,242.83673094624973,249.75048692927405,10570416
2015-02-02,246.7955780029297,249.39679442121957,240.12141859138288,243.8064728628299,5710352
2015-02-03,242.80255126953125,246.9325393825015,240.7946152514843,246.0882976714637,10200688
2015-02-04,243.62391662597656,246.61304957076644,241.2394845294422,242.55149875128592,6197512
2015-02-05,245.6319122314453,249.35119895984127,244.22862170000428,245.28964760687757,8059148
2015-02-06,240.3838348388672,246.19091301557077,239.59663740868004,245.74598018173702,6903120
2015-02-09,237.32627868652344,239.98453943615863,236.04849636007233,238.90070148767109,5231896
2015-02-10,240.60061645507812,242.39182364630352,235.02171409208603,235.02171409208603,9275752
2015-02-11,241.50189208984375,242.96222652839685,240.26973403689075,241.41061596489118,4161588
2015-02-12,245.517822265625,246.86406868333376,240.20130066063987,243.03069377419118,5525740
2015-02-13,243.1904296875,246.8868763997483,242.68842487177508,246.70432412974546,7714500
2015-02-16,243.5897216796875,247.5713886319275,242.43741974324698,245.47217693887035,7388716
2015-02-18,245.2440643310547,247.10368015156166,241.19393226544634,243.58978503665128,5381692
2015-02-19,246.38485717773438,247.54855110210016,242.73403523239176,245.0614230811233,4507004
2015-02-20,244.8446807861328,248.68944729828067,243.8064670941431,247.1150246728657,6206024
2015-02-23,243.57833862304688,246.78422860068378,242.32336826011783,245.76882677671853,5581564
2015-02-24,243.612548828125,244.37693422815354,241.20527656988548,244.21722188315613,5846288
2015-02-25,240.14427185058594,245.2440373277693,239.5852507402858,244.14877932581507,4648524
2015-02-26,236.88133239746094,240.95427551803306,236.18538324435917,240.41806655515936,12426944
2015-02-27,240.4979248046875,241.53613856267998,238.5470054497133,238.5470054497133,10261784
2015-03-02,247.0123748779297,250.76586554562624,243.69239709074506,246.5103700818961,14385232
2015-03-03,247.19493103027344,249.16866272975298,245.75743622666582,247.90227239588052,6029348
2015-03-04,243.0763702392578,253.1161334987195,241.8670239779405,252.1349636751172,12277624
2015-03-05,247.5941925048828,248.71226237434243,242.43741171810902,243.00785268685752,9702452
2015-03-09,241.63882446289062,246.84125788737092,240.9542952151204,245.7574199117347,5755808
2015-03-10,240.16708374023438,242.38038370441714,238.4443407588759,242.32333960375715,5134836
2015-03-11,241.05699157714844,242.30056990111873,239.58526466421043,239.79062903320795,5465536
2015-03-12,240.63485717773438,242.75690911525544,239.8362396738281,241.88982754101568,7530836
2015-03-13,237.90814208984375,242.77970292653805,236.07131082759156,241.8669972764383,5426780
2015-03-16,239.9389190673828,241.38783372426676,237.87391138111312,238.4443524156002,5348772
2015-03-17,241.42205810546875,243.2132373262757,237.95376001357113,241.86699095684062,5369304
2015-03-18,242.67703247070312,244.58229992720962,240.31538433973995,241.9012271044754,5148332
2015-03-19,240.08718872070312,245.01582107485402,239.28857134803874,244.37691603529714,5373572
2015-03-20,240.93148803710938,241.75291758040206,238.6611159404246,239.81341800566548,6483236
2015-03-23,239.07183837890625,241.73009917950665,238.67252965338673,240.942873837057,5446740
2015-03-24,236.83566284179688,241.18243402886972,236.2652218909244,238.05642875951355,8973564
2015-03-25,235.99143981933594,238.83222483527138,235.27267859435102,237.314874070215,10608900
2015-03-26,229.76222229003906,235.52366230088396,228.6555584251585,234.31434412710445,35800620
2015-03-27,231.5192108154297,233.549972603427,230.02464411853757,231.58766095627752,10840896
2015-03-30,236.5961151123047,237.07527998236463,231.09705550736626,232.7399283753724,6955144
2015-03-31,233.3560028076172,237.28063960136595,231.56480974422936,237.28063960136595,5962256
2015-04-01,235.76327514648438,236.5847046500779,231.1427028535095,234.13180824763444,3844196
2015-04-06,235.46664428710938,236.58471431017006,232.69430915419574,236.1625935060176,7151172
2015-04-07,235.649169921875,236.89272012256933,233.57277031583723,235.76325811839973,6197072
2015-04-08,236.2880859375,237.86248083980854,235.03311571744456,237.314879753909,4106144
2015-04-09,240.97711181640625,241.6388290057378,235.02171281955611,236.9041682863147,7002784
2015-04-10,237.90814208984375,240.2697623887637,236.1283549307228,240.2697623887637,6119324
2015-04-13,237.02964782714844,238.74097077202995,236.11694225654495,237.30344835690406,4563236
2015-04-15,235.398193359375,239.28858434538623,233.92643883767184,237.303460766935,4893996
2015-04-16,234.9418487548828,235.83174233454884,232.2835879779388,234.56535210345882,5610120
2015-04-17,232.3406219482422,234.5311098424967,231.838631077164,233.90362473534455,4049012
2015-04-20,229.340087890625,233.88080369900626,228.76964690599328,232.7399217297428,5188880
2015-04-21,228.86094665527344,231.46216338438168,227.17243559577744,229.31729949007956,6510744
2015-04-22,231.16552734375,232.96812664659674,226.6932750473985,229.65956853065583,6765936
2015-04-23,231.25677490234375,233.69825117231946,229.5682640190732,232.75132749499463,9627828
2015-04-24,229.64813232421875,232.51174325609895,228.2562479780985,232.48893118763047,7205244
2015-04-27,229.41998291015625,231.0286238762341,227.26371296862138,229.76224753812102,7370704
2015-04-28,229.21461486816406,230.78903770213876,225.917462886557,228.07373279333692,7942108
2015-04-29,226.6134033203125,230.34408198985113,225.4382892580217,229.08911175612732,7863564
2015-04-30,225.62083435058594,227.0355308963014,223.39611432421515,226.12282524445698,15143684
2015-05-04,228.39317321777344,230.34407867678198,226.35099162691205,226.81875046739748,3141448
2015-05-05,225.35842895507812,229.0662954867401,224.9477002901451,227.9596315812208,5138004
2015-05-06,221.468017578125,225.32420447092278,220.304323459925,225.32420447092278,11007696
2015-05-07,217.06423950195312,221.33114161535866,215.4441923866163,220.87478874604864,11736664
2015-05-08,224.0692138671875,225.39263413725857,217.9997274940435,219.3915978954183,11571932
2015-05-11,225.96310424804688,226.52213925821607,222.255237450821,224.9933544703109,6731344
2015-05-12,221.7760772705078,225.89465892309232,220.64660119053562,225.89465892309232,11107568
2015-05-13,225.95167541503906,226.6704366308489,221.6961800725611,222.665929752454,7791848
2015-05-14,226.1342315673828,227.0012991523813,222.2438265068041,225.6664727055742,4455188
2015-05-15,225.91744995117188,227.61736693068858,224.57121753602715,227.01270782172114,8153624
2015-05-18,230.42391967773438,230.9145044822779,226.35097672571115,227.2636822770245,5713304
2015-05-19,229.8991241455078,232.28357026015559,227.74285442600754,229.62530968597443,4786348
2015-05-20,233.6640625,234.2915476240038,230.35549064665182,230.37831664359436,4008840
2015-05-21,233.81236267089844,235.0217088188687,231.62187464485334,233.6526503208947,3934380
2015-05-22,233.72108459472656,234.7935024733449,232.36341837849128,233.81233286677357,4689536
2015-05-25,233.54995727539062,235.24987428325954,232.19230487608124,234.65662119913603,4369060
2015-05-26,234.42843627929688,235.0673134799324,232.29497860735722,233.75529919477148,4906344
2015-05-27,236.88133239746094,237.30345316169922,233.05937774317397,233.6069927405548,3218592
2015-05-28,234.88482666015625,238.1477329532405,233.2419535504901,237.0867348183123,9561160
2015-05-29,239.71072387695312,240.49792130145735,234.37139064167286,235.0102678381152,5058680
2015-06-01,236.43638610839844,240.95429019090423,235.24987991176351,239.34563535076023,3841320
2015-06-02,230.18434143066406,237.37191170439726,229.2944618580629,236.9383709889478,4726008
2015-06-03,229.44277954101562,232.05540214402112,227.7200504815468,230.22999091771612,5824832
2015-06-04,231.58763122558594,232.24933440454492,227.03550943201978,230.19574688204423,5557588
2015-06-05,230.8574981689453,232.39768903886414,228.74686623609358,230.51523353118557,6753860
2015-06-08,228.96359252929688,230.97154189875323,227.16099354687768,229.1461308489236,3811996
2015-06-09,228.59854125976562,229.5454789753575,227.5147032626156,229.31730255490484,6040260
2015-06-10,231.7359619140625,232.51176729715095,227.4918861582527,227.72006257365717,7986248
2015-06-11,228.2220458984375,232.40907741143272,226.96707565536417,232.19230703863624,9094176
2015-06-12,230.2642364501953,230.6521252171026,225.9288845335227,228.40459308364615,6528344
2015-06-15,229.36289978027344,231.313805042377,228.176379819854,228.6327325794937,5999828
2015-06-16,230.09310913085938,230.5608680098207,227.50329838941872,228.17642161855014,6010524
2015-06-17,229.24884033203125,231.2567899408329,228.06232022285397,230.2299961029111,9686268
2015-06-18,232.64862060546875,233.60696414204094,228.68976616818094,229.52261548697376,8431716
2015-06-19,235.1357879638672,236.15116183596768,231.176932863864,233.8351935823491,3742324
2015-06-22,238.9349365234375,241.1596565509303,234.6794408488535,235.50087036521455,5449652
2015-06-23,240.0643768310547,242.14077643081635,237.8738890351131,240.0415647625314,5655180
2015-06-24,238.6268768310547,241.3649934769483,237.9195077480152,240.49791206432351,6267396
2015-06-25,243.00787353515625,244.3426999458335,237.90813640773717,239.1859187166456,16573568
2015-06-26,242.5172882080078,244.365511530937,239.92749156355552,243.46422586620423,5647504
2015-06-29,241.10260009765625,242.26629417402364,235.13578163063937,238.42152738134376,6487836
2015-06-30,243.49842834472656,244.60507821181955,239.12884511752506,240.09859472797305,7290136
2015-07-01,244.68492126464844,245.74594694053553,241.87836866632173,242.1749812309011,4971188
2015-07-02,243.27113342285156,245.45510230789807,242.6849270335663,244.83440658679072,4483444
2015-07-03,246.96092224121094,247.39772166553274,242.31712557317866,242.31712557317866,4039288
2015-07-06,249.08738708496094,249.43222426135912,243.74241085078896,244.61600958949955,3267780
2015-07-07,249.85755920410156,250.92656024052408,247.93797088355953,247.93797088355953,4141472
2015-07-08,245.719482421875,248.4207070880161,245.06429737075717,248.07586989659382,5400676
2015-07-09,246.91488647460938,247.57007139734642,243.7078843850276,244.30559645378918,2797964
2015-07-10,250.75408935546875,251.73112798004885,245.63900479149058,245.9378748900596,4900088
2015-07-13,251.9955291748047,254.236970906987,249.4322337864425,249.4322337864425,7076084
2015-07-14,251.00694274902344,253.3173627583954,249.6620835469205,251.84605204940277,5674116
2015-07-15,252.1219482421875,253.21393265676755,250.7656111038887,251.27136108126228,3849404
2015-07-16,256.2599792480469,257.2485236741074,252.44378692230188,252.60472776950158,7310424
2015-07-17,255.305908203125,257.8806806852689,254.16792892330574,257.34044150212173,3510988
2015-07-20,256.3864440917969,257.2485370443584,254.48983959616152,256.5473568844397,4551268
2015-07-21,252.43226623535156,259.31750252856347,251.29428695299558,256.6852571899424,11028136
2015-07-22,256.1910400390625,256.80025800020223,250.27133514272205,252.05299389793132,7286400
2015-07-23,254.6967010498047,256.71972863830945,252.9035368104578,255.84615811017667,5083172
2015-07-24,254.685302734375,256.32903263696454,252.99560575513854,253.60482386681653,4761008
2015-07-27,251.92657470703125,253.9151416371001,245.9838855153437,253.7772123606111,3328572
2015-07-28,254.83473205566406,256.0761517892244,251.14496219315114,251.50130524934278,6345672
2015-07-29,254.8002166748047,256.9956915376744,254.04159162728115,254.0530693635456,3943032
2015-07-30,255.305908203125,256.7886965236865,253.13341761233298,254.48978249930258,9462188
2015-07-31,255.55880737304688,257.7082865771415,253.5702409407556,256.46686727364215,5649500
2015-08-03,251.82308959960938,256.903684823353,251.37478445276966,255.8117004807034,4345728
2015-08-04,249.7655792236328,253.3404028483411,248.73106759675665,252.44382049246366,5390928
2015-08-05,251.0874481201172,252.35185118402404,249.478207856963,251.07597038456282,4122780
2015-08-06,251.94952392578125,253.19094337094467,249.53566369576623,251.0184803890996,3743712
2015-08-07,251.19091796875,252.30588597528163,250.25984629875163,251.48976003921274,3227140
2015-08-10,251.65069580078125,254.24845249714957,250.12191195793906,251.7311522003155,3954376
2015-08-11,251.66213989257812,252.61619494988526,249.2597856485026,251.74262434427553,2727688
2015-08-12,246.0873260498047,251.70818963086688,245.4551244733591,250.21389499563185,6005740
2015-08-13,247.71954345703125,248.9034619755534,245.20221523888887,247.59309193421765,3465052
2015-08-14,253.29443359375,253.71972720187856,248.25980477380287,248.995446254732,3601660
2015-08-17,250.926513671875,253.29440679426756,247.31722918962373,252.66220531685332,2500212
2015-08-18,249.74258422851562,251.98402598388978,247.9264360654228,250.94951440448634,1857316
2015-08-19,248.7080841064453,249.89203080333291,247.133333131171,249.3977585244858,3004576
2015-08-20,247.0643310546875,249.3747513613788,245.5240695588408,245.5240695588408,3044852
2015-08-21,243.9838409423828,246.66205425592247,241.6159474538685,244.6045367182836,7758972
2015-08-24,234.2708740234375,240.16758116383966,232.4777235602414,240.16758116383966,14686328
2015-08-25,234.13294982910156,237.3169548273543,231.20183384447705,235.56975735873144,12347920
2015-08-26,232.99496459960938,236.55828176911498,231.96045316330128,233.8915467903268,5573000
2015-08-27,234.9720458984375,237.81119969898418,231.9834570425102,235.63873671734396,13873432
2015-08-28,236.31689453125,239.7192990685392,234.35133955693195,237.02958044561134,5553136
2015-08-31,236.2019805908203,237.45490594519055,233.4662805055266,234.74217536294415,3441460
2015-09-01,229.91444396972656,234.78814573726768,228.28222021321355,234.78814573726768,10469144
2015-09-02,228.77647399902344,233.09843030006706,226.44307025136195,231.06388262055697,8681688
2015-09-03,232.2593231201172,233.33981571345677,229.6615526086141,230.42019156769584,6507368
2015-09-04,228.98338317871094,231.27080598455214,225.2936280962834,230.39722125332815,11404592
2015-09-07,226.316650390625,232.14439328356426,225.29363058829406,230.12135124375752,5381740
2015-09-08,230.82249450683594,232.19035136323805,224.60393394245898,226.833883687586,7444488
2015-09-09,233.63868713378906,235.63874563473712,231.0409164516203,233.22488531360077,6553120
2015-09-10,232.42025756835938,233.78811451167599,229.0408504235362,230.58112595555338,4463740
2015-09-11,232.30532836914062,234.4892973147189,231.45472713141254,233.22489424096304,4301760
2015-09-14,234.42031860351562,235.0180307717225,230.69607423998602,231.92598790710665,5060344
2015-09-15,232.9145050048828,234.4087992811992,231.75354207273122,234.01798104879384,4332728
2015-09-16,235.25942993164062,236.35141441283972,232.54671339516477,234.2364241165288,4254052
2015-09-18,241.32855224609375,244.14472253903457,237.05257684245765,237.93765332194047,7841168
2015-09-21,242.064208984375,242.5354977169564,238.24801624425683,238.61583697892067,4276688
2015-09-22,236.93763732910156,243.68494602387636,235.70772363864097,241.39753723683998,6025212
2015-09-23,241.20205688476562,242.17909538025478,234.17889112552876,234.30532859512397,5161152
2015-09-24,241.7078857421875,242.30559792334182,238.16755165899633,240.6963577094297,8252836
2015-09-28,240.5583953857422,243.68491318764146,239.79974244970765,242.5354560499639,5777108
2015-09-29,244.78842163085938,246.88042816580702,235.66171443519391,237.24797101678558,10418840
2015-09-30,245.7080078125,246.67354073559693,243.99529956889336,245.52408341623257,9027796
2015-10-01,245.44361877441406,247.57011474383,243.53550846317478,247.17928243061664,5034788
2015-10-05,252.50125122070312,253.9840678095128,247.63904177325426,247.63904177325426,8053372
2015-10-06,249.65060424804688,254.6967383192235,248.97243570835855,254.4898304054967,4758964
2015-10-07,250.06442260742188,252.50126634408034,249.05289462345397,250.12189546943233,4386268
2015-10-08,248.9954376220703,250.7426071258955,247.2252845845611,250.14489493549775,3881908
2015-10-09,249.6966094970703,251.7311432615312,248.32873850186874,251.7311432615312,3443228
2015-10-12,248.4092254638672,251.8460915260692,247.77702395615682,250.05292693357646,2217340
2015-10-13,247.44366455078125,248.7770462288209,246.71950084741354,247.25976822262126,1823652
2015-10-14,249.374755859375,249.77706590570264,245.30568833025845,245.7079983765861,2749148
2015-10-15,249.23684692382812,252.0760010125705,248.51268316879955,249.5931618704508,3925952
2015-10-16,252.8920440673828,253.22537536993946,249.432167295855,250.58162428800182,4843688
2015-10-19,252.37484741210938,253.36336381866684,251.57022732953124,252.88059738170423,2654220
2015-10-20,251.7081298828125,253.547261305008,250.85751476229603,252.42078769632957,3851356
2015-10-21,251.73117065429688,253.80019397474314,249.432255853801,252.6277530390752,7273204
2015-10-23,254.83473205566406,256.0301566506909,251.96108825711124,252.75420272034071,4467048
2015-10-26,253.2254638671875,256.14507442242007,252.1909522127142,256.0876015527271,4887984
2015-10-27,255.38644409179688,256.09910204864724,251.85761557830742,251.85761557830742,8984032
2015-10-28,255.5243377685547,258.3979807933922,254.04154919290656,254.04154919290656,7694760
2015-10-29,253.69668579101562,256.2139855952502,252.88056003120258,255.17947421330442,6702368
2015-10-30,252.78863525390625,255.63929487407918,250.6851228534642,253.34038035183028,8097460
2015-11-02,248.9954376220703,251.93805956961364,247.4781595809306,251.74265743891553,3156552
2015-11-03,249.4092254638672,251.04144905300151,248.09882743600366,250.8000518191289,2548592
2015-11-04,248.67356872558594,252.44379409521216,247.8804544530839,250.59318477173375,2696444
2015-11-05,248.248291015625,248.97245473755703,245.86891998321073,247.93794315277492,3596952
2015-11-06,248.4896240234375,250.35173878195988,247.19073197915736,248.44362890492016,5881004
2015-11-09,244.78842163085938,245.90338952547626,241.615908467676,243.22514858116196,11429432
2015-11-10,242.44354248046875,244.8344194188337,241.94927019957362,243.6964678495214,4402580
2015-11-13,241.85731506347656,242.53548362664785,239.31700327520417,241.24809709865468,3940028
2015-11-16,243.9033203125,244.83439190123644,240.2940358072933,241.09865587457438,4734732
2015-11-17,243.86888122558594,244.55855563169573,241.66190067569593,244.4436098973441,2567404
2015-11-18,241.06414794921875,245.0297751177683,240.53541449783,244.07572007043206,2446720
2015-11-19,245.73098754882812,246.20224820473106,241.29407113947963,242.53549063779312,3277680
2015-11-20,246.17922973632812,248.34021476925992,243.68491335840363,244.8113869667007,4648160
2015-11-23,245.0757598876953,247.24822258482172,243.46651994525575,246.90338545429896,3408280
2015-11-24,244.6849365234375,246.78844870861914,244.16768080886425,244.89184442185052,4002252
2015-11-26,244.5929718017578,245.29415187718322,241.63887258620483,243.45502046667013,8791484
2015-11-27,248.1448211669922,248.78850034883695,243.9033073429715,244.7998895542789,6925072
2015-11-30,247.76553344726562,248.51268072975563,245.91489587623622,248.09886485582243,5247776
2015-12-01,248.972412109375,249.40921142741362,246.78844358209977,247.60456936219612,1895332
2015-12-02,247.77700805664062,251.20236810100562,246.40913713543398,250.58167243116077,2562284
2015-12-03,247.53564453125,248.5126832953622,245.36318132798192,246.5586057671378,3807712
2015-12-04,243.43203735351562,246.81143010095357,242.76534660347923,246.81143010095357,5859828
2015-12-07,244.13320922851562,246.23672156660584,243.93780711250082,245.57003076233127,5814808
2015-12-08,241.213623046875,244.12175573264813,240.69636724334347,243.91484779865084,4902660
2015-12-09,240.7998046875,242.99527941161048,240.20209248885456,240.71934828703442,3890616
2015-12-10,243.82289123535156,244.42060345399872,239.61589410712705,240.23658986054448,6514340
2015-12-11,240.54693603515625,243.8228895100741,239.54691374487135,243.68496023950442,3033920
2015-12-14,242.54696655273438,243.65042858856464,239.11007280664015,239.3169807080205,5878016
2015-12-15,243.55845642089844,244.24813068862056,240.30551524181,242.075667970463,4557416
2015-12-16,245.36314392089844,246.75397028825213,243.5354901442062,244.3745995086307,6842768
2015-12-17,248.3402557373047,249.20234873338418,244.83441088658134,246.88045054319466,4878012
2015-12-18,246.6735076904297,249.43220488734036,245.6389962415882,249.43220488734036,3172128
2015-12-21,247.2252655029297,248.2597770051675,245.76546044013375,246.38615611630823,3097500
2015-12-22,245.16769409179688,247.47811409227964,244.60447133691179,247.0183312514208,2429536
2015-12-23,246.9264373779297,247.81151397883824,245.78848575717944,246.5816001518932,3013968
2015-12-24,246.90342712402344,247.455172238561,245.59305703205365,247.4091771089782,2146352
2015-12-28,247.6505889892578,248.25980700455463,245.46661999840336,246.90344170291286,7755428
2015-12-29,247.8114776611328,248.24827702934945,246.28272196675627,248.04136911146566,4231612
2015-12-30,246.972412109375,248.73105936653374,246.57010204556846,248.28278223488994,2112560
2015-12-31,248.77706909179688,249.4092706577238,247.1333394078019,247.1333394078019,9290008
2016-01-01,250.2943115234375,250.6391486920117,247.39768491999837,248.83450645572418,3195076
2016-01-04,246.0988006591797,249.2023352774879,245.54705555889615,249.2023352774879,5187536
2016-01-05,244.2366943359375,247.0873540714226,243.99529707616804,246.02983089807304,3160872
2016-01-06,245.31715393066406,247.5356119746907,242.91479956945142,242.91479956945142,4165536
2016-01-07,242.81134033203125,244.81141280181177,241.31704589430942,243.70792260724863,6055428
2016-01-08,244.22515869140625,244.71943088586383,243.05271799349885,244.13319650545057,3488356
2016-01-11,243.36305236816406,243.91479739049043,240.30551331025623,241.85728040015803,3288912
2016-01-12,240.68482971191406,244.58150642251894,239.89171547623573,244.58150642251894,4258736
2016-01-13,243.71939086914062,244.31710293958986,238.39739896340126,241.84577021166646,4515148
2016-01-14,241.32855224609375,243.08722747018803,238.97216485812282,241.42051443967202,6279184
2016-01-15,239.5813751220703,242.6389145041291,238.65030354425284,240.92623446331288,5417260
2016-01-18,235.83413696289062,239.42043794890995,234.71916904962694,238.08708438461764,6495388
2016-01-19,238.12158203125,238.52389208040103,235.93761319300154,236.14449305365594,6405212
2016-01-20,234.0984649658203,254.7197312103512,231.70760226142275,235.63874051499096,9563588
2016-01-21,235.17897033691406,237.53535786961532,232.97201787009072,234.71918740370407,6300804
2016-01-22,236.857177734375,240.0641523121796,234.96055919577933,235.7996545891503,4236284
2016-01-25,239.3514862060547,240.62736690208095,237.48937109366443,239.07559963126894,10143884
2016-01-27,238.0871124267578,241.08717934695716,237.47789440355396,241.02970647803082,4039468
2016-01-28,237.17901611328125,240.67338326173063,236.78821184317542,238.8572350534556,9951972
2016-01-29,241.35154724121094,242.52398809198243,237.98363168977025,237.98363168977025,5360184
2016-02-01,243.62747192382812,245.29418498959623,242.236617381708,243.2251618734703,4609484
2016-02-02,242.2595977783203,244.891843400784,241.43196618811905,244.83437054384882,6528628
2016-02-03,239.97218322753906,241.70787489122156,239.5468896598251,240.12161828184963,4850244
2016-02-04,241.20205688476562,242.5124547635244,240.36297568603158,240.9261984170882,5675992
2016-02-05,242.59298706054688,244.55857046232688,240.37452864044297,242.02976415323803,7523904
2016-02-08,238.13304138183594,243.22514236626563,236.85716073364,242.5354680495371,3481924
2016-02-09,235.88015747070312,237.14456057420728,234.6387379019506,236.0295644780508,5535460
2016-02-10,232.8685302734375,236.8226657342878,232.21333126935878,235.38584427550933,7682280
2016-02-11,224.213134765625,232.88004548380204,222.58091103671384,232.19037111415602,8803600
2016-02-12,223.31655883789062,226.7764223338848,222.07513940255922,225.06372823509884,12542144
2016-02-15,223.82232666015625,227.19024226431407,223.2475979926523,225.293637661551,10912960
2016-02-16,223.78785705566406,225.75342634227027,221.15559688519755,225.63848060584345,7136096
2016-02-17,224.12120056152344,225.27065791586205,220.46592056214197,224.5809835032589,7503924
2016-02-18,227.4661102294922,227.87991205543173,224.60395871692992,226.67298187808896,6799856
2016-02-19,227.43161010742188,228.1902490908955,223.79932798089618,227.3051726154197,3328660
2016-02-22,227.30519104003906,228.97190419810764,225.98331508708816,225.98331508708816,4002396
2016-02-23,223.00619506835938,226.55802072621927,222.0751375155026,226.4200914707814,6078320
2016-02-24,218.30491638183594,221.36248390705268,217.56927496338383,220.69579308618722,6463468
2016-02-25,216.7071990966797,220.06360893507656,215.68417925224568,219.3164616600293,8463196
2016-02-26,220.9257049560547,223.22461967984296,217.2474413979934,218.39689875988756,6209388
2016-02-29,223.42001342773438,225.89134666299026,213.33927835511238,220.9486801924785,8812752
2016-03-01,226.2476806640625,226.84539283345634,223.42000454722773,224.13267647538592,4322560
2016-03-02,231.5466766357422,232.3972778268328,228.74199807416875,229.43167244022152,6358976
2016-03-03,233.5352325439453,234.48928770946534,232.1903731240784,232.36279171798245,4610400
2016-03-04,234.61572265625,235.6157589089045,228.30519938163508,233.44328184302577,5704624
2016-03-08,233.1444549560547,235.40888046907546,232.07545393899576,235.40888046907546,1913688
2016-03-09,235.59278869628906,236.76522957580303,231.44323645496658,232.88005813646004,6528172
2016-03-10,234.77664184570312,235.81115336423989,232.2133465816334,235.59276771327274,2671392
2016-03-11,236.48931884765625,236.97211333372027,232.8800343771471,234.4662909642646,4730856
2016-03-14,236.2249755859375,238.6158242653281,235.69621401477127,236.3284155154205,3008656
2016-03-15,236.029541015625,237.56983057180892,234.8686060282915,236.30542759399225,7690036
2016-03-16,236.8916473388672,237.765246125338,234.24790954007344,236.09853301495977,4803548
2016-03-17,234.1214599609375,238.85721825210038,232.4547469365605,237.92614664779708,5113484
2016-03-18,236.4203643798828,237.24796795784943,233.4202698389687,235.16745321567387,4135068
2016-03-21,240.37449645996094,240.77680650072887,237.30545119011552,237.47786977901606,5318796
2016-03-22,242.27110290527344,242.90330440304265,239.2480246760835,240.5814063329109,4120264
2016-03-23,241.23655700683594,242.0871721022621,239.21352933984463,242.0871721022621,8464300
2016-03-28,240.81126403808594,242.07566685642433,239.46640483480044,240.23653548429576,11270868
2016-03-29,242.2595977783203,243.56996769127497,240.06412341822923,240.81127055838652,6733952
2016-03-30,244.82289123535156,245.9608707635402,242.2826075217276,243.22515686485778,7814380
2016-03-31,246.24822998046875,248.02988870133055,244.84589776114882,245.25968552953194,20080392
2016-04-01,244.70794677734375,247.45516648806398,242.94929960607436,245.7079970517319,5158648
2016-04-04,245.76547241210938,246.62756537263604,244.6045093334314,244.88036785563116,6179960
2016-04-05,243.0987091064453,247.57011476679043,242.68492132308455,245.75396665042834,6663028
2016-04-06,244.02978515625,245.28268238996145,242.9378007196111,243.91483942607746,4295376
2016-04-07,242.65040588378906,244.77690162459916,240.70783451329768,244.60448305101997,3911692
2016-04-08,243.5355224609375,244.45508833840395,242.36308157975247,242.53550018177742,2962796
2016-04-11,246.2022247314453,246.92638837499555,239.74228092493328,243.7539033627999,4049620
2016-04-12,244.3746337890625,246.21376555793597,243.51254077240307,245.89191188579838,4941480
2016-04-13,248.68507385253906,249.4207152609072,245.86890361478208,246.4436322347325,4974604
2016-04-18,250.07594299316406,251.04147590609543,246.35168447988056,249.08739848374944,4117068
2016-04-20,252.38632202148438,252.8805942501029,249.0988911339857,251.01847912320906,3821352
2016-04-21,250.84608459472656,254.06456519386506,250.35181231870268,251.7311611469049,8191728
2016-04-22,251.07595825195312,253.0760026857713,249.47819580156116,250.4667402834705,7809320
2016-04-25,251.328857421875,252.88062489280816,249.3173069965913,252.88062489280816,5561960
2016-04-26,256.0646057128906,256.32898651335904,251.15642848954684,251.7311571588593,7053796
2016-04-27,258.4439697265625,258.62789412088415,254.94963073783157,255.1450328674717,5763636
2016-04-28,256.0876159667969,261.3176474032323,255.2600122092209,258.4440037568392,8089584
2016-04-29,260.3175354003906,261.1566446688201,254.30586934934811,256.0530665351418,5611940
2016-05-02,256.938232421875,259.7773867440589,256.5589058463449,259.2601308854977,3862716
2016-05-03,257.0186767578125,260.92683195001536,255.90370868321023,257.91525914978524,4695296
2016-05-04,259.16815185546875,260.8118815341348,256.15657910921965,256.9037264119838,5292328
2016-05-05,260.30609130859375,260.8693141169896,258.0991110124562,259.31754688166046,5214248
2016-05-06,257.3979797363281,260.2946065302628,256.84623461774,260.2371336650541,2733152
2016-05-09,262.3981018066406,263.21419960134745,257.248527808962,257.47841925472517,6953180
2016-05-10,263.2027893066406,263.8005016061911,261.1797328403937,262.8809355875203,5453000
2016-05-11,261.8003845214844,263.2257002320708,259.7083499557668,260.8578071620204,6147372
2016-05-12,264.16827392578125,264.83496477956436,260.35208126116027,262.99583307970624,4221688
2016-05-13,262.28314208984375,263.91536565509193,259.77731985213757,263.91536565509193,5045316
2016-05-16,267.3177795410156,268.0304373974539,260.3635634320077,263.22570065500986,4518768
2016-05-17,265.16827392578125,268.80056995339856,264.6740297732526,267.8350371171561,4295424
2016-05-18,262.2256774902344,264.6050482892873,260.12216519489886,264.6050482892873,4162644
2016-05-19,261.9153747558594,262.6969833386138,260.2371557243399,262.09927110236197,3855796
2016-05-20,262.28314208984375,264.0303113718407,260.60492340014457,262.0647283902697,2016632
2016-05-23,261.3290710449219,264.3636265563223,260.51294528075385,262.5244952008269,3463532
2016-05-24,262.0647277832031,262.9153429229248,261.0532279284927,261.70841289985896,3259468
2016-05-25,269.731689453125,270.3408794354994,263.52461938395703,263.52461938395703,5767348
2016-05-26,272.01904296875,273.31793520104526,268.1108885377601,270.37531358077916,13705560
2016-05-27,272.83514404296875,273.5707853498351,270.5132182884054,272.0190182900776,5775184
2016-05-30,271.21441650390625,274.7202608367603,270.83509002907925,272.88112938345984,3814532
2016-05-31,271.70867919921875,272.62824489373315,270.6741677928901,272.62824489373315,5515640
2016-06-01,270.1569519042969,271.9500884351139,269.2028967430501,271.9500884351139,5675632
2016-06-02,270.1109619140625,271.409854286285,269.20290186479434,270.05348904859176,7910616
2016-06-03,269.3752746582031,272.4213360102161,268.754579041828,271.2948624259447,4524420
2016-06-06,269.22589111328125,271.8236759128697,268.98452191093423,270.3523649130034,5547308
2016-06-07,269.8235778808594,271.2719052101155,268.43275147579715,270.57072507741265,5628504
2016-06-08,267.27178955078125,270.8121234323451,266.90396884970517,270.3063734762306,4742812
2016-06-09,266.5361328125,267.63959485223654,264.94987631352717,267.2487906416272,4648184
2016-06-10,266.9844665527344,269.5937292563989,265.8005198098688,266.3062979071611,6322312
2016-06-13,265.0419006347656,267.81207621180533,264.61660699694653,265.4671942725847,3323236
2016-06-14,264.8004455566406,265.9843920673636,263.05327625158236,265.5246091942999,3828768
2016-06-15,268.8695068359375,269.1798546234437,265.1107598734111,265.52457563202995,3045824
2016-06-16,267.1684265136719,268.70868842022804,265.60515300555295,268.1799547799295,4727768
2016-06-17,268.9730529785156,270.8121849646935,267.950047036375,268.2833784836989,3761652
2016-06-20,269.4442443847656,271.0994513488818,266.3981831336546,266.4441501915235,2742764
2016-06-21,268.2028503417969,270.2258781477833,266.94992517354825,270.1224382263963,2670968
2016-06-22,269.3178405761719,270.12246067178995,268.053437568772,268.053437568772,3803840
2016-06-23,273.59381103515625,273.9961210756012,268.39826983970846,268.92703140374755,3926732
2016-06-24,267.11090087890625,269.40981554683225,263.68551241111186,266.63961214681217,11173964
2016-06-27,266.66253662109375,268.74306515994533,265.0763083018776,267.1338252488079,4163788
2016-06-28,268.2718200683594,269.68565811802773,264.37517116205254,266.96145001037695,4034980
2016-06-29,270.78662109375,271.0647437589296,268.7933049180397,270.02174132462847,5420668
2016-06-30,272.67559814453125,273.4984225126117,269.36118508494854,271.41241759514264,16278892
2016-07-01,272.2236633300781,274.6573359268987,271.5978731224833,273.498444214127,4304876
2016-07-04,271.8296203613281,273.38252376145164,271.505125060231,273.08120063330756,7249852
2016-07-05,270.1607666015625,272.1772546813753,269.32637042413046,271.8295872496746,2136328
2016-07-07,274.8080139160156,275.52652116218263,269.0714995952888,270.69394809003984,4832616
2016-07-08,272.30474853515625,274.7963654288733,271.470352257306,274.68047627102595,3118868
2016-07-11,278.0760498046875,278.57437886994785,273.74180637612693,274.8890977856715,5102532
2016-07-12,278.63232421875,280.4286062707741,277.10259290406395,280.4286062707741,7046032
2016-07-13,277.61248779296875,278.5859454372461,276.58108556764506,278.0876446748496,6687072
2016-07-14,278.2150573730469,278.6322696012944,276.326058700936,278.36571891620554,3459668
2016-07-15,283.6270751953125,284.1601765665292,276.99822192263844,279.0147099721015,5774216
2016-07-18,284.4963073730469,287.0574693046532,283.3837883355456,283.9284617668148,4438484
2016-07-19,282.38714599609375,285.26120318387757,281.3441434250375,284.85559107291124,2586004
2016-07-20,285.59722900390625,287.0574437086631,283.17515692455316,283.46487981888976,4690332
2016-07-21,284.7628173828125,287.3819235237886,283.3489753932833,285.2495461604209,9112904
2016-07-22,285.27276611328125,286.1651069820639,283.11721643101254,285.86378385030525,5620272
2016-07-25,289.01593017578125,289.59537590635,284.39196456314204,285.782634316507,9872884
2016-07-26,287.12701416015625,288.7146901042448,286.2810175744983,287.96141051170423,5665992
2016-07-27,286.69818115234375,289.1550539750517,285.0873331481974,287.6368946641569,10734736
2016-07-28,289.3636169433594,290.0126075222478,286.3736994084996,286.9415449450891,10646528
2016-07-29,288.84210205078125,289.72287089560353,286.24619644485625,289.25931430217054,3395676
2016-08-01,287.938232421875,291.7973190051675,284.54267420813943,289.49113592498793,5560864
2016-08-02,288.16998291015625,291.2178450390449,287.49782015537545,289.0275513361952,5329396
2016-08-03,287.5093994140625,289.71129340571713,285.319105655454,287.66006097740495,4733876
2016-08-04,287.6369323730469,288.9580576508505,285.92176692425835,288.93488547449977,4662880
2016-08-05,289.549072265625,291.0324592030428,287.8107348295696,289.1202880233818,5784912
2016-08-08,289.6302185058594,290.88182724588717,288.45975482237696,290.39509837289177,4728776
2016-08-09,289.07391357421875,290.39506699330815,286.8720195023222,290.39506699330815,4210856
2016-08-10,284.3688049316406,289.9430561295561,282.71158441049016,288.56398654729264,3619720
2016-08-11,284.6817321777344,286.24623589619534,283.23311762360385,284.34566491847727,2856072
2016-08-12,284.7860412597656,286.2462561509551,282.6305196266467,285.3307430052642,4641496
2016-08-16,284.4615478515625,287.0458535249187,281.3325404831827,285.78267297868854,3468568
2016-08-17,286.2230529785156,286.82567095176387,284.16022027221214,285.8753854985741,5511036
2016-08-18,290.30242919921875,290.85870298567767,286.14201847730044,286.9416425937188,6111656
2016-08-19,289.0507507324219,289.7229135505097,287.7411975045229,289.7229135505097,4110636
2016-08-22,289.7924499511719,290.75430736162355,287.6369002196543,288.575613749598,5501292
2016-08-23,290.0589599609375,290.6500059793923,288.80737969897655,289.95467103685786,5314524
2016-08-24,292.4578552246094,293.0141004814181,289.0391254753362,290.1980169157678,5570936
2016-08-25,291.70465087890625,293.61682224784926,290.7195929009659,292.9678315568453,8729888
2016-08-26,291.3685607910156,292.4811081984925,290.62688138153493,292.0407236708139,2521136
2016-08-29,286.9647521972656,290.99770090307976,286.5243677001315,290.99770090307976,2944184
2016-08-30,294.04559326171875,294.47437752705457,288.32065135470117,288.5872021012356,9867608
2016-08-31,299.2720947265625,300.1528634811028,293.3154044288306,294.1266283841849,11161364
2016-09-01,297.5338439941406,298.9940588546862,295.61010074645463,298.53050217429137,5224676
2016-09-02,297.85833740234375,298.7622785819174,296.94282428178775,297.95105439647386,3955188
2016-09-06,301.4045715332031,302.2157957569504,299.0056712730588,299.0056712730588,5508884
2016-09-07,298.24078369140625,302.47073846301544,297.3947870784334,301.5436250884162,4016444
2016-09-08,298.85498046875,300.2108780229419,297.5106548549555,298.9940418062884,2905380
2016-09-09,299.0867614746094,300.037046965095,296.2822493516627,298.9940444843357,4013768
2016-09-12,296.653076171875,297.69607860746333,294.70613263345973,295.4478119370218,3985728
2016-09-14,294.2309875488281,295.9809252448282,293.2923022951467,295.5173685882192,3849508
2016-09-15,296.58355712890625,297.5802153045907,294.3237183221083,294.82204740995047,3501812
2016-09-16,300.8135070800781,302.3548386698554,297.55703844214656,297.55703844214656,6525816
2016-09-19,299.0287780761719,301.8912344098147,298.5304490747342,300.6164537654738,5894832
2016-09-20,298.634765625,300.1529249410373,297.61496364976335,299.60825154670596,3778248
2016-09-21,299.6893615722656,300.8482531483378,298.5072978233223,299.45758325705117,4256400
2016-09-22,302.9111022949219,305.2404575136251,301.43931557187506,302.4707178134012,6555800
2016-09-23,304.25543212890625,305.58815765630453,301.65952589718944,302.71412871878084,4876808
2016-09-26,300.41949462890625,303.3746684007465,299.8516207320905,302.72567774531535,5576772
2016-09-27,300.8598937988281,302.737292745624,300.1181861145503,301.0800719105599,4056812
2016-09-28,300.2108459472656,301.31179288279895,298.76223155840603,301.28862071122717,4989652
2016-09-29,296.0967712402344,302.70245263385215,293.88327721033664,300.83662604572373,16450012
2016-09-30,295.01904296875,296.9080420251406,293.75586238204113,296.0041008755469,4138428
2016-10-03,298.3450622558594,298.97088073790826,295.84187320742535,296.90804789249466,3900548
2016-10-04,298.8897705078125,300.1529511470756,297.2093775380702,298.66956410823843,2775512
2016-10-05,298.0901184082031,301.32344323792506,295.84187982001663,300.8482863220407,3647020
2016-10-06,297.1282653808594,300.29204573971754,296.4561307531505,298.32192962603574,2895712
2016-10-07,296.81536865234375,298.47258962125886,295.8071384229327,297.60342075223946,3337464
2016-10-10,297.6844787597656,298.5073031106518,296.38652583022497,297.8351403259739,4719312
2016-10-13,292.67803955078125,296.4444368128681,291.2178249872573,296.4444368128681,4519356
2016-10-14,292.4578552246094,293.8948692934453,290.6499732602369,293.3733681452511,4067116
2016-10-17,286.8720397949219,293.5240951217841,285.7247483304465,293.31548895735557,5135360
2016-10-18,291.5423278808594,292.0406568826026,287.17331260122586,288.14677014020145,2610968
2016-10-19,291.6582946777344,292.7360697141934,289.2593943019108,292.2956851699862,3044904
2016-10-20,290.9976806640625,293.76742026984857,289.95467822440634,292.09862768369953,3200356
2016-10-21,294.5207214355469,295.04222269366755,289.7229211781385,291.1135911997936,3956408
2016-10-24,292.8635559082031,295.946191097228,292.28411001253045,294.76412712870695,3255664
2016-10-25,289.7924499511719,293.89491497060567,288.3438354254887,293.89491497060567,5501796
2016-10-26,287.242919921875,293.1996121881583,286.2578619362626,288.1816052616229,5366540
2016-10-27,290.20965576171875,291.3453752938301,283.73146243346565,287.17336514642443,11623860
2016-10-28,291.82049560546875,292.4810581372965,287.4282796086208,290.76589296652804,5320536
2016-11-01,291.9943542480469,292.93303951758577,289.039180512242,291.1135852683095,3402416
2016-11-02,288.8305969238281,291.04406319353734,287.7528219361371,289.9778884406651,6474432
2016-11-03,290.8702087402344,292.0407006434481,285.4929627123549,288.56402563578797,6315812
2016-11-04,288.2626647949219,290.37186999173235,287.8107084203196,290.37186999173235,5734920
2016-11-07,289.5954284667969,290.8470371306372,287.4051345250166,290.186474536549,5671392
2016-11-08,290.7195739746094,291.5771424881555,287.42830467486414,289.9778663341405,5348164
2016-11-09,290.01263427734375,291.438076659915,277.05622002240665,278.1339949113387,13645468
2016-11-10,296.3401794433594,297.37158163993064,290.67318259905585,292.90984902374305,10700736
2016-11-11,295.7028503417969,297.139864892147,293.3386940351872,295.28563796614293,7139320
2016-11-15,290.8238830566406,298.7622915003067,289.873597485539,296.09684049002465,12512524
2016-11-16,288.4133605957031,293.8949237839198,287.4167307480977,293.8949237839198,8647744
2016-11-17,285.1336669921875,289.46793838562087,283.9632034971066,287.0110939466605,4815624
2016-11-18,280.7762451171875,286.4779857774082,280.2663158688181,286.4779857774082,6879900
2016-11-21,277.83270263671875,282.6537037348201,275.43380232271284,282.6537037348201,5552520
2016-11-22,277.68206787109375,279.710128465264,275.66557921865086,279.710128465264,10017784
2016-11-23,274.5993957519531,278.82935057151263,273.7533991293902,278.82935057151263,3532692
2016-11-24,270.1376647949219,274.9586657542098,269.07149005198,274.42556423611114,15285996
2016-11-25,275.6539611816406,276.55787397499796,268.3992886091868,270.9488500726592,5969960
2016-11-28,274.52978515625,277.878998433472,273.0579986686655,273.5563276524181,4130180
2016-11-29,273.20867919921875,276.49991983918596,272.68717800880665,274.58774880767504,3932644
2016-11-30,278.041259765625,278.59753337777494,273.753360957398,274.6573020404853,6442840
2016-12-01,277.49664306640625,279.96508827290245,276.5115850308813,278.66713510827395,4476984
2016-12-02,275.6076354980469,278.58598169278355,272.7335782454649,275.5844633212632,4062672
2016-12-05,277.28802490234375,277.89064295703616,272.68723028796796,275.2599643285913,4551936
2016-12-06,276.8476257324219,278.794569438892,275.862567791561,276.975115136188,2702964
2016-12-07,273.8692932128906,279.5015184457129,270.48533495522105,278.5628048091573,5628192
2016-12-08,278.0180969238281,279.42036708763936,275.12086790211254,275.12086790211254,4309696
2016-12-09,277.739990234375,278.667103574664,275.35266206582935,277.9253959264805,4387952
2016-12-12,274.52978515625,276.3144949709396,273.75333354090213,276.27972256867815,3425272
2016-12-13,274.947021484375,275.89730690103437,273.1623398065818,273.5563516180684,2526868
2016-12-14,272.50177001953125,275.35265478281616,271.968696838917,275.1208764538744,4314144
2016-12-15,272.71038818359375,276.8592261130046,269.69726977466195,269.83633111950024,4941488
2016-12-16,274.03155517578125,274.65734540497135,271.53993790733955,272.71040160167735,3255828
2016-12-19,272.7451477050781,273.38253810761813,271.2965331538508,272.7567479387891,3160436
2016-12-20,273.93878173828125,274.6572888183121,271.5746260737686,272.57128409310974,4189992
2016-12-21,273.49847412109375,274.6573659605899,272.3395822815976,274.42558759269065,2658876
2016-12-22,271.89923095703125,273.38261835154606,270.8098838120617,272.6641109818899,2805716
2016-12-23,274.947021484375,275.64235641752833,271.0183904293591,271.41240224084567,4752516
2016-12-26,272.33953857421875,274.91227238635435,271.20381909513094,273.1623629655102,4183864
2016-12-27,274.7036437988281,275.0976839047968,272.0845658517174,273.33617439395437,4899296
2016-12-28,275.06292724609375,276.9634981941544,273.73020187709017,275.7930346286332,6507840
2016-12-29,279.3392028808594,279.9765932219189,273.8344681171635,274.65729242019495,8100816
2016-12-30,279.5710144042969,280.91534005519577,278.12239982067894,278.1340000546493,4066540
2017-01-02,277.4618225097656,280.4749406838442,276.29135896424793,280.32427911648983,3708656
2017-01-03,275.7930603027344,278.5859724035618,274.83117450560707,278.3194499395521,3847500
2017-01-04,274.7732238769531,276.2797830968605,274.3792120136638,275.78145400393254,6967120
2017-01-05,274.9354553222656,276.8592268596891,274.216948127618,275.5844459909338,6776384
2017-01-06,276.6622009277344,277.7631479620645,275.39899209134103,275.8393765637236,5525260
2017-01-09,277.02142333984375,279.09585617939973,276.3145164740067,277.8674198255509,4573796
2017-01-10,281.4599914550781,282.0278653033711,277.044631525675,277.2532093747914,5546116
2017-01-11,286.0144348144531,286.96472022771485,281.7265360753385,282.19009269578333,9343404
2017-01-12,286.2461853027344,288.26264508837755,284.0442915696364,286.2461853027344,2916316
2017-01-13,285.66680908203125,287.33560184212536,284.7628678814574,287.1733683185693,3850412
2017-01-16,289.1781921386719,289.59537608899535,285.7362901555724,285.8985236429346,3765864
2017-01-17,287.0574645996094,290.279189077747,286.5359633518507,289.0275804244755,3559612
2017-01-18,288.0077209472656,291.11355594481745,287.60210890673744,287.61370913948133,4612888
2017-01-19,286.547607421875,288.54089572625776,286.2462842264388,288.54089572625776,3512412
2017-01-20,286.55908203125,288.56396989034255,285.0872955543143,286.4779652887256,13942068
2017-01-23,288.4828796386719,289.7228879404067,286.4316472507039,286.4779915954741,4793848
2017-01-24,293.7906188964844,294.7061319371481,289.54906435114606,289.72289809000006,10261864
2017-01-25,299.13311767578125,300.29200936698857,294.3816617418313,294.9611075874349,15636984
2017-01-27,299.4344482421875,301.31184716974803,298.5305070420273,301.0800688257713,6852236
2017-01-30,297.8235778808594,299.6778046706841,296.80377578106015,299.6778046706841,5319628
2017-01-31,298.21759033203125,299.61983223555256,295.9809238160394,297.23253244149237,6101040
2017-02-01,302.6329650878906,303.62962326016844,296.7921622783555,298.1132874897431,10910664
2017-02-02,301.0105285644531,302.6329769968642,299.5966863034317,302.6329769968642,5971636
2017-02-03,303.8729553222656,305.0202466042751,300.5005696979047,301.0800154551317,8005104
2017-02-06,304.57989501953125,305.94739281272354,303.9656767919763,304.1627110052838,4310220
2017-02-07,302.9690246582031,305.48381367204286,301.99553877677266,305.0202570503857,3411920
2017-02-08,302.6213684082031,305.6460585006713,300.88303101255985,303.0617528737498,4940960
2017-02-09,300.7671203613281,305.92418759990136,299.58505667540624,303.4905154199005,4465376
2017-02-10,302.146240234375,303.3399043514097,300.848287180997,300.92940394184785,3296736
2017-02-13,303.67596435546875,304.78851168500455,301.1264026607653,303.0617743999842,2795792
2017-02-14,303.88458251953125,304.5567453787899,302.23896192841863,304.5567453787899,2446060
2017-02-15,306.4573059082031,306.8745182321648,303.03857543696114,304.0931781877645,6126940
2017-02-16,307.7784423828125,308.9605061776549,306.00533254392263,306.642722935512,5043700
2017-02-17,319.1703186035156,337.00564743049114,315.3227761977014,334.9196427352543,402259960
2017-02-20,326.5988464355469,328.07063320525333,315.0215299108889,315.496658522044,10566716
2017-02-21,328.0938415527344,329.5424561823635,323.8870590096406,325.8919473156982,6260028
2017-02-22,324.2926330566406,328.8470825764712,323.295974991092,327.96631366769566,5296776
2017-02-23,323.1685485839844,329.43813566244177,321.48815563039943,325.3704427990267,34494980
2017-02-27,323.0063171386719,324.1072643496989,319.5296417354286,322.3805268833908,4681376
2017-02-28,322.195068359375,323.62051082488216,320.89711529958777,322.844059035896,2928008
2017-03-01,322.5543518066406,323.678471164206,321.3375154488804,323.6668709292106,3481736
2017-03-02,319.87725830078125,323.56253929959183,318.98491741480177,323.22647204813603,4601988
2017-03-03,319.1587829589844,320.8971205568002,317.30455618798084,320.8971205568002,2492824
2017-03-06,320.0279235839844,322.14870092526644,318.2548137316583,319.1124105137014,3679124
2017-03-07,321.2911376953125,321.5924608678423,318.9733541935623,320.3756245294234,3112876
2017-03-08,322.6817932128906,324.30424159078984,320.0974873598403,321.6851633281337,3782144
2017-03-09,323.14532470703125,324.1883271543914,320.236523746456,320.236523746456,3509316
2017-03-10,324.5128173828125,326.3438717537174,322.90196938996525,323.33075361962767,5860704
2017-03-14,326.96966552734375,330.0871009151192,326.03098030493896,329.6119440406259,7155020
2017-03-15,328.3371887207031,329.12524073039856,326.9349467484733,327.02763544928695,4271860
2017-03-16,328.510986328125,329.7857670498432,327.65341788717865,328.68482006290475,4980108
2017-03-17,330.48114013671875,330.86358005602983,327.4680217193959,328.78917523217467,3390464
2017-03-20,332.8567810058594,333.72594955261235,330.5042258139987,330.66648758534075,8142344
2017-03-21,333.98095703125,334.9196705393357,332.37010903349994,332.37010903349994,5557280
2017-03-22,331.6515808105469,333.0654228061191,330.46951711894553,330.90987326189014,5636544
2017-03-23,331.6515808105469,332.6018661981774,329.79735437878,332.4628048744449,4922472
2017-03-24,330.1334533691406,332.4744088058534,329.58877996104826,332.13834155005776,3810364
2017-03-27,326.7726745605469,330.05234360544546,325.428377215634,330.05234360544546,5864084
2017-03-28,329.1716003417969,330.21460291359375,327.52597972050177,328.73124411275376,8061400
2017-03-29,331.1185302734375,332.5555729548213,329.1252422116516,329.3106762006219,8575772
2017-03-30,339.8333740234375,343.02032604119444,330.2957184376256,330.97945318958864,34321092
2017-03-31,334.3518371582031,337.0056876868542,332.9611671952587,336.95934333872384,9651392
2017-04-03,332.1846618652344,336.10172095451867,330.5158693540988,335.15143554419836,4149052
2017-04-05,331.9877014160156,335.2673706032081,330.87518235401785,332.6598642642616,5744080
2017-04-06,333.41314697265625,334.45614951793044,330.29573957130526,331.79069856889635,6124416
2017-04-07,333.4942626953125,334.91970516139776,331.11853468292196,331.6864085984218,4648360
2017-04-10,332.4049072265625,334.4561398476426,332.0572397215234,334.4561398476426,3393876
2017-04-11,333.64483642578125,334.03884818727624,331.7906101726335,332.37005587674213,4356260
2017-04-12,334.61834716796875,336.06696165888303,332.71777627318994,333.5290003881019,3565092
2017-04-13,333.8303527832031,335.82364083878315,333.07707318189495,334.4561429808344,4804236
2017-04-17,333.01910400390625,334.6415522561378,331.03738803566546,333.830328130022,7137056
2017-04-18,335.4527893066406,337.237471135555,333.2972395140399,333.7607961753946,3638860
2017-04-19,335.8467712402344,337.64305314300304,333.29720982985305,335.38321462016506,4338144
2017-04-20,338.8946838378906,339.7986249647893,336.76230627017424,336.77390650373485,5781372
2017-04-21,346.8794250488281,347.4356986706603,336.8434408557067,339.78701417690996,17258032
2017-04-24,355.3277893066406,356.70685908847906,346.97216897690265,347.22711948784075,20206952
2017-04-25,356.2548828125,358.213398325253,354.528117329578,355.7913261663334,9057780
2017-04-26,359.4070739746094,359.95174739282487,340.3548782248711,357.62236385318107,7795852
2017-04-27,363.5675354003906,364.807543986713,358.3525222205943,358.3525222205943,16180420
2017-04-28,358.4451904296875,361.5510257370662,356.26646845028733,361.5510257370662,5437728
2017-05-02,357.0776672363281,359.4649952035172,354.70193950221574,358.5610541143266,4007040
2017-05-03,357.935302734375,360.2414859062268,356.78798297236096,360.2414859062268,2507964
2017-05-04,355.7333984375,357.6107972847612,352.90568578597674,356.76480070677974,5131028
2017-05-05,355.1307373046875,357.6107823515535,353.7632678254207,357.4253483747449,2757896
2017-05-08,355.7333984375,356.93863445732717,354.284783849605,356.4750777892007,3747252
2017-05-09,355.95355224609375,358.2365630221652,355.2350451181819,355.73337416106085,3345836
2017-05-10,359.6736145019531,360.4152938214551,356.2548842229393,356.93861896144114,2342244
2017-05-11,358.4220275878906,361.5742073264447,357.170418903879,359.48820228417674,3875744
2017-05-12,359.63885498046875,360.85569122507263,356.0578627703968,358.3061295697122,6147604
2017-05-15,360.0444641113281,360.925204790919,357.46013006865064,359.2564121292971,2804780
2017-05-16,361.4930725097656,362.03774591827766,358.85079392956044,360.4152976331125,3590376
2017-05-17,360.9136047363281,362.82577581322556,359.6040516128936,361.2960446103578,3472472
2017-05-18,360.90203857421875,361.9218689034909,358.8160335661295,359.0246397255891,3107280
2017-05-19,361.8639221191406,363.86881035670604,358.1554687939805,361.4583100367012,2854136
2017-05-22,365.2826843261719,366.20979773816725,362.29273791383565,362.75629461983334,2860052
2017-05-23,363.683349609375,367.03256324814083,362.73306417338574,366.2097389098719,3080172
2017-05-24,363.1386413574219,365.1551011936629,362.0376944632475,363.6717427497953,3467388
2017-05-25,374.8203430175781,377.65962764339935,363.21982594334963,363.21982594334963,20090804
2017-05-26,376.8715515136719,378.26222144545665,371.10026563811465,372.38664664231646,5443156
2017-05-29,378.2390441894531,381.9706694642827,374.9362031458451,375.4345321900223,5916340
2017-05-30,377.57843017578125,378.60983223678244,374.5884846114968,377.79860823137767,4434184
2017-05-31,379.2356872558594,380.8117911964935,376.2109970649734,376.63978131120024,5318912
2017-06-01,377.4741516113281,380.081657609908,375.60835318385034,379.884651704221,3359540
2017-06-02,378.78375244140625,381.5303201139046,376.91792548564445,378.7258078563609,3213544
2017-06-05,379.08502197265625,379.8730455831895,376.6397495123681,378.6562094693803,2899900
2017-06-06,379.87310791015625,380.9972555200513,377.7987030359419,378.957594763046,5002632
2017-06-07,380.3018798828125,381.2521653389345,377.87977945579496,380.2091628958916,2554276
2017-06-08,381.21734619140625,384.6129038316362,380.49883914405603,381.0203403016366,4248768
2017-06-09,386.3281555175781,387.0698349018845,380.13965675008006,380.13965675008006,5305272
2017-06-12,386.7800598144531,388.46045258368446,384.7519995757257,385.67911282771536,3971412
2017-06-13,388.6227111816406,392.14575874266063,384.983802749891,385.15763649586484,5051620
2017-06-14,387.347900390625,389.3759606033131,386.37444280583503,388.228669286007,3858360
2017-06-15,385.76025390625,388.3677600919112,383.268636884396,386.6062504606929,3526692
2017-06-16,386.8959655761719,388.15914611892197,384.31163161668314,385.910907703655,3755104
2017-06-19,392.3775329589844,393.09604010949624,386.698963983346,387.3015819710897,3825532
2017-06-20,390.90570068359375,392.63243769025644,389.3527691075705,391.70532449618264,3660264
2017-06-21,393.72186279296875,394.31290888920825,389.29490206820526,389.9902371022494,3410932
2017-06-22,393.5596008300781,397.7316107328705,391.9834968828332,392.8526656125816,6675460
2017-06-23,389.07464599609375,394.66049732498294,388.2749938912226,394.4866636013043,5217468
2017-06-27,386.525146484375,392.86427829556715,383.88286780355935,391.4736082839014,6000432
2017-06-28,386.2469787597656,388.22869475777054,384.24211888114104,385.91091150548533,4449036
2017-06-29,388.0201721191406,392.4182182130937,385.2320001819597,388.9417683962058,9187708
2017-06-30,385.4537658691406,387.30863619818945,383.34222245399116,385.8620731663375,4330432
2017-07-03,386.98193359375,389.05847327027374,384.3337751690905,385.5820230452513,3504332
2017-07-04,385.7569885253906,388.8717836111036,385.442014367285,387.3668912550151,3766080
2017-07-05,384.68377685546875,387.1919500783323,383.8088327079582,385.69870637033,4014200
2017-07-06,386.8769836425781,388.00857239980814,385.29040683076227,385.57040605233556,4571676
2017-07-07,388.9884948730469,389.54846482975694,386.84197660045595,387.5069284635,5517396
2017-07-10,391.12335205078125,407.8406235820754,387.5535970910179,389.1751488185937,1309252
2017-07-11,392.0682678222656,394.49478501941485,388.9651215295769,391.4033160399042,4410280
2017-07-12,392.26666259765625,393.1416068264986,386.9703449249002,391.97501452137544,5738892
2017-07-13,392.8032531738281,395.07810786027517,391.89330560299857,393.8415087920641,4481004
2017-07-14,391.9632568359375,393.38652194136114,390.10838684362545,392.88488165676523,2443252
2017-07-17,392.5232849121094,393.75988407780056,391.2750369127831,392.5699656904172,2399340
2017-07-18,392.8032531738281,393.80650533140647,391.35666182292505,391.9049544357154,2322188
2017-07-19,394.8448181152344,395.7547372709133,392.4066232623419,393.1415820645297,3987244
2017-07-20,399.18450927734375,400.14110914815274,393.87651497231724,395.21809595051076,3698476
2017-07-21,397.35296630859375,400.1994397814669,396.64133369974854,399.9311178888898,3873508
2017-07-24,404.830810546875,405.97407657370695,395.4747470071456,398.9745235293327,19678176
2017-07-25,405.89239501953125,410.4071007499502,404.35249914389453,410.4071007499502,11160468
2017-07-26,407.73565673828125,409.47386774732763,404.224202776208,406.4407279862363,3895344
2017-07-27,417.5583190917969,419.69318834660316,408.6688929212744,409.7071485053387,17961712
2017-07-28,414.9568176269531,416.8233650213954,410.89707134779053,413.44024786896875,9255396
2017-07-31,416.3333740234375,417.87326982402624,412.1686461259642,414.7351486206958,7369140
2017-08-01,419.3198547363281,422.1080269554155,413.4868942126131,415.7384226710176,8516860
2017-08-02,418.02496337890625,421.60639551952596,415.7851121869513,421.60639551952596,7397916
2017-08-03,415.29510498046875,418.1066032980485,414.00020485476455,417.17332962997256,4256784
2017-08-04,417.6983337402344,419.21490358763646,412.0753650791946,414.6068644359148,3545068
2017-08-07,417.3017272949219,419.14492027443515,416.4734354006422,416.70675385184705,1918660
2017-08-08,414.8168029785156,419.33150847379017,412.06363437361256,418.1299129772117,4035372
2017-08-09,411.6786804199219,414.61851533722404,410.2554437346622,413.20692748437256,3270056
2017-08-10,410.7454528808594,412.04038166761734,408.9722383615535,410.64047097112484,7788444
2017-08-11,408.0855712890625,410.17375963989383,403.90916610614903,407.1406203479037,6359836
2017-08-14,409.9870910644531,414.1284927652333,407.84057312471805,409.0071651531068,3577084
2017-08-16,415.59844970703125,417.59333365812637,407.9689485070162,411.18872572336284,4426832
2017-08-17,411.90032958984375,415.5284138019569,409.1821643980908,414.43182865979117,5454868
2017-08-18,408.8089294433594,410.87379203758667,406.6740599213592,410.6404735866851,3707464
2017-08-21,406.7207336425781,410.4071767535038,405.55414132662156,409.2405844375473,4009724
2017-08-22,407.6072998046875,409.240528825084,405.2274631960397,408.6105804525755,6609556
2017-08-23,413.54522705078125,414.8284783760305,408.30723985203764,408.30723985203764,3360524
2017-08-24,411.22369384765625,414.1284966329734,410.4420828775861,414.1168478013311,7878276
2017-08-28,411.1653747558594,413.2419143351156,410.2554272457076,411.2003782141829,1507784
2017-08-29,407.408935546875,410.4070713325025,405.5073848640644,410.4070713325025,4918596
2017-08-30,412.6352844238281,412.97358472502896,408.3188938490185,408.762176041971,2694320
2017-08-31,414.478515625,415.2718039871628,409.80049816918256,413.4402599988813,7303436
2017-09-01,412.4136657714844,415.6451204451294,410.8970959227967,415.54013854041443,2295172
2017-09-04,408.5172424316406,411.8070265794524,407.397302581586,411.8070265794524,3642524
2017-09-05,409.55548095703125,411.7836832502294,408.5405515309746,409.94046204450166,3682436
2017-09-06,410.6170959472656,411.2937250662833,405.5074168170147,406.84899774146686,5751632
2017-09-07,412.1686706542969,414.54850717126357,410.6637497404406,410.6637497404406,6946420
2017-09-08,417.0916442871094,417.63993683195156,413.2068872231208,413.76685708048626,8311664
2017-09-11,425.421142578125,426.73939736958505,417.68663112856564,418.3399341080733,11477676
2017-09-12,428.1859436035156,429.28255724222385,424.2428851769692,426.436055491882,6687680
2017-09-13,429.7375183105469,431.4057506792454,425.57279028607013,428.1392928590672,4995376
2017-09-14,429.16595458984375,432.2224205313583,427.3227331731081,429.340943424067,8154016
2017-09-15,431.3940734863281,432.0590537563372,427.77763804155035,428.37261139432104,3767332
2017-09-18,434.0772705078125,435.0105442467473,432.22240034418127,432.46739609315335,4084928
2017-09-19,431.5691223144531,435.83886130972206,431.06751043574485,435.1155798164335,4241468
2017-09-20,431.3707580566406,434.3105644723983,430.5308174351745,431.1724430945414,3446128
2017-09-21,429.0959167480469,431.2891156752129,427.1360362497016,431.1724564608025,7712496
2017-09-22,425.5960998535156,429.0608724958511,424.6395000825469,428.09262389330087,8243524
2017-09-25,419.914794921875,425.2111112664087,418.24656264766054,425.2111112664087,10149228
2017-09-26,418.1766052246094,419.17985731706574,416.4733694081984,417.41832037834797,11438732
2017-09-27,414.4902038574219,421.2797646865022,412.97363401499393,419.0399133847057,7337220
2017-09-28,418.8765869140625,419.73985370873305,411.4103971871701,413.90689298459836,27646464
2017-09-29,421.3030700683594,425.10617180134466,419.0982223370831,419.9964925801492,6213632
2017-10-03,422.03802490234375,424.87284944580273,419.29653342459073,421.8397099385015,4394424
2017-10-04,419.2732238769531,422.7496742230462,418.4216059007074,421.8164004915449,6625104
2017-10-05,419.646484375,421.1397278875829,418.3632331265891,418.80654379956303,3336196
2017-10-06,419.9964599609375,421.01138933807704,418.5732233703654,419.50649700106857,3030660
2017-10-09,418.9232177734375,420.6731059011461,417.7566256882984,419.6931799421301,3062492
2017-10-10,420.60308837890625,423.46123891543465,418.25825543564804,419.73982165016963,3798180
2017-10-11,417.6750183105469,423.5313055599254,417.0800448857198,420.73148423133756,5267440
2017-10-12,424.3595275878906,424.97779857786134,417.1733093013844,418.829864285246,5381560
2017-10-13,431.8258056640625,433.16738677334575,425.1062228024541,426.20280814275696,6433464
2017-10-16,433.30731201171875,437.06373290011624,429.7725322311566,433.9722638164773,3274544
2017-10-17,431.9307556152344,432.5023743922166,429.0959309152157,431.63910756957927,2613288
2017-10-18,435.9554748535156,437.47204460815726,429.07258135168064,429.5392181992627,3926720
2017-10-19,431.26580810546875,435.13888849447693,429.4575902042182,434.39228088259154,570008
2017-10-23,434.74224853515625,436.23546372456025,428.3843212222505,433.9489601650016,4162892
2017-10-24,435.62884521484375,438.5453256585204,432.3390609706274,434.6722453255687,11328872
2017-10-25,418.8299255371094,434.67225329382785,416.4734149916708,433.9722979745141,21367208
2017-10-26,418.8882141113281,422.306334615377,410.13877347703163,412.50696110496494,28571464
2017-10-27,417.8849792480469,421.72305597213847,415.07348081573133,420.99977454611326,7472088
2017-10-30,423.4729309082031,423.7062493274363,418.19994032978394,419.5648473860475,5422352
2017-10-31,421.9563903808594,422.65634568699295,419.7981948536142,422.65634568699295,4682460
2017-11-01,424.91949462890625,425.80611601640027,422.7729765598451,423.4962579647732,4190612
2017-11-02,425.1295166015625,426.92608564777805,423.9279209597358,425.33950889024413,4737944
2017-11-03,427.1360168457031,429.30588952766453,425.0128249361374,425.96942475459537,3810488
2017-11-06,426.6460876464844,429.3059235210724,425.24617702630695,425.80614697062884,6148244
2017-11-07,425.5028076171875,430.4608242339314,424.8145296440704,428.8392725447213,7446376
2017-11-08,426.0278015136719,427.81269330687644,424.4062497200529,425.8528126806372,3283144
2017-11-09,426.4710693359375,428.13930173923734,424.8961699971147,426.2727543747066,3113308
2017-11-10,425.10614013671875,428.0926271569634,422.8546117992395,425.0361332216931,7744360
2017-11-13,423.1346740722656,425.3745254308108,418.8066055582562,425.10620352487064,3335872
2017-11-14,420.5214538574219,424.40621129532565,419.97316125980547,423.6829298805177,4712468
2017-11-15,420.031494140625,420.8247824809962,417.1733434375434,419.50652768495695,6148368
2017-11-16,421.76971435546875,423.70626871622164,418.8532339815961,420.9064475573039,4012972
2017-11-17,425.9344482421875,428.90925806379386,423.041294170414,426.6693784719356,6358772
2017-11-20,428.874267578125,429.2358940472531,426.7393982982609,426.7393982982609,2392424
2017-11-21,430.7641296386719,431.63907370699684,428.3959419974884,428.710916165835,2275532
2017-11-22,432.864013671875,433.9722762051947,430.36751788405616,431.56908500360004,5660796
2017-11-23,429.9708557128906,433.9722724155535,428.8392670428964,433.7389539895236,3232580
2017-11-24,431.9657287597656,433.4589723449685,429.53921149396746,430.0058483342651,5203684
2017-11-27,433.400634765625,434.438890323683,430.61246260739586,431.4057509175563,3870472
2017-11-28,435.2205505371094,436.5388054320194,433.0040253358244,433.03902879841155,5090540
2017-11-29,437.075439453125,437.5887286220567,432.99236680535853,435.13888503339683,3274584
2017-11-30,432.50238037109375,437.22707877602056,429.3059291390279,436.0021569673358,5796312
2017-12-01,431.2190856933594,433.9722543987122,430.2624858826019,432.78233617161135,3858148
2017-12-04,427.9292907714844,432.78232509977295,426.9960171299867,432.78232509977295,3641932
2017-12-05,424.7445373535156,426.6344394787059,421.60641576755944,426.0394660717009,3893360
2017-12-06,420.7431335449219,424.9545140909789,419.739852909779,424.6278625947984,6395120
2017-12-07,422.2247009277344,423.8462526175189,420.69645382458936,421.52474564041665,4231304
2017-12-08,429.3992614746094,432.339068114159,423.23964897953823,423.23964897953823,8956400
2017-12-11,430.7991638183594,432.0474117485997,429.3059201390163,431.1724676178816,3198232
2017-12-12,424.6162109375,431.615763746576,423.6945860622197,431.42909761249933,2410588
2017-12-13,424.9544982910156,430.47248461663384,423.49625816697557,424.6512014339668,2907460
2017-12-14,428.8509216308594,429.30588114500694,422.7729655623655,425.5727865263547,3683092
2017-12-15,437.1103820800781,440.50517647987897,432.92232783814376,433.0389870480166,12450124
2017-12-18,438.39361572265625,443.07166124254644,422.14301122722367,432.80565118742686,12297988
2017-12-19,439.6885986328125,441.8234680475513,437.7403953619189,438.59201336117314,4952112
2017-12-20,435.8738708496094,444.02833933672565,434.82393781789875,443.04841323296495,9343504
2017-12-21,435.9088439941406,439.80525047052896,435.18553405982226,438.6153321469392,6854544
2017-12-22,437.8570251464844,438.6386361689391,434.38057494017147,438.405317745445,4470904
2017-12-26,435.9205017089844,439.29197025597887,433.2023361865386,438.87198567144685,6785696
2017-12-27,433.2139892578125,436.37546533562056,431.9074117630877,436.32878456147665,3489384
2017-12-28,438.1836853027344,438.84863712659455,433.5056394266462,433.7156317081951,8700520
2017-12-29,436.8654479980469,438.45199628402827,435.873844638838,437.8920548191258,6345872
2018-01-01,432.6889953613281,438.8136036806783,431.75572171266526,436.93537907024364,6580516
2018-01-02,436.8537292480469,437.47202874492336,433.63395220523535,433.63395220523535,4776316
2018-01-03,432.25732421875,438.23026935194775,431.91899546192644,437.471984578678,4531288
2018-01-04,433.9489440917969,435.25552157475755,432.3390412640181,432.3390412640181,2373776
2018-01-05,434.81219482421875,435.8504788652752,432.93399866217055,434.67220947072013,2870868
2018-01-08,434.1122741699219,436.4687846655706,433.4473223268743,435.1388809794755,4570308
2018-01-09,434.83551025390625,436.2704241747234,432.80565147506815,434.438880348559,5305528
2018-01-10,434.95220947265625,435.81550475967117,433.34233507711565,435.1855279046191,4615888
2018-01-11,436.90045166015625,437.70538887726343,433.0973497352986,434.9522199214611,4059096
2018-01-12,435.2088623046875,438.2069983198087,433.97226328025886,437.0054027547983,4336708
2018-01-15,442.7800598144531,444.3316331027293,433.9372854358322,436.29379593198075,12576444
2018-01-16,443.3399963378906,445.6381770520921,439.86354622379923,444.109930026245,6445384
2018-01-17,441.0884704589844,443.89996879622515,440.2718559937072,442.60504018021334,2905496
2018-01-18,451.3078308105469,455.90419228809475,447.51640648880607,448.9046396941117,16649540
2018-01-19,455.4842224121094,457.28079139118796,447.7963916245769,451.5061603151383,11455988
2018-01-22,458.0857238769531,463.83702874756364,455.70588733523647,457.30411284971063,8849768
2018-01-23,455.2742614746094,458.8673424928477,453.40771404435424,458.47071255641987,5047796
2018-01-24,456.7558288574219,459.4039873339698,455.1109225382041,455.5659105641331,4790568
2018-01-25,460.792236328125,461.97050582892786,455.08761192895145,455.8809003119793,8723668
2018-01-29,466.55517578125,468.2583831275852,461.50382638368177,461.50382638368177,8235892
2018-01-30,465.5869140625,467.0801576690488,462.93875565220617,466.12355782901454,6397560
2018-01-31,467.966796875,469.78669215067845,463.6037533168106,464.16372328480827,6943348
2018-02-01,464.572021484375,470.13666062982185,463.2071142949265,468.0367946518226,6521420
2018-02-02,454.5043029785156,464.2803509205568,452.9877331790493,463.3704033446263,7346124
2018-02-05,446.53643798828125,451.52945771115276,444.66989068860977,447.5047150962361,7926784
2018-02-06,442.55841064453125,446.10483939787053,428.4426455903622,433.9722810042046,10749804
2018-02-07,436.95880126953125,444.93828080707715,434.532283711511,444.93828080707715,8364972
2018-02-08,438.86029052734375,442.9783665225845,435.48885059857577,439.57192313298515,5171444
2018-02-09,431.5224609375,435.0688898836029,430.26253564727085,431.1491571244242,6408952
2018-02-12,437.8570251464844,440.0385467099038,432.8406790413609,433.9722676990568,4381108
2018-02-14,439.37353515625,442.81498143484436,437.39032882621257,440.9251081577644,3577188
2018-02-15,439.0820007324219,442.08013714585485,437.4720977165736,440.901867570169,4915224
2018-02-16,438.31201171875,442.1034363344179,437.62373371948445,439.5486108320543,3583520
2018-02-19,438.21868896484375,440.41188802887194,433.7506635591105,439.24529581196924,3654552
2018-02-20,434.7189025878906,440.0035709084739,433.69232424498875,439.7469263227484,4084068
2018-02-21,433.3656921386719,435.9671985368898,432.15241911716254,435.8271846827209,2753072
2018-02-22,432.38568115234375,433.972257788372,429.66754436571404,431.6390736067141,13253596
2018-02-23,438.7669982910156,439.770250481816,431.7324417160376,433.24901155722256,4076748
2018-02-26,445.9998474121094,446.758132294568,439.4669315016969,440.528513248387,4788884
2018-02-27,443.8999328613281,448.37963474427505,443.30495954943285,446.746405945935,4787328
2018-02-28,439.61859130859375,442.24342374696937,438.17202837950197,440.86686774206953,4066364
2018-03-01,437.32037353515625,441.741774669809,435.83880726879596,438.4753167994861,3909840
2018-03-05,436.29376220703125,438.1719868552214,433.56394812231906,437.27371664657693,3781464
2018-03-06,430.7641296386719,438.6153001080252,429.18923031568687,436.30544207139684,4576828
2018-03-07,427.579345703125,432.43238040082497,426.622745844024,429.30590776757134,5628164
2018-03-08,432.3040466308594,433.62230145448046,427.43936306946904,429.2592582130304,5518724
2018-03-09,431.88409423828125,435.1972045747498,430.2391879028755,432.79401333658683,4108108
2018-03-12,435.66387939453125,436.177168596308,432.4324245313426,434.0189729158156,6557116
2018-03-13,434.0306396484375,439.7469415817189,432.8057178055915,435.71052106898117,5124200
2018-03-14,435.0221862792969,435.8154745893041,431.1724324184181,433.0389797449048,3680392
2018-03-15,438.8253173828125,440.38853948145044,435.18552706620113,435.18552706620113,5870924
2018-03-16,432.33905029296875,438.8952924721807,430.83415781370024,438.6386478957265,7896336
2018-03-19,430.9974365234375,433.97224627613684,430.0408367305845,432.3390173923019,7838740
2018-03-20,429.18927001953125,433.0156981285685,428.1976666503641,430.4958475861829,3657372
2018-03-21,433.7156066894531,434.7188587836978,430.07584511716084,431.1724302735159,5921140
2018-03-22,435.7804870605469,438.6386377587087,432.8290032963986,433.71562470139077,6673224
2018-03-23,429.66754150390625,432.362352127021,428.6642609199748,430.8574597323759,7190152
2018-03-26,441.7767639160156,443.3050110043477,427.7893356191955,429.2825792472503,10501768
2018-03-27,441.5784606933594,443.07170436112744,437.7053804009874,441.8584599017713,6136836
2018-03-28,440.0618896484375,443.235014632791,437.7170564915962,439.326930890135,8837508
2018-04-02,450.58453369140625,451.64614392407515,441.08848512900124,441.08848512900124,4596368
2018-04-03,447.0148010253906,449.30130462885853,445.8715349830294,448.89299736239053,4079884
2018-04-04,439.3969421386719,449.1263094729365,438.27700225963594,446.3264882566009,3714108
2018-04-05,445.3815612792969,446.57147958821844,441.01848950491245,443.60834688940844,4858892
2018-04-06,448.76470947265625,449.47631365171907,444.65831047593423,446.15152576110154,3720008
2018-04-09,452.4161071777344,453.1043851447475,447.13143911097467,447.69140903191504,4003536
2018-04-10,448.169677734375,453.33768639180846,446.45479305750155,453.33768639180846,6067236
2018-04-11,447.7030334472656,447.9713553198794,444.56491216838486,447.0147555177905,2870812
2018-04-12,450.02459716796875,450.9811970304485,444.68159944856467,447.0381098847965,4712516
2018-04-13,449.137939453125,452.6377156047078,447.7613551372522,449.83789468344156,3297172
2018-04-16,453.1277160644531,454.97093735305725,447.93638101004007,447.97138447070256,2847744
2018-04-17,454.6209411621094,455.2042372118426,451.26115021939523,453.45434906264285,2667832
2018-04-18,450.9111328125,455.78749305435326,450.3161879830065,455.2041970560754,2712720
2018-04-19,452.4044189453125,453.757677181487,451.0045084173745,452.6377373666355,3169032
2018-04-20,456.3475341796875,457.5374525057616,450.80622133062485,452.87108379076153,9361380
2018-04-23,451.6461181640625,461.7371395307657,434.0422552879445,461.7371395307657,15304620
2018-04-24,451.47113037109375,454.51594706144596,449.3712646484375,451.47113037109375,5037416
2018-04-25,448.1463623046875,452.17110511335903,446.10482609739034,449.8145947303295,4020592
2018-04-26,450.3628845214844,452.45107300799754,445.929834498996,447.22476313490813,7847480
2018-04-27,448.76470947265625,451.5878570028242,446.2215326881432,451.0045608816632,5777008
2018-04-30,453.64105224609375,456.09089585508553,450.024616442344,450.304587176584,4609552
2018-05-02,459.5205993652344,461.503805810832,454.03761683917037,454.9708904606281,7100048
2018-05-03,459.1473083496094,460.780537232466,454.0376294341363,459.1823118076352,4152772
2018-05-04,463.9537353515625,464.3037130246967,458.7740771816788,459.63734404957415,6881436
2018-05-07,461.36383056640625,463.6736885263434,460.80386068501974,462.35543381091827,5264128
2018-05-08,458.94903564453125,461.9471718163766,456.0442040610086,461.7955091384711,7100564
2018-05-09,461.5971984863281,462.0871615046239,456.40586329648823,456.40586329648823,4327332
2018-05-10,464.93359375,466.40351115564755,462.4370981042989,463.97699394563097,7171672
2018-05-11,469.3783874511719,470.6033093023555,463.370437419176,464.93365962723186,6057068
2018-05-14,471.7115173339844,473.02977210798286,469.52999579537754,470.64990712665974,4742916
2018-05-15,475.4562683105469,481.8025176836616,472.8664111689896,472.9480953976658,9826684
2018-05-16,472.0848388671875,478.06946228308743,470.63827599607004,473.7647486491745,6841604
2018-05-17,473.1114807128906,477.00788738371233,469.5533743975798,472.20153307370754,6615476
2018-05-18,469.4716491699219,472.3997781565603,467.4534392065706,472.3997781565603,5217460
2018-05-21,465.01531982421875,471.53655871177347,463.3820907737574,470.39329268019964,4848108
2018-05-22,464.2803649902344,469.89165632955354,463.2537581678497,466.33355015374906,3960372
2018-05-23,459.053955078125,465.23689271958386,458.09735532796066,463.7903300223841,5726292
2018-05-24,463.3703918457031,464.36199515151594,456.45249485125254,458.9606679188967,4520744
2018-05-25,468.666748046875,470.36998408412626,464.2803783792882,464.3037045274857,4759588
2018-05-28,476.48284912109375,478.76938094892546,468.03673400757526,468.45671854125914,5103940
2018-05-29,474.2430419921875,478.93273680687713,473.3564490340955,475.502967228691,3351244
2018-05-30,477.9177551269531,479.0026628740357,470.43988920687775,471.23314896146513,4866996
2018-05-31,502.3613586425781,507.186687902472,488.401995757936,493.09816879407,39639192
2018-06-01,495.5871276855469,502.0208613504333,493.33294186027143,496.85507138331,21151356
2018-06-04,480.4654846191406,506.482296478383,478.5283131096614,504.8386358036733,88796324
2018-06-05,484.5511474609375,485.33772203353305,475.0178934507707,481.35772692737515,17105460
2018-06-06,483.0836181640625,484.83293121066305,480.1837082910383,483.7527884472992,9782000
2018-06-07,484.2224426269531,488.3550982759552,482.10916453228236,486.8053380759951,10563896
2018-06-08,481.2051696777344,483.99936991371237,477.8356423405238,483.47105040743907,6180888
2018-06-11,479.5497131347656,484.398488784009,478.7278828670071,481.8038417591053,7091188
2018-06-12,479.9136657714844,481.9917166441849,478.6339700617147,481.8038582541426,5234256
2018-06-13,477.00201416015625,482.4848189944286,475.27617633850684,481.8273433180075,7897960
2018-06-14,478.399169921875,480.1837100063803,475.48753680338393,476.661580104133,16927576
2018-06-15,476.5676574707031,478.75138950543726,474.85357142590306,475.7223520151556,10880816
2018-06-18,474.1139221191406,478.7279181234205,471.7540835683752,476.68506553807373,7487404
2018-06-19,475.1353454589844,479.17404313228633,474.14916050669393,475.47580656644544,10981152
2018-06-20,482.80181884765625,483.2362378131534,475.4875517840795,475.7223604516272,9051712
2018-06-21,483.142333984375,486.2417969096168,480.6650910933606,483.70585185211553,13510704
2018-06-22,489.1886291503906,490.4683248413383,481.3225392910942,482.98964632816126,7848980
2018-06-25,491.91241455078125,492.5816421946241,486.77012757904987,489.1182142924132,6992336
2018-06-26,491.618896484375,493.8026285609672,488.3668308299765,489.822633105593,9161932
2018-06-27,496.05682373046875,497.6769806378211,490.75012480917485,491.45455082564735,19126804
2018-06-28,500.3420104980469,502.49048661073454,495.7279863536984,496.62027064565586,37533540
2018-06-29,495.0823669433594,502.49059251794563,494.2957922340534,498.19358206058496,19458120
2018-07-02,486.8170166015625,495.0705174301267,484.46893018361214,495.0588228590998,9864876
2018-07-03,486.1008605957031,489.57604011550626,485.0207751907673,486.8170384505867,6863100
2018-07-04,493.9317321777344,494.98837107065634,485.8190821012562,487.521444762075,6097992
2018-07-05,498.6748962402344,499.90764171651983,491.3488774464333,494.27223382492923,9735968
2018-07-06,496.6554870605469,501.44561785793235,495.7632600624915,496.221125459142,8121344
2018-07-09,499.12103271484375,500.14247337268864,494.9179803996641,498.228805618722,6182296
2018-07-10,503.9932861328125,504.74471970772674,498.96840372698927,500.1189432332853,10950736
2018-07-11,504.42767333984375,506.1769862857878,501.26950851909965,503.6762971385496,5857920
2018-07-12,508.5838317871094,511.84770672457074,505.30826227711367,505.51956715143496,8020668
2018-07-13,512.09423828125,514.418878658986,507.9146895485436,509.15912971820387,7161188
2018-07-16,509.26483154296875,514.242764122971,508.06728433739215,511.7420172704641,9017336
2018-07-17,511.1197509765625,512.1176877821904,507.9498340645682,507.9498340645682,6361924
2018-07-18,510.99053955078125,521.2751692195678,510.3917660668177,513.5264842717094,17460272
2018-07-19,513.3153076171875,515.0528690179631,509.76967341600084,512.5873777370474,5304776
2018-07-20,514.0079956054688,517.2483671269877,509.7931909106146,513.3153214065388,10006964
2018-07-23,506.3531494140625,511.41328776237805,502.03269277856026,504.8386449444962,16880132
2018-07-24,507.12799072265625,509.29997077321053,504.13418038270305,504.13418038270305,5208792
2018-07-25,509.6170654296875,511.13157002133164,507.18677254736184,508.2786100299484,7038616
2018-07-26,514.8414916992188,517.3891312686384,508.3607497419521,508.3607497419521,21281092
2018-07-27,517.0838623046875,519.3849986139951,512.9864626956155,517.036912038443,10554596
2018-07-30,509.51129150390625,516.3442464820189,507.04580055890347,516.3442464820189,7169120
2018-07-31,511.7654724121094,513.2682248995334,504.8503688681827,507.1867035605214,8860944
2018-08-01,506.88140869140625,510.70880105654413,505.23774818225877,507.84414706301,6071560
2018-08-02,500.189453125,505.707457264457,498.1114306427529,505.66050699236786,8905704
2018-08-03,498.1818542480469,504.1460296097687,496.38559062782576,500.97611216725414,13604008
2018-08-06,496.4560241699219,501.8800705069737,494.53060437937086,498.0292309258718,5744632
2018-08-07,500.3537292480469,501.1990633183993,494.9766340947228,498.9683811438737,7428456
2018-08-08,501.6335144042969,505.26129681328734,500.85863434452847,501.5161100717966,9945380
2018-08-09,497.44207763671875,502.96008038605214,491.8418689371843,502.96008038605214,8944408
2018-08-10,496.4911804199219,498.6866644132036,492.62858926677217,498.6162103469927,5442940
2018-08-13,491.13751220703125,494.0256701988162,488.4020142404964,489.34124888326653,10054252
2018-08-14,490.53875732421875,494.2721918044669,490.0925865082655,492.6285313091551,4935964
2018-08-16,487.3923645019531,489.97525997607727,485.2086323176534,489.10647932732127,10625160
2018-08-17,487.7798156738281,491.46630034357423,486.44136038794585,489.0829579369203,6065328
2018-08-20,492.2059631347656,494.8828165890758,487.2280303859698,487.2280303859698,7811136
2018-08-21,492.17071533203125,495.9159020856403,491.3723314726458,492.62858076499685,7776320
2018-08-23,488.3785400390625,494.7418780599746,487.6624194416207,494.27226071013126,12574552
2018-08-24,486.01873779296875,491.59544358226884,485.12645340141387,486.2887448269696,9714628
2018-08-27,488.5076904296875,490.39791170545453,486.11265343941454,487.69761197616907,12574788
2018-08-28,491.888916015625,492.6872424831356,488.12022577430554,490.28045385668395,9973532
2018-08-29,488.0498046875,491.70109085225704,486.6996548790068,491.2549199979983,9873692
2018-08-30,485.1381530761719,490.2569355569975,484.1402163581432,489.2473042680545,21827460
2018-08-31,483.98760986328125,488.1085134080727,483.2949357653232,485.86607918728106,15771500
2018-09-03,487.2397766113281,488.1555075585638,484.5277248157371,485.91307313618887,7661608
2018-09-04,481.7804260253906,487.9206496299713,481.122950303974,487.67408906864836,7130536
2018-09-05,480.38336181640625,483.7528608491893,477.96484946143084,482.25010813521925,5641508
2018-09-06,481.8743591308594,483.4710696118435,477.2721147593688,481.122982824025,10402412
2018-09-07,482.98968505859375,483.7058629714643,479.18579604806587,481.59258492935595,5919300
2018-09-10,479.2796936035156,482.5317877542872,475.5110032119931,482.5317877542872,8598592
2018-09-11,469.71124267578125,480.8881290039828,468.24368857115485,480.4889657527908,18186536
2018-09-12,472.39984130859375,474.63052378834703,467.16362489612703,470.0635063871725,12246008
2018-09-14,476.5676574707031,478.3991765103619,474.0669394730345,474.2782730027131,10334672
2018-09-17,467.78582763671875,475.0061943430665,466.7996426738019,474.6187829625287,9338220
2018-09-18,467.0813903808594,471.93019510209257,465.14421887209676,468.41981698481396,9325736
2018-09-19,460.5419616699219,469.14770483101194,459.40314539633374,468.4080518159874,16712264
2018-09-21,462.6317138671875,469.5820437419492,448.5314438470562,463.48877111897525,22610148
2018-09-24,452.1709899902344,463.0895918325155,449.65854898856657,461.92730052102223,13390792
2018-09-25,458.4404296875,460.69458707203876,449.65858014421724,452.17102131996546,16682552
2018-09-26,462.150390625,464.4515269457104,459.12138185806106,460.9176451667265,14726724
2018-09-27,464.0171203613281,466.3299798358366,459.08613870143256,462.4321619706474,18352208
2018-09-28,471.0379333496094,473.2451118675505,464.2519572062397,465.0737875327995,14460716
2018-10-01,477.9413146972656,479.47932301156635,469.1007908543504,471.9184950052509,12449588
2018-10-03,476.9316101074219,481.87431514672244,471.2609752998059,476.7672268493777,15332148
2018-10-04,459.6966552734375,473.79692680723684,456.23322752970967,471.4957904681714,17970584
2018-10-05,461.469482421875,467.26924500262055,455.5640387436054,458.8043811341655,15729180
2018-10-08,456.7028503417969,462.3382582637522,453.1807203905748,461.39902361009297,20128020
2018-10-09,455.669677734375,461.39901474423954,453.1807116826373,456.56196210347264,12459364
2018-10-10,461.9038391113281,465.4494439747444,454.47213964591634,456.7028218089937,15939932
2018-10-11,454.95355224609375,457.47774546092376,450.2691020588108,452.00669195793205,14359904
2018-10-12,465.35552978515625,468.9363617939593,455.9984105636386,456.70283653258343,9600320
2018-10-15,471.507568359375,472.1532922115992,462.6435409333883,467.26926033678166,12585968
2018-10-16,467.91497802734375,473.89084722487723,466.68223250751254,470.3217668993951,9406004
2018-10-17,463.6531677246094,472.6698258733057,461.04679736822436,471.04964040966115,7940796
2018-10-19,462.0447692871094,465.12075719069026,459.7553847105375,459.96671825023935,9867348
2018-10-22,469.3590087890625,474.313465493015,466.9404682670748,472.904613615313,20331160
2018-10-23,466.0599670410156,469.35904020740315,463.27749012893133,463.27749012893133,19428564
2018-10-24,467.7975769042969,471.6836718920969,463.18358076575566,470.5565788009592,18072336
2018-10-25,462.2912902832031,470.4626142590461,460.80023239711693,463.4183546265095,29847056
2018-10-26,460.5066833496094,464.2636215084091,457.64202946879,462.29125190557,15155712
2018-10-29,452.3119201660156,461.38725168249755,445.00934812029163,461.18767005989235,17044280
2018-10-30,449.1302795410156,453.6503463982445,445.9721144229201,452.0066857228885,13828704
2018-10-31,448.89544677734375,450.33952574009624,442.61431524796285,446.6178142861617,23449404
2018-11-01,449.0010986328125,453.1807041571447,445.19720988701886,453.1807041571447,19629052
2018-11-02,457.7477111816406,460.2249539038894,448.95413870624316,452.24145980555664,30092868
2018-11-05,459.2857971191406,460.1428545693027,455.05924070393377,457.853469844399,5705296
2018-11-06,457.0668029785156,463.9819064653774,456.22146888235756,459.0509246658972,8485588
2018-11-07,459.7436218261719,461.38728250853865,457.876904373608,460.459799731613,958760
2018-11-09,456.7967529296875,460.20147835086425,454.65999994972,459.8022864484134,10101620
2018-11-12,451.0791931152344,460.6945963911593,450.16343359772566,458.22910543187936,7907764
2018-11-13,452.6524353027344,454.98877021602317,448.06191411879547,450.59785934169224,13350420
2018-11-14,459.6966552734375,460.2249747597689,454.7304463692893,455.18834045534317,26110636
2018-11-15,463.7823181152344,464.287162453352,453.46246058661814,460.6711034535279,10392524
2018-11-16,470.62701416015625,472.66983806057607,464.92115219073054,465.1559608534531,15813216
2018-11-19,472.8811340332031,474.5482696734954,470.0634303043155,472.2001832327557,12286428
2018-11-20,472.5406799316406,474.21956759599294,469.394266794337,472.6698361608857,5705168
2018-11-21,474.02001953125,475.2410131936915,470.55659152476784,472.6111674608166,6545604
2018-11-22,470.90875244140625,477.8356076879889,469.65253188355746,472.7285194977119,12974552
2018-11-26,481.3108215332031,481.8273891401136,472.4467942719754,472.88118457730934,18184436
2018-11-27,484.6450500488281,485.560780846586,479.1857489763304,479.25620303608025,12895440
2018-11-28,490.5739440917969,492.7694277748746,483.72929526438793,484.8798346533735,13021108
2018-11-29,500.3890075683594,501.8800081671653,491.68933522905434,493.3329958530292,31908636
2018-11-30,499.778564453125,501.9153465468359,495.44635541723335,500.1425294022308,13040924
2018-12-03,496.22113037109375,502.9601271453569,494.7183206187454,500.3772320012865,10799856
2018-12-04,489.7052307128906,495.68109986897144,488.07332192989173,494.366148393072,8157420
2018-12-05,492.9103088378906,494.3426645398832,487.4510077007678,487.932376900705,11798844
2018-12-06,492.4054870605469,493.48557244622197,489.57603138511746,490.67962056613925,11730252
2018-12-07,494.8827209472656,497.32470791395076,488.4724335018058,494.67135877190134,9903920
2018-12-10,490.4566345214844,494.2253253328058,485.0912332073148,485.0912332073148,10915056
2018-12-11,483.6001892089844,486.3591909756269,477.1311991334196,482.7666069972002,18905780
2018-12-12,489.6465148925781,490.7031538727838,483.729348068693,485.3377530094282,11370488
2018-12-13,493.4034729003906,498.96842694981075,491.0553861853327,491.92416680463697,7064236
2018-12-14,492.0885314941406,497.32477644129705,490.2922680508436,494.2487598509978,6158284
2018-12-17,500.189453125,500.7530283690887,492.86343356256333,494.03747699649034,8437324
2018-12-18,501.422119140625,502.2557013116678,493.70868939986957,498.73357156894923,7413968
2018-12-19,498.60443115234375,507.0457909047198,496.27984837899174,500.87036908778845,9009896
2018-12-20,501.89178466796875,502.5962106842029,493.7204314143853,496.0450716637596,7980476
2018-12-21,495.71624755859375,504.6272814901696,495.2231838002918,501.08164802301764,10220308
2018-12-24,488.5546569824219,494.03746258950883,487.77983419969684,494.03746258950883,5601488
2018-12-26,498.3461608886719,499.4379981798304,485.81909648992433,487.69756568853205,7601916
2018-12-27,494.2840270996094,502.0679119709213,492.7342668691588,500.8469182908011,11639868
2018-12-28,498.4753112792969,501.9622430199572,496.7377500216206,497.17216899920794,9415612
2018-12-31,498.1933898925781,501.7859728998952,497.01934690497893,501.7859728998952,5866528
2019-01-01,504.3924560546875,505.07337817143554,494.413088982495,499.59057356712356,6373440
2019-01-02,499.790283203125,504.25164819295793,497.7239553215136,503.1480588449512,8134232
2019-01-03,495.8689270019531,499.7315178951386,493.8025993814056,498.78053138113495,12771664
2019-01-04,497.1955871582031,499.7902343243313,495.5284800629517,496.67901956990454,7287120
2019-01-07,497.94696044921875,501.3986936022391,497.3247404325629,499.6023729626674,5387012
2019-01-08,493.8026428222656,498.6162206529154,492.3115848076029,498.26400764091665,8343460
2019-01-09,497.0429382324219,498.1113290045613,493.70866702568554,497.32469713380436,8568628
2019-01-10,495.09405517578125,498.68663910687155,491.3723150175811,497.0899287679056,7691540
2019-01-11,495.8924255371094,498.7336334794624,494.9766946208601,496.3385964223709,6408040
2019-01-14,493.4856262207031,495.4227977790015,492.73424993002436,495.4227977790015,4855160
2019-01-15,498.2405090332031,499.32065187845274,493.5678392892112,494.2840172196699,5087556
2019-01-16,497.8412780761719,498.9683710383715,495.0353262313632,497.80607970992446,5252452
2019-01-17,500.68243408203125,501.5277107219359,496.2328221788263,499.02702183852324,8240228
2019-01-18,500.201171875,502.2557477482103,496.5146872020498,501.3165130633142,5207976
2019-01-21,504.40423583984375,508.7129979871169,499.32065092065733,502.47881615648697,17561512
2019-01-22,501.5160827636719,504.08722604015855,499.91937246334453,503.8993676531204,8796976
2019-01-23,494.3660888671875,501.51605783276256,493.4386062023111,501.081638917228,7624288
2019-01-24,493.6265563964844,498.1818219397706,492.6051156896022,495.44632369917093,10111572
2019-01-25,492.1589660644531,495.4462874026699,490.75011406236024,491.4545400634067,11262236
2019-01-28,489.37646484375,493.57957441703826,487.6389036226973,490.75011848871424,15360436
2019-01-29,483.142333984375,489.106451168911,482.0621911904821,487.9911100056597,14762788
2019-01-30,477.76519775390625,483.0601448204378,476.19199110261167,483.0601448204378,18514160
2019-01-31,488.3902587890625,490.6913951123749,474.7831084661907,476.8963863970491,16579404
2019-02-01,490.85577392578125,497.0899555946563,487.6037082342014,488.3902828848063,15654188
2019-02-04,494.248779296875,496.15075258041657,489.0242860432478,491.92419624040355,7938288
2019-02-05,496.3972473144531,497.5595386885016,492.3937482915469,494.9766434900243,8690288
2019-02-06,498.4165954589844,499.43803609380046,496.2916228778102,496.9138429165516,10875684
2019-02-07,497.1486511230469,500.1424616328208,494.4718552448418,498.9801701942932,7217308
2019-02-08,498.4165954589844,503.65284021287,494.6596567765675,495.9159060790346,12235644
2019-02-11,502.4082946777344,503.1714227744917,496.22112127366853,496.22112127366853,7036364
2019-02-12,500.0719909667969,504.36900090344756,498.9214514651015,502.0209143070628,9772388
2019-02-14,495.4931640625,502.4904727653386,494.4130787504823,502.4904727653386,7441388
2019-02-15,493.2507629394531,495.00013322616223,487.97932026301004,494.82402674035905,8416524
2019-02-18,490.7265930175781,497.3247392593423,489.81086217893676,494.6948937464669,7138744
2019-02-19,489.3529968261719,495.01185110732234,487.97934324169034,490.6796428178283,5268636
2019-02-20,495.058837890625,495.681057879743,488.8481032655062,490.3978632789404,4892500
2019-02-21,496.8316345214844,497.7826210860852,491.59544711955283,493.49736292241994,5261544
2019-02-22,491.0905456542969,499.69631717908845,490.53877971576736,497.6534360377441,8890708
2019-02-25,499.0623474121094,500.1307383753816,491.95938481548524,491.95938481548524,8140596
2019-02-26,495.598876953125,498.96840416590805,493.3565001037048,495.7397850801287,9607428
2019-02-27,491.2784118652344,498.8392391439328,490.3156734424575,496.87862125674746,7030092
2019-02-28,487.8267822265625,494.4718793035095,486.8053415429955,491.47806864807086,11645376
2019-03-01,489.1886291503906,493.30947514098693,487.69757127637956,489.86955131215547,9352928
2019-03-05,494.7653503417969,495.704584981655,486.05392612657954,490.49178686937597,11837276
2019-03-06,494.09613037109375,495.5167342511141,490.8792631451005,495.4462801867686,8458044
2019-03-07,499.320556640625,500.14238685376495,491.9240847223651,495.35231368485097,10204852
2019-03-08,499.7198791503906,500.14254628857947,495.31721589080803,496.6321675815412,7053460
2019-03-11,499.778564453125,503.3593971166856,498.3110100828133,500.61214680073056,9224108
2019-03-12,509.7695617675781,510.7087963355516,501.786067939804,504.1341543597376,15097292
2019-03-13,522.8132934570312,524.5626067097525,510.02797191632516,510.7088941780267,57166348
2019-03-14,522.3906860351562,527.7325842741943,519.06816566537,527.1103641131525,15379864
2019-03-15,529.02392578125,530.6440826500462,523.1654610156061,523.8581351167194,12763088
2019-03-18,531.0079956054688,538.0992051769432,527.6150221707048,531.1136480298233,14358720
2019-03-19,532.4873046875,534.4009722136778,528.5542598838331,532.8982198162413,11957992
2019-03-20,539.8251342773438,540.0599429481907,530.9141566839658,532.7808741519325,11711992
2019-03-22,534.4597778320312,541.7036488628794,533.2035857339403,540.0599880297455,30403880
2019-03-25,535.6690063476562,537.2070145325475,529.0239098189734,530.6675704353661,9199260
2019-03-26,542.7249755859375,543.5820041954984,533.6261407424923,534.4009633971294,11786848
2019-03-27,539.9307861328125,546.6463370423439,535.1407121832228,544.415654671698,13885300
2019-03-28,540.7174682617188,545.9302097671302,537.2070897760112,539.778233492227,19554328
2019-04-01,542.8306274414062,547.573750521827,541.1400166923678,545.988792195917,9647076
2019-04-02,538.8506469726562,544.7560615193709,536.6434112931161,544.7560615193709,10910496
2019-04-03,538.3576049804688,543.8169068301235,537.3009659127937,538.2050022678955,7659452
2019-04-04,536.2911987304688,543.1124014022787,535.3637160385626,538.3575262927257,9211552
2019-04-05,541.3748779296875,543.2885456082115,535.8333705361161,537.1952722507735,8351180
2019-04-08,537.5709228515625,545.4487648536463,535.3872481763427,544.5212821126408,6398132
2019-04-09,537.0660400390625,540.7642759689412,532.3111652720755,539.2615236644732,10777600
2019-04-10,525.3492431640625,536.3030455732784,523.858185058662,528.3195501488076,108128700
2019-04-11,530.08056640625,531.3720140763428,525.255236828182,527.1219542678673,8793300
2019-04-12,531.9003295898438,533.5322383500043,528.8126185686696,528.8126185686696,9170444
2019-04-15,537.4301147460938,538.3927959320159,531.6890540227838,533.015700125601,10219780
2019-04-16,541.2457275390625,542.3845151744359,535.4342130500812,537.934902414806,8273776
2019-04-18,538.56884765625,543.5937872601484,537.2422016883826,543.1124180529847,10614856
2019-04-22,532.71044921875,545.9301895756782,530.9024338196166,545.9301895756782,20980420
2019-04-23,527.2158813476562,537.7118166974003,526.3471007946778,534.7884604256,15282400
2019-04-24,535.3049926757812,536.2794255933057,527.6267616756458,528.3194356927329,12354128
2019-04-25,531.4777221679688,539.7782323564232,530.1862743626349,536.9839745272602,18086636
2019-04-26,535.5867919921875,536.5377785134624,529.939632354821,532.0529102570622,11707568
2019-04-30,544.1572875976562,544.7560611128523,534.987998465814,536.5377584667533,12536836
2019-05-02,553.1622924804688,554.0662714906894,544.1691086903511,545.5779607516854,17169300
2019-05-03,556.01513671875,558.3749751395048,553.3265891153252,555.1346042726722,12351520
2019-05-06,546.7401733398438,552.2464245530464,544.0633777401177,551.3306937758582,13748092
2019-05-07,545.307861328125,553.6787663106451,544.2864208261558,552.2464106937296,9924204
2019-05-08,541.7622680664062,545.6483627634416,537.2422014675208,545.3548519453321,12064208
2019-05-09,537.9232177734375,540.0599998337511,533.3914558098189,540.0599998337511,9027724
2019-05-10,539.2380981445312,545.9066412872851,538.0288564526202,538.0288564526202,10594200
2019-05-13,537.0543823242188,543.1946634835718,535.3637713536324,539.1324619988231,11071632
2019-05-14,537.2186889648438,542.6427917261306,534.3188365247194,539.2850165561116,10494744
2019-05-15,536.93701171875,541.7505897898885,535.8803726299635,539.12074396751,8956348
2019-05-16,542.5606079101562,544.5212831539,535.3637454035756,535.4929016319878,8050136
2019-05-17,554.6414794921875,556.332090137436,542.783643855947,543.1123530024614,14758780
2019-05-20,571.1369018554688,572.6279025414492,558.8446448255158,565.4192877058159,17699632
2019-05-21,564.4095458984375,575.1402898400529,563.4116091264627,572.4634941351707,10325176
2019-05-22,564.8909301757812,569.645805510317,562.1906306030819,566.3232859231374,11386660
2019-05-23,547.5972290039062,572.9095534591743,544.5447168136254,565.6539897220371,33081996
2019-05-24,557.2831420898438,560.2886470009946,549.4874489133429,554.0779695658612,13692800
2019-05-27,565.5014038085938,568.6830149786518,557.0247890829756,558.5862435883819,12049024
2019-05-28,567.3446655273438,568.2369498891303,560.5000161069395,567.415119589704,7364840
2019-05-29,567.5089721679688,570.7728466199815,565.9357657644106,565.9357657644106,7475216
2019-05-30,572.8275146484375,574.7881326891829,566.6050847599932,567.297758886081,9359200
2019-05-31,569.4932250976562,578.8033658407885,553.3970794626586,576.8779462310475,19785080
2019-06-03,576.9483642578125,577.5823361556912,569.3992316675275,569.880600871478,8480860
2019-06-04,575.8212890625,578.9794540779587,573.1796916343841,576.4552609799813,6442988
2019-06-06,569.023681640625,579.9774844797151,566.6755946589258,576.0326868851919,15634924
2019-06-07,574.7293701171875,576.2791301400797,565.6540387113995,569.5635798093208,7970932
2019-06-10,572.9800415039062,579.9655986614478,571.0781258837007,579.9655986614478,7077140
2019-06-11,574.9054565429688,577.6057559278509,573.0152928346142,575.6333862642075,7103292
2019-06-12,569.892333984375,574.9054641652375,569.0939501946361,574.107137701828,7308620
2019-06-13,574.0366821289062,575.7507967001718,567.2859335950034,571.9821064881531,11107948
2019-06-14,571.7825927734375,577.3827449370204,569.4110023691194,573.6258063646881,11956920
2019-06-17,568.70654296875,572.9095948190358,567.6029537932426,571.7590553793998,12810020
2019-06-18,567.5912475585938,571.0546753800807,564.4800327359021,567.7673540579914,12419652
2019-06-19,570.1976318359375,574.0836692937438,567.462076554043,569.8806172147409,10744276
2019-06-20,573.2691650390625,575.7853973957396,570.4930146823125,573.7417012699987,11171492
2019-06-21,570.3984375,574.0605930629467,568.37833370133,573.1864126263846,13250260
2019-06-24,571.2844848632812,574.273311168089,569.4061648601266,569.8668761540858,6915000
2019-06-25,573.8242797851562,576.8485227742788,567.7522016082703,571.7333418669679,8899800
2019-06-26,583.0859375,583.5821235120717,572.2412563345092,572.8791685767204,10533636
2019-06-27,581.762939453125,589.3707605441867,580.30985606529,583.2868571230551,19879236
2019-06-28,577.380126953125,584.7635045356458,575.79714233596,582.1645556265985,12756844
2019-07-01,587.2561645507812,588.0712779274111,578.8686473284337,580.2744309319894,8524160
2019-07-02,589.4888916015625,590.0795618336282,582.9206270844641,587.8350149517786,7246828
2019-07-03,588.224853515625,591.4499476980156,586.6536937198789,590.4339833290284,7463256
2019-07-04,586.8426513671875,590.1739965875495,584.0546765687225,589.4416001706891,7993964
2019-07-05,584.1492309570312,589.4770881813038,581.2195295720825,587.1498819915861,7583060
2019-07-08,569.3115844726562,584.6690095602119,566.3464085538394,584.6571846197711,14607140
2019-07-09,562.1171875,569.5951069485533,560.6641618602692,567.9530553055912,16482688
2019-07-10,564.385498046875,566.5709782590922,559.0694650982389,562.02281673637,11569148
2019-07-11,568.7327270507812,570.351186589512,566.0156439332255,567.7522375205458,9097596
2019-07-12,565.6021728515625,571.2962570473821,563.5112348081819,571.2962570473821,8976272
2019-07-15,565.802978515625,567.752190154733,561.6919370407426,566.0983136124595,8233184
2019-07-16,564.9642944335938,571.2962913331199,562.7906393529743,571.2962913331199,12770568
2019-07-17,566.4409790039062,569.7842074303184,564.9879531742453,565.3777724897216,7759736
2019-07-18,569.85498046875,573.895187861456,567.4922995800656,567.7522175508764,10802584
2019-07-19,561.2904052734375,571.9342969257301,559.246708857013,570.5875800125418,8939228
2019-07-22,542.766845703125,555.1945697595224,538.9865564306252,554.0486465007414,22171296
2019-07-23,534.7927856445312,542.1170959405243,529.7248469923792,542.1170959405243,27802864
2019-07-24,538.9038696289062,541.762736623964,531.8394767294125,533.1980182625952,17363740
2019-07-25,540.1206665039062,547.0669251202459,538.7503000762736,539.8725734784717,19462008
2019-07-26,538.0532836914062,541.9162320000765,537.0019023235773,538.2659018799078,12829828
2019-07-29,530.2564697265625,537.1673111479672,525.2357729674223,537.1673111479672,9976492
2019-07-30,532.1348266601562,536.6120956054616,529.2168925606803,532.7845639332455,10394136
2019-07-31,531.9930419921875,535.6197803845661,527.8820001430158,529.2405417121429,13891840
2019-08-01,526.1087036132812,530.4183410722914,520.2362032749215,527.8373106620138,18241676
2019-08-02,524.3446044921875,526.6296425415806,516.6842985727197,523.5513217893141,27825536
2019-08-05,516.0331420898438,520.9466158530028,512.066843991872,520.24808536213,19822440
2019-08-06,518.3655395507812,523.3737073141476,513.1323713379744,513.1323713379744,24890940
2019-08-07,517.157958984375,521.4202498551253,512.6588741763608,518.5787226079584,18750136
2019-08-08,528.7962646484375,531.1287076436796,516.9210739126851,520.4729823454337,19711600
2019-08-09,540.3637084960938,542.0212658841185,530.3710169476325,532.0759215559696,30436112
2019-08-13,525.765380859375,538.3036068237185,521.5622889595413,538.3036068237185,15440068
2019-08-14,527.9201049804688,529.3290170063403,521.6687696636742,529.3290170063403,14254052
2019-08-16,527.5057373046875,528.7607564841602,521.917436186086,524.2616725731888,15247560
2019-08-19,522.5686645507812,530.8919473810793,521.3491412250062,530.0631686942667,8498200
2019-08-20,525.8245849609375,527.5294895678886,522.5686686656784,523.1369509309908,10270592
2019-08-21,527.0677490234375,530.7025008644707,524.3090652783917,526.8427485595611,10472712
2019-08-22,514.8136596679688,525.8837748919289,513.1442510506022,525.8837748919289,13992044
2019-08-23,512.1141357421875,515.5002999406553,506.6442315548242,511.71159769028765,20099616
2019-08-26,534.2425537109375,536.6104927967046,513.132399885729,519.7389268106141,25280244
2019-08-27,535.1423950195312,538.2088646472811,530.442070507641,534.20707062032,20660832
2019-08-28,532.1943359375,534.5267791771386,527.186167646966,532.7863207383203,13662588
2019-08-29,527.3281860351562,533.6624231243272,525.7535296588891,531.8391215804882,14783716
2019-08-30,527.56494140625,535.1541972255666,526.1560293076145,528.879159072258,19233320
2019-09-03,523.5394897460938,525.9192801310417,520.0349282757688,525.6824862183307,11428676
2019-09-04,532.2535400390625,538.4693805133259,520.7098363011448,522.6041876837775,15060704
2019-09-05,529.2699584960938,538.090532871578,526.8665230993971,532.5495777305816,17296252
2019-09-06,531.8154296875,534.3491708225876,525.9903340748198,527.576841740472,12870004
2019-09-09,532.6915893554688,535.3673142208179,524.7589935745563,531.8391081769959,10643404
2019-09-11,533.0941162109375,538.4693261543216,530.6906234502475,538.4693261543216,15209116
2019-09-12,537.7235107421875,541.9739501576969,532.3482423655698,532.9520784399274,18132300
2019-09-13,534.5504150390625,536.9183542031692,529.944784927078,533.0231058404166,15371340
2019-09-16,531.4009399414062,535.7816265339769,530.6550623757212,533.2360924328885,11030184
2019-09-17,523.6342163085938,532.431086609831,520.4966971190984,532.2889871447702,10656556
2019-09-18,518.0458374023438,526.6651119497242,516.2106847387084,525.0431084755679,12959884
2019-09-19,521.4439086914062,524.2854357005357,513.369212982724,520.8992711191202,10623310
2019-09-20,568.1159057617188,572.9938831612448,523.5039587194727,524.7352754208938,46150034
2019-09-23,595.4183349609375,607.4711228325581,582.0394779614176,596.5076101596419,41920410
2019-09-24,593.7843627929688,597.6440568283388,581.3526839635703,591.9847061618342,23379048
2019-09-25,587.1068115234375,591.9374420908302,582.560379903726,591.9374420908302,15608976
2019-09-26,588.432861328125,603.8244653467681,585.5202846977793,587.1541973494428,30671560
2019-09-27,589.2378540039062,593.6422431926813,586.1121864236486,591.1559075111803,14873170
2019-09-30,581.3053588867188,587.2489092784182,576.119595271932,581.9447487061157,18218458
2019-10-01,591.41650390625,594.3527253212801,578.2980863579686,583.2234113411605,18768352
2019-10-03,579.4583740234375,589.0485269437967,576.0485071873702,587.2251676706236,16298876
2019-10-04,563.4273681640625,587.0594103434742,561.3436281460217,585.6623494935137,18403632
2019-10-07,562.1014404296875,577.7061372321348,559.3783102451832,568.8737121149742,22513220
2019-10-09,581.636962890625,582.465741675647,563.5695738149419,566.9320361805413,17427270
2019-10-10,568.5658569335938,580.5949408157695,566.9792915533363,578.6295976927835,11556858
2019-10-11,567.7371215820312,579.6715119387164,563.0722351431893,574.6514924334763,17186318
2019-10-14,570.3890991210938,577.7297092648689,567.0739848626146,572.5675912144648,12267802
2019-10-15,579.2215576171875,580.1450306640453,571.5494008924131,571.6204506216349,8400374
2019-10-16,578.298095703125,584.8809781939891,573.0886295005874,583.2944705036012,10586816
2019-10-17,577.777099609375,582.4419277448391,574.5093323198743,581.329008008613,12243614
2019-10-18,582.0394287109375,584.3363180675698,577.9428825202974,580.3581688315088,11233806
2019-10-22,586.9174194335938,595.2999008800527,583.744346293607,595.2999008800527,20006228
2019-10-23,588.006591796875,591.8663438692063,583.9337483422535,590.492927708308,10190214
2019-10-24,585.4019165039062,593.950200126325,580.7844350714618,591.0376233528876,13107494
2019-10-25,582.0394287109375,590.4929597056838,577.7771383460893,587.2488947124186,12993542
2019-10-27,586.15966796875,588.1487716564039,584.8810038782007,587.2252406478804,1750082
2019-10-29,588.432861328125,595.4656288329024,586.1596166871203,586.3017161563129,14232568
2019-10-30,591.203369140625,597.9993430897654,588.6696857560904,590.5166898962892,12011366
2019-10-31,582.6788330078125,598.5677294083811,581.1396724072903,595.6314498838495,13217706
2019-11-01,587.2725830078125,589.0248347687501,581.3763801259324,586.7752926862162,11512260
2019-11-04,585.757080078125,591.9847714358326,582.0631297909731,590.3035115605496,9935176
2019-11-05,587.0120849609375,589.5221234546789,582.0631155174988,587.7224666692404,12367810
2019-11-06,595.1341552734375,596.2470751063895,581.5895549626913,588.4091734331271,12130336
2019-11-07,598.472900390625,601.3144272886943,591.9847704311052,597.194236410899,16963034
2019-11-08,594.6369018554688,600.0358149890019,592.6715006861584,596.2471121319285,13251496
2019-11-11,598.9701538085938,600.7461080104378,592.2215278415865,593.1924059296649,14286610
2019-11-13,595.5604248046875,601.4565704218174,593.6897181077103,597.6441650990677,9293496
2019-11-14,603.303466796875,604.7715773095834,595.3945164164026,598.5202419214672,11055218
2019-11-15,605.1978759765625,608.5603378765574,601.9774557334334,608.0157003310413,9279012
2019-11-18,597.6915283203125,605.9319100976571,596.1049628825585,604.7716430689543,9130292
2019-11-19,602.3563232421875,603.8244338328341,597.2415519723761,599.230655382196,10570578
2019-11-20,603.04296875,607.5893997299098,600.0356980057007,602.8772245945202,11054258
2019-11-21,607.7789306640625,609.5075378074598,600.6751132070991,601.574941647184,12019526
2019-11-22,598.9701538085938,607.9209745480895,597.6677873939082,607.9209745480895,7688010
2019-11-25,601.9774780273438,605.9556273541223,598.6860657393921,598.6860657393921,7893556
2019-11-26,603.8482055664062,606.074045315987,600.0120977688067,605.4583579923924,8716002
2019-11-27,605.4346923828125,608.9155513650649,602.0248253261254,604.2980700305835,9580666
2019-11-28,599.2307739257812,607.636958883281,597.6679107811053,606.2871871624149,12366040
2019-11-29,603.8007202148438,606.1450144249826,592.9319037301365,600.3672087914863,15567626
2019-12-02,599.4437866210938,603.3271836430782,596.0576221263682,603.3271836430782,8946204
2019-12-03,594.542236328125,600.9830199362384,593.7845072820564,600.6041265076939,6991906
2019-12-04,592.7662353515625,595.2525715277253,584.5020928032309,593.1687734559762,11395614
2019-12-05,589.9010009765625,596.1286926245755,587.604111518524,594.6368793688133,12772494
2019-12-06,590.1141357421875,596.7206628132138,586.3964250464844,591.4874941935019,13774650
2019-12-09,588.6459350585938,591.913702452859,586.088607177962,591.7479582844493,8265350
2019-12-10,591.7479248046875,593.713325632947,589.6641270326895,592.4583064671181,9788900
2019-12-11,591.3927001953125,593.8790358718093,588.4327767709116,592.0320320927822,11054642
2019-12-12,598.4255981445312,601.1960755161554,593.4055784762097,593.4055784762097,12913148
2019-12-13,598.5439453125,602.5694417190632,596.365452937033,599.0885828591198,11775186
2019-12-16,595.4656372070312,601.4565347253566,591.1322970678702,601.1013438583927,11327576
2019-12-17,601.9774780273438,603.7297876816821,594.5184697187642,596.7206646863573,12427354
2019-12-18,612.041259765625,615.1906305991793,603.1851899014221,607.6132248335235,17447172
2019-12-19,610.3599853515625,618.2688785595552,609.0812635932508,618.0320846573876,13018376
2019-12-20,614.1013793945312,615.4747958054319,606.2161874603134,610.3363788819952,15026044
2019-12-23,616.80078125,617.5585101910995,610.3599985341358,615.1905711182808,10195782
2019-12-24,610.5257568359375,616.1851082265389,609.4838289331773,615.0011386627299,7179208
2019-12-26,601.669677734375,611.8044695700078,598.9229028141689,610.7862441018287,14949758
2019-12-27,603.8244018554688,605.7187529201134,601.456463024663,602.4036385569852,7092992
2019-12-30,607.2106323242188,610.3363003603699,603.374582561169,607.1395825893263,9334190
2019-12-31,602.4510498046875,607.1158782349886,600.8171949621751,607.1158782349886,8357056
2020-01-01,605.5293579101562,606.1923924015477,601.7406554576465,604.345388393747,3673698
2020-01-02,609.38916015625,609.9811449630853,605.7188543538712,605.7188543538712,6137166
2020-01-03,600.6987915039062,608.5603376104458,598.4255468849254,607.2342686142049,10855550
2020-01-06,587.6988525390625,597.5732060182935,585.3546156735159,596.7207247157202,10890186
2020-01-07,597.0048217773438,602.143238298382,593.0503748607391,596.1997455707353,14724494
2020-01-08,595.4419555664062,597.7388448014235,587.2725661329978,590.5402756575533,11332110
2020-01-09,602.1195678710938,604.2033658480826,598.1887658278872,599.0885942510204,9546316
2020-01-10,607.4710083007812,609.4601116176075,603.871752817819,608.1340427397233,9214580
2020-01-13,609.0338745117188,614.0065461154303,604.2979967938983,607.4710117404351,7451568
2020-01-14,610.6914672851562,612.1359331976332,605.0084136927392,610.4546733854722,7886290
2020-01-15,608.2052001953125,609.9574521269482,603.3982719253166,609.2234256414325,11787448
2020-01-16,609.8153686523438,611.4018762888768,605.8845666176381,607.163288419645,7150400
2020-01-17,605.3162231445312,608.512940609759,602.3562995656167,607.0211275637845,16918814
2020-01-20,594.3053588867188,617.9610470531414,593.1687365718038,617.9610470531414,22178450
2020-01-21,589.3088989257812,591.9846812472196,586.4910749674461,591.9846812472196,14984804
2020-01-22,587.6514282226562,594.3527073618872,584.5968099426914,591.0612951746068,18368310
2020-01-23,589.5457153320312,590.49289085823,582.9865363753064,587.2488262432006,11508920
2020-01-24,589.4036254882812,593.8790063591711,586.8225377038674,590.0903045642162,11831756
2020-01-27,574.5567016601562,584.8809389292223,573.8700224675994,584.8809389292223,18888552
2020-01-28,579.2925415039062,581.4710915111248,574.5803662813082,577.2088015490133,13412158
2020-01-29,585.2835083007812,588.1960850182678,578.8427253732511,580.2871913795456,13788350
2020-01-30,580.6423950195312,586.7516319136959,576.4510963819321,586.7516319136959,12111984
2020-01-31,580.7607421875,586.2070018867788,577.8955128734751,583.1996731083684,11178268
2020-02-03,564.8955688476562,567.3344998460584,557.744346592457,566.8846145462204,13077010
2020-02-04,582.4182739257812,584.4073194738172,567.3581594243379,567.3581594243379,20897704
2020-02-05,589.4511108398438,591.0376185260882,581.2343734585951,584.8336294451086,18020682
2020-02-06,587.1541748046875,591.3690599560683,585.9228002816666,589.4510640616896,11827550
2020-02-07,588.2908325195312,590.5640774335792,583.2708126296134,590.0904895607375,6815448
2020-02-10,587.3910522460938,588.6460138398753,580.6424251679804,588.6460138398753,9219834
2020-02-11,587.5330810546875,594.3527577254539,586.3254667116565,588.8118029491535,11613520
2020-02-12,591.5111694335938,593.3581734383829,589.1669329193304,589.7115126471815,6297930
2020-02-13,587.9119262695312,596.6733008644125,584.2179181807978,596.6733008644125,9112140
2020-02-14,577.46923828125,591.2269861835692,575.4091430350544,588.7642950823292,14688858
2020-02-17,576.4273681640625,583.9337227869158,575.1486464932532,580.1450206114938,10152690
2020-02-18,574.5803833007812,577.06671918566,569.9629023717208,576.3089902877083,10529116
2020-02-19,581.18701171875,582.5130808809355,574.8883277259173,578.9611718511736,10012268
2020-02-20,576.4037475585938,582.5130422467998,574.9829840409186,582.5130422467998,11123414
2020-02-24,573.0175170898438,575.2907615812694,568.3053417555244,572.5439293050475,16568084
2020-02-25,568.447509765625,572.5677008658114,567.3582346048321,570.1997616562753,13886680
2020-02-26,567.9501953125,570.5312258169903,561.5094124980089,567.1214166243225,13814786
2020-02-27,568.0447998046875,569.489265556905,559.3071290001703,565.9373574557185,20655098
2020-02-28,557.720703125,561.201562010712,554.1450919894718,556.7024777583055,24313056
2020-03-02,558.6441650390625,568.8500053945262,552.2744321654279,568.4000622917009,14664898
2020-03-03,559.6861572265625,561.3673594464186,553.1506216206781,556.4657366475143,22369550
2020-03-04,544.081298828125,558.833569448218,536.6222914393035,558.0521380643305,34288870
2020-03-05,545.2653198242188,551.7298050681208,541.1924761730429,546.0467512820113,19549708
2020-03-06,537.4747924804688,540.316319210145,521.4201548955959,532.786261814301,23053566
2020-03-09,524.40380859375,529.6606217571953,504.3710209743091,525.6824725647729,34420590
2020-03-11,527.4820556640625,530.4182765706771,517.1578196564101,523.3144603666055,35538240
2020-03-12,483.6752624511719,511.4748748564138,475.2217309428317,509.1069356209674,59000770
2020-03-13,506.644287109375,512.1615391176439,435.32194208226394,464.1397501718514,66342364
2020-03-16,473.35101318359375,491.1105559493614,471.2198680517016,490.1633803351871,31986322
2020-03-17,461.79547119140625,478.3236976526971,452.1342970177646,477.37652201378086,42676838
2020-03-18,415.2891845703125,470.2727207173597,409.6534777648702,466.4840180328291,61181406
2020-03-19,424.1215515136719,435.67710547774163,376.502303667405,401.12886944187676,67220048
2020-03-20,418.1069641113281,433.1433762737958,390.4968020476459,414.3893115640694,88637464
2020-03-23,365.39666748046875,397.2217739590976,362.294673119177,376.31286067374276,50276954
2020-03-24,363.5733642578125,383.6061226600706,349.86299150015697,376.62070252521124,61057272
2020-03-25,405.746337890625,410.8137330098405,357.6771773468276,364.8757175147829,47228042
2020-03-26,426.75,444.08333265034827,398.2873817820586,412.06877665250437,57043156
2020-03-27,428.3365478515625,468.21265163955553,413.0159631623789,447.5168562753047,55235936
2020-03-30,393.85931396484375,420.0723877005265,392.13070689519276,416.75727302870723,39268444
2020-03-31,408.18536376953125,413.7263182768991,396.8666030278932,404.3492849888451,35211092
2020-04-01,392.9121398925781,409.10881994288405,388.3420059433593,409.10881994288405,29103504
2020-04-03,385.4294128417969,399.70809632853104,383.60611140534377,399.2345085366726,34996280
2020-04-07,424.38201904296875,429.68620822188024,400.3474380216403,413.9157401505629,60412638
2020-04-08,420.9721984863281,447.54046196793706,410.17437373984075,416.7335819807689,56219352
2020-04-09,438.0923767089844,440.86288260703225,421.4931305509712,432.38564965509744,44457146
2020-04-13,424.0268249511719,448.3455758120512,419.6935139266889,442.33100497402285,34158056
2020-04-15,408.848388671875,440.67349824915425,399.23456101454815,440.67349824915425,57978752
2020-04-16,416.63885498046875,421.8246470213436,405.5095420028717,409.65343513282806,53854396
2020-04-17,431.1069641113281,435.7007715050366,420.1907712150475,433.33283252946575,55883462
2020-04-20,447.4694519042969,455.0942333496393,442.8046233171163,450.38202863591187,66232986
2020-04-21,436.48223876953125,442.33103695724475,430.0177532732101,438.06874645123276,33178006
2020-04-22,439.77362060546875,441.85741849282465,429.6862062216211,435.29823900880433,38289354
2020-04-23,452.252685546875,453.93391649352765,432.1725508137539,442.8046029436081,40901222
2020-04-24,444.2490234375,453.88655236824343,438.54229631301587,441.8574108639782,33284568
2020-04-27,440.2945861816406,453.4129741043949,438.684376089416,447.61152351828474,27421072
2020-04-28,441.0997009277344,446.9721724701217,436.6479639199274,446.9721724701217,29441436
2020-04-29,462.74261474609375,470.1306015606987,442.3783399213504,442.804580491512,55877778
2020-04-30,474.4402770996094,482.5859934672033,469.84646941798604,474.2508593129951,43793134
2020-05-04,437.1215515136719,454.64430059926866,434.51681854148853,453.4603310664581,26722324
2020-05-05,431.651611328125,447.06688862405014,430.04140122638694,444.22536178957523,29672858
2020-05-06,448.2035217285156,449.9084263081122,428.9048181789834,435.22720397595276,33785846
2020-05-07,438.0686950683594,446.73534563293526,436.3400881148069,445.40930563436973,21831730
2020-05-08,439.9867858886719,447.0432564098975,438.16348422991985,446.11975432207817,20807484
2020-05-11,433.71173095703125,451.8027919285637,432.85927864015434,443.7517987809897,28550784
2020-05-12,426.96307373046875,430.6807552900282,412.54231949267944,426.7026062225327,49568418
2020-05-13,439.3237609863281,454.64431568712365,436.69532541185623,450.3820252275569,44346966
2020-05-14,423.24542236328125,431.43848551680225,421.4931417233304,425.28184412084346,39554890
2020-05-15,420.6170349121094,422.6297831519755,414.38934350185036,421.7299547295974,24349628
2020-05-18,396.2272644042969,420.5459875978959,393.6935522032802,420.5459875978959,46649964
2020-05-19,393.3857421875,410.7427187976263,391.23089443858925,407.6880715158529,47460692
2020-05-20,405.9120788574219,409.1798461352874,394.1197603572423,396.1325084429772,40014306
2020-05-21,407.0724182128906,418.65164657168174,403.63890640560027,407.97224666252146,48478908
2020-05-22,397.26910400390625,412.16344570269695,394.5223006173569,402.54961939702196,42047432
2020-05-26,403.686279296875,412.8501922779216,401.9576721489945,405.8647717604575,38005152
2020-05-27,427.9576416015625,430.87018932741387,405.93580815185277,407.23817464619043,56025754
2020-05-28,447.6589050292969,449.908447265625,432.83561144259414,435.7008120888158,75488806
2020-05-29,450.68988037109375,452.2763880759633,437.334697476126,447.0669218258737,53025166
2020-06-01,467.739013671875,471.21987252480557,457.53317320786255,461.7481162931512,39190230
2020-06-02,474.0614318847656,475.9557832609285,461.84287128961654,467.28913149608485,41623594
2020-06-03,484.1251220703125,495.49122911818483,480.90473085451634,483.05954953457444,50546088
2020-06-04,474.39288330078125,492.03399913682466,469.3728355075351,486.8719386021985,54275882
2020-06-05,489.3819274902344,493.6679200813478,474.91382639752493,475.0558969523371,35195984
2020-06-08,481.1178894042969,505.152471843992,476.6188050067185,502.0031012034842,49812664
2020-06-09,467.5732421875,486.25628719919104,463.9029366352295,483.05956946011673,61844146
2020-06-10,469.72808837890625,473.51679110565817,463.26363169469056,468.85196243554805,36497730
2020-06-11,458.7171936035156,468.0942564370716,457.0122888549651,466.4840461369333,30897714
2020-06-12,465.41845703125,467.26546119830897,439.4895223861613,439.4895223861613,42644876
2020-06-15,449.83734130859375,461.27449775875635,446.59327657752283,458.4329710785176,32009936
2020-06-16,469.0413818359375,470.72261279198466,450.85559824373564,461.748117949204,45399970
2020-06-17,463.7608642578125,473.0668763129085,460.9193373897534,468.37834541840857,36957838
2020-06-18,483.035888671875,485.38015409345786,460.32734758550146,464.11605003476484,40870126
2020-06-19,489.3819274902344,493.9520611909721,479.34188954345046,482.08869292333486,47877752
2020-06-22,487.2035217285156,495.3492099758994,484.8592559886714,492.2708888179549,29694474
2020-06-23,493.6205749511719,494.8992388553897,481.42566049492433,492.0577121251195,28830512
2020-06-24,488.97943115234375,500.81912682189204,487.81916410113365,496.5568363808547,39429246
2020-06-25,487.2035217285156,496.79367610518875,476.90298554616305,483.9594563781165,70646790
2020-06-26,500.32183837890625,503.4238617805108,486.8482877802117,493.0049295517514,39969138
2020-06-29,509.60418701171875,512.706152486314,491.11055987281685,491.11055987281685,46005956
2020-06-30,504.7735900878906,510.7881903709314,500.25086088112084,508.63334256433905,35746130
2020-07-01,513.6532592773438,519.0521711600045,502.61869944932215,504.77348901342947,34846718
2020-07-02,515.926513671875,526.2743945927806,513.9374104072832,516.3527542150736,36954496
2020-07-03,508.6095886230469,518.9575281785096,506.738939959749,517.6314592299118,27597254
2020-07-06,522.3673095703125,530.3709544341806,520.9465462623243,524.7115459040901,35558216
2020-07-07,523.3856811523438,526.4876472220212,517.6552791036895,525.3984297346702,24349850
2020-07-08,525.8482666015625,532.7389930603082,523.3145831233048,524.261758839365,30056350
2020-07-09,532.7626342773438,535.0121765882539,524.3801523695173,529.471221809998,20114484
2020-07-10,523.3619384765625,530.418409233027,520.7335605102779,529.4238862779189,17562978
2020-07-13,511.59326171875,527.1032634047384,507.35467369538213,525.6351526699472,29922114
2020-07-14,501.4584045410156,506.21798480933654,497.2671642899165,503.23435869919393,26612674
2020-07-15,498.759033203125,511.0012670090253,497.3145672016317,506.8336709933505,20974394
2020-07-16,503.2107238769531,504.60778471774654,489.73711671243143,498.99578102991984,23662456
2020-07-17,520.2124633789062,522.8408986295719,501.19796064222527,501.5531514700986,28405738
2020-07-20,536.5986938476562,545.9994003595516,532.3837507560095,537.5221669572308,65124096
2020-07-21,539.2034912109375,548.3910496179376,537.0486432832329,545.5969274404998,47512422
2020-07-22,533.4255981445312,542.0212281345551,529.2580602600719,539.1797013815561,24718012
2020-07-23,535.3436889648438,541.7371246026141,528.6424096786076,532.7863031475329,20149122
2020-07-24,529.9920043945312,531.7916608498542,521.5384751785814,531.7916608498542,19598440
2020-07-27,511.2380065917969,522.3673193800389,509.27260574996956,520.8755063164347,37970094
2020-07-28,514.6242065429688,518.2945120793429,501.7662859081783,511.00124822550674,35596450
2020-07-29,504.1815490722656,515.5003088020081,499.89561426446784,511.9484003812318,33592086
2020-07-30,497.5750427246094,513.2034404101939,495.7043361938187,508.6333064944797,26956266
2020-07-31,489.12152099609375,500.9138114020133,483.08324741798464,500.9138114020133,37726696
2020-08-03,474.5350036621094,486.3509968464558,470.27271321005446,485.8774090184497,31783542
2020-08-04,493.3127746582031,502.50039012196834,475.0085934673722,477.3765326172594,60306168
2020-08-05,486.6351623535156,500.01401757537576,483.0595513733578,496.29630713217466,33221360
2020-08-06,492.86279296875,499.63512153192795,486.0194724854418,491.1105412593453,33646888
2020-08-07,494.3546142578125,495.9411218281457,483.3436978902163,490.09232405100107,24836784
2020-08-10,497.5750427246094,503.89742840793895,494.3309777975313,494.4256722348574,22172854
2020-08-11,505.15252685546875,507.21262258387134,496.55689521866395,496.55689521866395,20136148
2020-08-12,503.75537109375,504.8446462692065,496.3200650001205,504.371058420924,20666432
2020-08-13,501.55316162109375,507.3782566295072,500.3454896574793,505.768046615024,19892740
2020-08-14,489.90289306640625,504.7972645640739,486.51678643130293,504.7972645640739,20924512
2020-08-17,489.09783935546875,495.84646604229073,483.1543177737902,495.84646604229073,19561012
2020-08-18,500.3454895019531,502.78447813082306,484.00671109417516,486.84823777378875,24040824
2020-08-19,505.12872314453125,506.6442387528146,500.2271011006814,504.37099424589417,17715624
2020-08-20,501.52947998046875,506.24165546400184,498.2143653819199,499.61142626690406,19216734
2020-08-21,514.150634765625,515.6424479794565,504.1815879057319,504.56048129086855,28924302
2020-08-24,529.0213623046875,531.8154845363902,514.1506913715862,514.3164355667011,36779740
2020-08-25,530.2761840820312,533.7333978044568,523.8827494144534,529.9446957792255,27601738
2020-08-26,529.6842651367188,535.983006159888,525.445677344286,530.8919371815633,25190062
2020-08-27,526.677001953125,535.1068882558171,523.906524774149,533.1651897600997,20645996
2020-08-28,527.8135986328125,532.7862704907259,518.5786366109733,526.6059266286294,38696610
2020-08-31,528.4530029296875,544.0577576301962,521.2781352761166,534.917488792034,38501166
2020-09-01,533.8756103515625,541.5950576766639,524.7353416550061,534.2070987245911,28877884
2020-09-02,537.11962890625,539.4165182338052,530.7498381439231,532.3600482680174,19761682
2020-09-03,535.5804443359375,542.7079059029746,534.2070281800104,538.5877152462028,19833362
2020-09-04,530.0868530273438,532.9757270743686,523.0303831737506,525.6824633183799,23661370
2020-09-07,525.9193115234375,530.1816022066531,520.4730512059954,528.6661441992501,17615466
2020-09-08,526.8427734375,529.8501024928822,522.3673914403189,527.5768577194156,14624918
2020-09-09,519.2890014648438,525.6824365033987,516.8026656165168,521.4201464776954,15728872
2020-09-10,516.47119140625,523.2434621677486,513.369168233938,522.3673363118392,15188088
2020-09-11,510.8354797363281,523.2434566732622,507.21252159133104,519.2653076868147,20794730
2020-09-14,501.03216552734375,518.1050280117313,498.3800855384798,515.2635013498754,21650590
2020-09-15,506.97576904296875,509.6515518289854,501.10326842319205,505.7917994749095,16505110
2020-09-16,517.9393310546875,519.0522508698061,505.9575360808241,506.83366198587436,18710112
2020-09-17,513.1797485351562,518.1050734094782,510.52766831390994,513.3691952247481,18318686
2020-09-18,500.7244567871094,517.2526264985989,495.94117325465527,517.1579320530325,23481778
2020-09-21,496.93572998046875,507.37830687889436,493.2417218055749,499.63515746988145,19842878
2020-09-22,490.352783203125,501.1269048516,487.5586038287918,499.18520657825195,18620678
2020-09-23,495.96484375,499.63514934948677,489.8555493189743,495.37285897588924,16079828
2020-09-24,487.98492431640625,495.8464709371609,485.42753840553,491.5841803560392,19809510
2020-09-25,494.4256896972656,498.19068978463525,485.7353646637358,497.26721664954874,20321544
2020-09-28,499.25628662109375,501.5295314176484,493.7863816590977,496.7699504171819,16152422
2020-09-29,503.2107238769531,506.6915825331234,497.7407618379649,501.05587633165254,12644446
2020-09-30,510.8117980957031,514.7426000261162,498.2143739663606,502.0030764299831,18813842
2020-10-01,524.238037109375,525.6825031478362,516.2580935562258,516.2580935562258,21203080
2020-10-05,527.7425537109375,536.1013899485746,526.156046142108,526.629633942416,16940126
2020-10-06,541.831787109375,543.6787910802993,533.3545539789349,537.5458522321513,19371990
2020-10-07,550.4274291992188,551.6587459363651,538.7534781835764,542.210692302306,21248778
2020-10-08,564.4219360351562,569.7260960158046,550.948329086166,558.8335771393595,35060674
2020-10-09,584.1942749023438,585.8281297469175,564.350933803847,568.7789683314858,44972388
2020-10-12,574.7698364257812,588.5512296372209,570.9574315684628,583.247069481048,19220546
2020-10-13,567.5712890625,578.9373965283816,565.9374342386844,574.6514615247294,18353952
2020-10-14,573.7515869140625,575.0776558026911,556.7024270883041,566.1978850601087,22582918
2020-10-15,553.7425537109375,576.3563719189317,551.2562176775979,575.0303029100788,28246896
2020-10-16,567.99755859375,569.9629596720636,555.5185306982389,558.8336455446905,25822848
2020-10-19,569.986572265625,584.8808842087241,564.8007516016243,584.8808842087241,42359556
2020-10-20,579.6478271484375,581.2817399211143,571.0996011238872,571.8573301233379,27411978
2020-10-21,590.421875,592.4583256225468,578.5821802433544,582.7971231389221,35640752
2020-10-22,584.0758666992188,591.9847599679864,579.1978891526778,587.2251793734391,21913060
2020-10-23,585.2598266601562,591.250666084375,583.0812765302468,588.9064295975948,15866230
2020-10-26,573.467529296875,588.1960996171958,570.4839027686133,582.4183510706442,19571976
2020-10-27,583.9811401367188,585.3545564024548,567.2871691713575,580.6186781144091,24317780
2020-10-28,572.8517456054688,583.4601230411454,569.0156962937793,581.5657719923105,16571186
2020-10-29,562.2434692382812,570.4128596049055,558.1232780908251,568.5895579548477,23060024
2020-10-30,560.5148315429688,567.9738389635191,557.1049648926842,560.0412437702354,11522716
2020-11-02,575.5277099609375,580.1451921021588,557.6497662859526,565.629711039602,21926080
2020-11-03,591.013916015625,592.3399850790447,580.3818922361537,580.8317775553417,28164230
2020-11-04,595.4893798828125,598.9939415687415,582.5130611057333,592.9319939059985,23404822
2020-11-05,601.0775756835938,604.2979956500186,593.0976333063729,599.5621179411627,21433928
2020-11-06,619.287109375,620.4000291628225,599.3253716836275,599.6805625400184,35705724
2020-11-09,634.8681640625,637.4254919967238,622.8626667877825,622.8626667877825,26288440
2020-11-10,660.015625,660.6549569445187,640.0775909081772,642.6586211997935,41517356
2020-11-11,658.2633056640625,670.0320081381958,649.0520465517408,662.9755387185547,36116194
2020-11-12,649.6204223632812,657.6004237819327,644.0794677139719,652.3199077601627,27053948
2020-11-13,643.5111694335938,648.2470477549742,637.9228098899588,648.2470477549742,22472480
2020-11-14,648.6731567382812,651.1594925740694,646.5420117361771,647.7733862084215,1835066
2020-11-17,667.0247192382812,668.9901201865498,653.8353104626648,656.2980017294028,31059900
2020-11-18,667.1431884765625,672.0211665093885,662.5731119228285,664.4437608264075,18862776
2020-11-19,650.8753662109375,662.7624081519232,647.8680953131696,658.14492720945,20266882
2020-11-20,664.7515869140625,667.0011291667048,646.4711077495306,650.070363791555,20405362
2020-11-23,660.465576171875,674.2233257581156,651.349010444153,670.126779466313,25246636
2020-11-24,681.1139526367188,684.334372809639,663.9937998702551,666.8116241633022,40154400
2020-11-25,664.3489990234375,693.5219963829492,661.6021666174429,687.3180076712156,24152602
2020-11-26,675.6441040039062,678.1777873875996,656.8663345716484,670.1267941015735,27943126
2020-11-27,682.3690795898438,684.8080687135101,670.3873410133493,678.0831439985461,17994580
2020-12-01,678.7933959960938,686.2287011031041,675.0993881452553,682.3689490895632,17147574
2020-12-02,666.3143920898438,678.0830962284707,660.5603460504777,677.7042028299456,17892150
2020-12-03,652.22509765625,678.1777323249325,650.7333423290647,676.7569689192239,37933222
2020-12-04,656.2033081054688,663.7096639052261,650.3782122840587,654.0248155752419,26912322
2020-12-07,649.8809204101562,653.5275236928608,643.17964084008,651.1832869841245,24316318
2020-12-08,651.7989501953125,657.7187980398132,646.5184343558151,651.1832628950788,19457896
2020-12-09,666.4326782226562,667.7824495985499,651.2068778623737,652.1303508775582,22069074
2020-12-10,656.3216552734375,663.9701099711853,651.5384299521099,662.0757587301833,19727966
2020-12-11,654.8773193359375,660.6550681335584,650.2361351594091,658.3108313387821,21356384
2020-12-14,649.83349609375,657.3398509855255,647.8680952076361,654.9719120410531,17222050
2020-12-15,658.9027099609375,660.6312591314887,646.9209158475564,653.9300382066189,21561436
2020-12-16,668.0903930664062,670.9793253567364,660.4182926051539,664.9173774239054,16832092
2020-12-17,682.8189697265625,684.334427687693,665.1541201988684,671.8316971698117,21924478
2020-12-18,668.3981323242188,681.8243349393504,666.0065486123938,679.5984953959074,22995918
2020-12-21,650.0702514648438,674.3179216949129,647.2523696013045,671.3106509758467,23761824
2020-12-22,650.283447265625,655.8244596437975,636.9756406113383,655.8244596437975,22851558
2020-12-23,651.4911499023438,654.0011308688444,644.576778722014,647.6313972886575,15467394
2020-12-24,661.6495971679688,664.9173650112106,652.1304926071488,658.0029937178846,14952188
2020-12-28,669.1085205078125,672.9682726910083,664.9172799846416,665.3908677908984,11699194
2020-12-29,675.904541015625,679.48015232617,672.4947316976208,672.9920220532118,14495346
2020-12-30,678.4146118164062,681.9191735548343,669.1796485141934,681.9191735548343,16216726
2020-12-31,680.2142944335938,683.8608979812462,674.8864307893492,679.5986070658506,22145750
2021-01-01,674.8863525390625,683.3872308658292,672.7788520330828,681.9664673920958,8810938
2021-01-04,670.6004028320312,681.0193356443933,662.549409295206,681.0193356443933,15740192
2021-01-05,675.667724609375,677.5857784188031,667.2852432584963,672.1158159334071,14386824
2021-01-06,672.7551879882812,681.9664477871121,669.2269241099976,679.5985087322957,22134050
2021-01-07,670.7188110351562,678.4619610337114,668.9665590663031,678.4146138096108,19894842
2021-01-08,678.0120239257812,682.9136463718647,673.962824881487,678.1777681029891,13768764
2021-01-11,687.3889770507812,693.7587675349387,680.2141682562502,686.7022978773078,17331392
2021-01-12,701.3836059570312,704.5566214281087,686.2761419775225,687.8626497130612,20388156
2021-01-13,696.48193359375,708.9136137714456,692.4327346400382,707.019262506273,16934650
2021-01-14,695.5820922851562,704.6986575797872,689.5438477393617,696.7187145853906,12297166
2021-01-15,694.5875854492188,696.9555245413233,684.3343976182036,695.7478524799448,14165236
2021-01-18,702.3780517578125,711.731410769727,694.7532997710615,696.1267159476713,42825632
2021-01-19,712.2050170898438,715.8990251352752,694.7533178392471,706.4983186612751,17360254
2021-01-20,706.593017578125,710.8553078986365,703.751490697784,710.8553078986365,13346052
2021-01-21,698.4473876953125,707.7059955211522,695.2980169153192,706.5930756304524,26333054
2021-01-22,683.647705078125,695.1795566696569,682.0374949646825,695.1795566696569,15392364
2021-01-25,692.7879638671875,701.3835947711163,689.1413606041951,693.853536512856,20344718
2021-01-27,667.5693359375,697.0738783221417,665.9354811895471,695.2268743824932,23556276
2021-01-28,649.5020141601562,663.6386573049136,635.5548755229009,658.2397444156159,42704446
2021-01-29,658.52392578125,667.1669043109213,646.2106413006226,658.9264639039899,28704502
2021-02-01,699.370849609375,702.0939797162,663.496570375984,667.8772579391374,26370544
2021-02-02,739.0574340820312,747.5583116187343,709.1503541772746,710.8552586250999,42420206
2021-02-03,745.8060913085938,749.0738008830458,730.2723883286894,747.7951369461741,20237254
2021-02-04,747.842529296875,752.0574725376579,730.9591116288991,741.6385402984712,24484684
2021-02-05,756.6038208007812,766.3834199558067,733.1138786291295,733.1138786291295,27054716
2021-02-08,760.226806640625,772.7295359697247,755.7040200816045,767.2122266050849,17447580
2021-02-09,763.3526000976562,771.0010557944302,751.4418535518959,762.4764740964574,18421366
2021-02-10,749.0974731445312,764.7732171448926,742.1120533696732,761.6948965661414,19788006
2021-02-11,744.6458129882812,756.698657949199,740.7860606113193,749.2159471102909,13648618
2021-02-12,749.1923217773438,754.1886970233193,744.9537333862991,745.3799740394425,9910106
2021-02-15,765.6019897460938,769.5801386403439,756.177581409158,757.7877914152841,10355244
2021-02-16,770.361572265625,777.1575453320123,761.7422400012975,767.7804841834933,13897358
2021-02-17,751.34716796875,768.064843175917,749.689610396805,767.2123618716514,12794426
2021-02-18,736.0975341796875,760.5582975853896,733.1139079415677,760.5582975853896,14720560
2021-02-19,728.8990478515625,740.7860913158588,726.0101735308317,731.6932277267678,17139508
2021-02-22,733.114013671875,745.379950915023,729.0648143091637,731.7169525971016,29451838
2021-02-23,724.1868286132812,737.7077262268455,721.1085077743629,735.8370774568311,18239906
2021-02-24,760.795166015625,764.3470748323017,718.0775657714667,722.931841154258,14314332
2021-02-25,760.7715454101562,774.9081313861508,758.687747276158,762.35805316966,20109570
2021-02-26,726.6731567382812,752.4836927211386,720.3270684390092,751.6075668233725,27912846
2021-03-01,738.2760620117188,744.7405472981088,729.6567290261943,740.6913483244873,13536018
2021-03-02,742.680419921875,751.8206882642336,734.5347322820953,746.2323286853281,16110038
2021-03-03,751.5128173828125,755.8461574794367,741.1649351223799,750.1631036638017,11222410
2021-03-04,735.0320434570312,744.0065100625322,728.8990461317771,733.3744859871274,16291438
2021-03-05,724.58935546875,731.9773138054445,720.3744123616639,725.0629432827818,17445822
2021-03-08,719.6166381835938,736.429004524836,716.3015236937714,730.2723633294515,15117050
2021-03-09,739.98095703125,741.4964149068451,728.496452578125,731.6931703125,15066696
2021-03-10,736.7842407226562,745.9008061309231,735.0793361565595,744.4800426906737,11055016
2021-03-12,734.9845581054688,757.7404748656829,726.9809705885083,757.7404748656829,15631204
2021-03-15,723.9500122070312,733.303371388489,717.6276265503748,733.303371388489,12230386
2021-03-16,716.1358032226562,729.5146585706096,715.1175778906098,725.0155744712979,13722366
2021-03-17,708.1795043945312,728.8516234041614,705.7405156649922,721.8662033617888,21064428
2021-03-18,706.119384765625,720.8243085586888,701.4545566632114,715.9463312672258,18065540
2021-03-19,709.19775390625,715.6858838559789,698.0921427541265,703.2779062108723,21235020
2021-03-22,695.7716064453125,707.9664936714229,691.6277127277023,707.9664936714229,14015632
2021-03-23,710.4528198242188,713.9099764186892,695.7478940590526,696.1741346833069,19761428
2021-03-24,700.3416748046875,713.4363314696999,696.6476667715011,706.0720757291848,16368900
2021-03-25,693.0247192382812,708.2742816057414,686.8207304085842,705.7405405403921,23964356
2021-03-26,706.2615966796875,709.9082000666299,698.0685036012092,707.5402607735458,12021258
2021-03-30,735.8134155273438,740.0047142264807,711.1158555293341,713.5311419893512,25607644
2021-03-31,707.3744506835938,733.1139368392285,704.698667969491,733.1139368392285,30774506
2021-04-01,704.106689453125,710.0975869218903,693.8061543963869,710.0975869218903,35763762
2021-04-05,686.5128784179688,703.2778984689253,677.704156706419,700.9099594168414,16006586
2021-04-06,682.0848999023438,692.6932792880586,678.4856438101414,691.4382599253059,15075734
2021-04-07,685.376220703125,689.8753046696546,673.2287402423026,681.6349234429235,25088180
2021-04-08,678.5567016601562,691.8645088213298,677.467426469423,688.123153205223,17613592
2021-04-09,673.323486328125,678.5566548887363,670.1741157477531,675.3362345728195,28157816
2021-04-12,647.4183349609375,662.5494446138067,640.7644021175701,659.7079173316889,22549128
2021-04-13,663.1886596679688,666.0775336661652,644.5529914266166,647.8681060041231,18600682
2021-04-15,677.2778930664062,680.4035609465851,658.7606218714734,665.3908509916752,34444984
2021-04-16,676.5912475585938,684.3343968185246,674.1522587343736,679.5748161245511,15606526
2021-04-19,668.8954467773438,671.4054275301584,649.9045868073125,658.2870680749406,24069242
2021-04-20,658.9501953125,675.5257713016191,655.4219308796319,674.8627366998501,23186270
2021-04-22,673.6786499023438,675.7151005800558,649.3125805575211,653.551168270815,38485312
2021-04-23,669.7241821289062,679.4090292715103,663.1175977980581,667.285193457898,22713528
2021-04-26,665.296142578125,676.7569438349715,664.3252644958056,669.1795392853847,30170952
2021-04-27,681.3507690429688,682.9136319631285,665.2961882990259,666.4564553260143,20592906
2021-04-28,699.39453125,700.4364013527586,677.7041854873546,680.1905215976332,24103940
2021-04-29,697.3580322265625,712.1103036895167,691.9117725521276,703.8461619317026,24078552
2021-04-30,668.84814453125,688.5020403312811,666.5748997239481,684.3344441215665,35232902
2021-05-03,669.8662109375,673.3944745779464,652.2724711950027,659.7077762015139,22473700
2021-05-04,657.505615234375,673.9154441830442,655.1140315140075,667.7351002247756,21486328
2021-05-05,664.2543334960938,667.5694485790882,654.3563354718063,663.4966044678988,14421612
2021-05-06,663.44921875,668.1377499432683,660.6550389228186,666.6222341637894,11477044
2021-05-07,670.0083618164062,674.8389344089317,667.8772166471722,669.1558806243075,12048334
2021-05-10,672.4236450195312,677.2305728857831,669.0848856230303,675.8098094461626,11060050
2021-05-11,664.7041625976562,674.4837041655442,660.6786664019221,661.1285516758652,14519034
2021-05-12,662.7861328125,667.0957702739445,657.7424111292165,662.9045297636991,13774926
2021-05-14,656.7953491210938,662.5021062803537,654.6642036309003,660.3472582714162,10604142
2021-05-17,682.0848999023438,683.1978197859106,654.166919312643,660.7260994627449,15120692
2021-05-18,699.3471069335938,702.2123363536926,689.0702744188992,690.9409231735007,22165280
2021-05-19,690.5858154296875,700.3654165997244,687.9100901877404,696.2688699233435,10130916
2021-05-20,678.5567016601562,694.232448095952,676.5202507595741,690.6568366668654,10684184
2021-05-21,709.1030883789062,711.2815808574237,683.3872458173004,683.3872458173004,19341646
2021-05-24,715.0938720703125,720.066543946563,709.6713149106149,711.9208569498711,22146102
2021-05-25,700.41259765625,716.8934749022702,696.4108041907768,715.354314675395,19236974
2021-05-26,699.5128784179688,704.2250538719275,696.1740613259808,700.9099392941847,12283990
2021-05-27,702.1650390625,705.172310355068,692.5985297827585,697.6422519596574,20439496
2021-05-28,712.015625,716.5384120604125,700.3180283108625,706.0721322104973,17750020
2021-05-31,717.8881225585938,719.6167297533075,704.4619187285587,710.3817667851011,15661054
2021-06-01,715.9226684570312,723.168585066384,713.8152258292779,719.9955698673149,11030162
2021-06-02,712.276123046875,715.2123445786457,707.0666567213992,715.1176501334982,10624016
2021-06-03,720.1138916015625,722.1976314967843,704.5801899489626,714.1703420890846,10287260
2021-06-04,710.8316650390625,720.1613804324387,710.0028862960756,717.959185353156,9424476
2021-06-07,710.3106689453125,717.0119480537238,708.4873674295712,715.1175968039121,8091668
2021-06-08,702.3544311523438,710.9974087636919,701.6203469157421,708.7478666456698,9872540
2021-06-09,701.0520629882812,711.3288954100806,697.1449635294709,702.7569675535597,10223442
2021-06-10,701.4072875976562,705.1722877692647,697.9027260492259,701.9045201388227,11483540
2021-06-11,703.9172973632812,708.7479281753265,701.4073164160874,706.1194924532565,7205974
2021-06-14,700.6494750976562,703.7514984338662,692.645887212192,700.0811928397461,8881964
2021-06-15,705.7642211914062,708.4873510500545,698.447312782573,703.751473035014,7569602
2021-06-16,703.0884399414062,707.540176846552,700.0101192255411,704.6986500319072,7702098
2021-06-17,694.3271484375,700.3180464153616,691.4382740601372,694.279801213809,9283802
2021-06-18,700.8152465820312,705.6458189970701,689.0702460676088,695.9372691383855,11938060
2021-06-21,705.0302124023438,706.4983809928871,690.9646763172761,692.0775962076742,7260472
2021-06-22,702.7095947265625,714.1703962636843,700.9099379776212,708.9609305084452,14366824
2021-06-23,703.5146484375,709.3398012662327,700.2468811875038,705.645793451279,7844868
2021-06-24,713.3417358398438,716.7515454112346,704.6987571317428,705.6459328805757,14785024
2021-06-25,717.5328979492188,720.8006654850395,713.6968481510871,715.6385466601647,10383176
2021-06-28,714.336181640625,721.2742548134761,712.749673994932,719.8534913437187,9356786
2021-06-29,714.4313354492188,717.3564596471477,709.722512551715,716.7857178673613,10971692
2021-06-30,712.4574584960938,717.7370233979096,710.6500126812062,712.5050106362283,9679022
2021-07-01,707.154052734375,714.4075246053683,705.3704121103602,714.4075246053683,16911442
2021-07-02,704.1338500976562,708.3432308594965,702.5166707936722,706.3217712448228,14827036
2021-07-05,711.2921142578125,715.5966570879147,706.107711679034,708.6761078676606,7373882
2021-07-06,729.9608764648438,732.4817785375456,711.5537277221872,712.029365240718,17669032
2021-07-07,732.243896484375,735.0263641150248,726.6313510263612,729.6278903585783,9629190
2021-07-08,723.18310546875,731.3878533854578,719.853642546028,725.3472795930096,8420922
2021-07-09,714.4075317382812,721.0664568010882,712.2671629680933,719.4255306350982,10695842
2021-07-12,707.27294921875,714.4075115847763,705.8460367455447,714.4075115847763,14458978
2021-07-13,714.336181640625,716.3576410548972,705.8936158516059,711.601265962492,18178142
2021-07-14,713.052001953125,716.95220640485,709.2230966806467,712.2671884304233,9788494
2021-07-15,723.302001953125,726.1796323666229,713.2898663223192,715.8345156127509,10438802
2021-07-16,724.0867309570312,727.701564317052,722.3982526817174,726.7502893243508,5170628
2021-07-19,699.662841796875,708.152960521866,697.284654027341,707.2730426593835,25111600
2021-07-20,686.416259765625,691.5769149534121,683.0867973139923,685.8692650363275,24174250
2021-07-22,689.0560302734375,698.4736760969855,687.2961947294137,692.5757594227039,13207114
2021-07-23,686.2260131835938,693.217861311592,682.6825369811414,690.3878413695973,13126684
2021-07-26,682.3258056640625,686.8205568594655,679.2579089216915,680.161631792961,13167166
2021-07-27,684.799072265625,689.6268043734378,683.0629838249257,683.0629838249257,22401430
2021-07-28,674.1209716796875,684.2995665183366,667.7949704586925,682.5635362990904,20670342
2021-07-29,674.5728759765625,680.1378114327916,672.2184936053619,679.3292509173456,13702230
2021-07-30,678.4730834960938,680.9939854514296,669.6737898129428,674.9296073725011,11655488
2021-08-02,676.6657104492188,682.5398220441142,673.6216187944088,682.5398220441142,13258786
2021-08-03,682.3970947265625,684.8704445513364,670.6488717578449,670.6488717578449,12033120
2021-08-04,696.95166015625,701.3275019831323,684.9180080404954,685.393645546079,22053948
2021-08-05,706.2503051757812,716.8094921374355,693.1940794890436,697.8077398506728,18822408
2021-08-06,709.9603881835938,713.4563125026119,701.0897364192333,705.632098166656,13339270
2021-08-09,715.311279296875,716.9522055194989,702.0409808514629,709.6511811858961,10998048
2021-08-10,717.094970703125,722.8501735007229,708.2243186988494,708.2243186988494,14838346
2021-08-11,711.0542602539062,722.4220081617676,709.1993204454371,720.5432632537157,12585786
2021-08-12,714.1221313476562,717.0710605291638,708.3669293933626,712.0293148021268,8597674
2021-08-13,725.91796875,728.2010520986385,713.9319263227017,714.027030603386,16658428
2021-08-16,728.0107421875,730.1035587891065,723.6586474723767,725.8941785477451,6252778
2021-08-17,720.42431640625,724.8715152055369,715.977117606963,721.6371571363015,8282666
2021-08-18,719.6395263671875,744.5391374947473,717.4278004141593,740.4248615711514,22985932
2021-08-20,720.471923828125,722.8739164966347,706.8211504103504,706.8211504103504,13150406
2021-08-23,725.1569213867188,729.2236452390042,717.570526480986,727.6540182634369,10843054
2021-08-24,741.447509765625,744.1348732691891,726.5124805626797,727.725379419533,18381314
2021-08-25,740.7578735351562,744.2776027396884,736.2868693056814,738.2369714945701,7727974
2021-08-26,739.5211791992188,747.226483172308,734.1226473371297,737.2380960643395,11119002
2021-08-27,736.5008544921875,741.35239176859,734.9788377356009,738.189390820678,6382138
2021-08-30,745.9185180664062,746.750883701105,737.9991419868863,739.9016920090548,9049166
2021-08-31,752.1732177734375,753.1006877524478,743.040942163784,743.6592941906064,12062576
2021-09-01,751.0791625976562,760.0687229354822,748.8912417158429,749.1290604651969,12422558
2021-09-02,755.7880249023438,757.2149374729586,747.3454588595391,748.701014189379,9618524
2021-09-03,749.6285400390625,760.0687604261853,745.9423492422521,754.4086623001291,10735334
2021-09-06,744.7056274414062,751.959099481168,742.9219867758911,751.4834619703639,7876896
2021-09-07,746.3941650390625,752.4585433116437,739.7114347769459,743.1836118359313,7245496
2021-09-08,749.7950439453125,751.7451462842004,744.6581351910099,747.6784220152754,6724080
2021-09-09,746.0850219726562,751.2456775887658,742.47018833739,748.6534762607636,8250948
2021-09-13,739.8779907226562,753.4098553676172,738.9742677939986,742.9458295986225,8959164
2021-09-14,736.5484619140625,744.1348566916412,735.6209339673617,741.9944879763249,9758506
2021-09-15,735.716064453125,739.5211642267409,730.1035190625556,730.1035190625556,14822998
2021-09-16,741.970703125,744.0397727219095,730.7219225742858,731.411573732443,10260550
2021-09-17,752.5299072265625,755.788012597511,741.6139914023458,746.2752622816204,20498102
2021-09-20,741.9231567382812,752.3158246968031,741.04323895895,743.8970640127071,8781610
2021-09-21,738.1655883789062,746.1087693954601,727.2259259755568,742.9457684361612,14774996
2021-09-22,729.4852905273438,737.3095630971538,727.7254548088318,736.7625682999219,10582202
2021-09-23,746.7509765625,747.7022516918789,733.4331247511942,733.4331247511942,13664304
2021-09-24,761.7572021484375,764.8012354628914,749.1290042803687,751.0315541325093,20806702
2021-09-27,772.95849609375,777.9051377473095,764.8251063880609,768.487491944163,16415462
2021-09-28,768.1783447265625,776.2403768870238,752.458502595142,776.2403768870238,12773790
2021-09-29,758.0948486328125,764.1592270047574,753.9568254387971,759.5931184310665,16263036
2021-09-30,758.6180419921875,764.0403213516778,752.9817489724259,754.361109397566,15975348
2021-10-01,752.7913818359375,755.7879210469525,744.4915314151935,752.9340962978766,11128596
2021-10-04,754.2422485351562,761.6621827385496,753.2196161854996,755.7880705800809,7051028
2021-10-05,758.8558959960938,759.830976185328,749.7236783800458,757.2149696945492,10257178
2021-10-06,768.1070556640625,773.7909008998,754.8367570191563,759.1174947716279,18600830
2021-10-07,766.01416015625,774.1951015729854,764.3494289792573,773.6719119581737,11265724
2021-10-08,762.2804565429688,771.4840306228035,761.0913627843023,766.7276555881376,7245562
2021-10-11,777.0966186523438,782.4237357564093,760.5444094069899,760.972494795636,13080848
2021-10-12,775.0989379882812,780.7828415337334,772.9110168758314,772.9110168758314,8176946
2021-10-13,779.76025390625,783.8507254486516,775.28924907846,778.6187121113123,6225644
2021-10-14,802.5906982421875,803.8273440823788,779.0941950336901,779.0941950336901,14757288
2021-10-18,794.4573364257812,820.4746843514532,792.9115145567133,810.9619343879581,28856456
2021-10-19,803.2090454101562,804.9926860848645,794.7902846500209,796.9068483595202,8987540
2021-10-20,796.1458740234375,807.9892602226093,791.6748695952446,803.3993464110135,10908568
2021-10-21,797.3111572265625,799.998462628159,789.962523081634,795.1707884960194,9738190
2021-10-22,799.4276733398438,812.388794326612,794.6712986658004,799.118497373788,12175554
2021-10-25,788.13134765625,803.827385358517,767.5838306159519,803.827385358517,16426766
2021-10-26,786.10986328125,796.1458027295024,783.0657717264866,784.8018601809484,12090656
2021-10-27,781.3773193359375,791.9602538614304,778.761313048737,786.1098893037489,13249642
2021-10-28,757.9758911132812,784.8018571141539,754.9080525326855,784.8018571141539,17797750
2021-10-29,752.8627319335938,761.9712007836685,741.9944277294151,756.2635513395961,12406874
2021-11-01,763.5408935546875,766.252004050304,753.1957780437663,753.885429186674,8122320
2021-11-02,764.2305297851562,771.484001438633,761.0437818569678,763.8738016710508,13237722
2021-11-03,752.1968994140625,765.728821094555,749.3906846195152,763.4457378753382,10207338
2021-11-04,758.1423950195312,759.9973929432354,756.3112021961033,758.6418376355663,1096808
2021-11-08,761.138916015625,763.2554796846038,746.9648951674751,757.2624587445608,18943580
2021-11-09,747.821044921875,758.4515312291761,746.2990281757783,758.4515312291761,12695476
2021-11-10,739.7352294921875,746.2752451845312,737.2381325914745,745.7996076796335,13714126
2021-11-11,736.4295654296875,739.5687613215156,730.3889343351215,737.2619310557671,7999404
2021-11-12,738.6651000976562,741.5427304410064,734.8838048767004,737.2381874767336,14914092
2021-11-15,740.6865234375,747.6308195742927,739.3309681261308,742.9933537829838,9533594
2021-11-16,736.286865234375,740.6627071004274,733.2427735591466,739.6163278032643,8245406
2021-11-17,728.1058349609375,734.3842261047051,727.0118455965297,731.0072118067511,7598878
2021-11-18,732.1963500976562,734.1464521581363,725.4660681271121,725.84660133652,9152874
2021-11-22,720.7572631835938,738.5223119294355,713.0044068868091,735.3355639518028,15261272
2021-11-23,720.8524780273438,726.6790377392206,711.7202026626078,714.407566305228,11235214
2021-11-24,722.0415649414062,730.7456967746908,720.1390148495992,724.8715849784808,30802286
2021-11-25,725.7990112304688,729.294993262682,716.7857039376246,720.4956996177941,10251652
2021-11-26,708.65234375,716.6430191487968,706.3217083190601,713.4562710293536,18624936
2021-11-29,714.0508422851562,717.0949340909893,695.3820692229132,710.983003439544,12990996
2021-11-30,710.3883666992188,727.2496917899412,707.0589044084865,711.0780178063845,25221542
2021-12-01,715.66796875,716.8095103506997,708.2717824753072,711.0780553091722,8677634
2021-12-02,725.7039794921875,727.1546972193483,713.4563127893044,715.5966817276724,11203110
2021-12-03,719.9011840820312,730.5554179694886,716.8095402344054,725.7277436410184,8124694
2021-12-06,715.263671875,722.3982341371078,712.1957752655638,719.6395135046063,7029532
2021-12-07,725.6801147460938,728.6766542380091,718.165077039117,720.0913740885894,12427534
2021-12-08,739.0455322265625,739.6400790705917,729.6278869926537,730.5791619431004,15295534
2021-12-09,726.2271728515625,739.4736668471489,723.9203423741131,734.9551101766141,11747744
2021-12-10,724.181884765625,726.7740858657247,717.4753496970789,725.2996212566436,7779384
2021-12-13,718.7596435546875,731.3640377223576,716.8808405306988,725.8228490514963,10322142
2021-12-14,714.62158203125,721.0664937719724,712.0531858243114,714.6453871321823,9191100
2021-12-15,713.456298828125,724.5624236009718,711.387287173768,714.8832114257813,10115148
2021-12-16,713.5038452148438,721.5421310623909,710.6024679019197,719.5444766662719,13210432
2021-12-17,700.6378784179688,716.3101116196879,698.0931712139019,712.0293739008451,14994768
2021-12-20,678.0925903320312,693.4794513193636,672.5989541701382,690.6256264168148,21156668
2021-12-21,685.774169921875,690.0311023174055,680.1616242039565,684.6801804486681,9118750
2021-12-22,687.3912963867188,692.5282046456658,682.872740106407,690.7683691083477,8577484
2021-12-23,686.8680419921875,693.3843100083218,683.419670419144,691.2201363483402,9779166
2021-12-24,684.394775390625,690.6256147099941,679.2103152933,687.5339711179728,5561024
2021-12-27,690.054931640625,691.5769484677854,676.4279051909655,679.6384584249116,4705098
2021-12-28,694.8112182617188,697.7125951282051,691.2914894785592,694.7636080671955,5450678
2021-12-29,691.505615234375,694.9064352050838,688.4377763732563,692.5520526429435,7668702
2021-12-30,695.1442260742188,697.6888751595437,687.2962071004079,693.7173135335258,7215918
2021-12-31,703.6580810546875,706.2265349915142,695.1441587739171,695.1441587739171,6325736
2022-01-03,722.8025512695312,724.3959253104654,704.1813312029835,706.3216999908345,9069184
2022-01-04,727.0357666015625,729.1047782359835,717.166287896205,722.9690425129386,8857352
2022-01-05,744.3013916015625,747.7022116190719,726.8217120360403,730.9597934637957,14332638
2022-01-06,732.3628540039062,739.4974166342414,727.7491933941105,733.9086759071455,9628930
2022-01-07,737.4998168945312,745.20512188097,730.5317152643793,734.3843677575986,11179384
2022-01-10,741.5902099609375,747.7021401431209,735.0977465592833,741.0432152309048,8856496
2022-01-11,744.8007202148438,746.132470283976,736.1916936856298,742.7317088483387,8389198
2022-01-12,740.401123046875,749.9138730090968,738.1893970684148,745.7995970381922,21085530
2022-01-13,726.7741088867188,739.6163215437484,723.1592754547615,739.6163215437484,41963896
2022-01-14,734.9313354492188,736.619813831022,722.493402522968,727.7254153127986,11208968
2022-01-17,723.6824340820312,740.0919273293728,722.5646976035137,727.7253527081879,22989372
2022-01-18,727.3685913085938,737.666154009168,724.395857160692,729.1522317973348,12341152
2022-01-19,722.2318115234375,732.3629145201494,719.8060716409249,729.6279986191973,14317626
2022-01-20,717.7369995117188,727.0119309169397,713.5038140786304,726.9881258170541,15197846
2022-01-21,723.72998046875,727.6302426550222,706.6070311292943,713.4562224773198,11537694
2022-01-24,707.1065063476562,723.5635523601698,698.0218416410312,718.1888253449379,11868508
2022-01-25,707.7723999023438,711.0780572785832,686.8205449567051,693.7886458927823,13594248
2022-01-27,701.54150390625,706.321683981928,682.5398091003816,689.6743715648455,28617838
2022-01-28,695.9766845703125,707.130362526873,694.4308624450068,702.7545200428066,24925208
2022-01-31,706.6546020507812,709.4371278413857,697.6650998575648,700.4951197241377,12842546
2022-02-01,712.029296875,721.5420463322478,700.8280111646047,717.4991278129174,14739484
2022-02-02,728.2960815429688,730.1035271800179,716.1197737442617,719.1400601109066,13969290
2022-02-03,720.7572631835938,732.457933895551,717.7369767162163,727.1308172000766,10564762
2022-02-04,724.87158203125,729.0809624800141,720.1627589609288,726.9643987359728,11579958
2022-02-07,698.3071899414062,722.4933446051142,694.4307328001756,719.2114343241577,12268042
2022-02-08,695.3107299804688,703.2063015747357,687.0822353308985,702.2312794492199,13981130
2022-02-09,712.314697265625,713.3135243877856,697.7602016051236,701.0896640531371,11308342
2022-02-10,725.394775390625,730.3414172466761,714.2410986903759,720.1152104926523,14314530
2022-02-11,722.4219970703125,725.3471792743838,713.2184231619269,713.5751512828815,10711104
2022-02-14,700.947021484375,713.1946881745109,698.8542627513499,708.6999366331057,14656620
2022-02-15,721.9226684570312,725.2996833180713,700.6378889247106,702.0409964179948,13135066
2022-02-16,720.9475708007812,729.9846836790362,716.7857425015849,729.7944170588287,10032264
2022-02-17,716.5479125976562,723.9202940415751,714.4075437913573,719.6871085679842,7351208
2022-02-18,719.330322265625,721.5420481321954,708.9138499717109,712.6476505919669,7796128
2022-02-21,723.9678344726562,728.0583054018553,711.3396935564448,715.3588072476773,7468066
2022-02-22,718.5455322265625,723.9678112195843,707.7247793394828,708.6047551441089,9536196
2022-02-23,713.8843383789062,725.6801135920207,711.3872414933543,725.3947427030585,9029562
2022-02-24,675.119873046875,701.5415010977686,669.2933137242217,689.6268166665427,23630766
2022-02-25,692.5758056640625,697.2370767488001,681.5172329343914,684.8942478331431,18318654
2022-02-28,678.3779296875,684.2282936903597,672.5751758797768,678.2590203220859,24880832
2022-03-02,653.6448364257812,665.1314936990638,644.2034436334029,659.4713958190617,38505560
2022-03-03,652.0989990234375,662.0873863170132,648.2463469653018,656.8553739251402,17527922
2022-03-04,649.9586791992188,659.2336109550803,635.8798200435912,646.8670352805982,21219364
2022-03-07,630.1246337890625,633.715662365495,616.9256921049088,627.1280940741168,27054458
2022-03-08,631.5514526367188,634.50038171104,614.5236080739608,619.3750870184799,39212492
2022-03-09,652.1703491210938,653.8588273559873,627.2944854329724,632.5978550025679,23134694
2022-03-10,662.4203491210938,678.7347392382749,656.4986852373013,678.7347392382749,22273206
2022-03-11,664.3704833984375,670.149432575976,652.9075731964616,660.1848501728542,15150780
2022-03-14,686.130859375,689.6743353216494,673.0270237794027,673.0270237794027,25018126
2022-03-15,677.3078002929688,689.436556548215,671.4812409154484,686.5827315469807,18867928
2022-03-16,688.79443359375,692.0525387446689,683.1105308271242,688.2474388752825,13364108
2022-03-17,703.9673461914062,708.6048120871039,699.4487896776494,700.1384408684183,14823954
2022-03-21,707.03515625,710.4359760473683,700.5189456092843,707.2729750042046,12257876
2022-03-22,710.6737670898438,712.5049598135698,693.0989270027054,704.561836957358,10461814
2022-03-23,703.5867309570312,722.398216212513,700.8993676260746,716.7856708144304,31188256
2022-03-24,686.178466796875,699.0206795927611,682.3258145703531,697.2845910655177,20160044
2022-03-25,680.5897216796875,690.6256614843303,674.9296237233227,690.1500239764209,16366462
2022-03-28,681.4934692382812,683.966761144496,666.6535436173285,680.58974632828,15754886
2022-03-29,690.5305786132812,694.5496924552175,680.16165739494,685.3936701441318,12377448
2022-03-30,702.4927978515625,705.2515186367268,691.6007453109708,700.1384153992661,20109742
2022-03-31,699.3535766601562,706.1789630767555,697.237013039462,699.6627526430442,14295714
2022-04-01,716.3101196289062,718.2126697474425,699.3298830454588,702.2312603639822,14568556
2022-04-04,788.0362548828125,819.0953496497071,743.2074192757403,751.5072706543655,97450970
2022-04-05,764.9440307617188,792.7450201895066,761.9712963036054,792.7450201895066,30922582
2022-04-06,737.6423950195312,756.1685102240006,735.9776637926485,755.1696250388968,27027860
2022-04-07,721.4231567382812,733.1238272791691,719.9724391818007,733.100080241604,40781732
2022-04-08,720.42431640625,725.7038807905826,712.1720177896111,719.2114176149829,41256322
2022-04-11,711.6250610351562,718.2126288330701,710.245700665551,716.3100788229164,20799066
2022-04-12,710.3646850585938,716.7144347757979,704.0149353413896,705.8461283073004,27435402
2022-04-13,696.7852172851562,714.5503265233343,695.6912857386209,708.6999613361365,28892520
2022-04-18,663.7283935546875,680.9465076399842,661.1599972428315,674.8583237972184,45620376
2022-04-19,638.4006958007812,660.9221802216326,631.1710282718929,656.8079038056561,74096022
2022-04-20,644.1558837890625,646.8194421533099,635.142518406885,644.2271829644586,49325736
2022-04-21,653.6924438476562,656.2847032867525,643.68030843123,649.2452444448392,52446270
2022-04-22,644.774169921875,654.168010350688,641.706331335433,646.8669864904109,20659148
2022-04-25,649.6019287109375,651.9325641201308,628.9116970441421,642.1106379350289,20935488
2022-04-26,652.5984497070312,657.3072144691479,645.5114394033479,652.5746446077407,17016842
2022-04-27,652.8362426757812,655.904081179801,645.0119713376686,646.8669691113338,18054334
2022-04-28,652.2655029296875,655.9041415782432,647.8658558596376,652.5746789306378,20773722
2022-04-29,658.5677490234375,668.1518573977863,652.3607137487355,656.5462894086016,28401476
2022-05-02,667.6524047851562,668.9604080458433,647.8421473040924,647.8421473040924,19494316
2022-05-04,644.9644165039062,667.6047487158417,642.1105916521191,665.8924654170124,29055916
2022-05-05,643.5137329101562,654.0015630179496,640.4458942572139,654.0015630179496,17862912
2022-05-06,626.699951171875,634.9760551888268,624.5120303093106,632.5978677162095,26731268
2022-05-09,627.7701416015625,630.9331425829555,616.1883801102291,618.32874885627,32762434
2022-05-10,637.8536376953125,643.5374821065801,625.4870637597833,625.4870637597833,20113812
2022-05-11,641.4447631835938,644.4888549965599,631.9558176573953,643.5375799338344,17102924
2022-05-12,626.9856567382812,638.4133907389254,622.1498973824371,635.6706993369925,22382290
2022-05-13,621.3560180664062,634.1791515037851,619.2629499130284,630.353891041967,16768238
2022-05-16,627.9719848632812,631.292053906236,618.4448991695826,625.0368734940553,9804356
2022-05-17,632.2544555664062,633.6979588896172,624.6519812363082,631.580808934981,16641444
2022-05-18,632.2063598632812,641.5410265716883,630.3297937681616,637.0902245927911,15732384
2022-05-19,619.2869873046875,623.7858941010936,615.0767694162303,618.8779477207698,20537506
2022-05-20,635.5984497070312,637.1622447317521,621.837065236746,626.9615129880896,13919350
2022-05-23,627.4427490234375,639.9290287015857,625.0850152898169,632.2544265466233,19486320
2022-05-24,634.6361694335938,637.5472577654566,624.0264559706711,625.5180642227122,12870796
2022-05-25,639.375732421875,642.8160348600121,636.6811460213428,639.9531102298189,12887112
2022-05-26,657.6119384765625,659.6809832899339,644.7647830842534,645.7993054909392,26992428
2022-05-27,669.8096313476562,671.084678975052,659.5607341436629,660.0659838069602,24031718
2022-05-30,674.3806762695312,683.4987815396562,672.8890092715018,678.5668121550864,12624674
2022-05-31,668.3179321289062,675.944488061126,664.0115042012508,671.662083279525,13485388
2022-06-01,671.1568603515625,673.8513881488794,663.6025497657505,664.0115306279351,12091896
2022-06-02,666.4654541015625,667.860852355906,663.3378636546508,667.4999765351084,11475020
2022-06-03,664.1558837890625,673.995741003826,662.231212745682,672.8169034842749,6957244
2022-06-06,663.2656860351562,667.3796939444019,654.7009350100217,662.2312223234171,6173266
2022-06-07,655.63916015625,661.2688580365657,651.5492343077399,655.3504712553794,10253966
2022-06-08,657.9488525390625,664.4927227830032,652.9446957397068,660.7877542678001,5986588
2022-06-09,662.90478515625,664.9979118561328,653.016823143348,655.4707669191479,7311816
2022-06-10,650.105712890625,658.213377451669,646.4969548898966,654.436222491499,9155430
2022-06-13,638.317138671875,639.9531208031428,629.511803905611,636.8736353918679,10892572
2022-06-14,631.2921142578125,638.0284630380025,627.9239398677174,630.9312384303023,11870356
2022-06-15,629.1027221679688,633.1205196838177,624.7481894734992,626.3119845887259,11810470
2022-06-16,616.520263671875,635.4060979237764,614.9323865969412,630.3297546494468,12169192
2022-06-17,620.5861206054688,625.0369224008559,611.8529139840168,613.4888961209325,14723922
2022-06-20,636.176025390625,637.5473418881802,622.7033268450634,627.7796119481263,15936840
2022-06-21,643.1047973632812,651.5011513361289,637.0902003236198,643.2731943331319,13220684
2022-06-22,640.0734252929688,643.2972258536737,636.6811690239211,641.0357608318419,8159698
2022-06-23,642.4310913085938,648.6140847460432,634.4196370457403,640.1936496695923,15372244
2022-06-24,651.4049072265625,655.1820622227635,644.067099221751,644.067099221751,8013432
2022-06-27,652.583740234375,662.0868029953917,650.5387773617512,659.1997965869816,9804164
2022-06-28,647.6036987304688,650.0576425546589,643.9949405371601,646.6894682409041,9770574
2022-06-29,646.6653442382812,649.9373082816165,640.5545375901551,640.5545375901551,9994046
2022-06-30,648.6141357421875,651.5011422810993,642.8401226643639,642.8401226643639,12475822
2022-07-01,651.380859375,654.3881578947369,639.9772068826776,646.6653918015329,11472452
2022-07-04,652.2950439453125,654.4843218717582,645.8473846257052,651.35673163144,8487480
2022-07-05,650.8275146484375,663.6987525096566,648.7585284770123,656.3128389795442,14325718
2022-07-06,659.8012084960938,660.8357307981499,648.1809967961057,648.6140594732794,15049078
2022-07-07,671.6139526367188,672.6724981664967,661.3409744346241,664.0114788767993,17743142
2022-07-08,672.2394409179688,678.4465165399553,671.1087084709948,678.4465165399553,12474030
2022-07-11,676.5940551757812,678.3984342696596,670.3869793455802,670.7478551643559,7462880
2022-07-12,669.6892700195312,676.1609524926532,668.5344557204256,676.1609524926532,9876974
2022-07-13,653.3536376953125,670.8440741987707,651.6214454892688,668.823193081103,15945610
2022-07-14,650.081787109375,660.4749999608194,649.2156615649611,655.3505510850302,10372410
2022-07-15,655.3745727539062,656.7458891263111,648.0367643942972,651.0199810197498,13595646
2022-07-18,648.3975830078125,657.3232089503867,645.7511605542314,648.6140849867697,20332220
2022-07-19,648.6382446289062,653.6905062823398,643.3213172038678,643.3213172038678,15792538
2022-07-20,656.8180541992188,659.7290838164299,652.1025868008825,654.3400285637287,20347862
2022-07-21,654.7490234375,658.9592412990309,653.473917137891,654.6528133808986,12640278
2022-07-22,670.0261840820312,672.1914392550074,655.5430445611638,657.2752369522834,12729592
2022-07-25,671.9988403320312,675.8481821741008,665.5993447613678,671.2289837108764,10143126
2022-07-26,670.6276245117188,674.5972588810258,667.0429478788055,671.7102520669844,8527964
2022-07-27,675.751953125,676.5218097245117,666.0564118856013,668.2938535156615,9212778
2022-07-28,681.7424926757812,685.1828537236895,678.9276731770548,680.8764259957169,17420406
2022-07-29,690.0907592773438,692.2079091114783,680.9967358477592,691.9192202105274,20019736
2022-08-01,695.8408203125,696.9474710021221,688.0940305399319,692.4004588219614,13193036
2022-08-02,688.1902465820312,695.0949927711118,684.7258619133711,693.8439682372236,15036510
2022-08-03,689.8020629882812,690.8365853805471,681.8146902206062,685.6399502739025,10975498
2022-08-04,688.9840698242188,696.1053168364679,679.8659062909707,692.8815166078793,12012206
2022-08-05,686.6505126953125,691.4140267889854,683.8116110098687,689.5134375282818,9268982
2022-08-08,703.4912719726562,704.6701093644095,686.6744253124539,687.1074879975259,15357736
2022-08-10,705.5363159179688,708.0383647964982,697.2361719881424,703.154500244152,17353102
2022-08-11,714.870849609375,717.4210619895695,709.5058765842018,715.2558072753152,18301766
2022-08-12,714.6063232421875,716.6031812290219,710.1795445295438,714.5341363296417,8850370
2022-08-16,722.7860717773438,725.8414749228665,716.0016189595292,719.2495009321705,12563756
2022-08-17,726.5151977539062,727.8865140946783,714.8949848396419,721.7516252798,12384350
2022-08-18,727.3812255859375,728.4398298215469,721.5831897478574,721.7515867041628,8342138
2022-08-19,718.4075317382812,727.5256370949188,716.939946608088,726.563301596116,8063702
2022-08-22,707.4849853515625,716.1460048012029,706.2098790742172,714.4378945404134,8234066
2022-08-23,705.2957763671875,710.1795824902051,697.8857805878358,699.2811789385421,14966884
2022-08-24,708.68798828125,709.9630947089437,702.12003601025,703.4192243226622,13455520
2022-08-25,704.838623046875,715.400291243383,701.0614676554292,712.0802217563679,11823040
2022-08-26,704.9589233398438,712.9944607425392,703.0823571957231,708.3030747503891,7706176
2022-08-29,692.5928955078125,695.7685910224809,687.3962601301372,691.4380811198513,8653178
2022-08-30,715.0633544921875,716.9158385123882,694.3731420244557,695.9850421787525,10135400
2022-09-01,708.3511352539062,716.6753023262013,702.023767412422,704.7904820543832,22403136
2022-09-02,714.7747192382812,717.1805580778581,705.0069900550793,708.351141283871,12038086
2022-09-05,719.369873046875,721.2704621778411,714.101050906599,715.0633864131738,12131932
2022-09-06,716.6271362304688,724.9513613297232,715.2317380870402,721.2223114778902,12238696
2022-09-07,713.2349853515625,716.9399535633776,707.9421400567993,707.9421400567993,9776206
2022-09-08,720.5968017578125,721.7516160908172,713.1627836065959,716.9880436773584,11164690
2022-09-09,721.0780029296875,726.0821594471598,718.8887248344994,719.9231885431478,15128888
2022-09-12,718.6480712890625,723.676250465666,716.9399023895229,721.751579586768,11080492
2022-09-13,728.0548706054688,729.4021637256475,721.0539154710427,721.2223124269915,13001966
2022-09-14,735.537109375,740.4690789237419,718.0706961615213,718.8887165967504,20219760
2022-09-15,731.7118530273438,741.4555010181163,727.5257166443482,736.1867370805904,13539372
2022-09-16,718.26318359375,728.8247925761237,713.5717978693896,723.2432582308112,20560046
2022-09-19,723.002685546875,728.4880099183553,712.1283056005058,716.4588155669953,12076038
2022-09-20,731.7118530273438,733.2997302685097,726.5152760073807,728.4880522483752,10781668
2022-09-21,730.5811157226562,732.0968060364729,724.1575373545131,725.6010407512331,9072304
2022-09-22,715.0152587890625,726.6354714109892,713.4514636402978,722.7139425983661,12048144
2022-09-23,695.8408203125,709.7224994874169,691.438123229436,708.4473930800602,15806252
2022-09-26,686.4579467773438,691.1733552416581,682.2958342078718,685.8324052401812,8923486
2022-09-27,680.2990112304688,692.881559633574,677.0030238919713,689.2246964827675,12639700
2022-09-28,668.606689453125,678.735235635856,666.8504153685985,676.5218756703962,11816132
2022-09-29,665.1421508789062,674.6933178693985,663.4340408048614,671.8544754603089,14410388
2022-09-30,683.9077758789062,688.7675584504451,656.7939846693048,663.4341231736677,15781756
2022-10-03,679.9862060546875,682.2236477251022,674.1640883244871,678.4224109471055,11541112
2022-10-04,699.1367797851562,701.5426186694823,686.2174367235855,687.8293370288237,11538526
2022-10-06,691.4381103515625,703.7559939592081,690.0908170525987,702.4808875755999,12549198
2022-10-07,688.4547729492188,690.4515719276419,683.4265352110768,688.1901072180511,13297994
2022-10-10,680.8523559570312,686.1452011270152,672.7687143847188,677.4841817579505,13109302
2022-10-11,673.9476318359375,681.8147129301799,673.3701952846903,674.1641338324686,14521620
2022-10-12,678.350341796875,680.7802037798269,672.3357447059547,675.1745875438293,9225050
2022-10-13,670.555419921875,676.6422042083251,665.9362208884066,674.6213229862772,14714234
2022-10-14,692.4004516601562,696.249793990442,680.9727166171202,681.8147602518703,12849920
2022-10-17,696.0332641601562,701.3501327995798,686.626410721968,690.4757528984051,18410500
2022-10-18,694.7340087890625,703.9002774553204,692.8815247929514,701.5666257336586,10561108
2022-10-19,701.8553466796875,710.8772419458467,699.329216005163,704.4295823817055,12967040
2022-10-20,697.1159057617188,699.0886819198254,694.0845252418784,694.8062769145736,7898078
2022-10-21,692.2079467773438,701.3742163513118,689.9945867678867,698.6556066854753,10492606
2022-10-24,703.0101318359375,703.948385410148,699.7622496749542,699.7622496749542,2167794
2022-10-25,698.1263427734375,706.2580899913314,695.2874411281454,703.0342306280569,13773394
2022-10-27,699.8103637695312,706.0414624275766,698.2946736608377,704.6701461335379,15937276
2022-10-28,701.87939453125,705.8731104708331,696.4422340345699,697.6932584749202,10474278
2022-10-31,720.1637573242188,720.7892989018973,705.9933903964011,708.2789372387135,12830528
2022-11-01,728.1271362304688,735.7055286941263,721.2223903997298,723.4357504196331,19073756
2022-11-02,728.5841064453125,735.3445361118371,727.3330821749751,729.9313994972399,12720406
2022-11-03,725.3844604492188,731.4952673413037,720.3081172240958,720.6449111524606,10332352
2022-11-04,720.3803100585938,729.4984154442802,716.7474700445205,723.2913397099678,10818060
2022-11-07,725.9859619140625,727.5256752984809,717.9504248353214,726.5633397491442,9835834
2022-11-09,725.7694091796875,730.3886081201978,723.6763410840517,728.9932685473082,9269790
2022-11-10,733.6605834960938,734.743211017239,719.3699237114974,720.3562824334263,12774182
2022-11-11,775.2333984375,787.6715724866862,740.0359673088109,743.404141412297,56722338
2022-11-14,777.1099853515625,783.341084117066,768.9060518544665,775.6424002436796,19195390
2022-11-15,779.010498046875,781.0073557279778,772.3944422419679,781.0073557279778,11030202
2022-11-16,785.6987915039062,790.0774060630871,775.6423742836154,778.8421514086572,13578150
2022-11-17,778.6015625,785.0492217336395,776.5565996778271,778.5774806193391,12100930
2022-11-18,776.556640625,780.9352553866862,772.3945278555009,779.9729198902146,10459232
2022-11-21,768.59326171875,775.6423807100551,765.1529007022125,773.549312831949,8344816
2022-11-22,767.4625854492188,771.9614923063164,765.5379143885311,769.8684242750784,8546314
2022-11-23,769.4594116210938,772.2742311837565,766.9813859856123,772.2742311837565,10185738
2022-11-24,781.9697265625,785.2657136747216,769.4593659279763,772.7312711598448,17197960
2022-11-25,778.3610229492188,785.1213945985398,776.6528539412901,784.1590590980275,8410496
2022-11-28,769.9887084960938,773.4530928760762,767.0054918764588,771.2638148082744,16105980
2022-11-29,768.8338623046875,775.8107945409757,766.4280236025191,768.5451734076865,12638236
2022-11-30,773.9342041015625,776.0754357204742,768.4729621678146,768.4729621678146,15184806
2022-12-01,779.2511596679688,787.6715951691663,777.0859048248036,780.4540790252827,20446366
2022-12-02,773.28466796875,778.8180970128258,772.3464143644907,774.6800661706023,7811078
2022-12-05,776.0995483398438,776.8934869252123,768.0399880135933,774.6560449978288,11592622
2022-12-06,775.2333984375,776.46034090485,769.8683665111166,770.349534240186,12353092
2022-12-07,774.8966064453125,778.8181354914701,772.0095998448971,776.6769624240152,11674720
2022-12-08,779.2511596679688,782.378749996985,772.2742273955479,774.6800661101757,14803634
2022-12-09,784.8086547851562,786.6370569296665,779.491727838407,782.3787342378084,11963384
2022-12-12,790.9194946289062,795.6589852525027,780.1654070879796,781.897599252911,14434808
2022-12-13,793.1088256835938,797.2949616133573,791.5209486143468,793.9267873639345,17031702
2022-12-14,799.821044921875,801.3848400164733,793.9267403345427,795.3702434987874,14227640
2022-12-15,785.1695556640625,803.2614512642567,782.8840088582007,797.3190413162754,18182648
2022-12-16,788.9467163085938,791.5690570624564,774.1989129626363,779.5158401167187,14647958
2022-12-19,791.400634765625,792.3148652124158,782.4749497572581,791.0397589631783,9604542
2022-12-20,785.9393920898438,787.3828952985053,779.5879427299554,779.5879427299554,7174698
2022-12-21,778.3369750976562,791.4247737186288,773.0201064666394,789.5963126931921,9269198
2022-12-22,775.6665649414062,783.1005838558391,774.1989796768327,780.5503710559809,9747096
2022-12-23,768.7376708984375,771.8652612871225,762.867389080973,763.6132225912555,10693152
2022-12-26,784.0387573242188,788.6339327760353,765.0567133092716,769.6278068793584,9907322
2022-12-27,784.832763671875,787.1664156857469,776.3642223890472,785.7469942121562,7926772
2022-12-28,784.207275390625,785.7469888000604,780.9834160061862,780.9834160061862,8691870
2022-12-29,789.7406616210938,790.7992071900476,775.1612551160126,779.5398699494827,11012896
2022-12-30,783.4132690429688,791.5209337293505,779.4917402076278,791.5209337293505,7122640
2023-01-02,783.6779174804688,788.9948447926183,778.7941116415499,782.8599557722763,4381378
2023-01-03,788.8023681640625,790.5586422632767,780.5503292014555,780.5503292014555,8378030
2023-01-04,774.7041625976562,791.8818278494382,773.2365774595456,786.709274515468,10351600
2023-01-05,769.7239990234375,778.5534739134582,764.7680066150712,777.0858888332178,10941436
2023-01-06,767.1738891601562,774.2470317456477,759.3789361975485,770.8307523930382,9092462
2023-01-09,768.6654663085938,775.4258965646997,765.0567082508069,767.9437146970364,10729340
2023-01-10,754.6154174804688,769.8684118966518,753.0275403864125,769.8684118966518,16371766
2023-01-11,765.48974609375,768.9060251968651,750.6216516314828,754.4469115539331,15195798
2023-01-12,769.5797119140625,771.7449667913606,762.2419037187744,763.998177755398,9250070
2023-01-13,770.1812133789062,774.6320153125537,763.1320937043018,769.2669828560861,9244546
2023-01-16,762.7952880859375,780.1173277789237,760.3894492396894,777.0859473381312,14748094
2023-01-17,774.1508178710938,775.1612584159965,759.0421385172157,764.9605254372576,10786354
2023-01-18,787.8159790039062,789.884965083016,769.724024650822,772.274237215273,19090642
2023-01-19,791.0878295898438,793.92673085957,785.746879693138,787.6715505558279,11172162
2023-01-20,799.1954956054688,803.0689192196495,790.751037418662,791.0878313258544,18843404
2023-01-23,805.0418090820312,809.6129030380878,799.4121694938297,801.7458215030824,15444400
2023-01-24,815.8198852539062,819.139954334254,805.9559468005266,805.9800286815163,24983940
2023-01-25,793.2772216796875,814.5929177332151,791.6653214666925,813.8471429635326,14704142
2023-01-27,777.4708862304688,787.6716191971464,765.032652707376,785.2657804091282,35179948
2023-01-30,776.6769409179688,782.0419731157772,761.2073858984988,767.4625666928607,18512822
2023-01-31,771.552490234375,780.7908875770869,767.4625643428925,779.3473843212695,18596244
2023-02-01,783.1245727539062,801.1442809848427,772.7553845415359,781.4164037954262,17302790
2023-02-02,771.4803466796875,781.6570569523664,764.4553088538455,773.7658936298407,17497106
2023-02-03,798.1611328125,798.9790945397306,773.236618443449,775.1612895534513,14411100
2023-02-06,794.7688598632812,803.2614827057959,792.0983552594887,798.7384939446326,11167672
2023-02-07,795.9476318359375,801.0961617651983,785.5544206626682,798.449739262286,10264588
2023-02-08,795.8515014648438,802.6840603891873,793.9268303609384,795.9717934088378,8444826
2023-02-09,794.1914672851562,799.5324176572361,786.9739509076702,798.738479108453,11777336
2023-02-10,797.3431396484375,798.0167863072628,790.1737277709518,793.3494822002282,8172116
2023-02-13,797.9445190429688,799.5805011250109,791.3044393965116,796.3326188427218,5736944
2023-02-14,805.3305053710938,807.1589664647599,797.7521126904261,801.1443690991507,10908592
2023-02-15,803.6945190429688,807.3994872360046,797.1746725138561,807.3994872360046,11438712
2023-02-16,800.7835083007812,809.2761316878249,799.2197129563453,805.0899366009373,8062500
2023-02-17,796.7656860351562,802.6599909509282,790.5345284538475,799.2196298038508,8956270
2023-02-20,789.2835083007812,803.2854781022144,786.6130625255412,798.7384663515395,8086706
2023-02-21,792.2427368164062,799.8692342574486,786.2281396647481,789.115146297544,12389296
2023-02-22,776.700927734375,790.0533322670238,774.222960909244,788.6339109553685,10359102
2023-02-23,771.4321899414062,778.9383950431011,766.0671578181314,776.1235754720026,27882010
2023-02-24,764.551513671875,778.4813560195853,762.7471345130758,778.4813560195853,17061740
2023-02-27,766.4521484375,769.3872600713753,758.9459430133319,763.0839740657053,14312972
2023-02-28,769.6759033203125,772.4185946735463,764.431163219567,766.0190402522969,18993992
2023-03-01,768.93017578125,776.1236104242643,767.8234664194171,775.6424426558673,14137256
2023-03-02,762.3861694335938,772.7312753996731,761.2073320156976,766.9813446479279,17391814
2023-03-03,777.5189819335938,779.4917579688479,764.094389910204,767.943731924865,14986234
2023-03-06,783.0043334960938,788.8504748967295,778.5535316356411,779.4917852900815,27004710
2023-03-08,784.568115234375,788.8745431955432,779.4917718675084,779.4917718675084,20099774
2023-03-09,784.6402587890625,791.9780672791738,782.859961535162,784.27938296168,20700166
2023-03-10,764.4071655273438,776.4844644274136,762.6508914747951,774.8965873418113,27387000
2023-03-13,754.7357177734375,771.6968814107662,753.0034668384583,764.0463022356049,26443550
2023-03-14,752.7147827148438,761.9772622068983,750.2849207392273,755.5536842804477,33185612
2023-03-15,741.91259765625,761.6404762620406,739.3623849761033,759.2827424375032,37264754
2023-03-16,746.7243041992188,750.1886887887587,737.1731353258391,740.5172279680158,21753342
2023-03-17,756.7084350585938,759.8600484180247,740.9982970778341,749.4187322719004,22950876
2023-03-20,751.4637451171875,754.5191486294086,743.596664030981,754.4469617185391,26503114
2023-03-21,759.9804077148438,761.4479929018443,748.793257108229,756.3716494546454,33050494
2023-03-22,758.2241821289062,763.156151684689,753.1719206327385,762.1697342790129,14177324
2023-03-23,752.1373901367188,765.225129615806,749.9240302046185,754.350750068819,28364178
2023-03-24,750.9345092773438,757.3099823765483,748.1918176834523,750.6217384723866,31477748
2023-03-27,754.2063598632812,759.9803728144399,750.092410877359,751.6802291971494,31872006
2023-03-28,760.3412475585938,761.6404357125624,752.5944586072359,753.3643152523856,39276302
2023-03-29,763.9981689453125,770.8307274292553,761.1592675027767,762.1697080199377,39763612
2023-03-31,774.4635620117188,776.0994853441741,766.2115234957539,767.7512367744048,34711228
2023-04-03,774.9447021484375,777.4226689404504,771.1915704030113,773.5011989750112,40025398
2023-04-05,795.7311401367188,796.8137675382653,777.5670581774376,778.8180825386323,43365392
2023-04-06,801.7938842773438,803.1652006446278,792.5314049071793,793.2291334002176,44637344
2023-04-10,797.9926147460938,804.0312933763835,795.8514417980481,800.3022433921424,31813286
2023-04-11,800.3262939453125,803.2614052965625,794.4560125065183,798.2572492502067,42361542
2023-04-12,810.7196044921875,812.3074229248433,802.4916471991853,802.5878572606912,26955504
2023-04-13,814.352294921875,816.5657134519994,807.4716316772242,812.3554958466677,35330086
2023-04-17,801.9382934570312,827.6085828103118,795.5147153318975,827.6085828103118,32405148
2023-04-18,798.5460205078125,807.0386434079419,797.00630713609,803.550177070361,29637226
2023-04-19,801.4811401367188,803.6945588930066,797.3671908980723,801.1443461883971,24741168
2023-04-20,804.46435546875,807.134801181368,801.8179329013308,804.368086679066,32922716
2023-04-21,805.7634887695312,806.8942212156402,800.3022466466929,803.0689611623811,20128618
2023-04-24,812.2833251953125,813.8711434821779,805.5228950106629,811.729970551708,35675852
2023-04-25,800.7353515625,812.0668172386956,799.6527240862603,812.0668172386956,50353068
2023-04-26,804.4161987304688,805.9559119034689,796.3325577314871,798.7383962744825,27392750
2023-04-27,808.8429565429688,810.8879194015693,801.5532536644629,803.7906953628967,47790392
2023-04-28,812.0186767578125,813.6546588421882,803.5501361717647,810.6232785465422,27916272
2023-05-02,811.8502807617188,817.5040017864336,809.3241500911014,812.547950500037,32221184
2023-05-03,814.689208984375,816.0605253605099,808.1934441893474,810.7435980893194,29407270
2023-05-04,831.3616943359375,834.5614130090665,811.7781309061464,811.7781309061464,56854638
2023-05-05,782.2103271484375,799.1955126698393,780.5021582230617,788.6339045566583,62770416
2023-05-08,791.2562866210938,794.0951881063704,784.3034360962322,786.7092748572636,37244524
2023-05-09,791.2803344726562,796.8137633850524,789.0909977997552,793.878651970084,43688938
2023-05-10,794.9371948242188,796.1641960299875,785.7950079560763,791.2803318242208,46340550
2023-05-11,795.4664916992188,812.2111527020498,793.5659026029952,801.2164814876731,35734618
2023-05-12,802.4916381835938,804.8974770572269,791.1601135942614,792.4833249747595,22478760
2023-05-15,806.3410034179688,808.7227604763904,801.1924728395238,804.5125423272495,18512260
2023-05-16,801.7174072265625,813.641207320555,800.1113205928083,813.641207320555,32722086
2023-05-17,797.4102172851562,803.0314612780545,791.0346460503185,803.0314612780545,30466868
2023-05-18,800.5980224609375,804.953835962047,798.1645938212387,802.0580796447568,49646942
2023-05-19,801.5227661132812,803.0314800422937,794.0521518021368,802.0581085513332,30460332
2023-05-22,798.6757202148438,804.4429348055172,794.6118464382748,800.5981052751066,28334032
2023-05-23,796.8018798828125,802.8367950174272,794.9768083346355,802.5447954516952,22470074
2023-05-24,786.3868408203125,795.6095118101778,785.3160965486113,792.1053982534182,33588112
2023-05-25,783.3693237304688,788.455225154943,777.407423655138,786.3380947431477,29776930
2023-05-26,786.3868408203125,787.944211421121,779.7922252930767,787.944211421121,26635066
2023-05-29,795.9744873046875,798.6512587386072,790.7912725552128,792.5676872978805,21816292
2023-05-30,796.5828857421875,799.4543434930372,792.5920864341458,795.0498137776772,37125928
2023-05-31,783.9777221679688,795.706836766176,780.9602943063138,793.249109394473,43334270
2023-06-01,780.6439208984375,788.3822359863269,778.6971779535536,788.3822359863269,50366938
2023-06-02,781.8606567382812,785.9001722239442,779.1838851154611,784.7564131844704,17859710
2023-06-05,780.838623046875,786.7275086936293,779.889550195903,785.7541372012771,18697242
2023-06-06,778.4051513671875,783.4909933701617,774.9253365920524,782.4203085516023,32182852
2023-06-07,782.444580078125,784.805053262948,776.7503811233141,780.3761658426776,24949026
2023-06-08,782.9312744140625,791.350960923385,780.278861070367,780.278861070367,37395522
2023-06-09,783.8560180664062,787.7008471820789,782.1039613355581,786.4354761770152,18212578
2023-06-12,779.0864868164062,786.3867722647989,778.4294135981509,784.8050437509804,13408292
2023-06-13,780.4005737304688,783.0773452649356,773.8789730190645,773.8789730190645,27926108
2023-06-14,779.5488891601562,784.5374180278894,778.7945024942541,783.7830313619872,20113968
2023-06-15,769.961181640625,781.5929230405386,768.4767664026215,780.6439096325554,35377476
2023-06-16,780.0355834960938,783.1746828103192,770.9102257106925,772.4432977006162,15779272
2023-06-19,780.7169799804688,785.6324943134937,777.8941787861185,784.0507655809437,24829146
2023-06-20,782.3472900390625,784.0506900484788,774.146647589991,780.7169047691681,20005626
2023-06-21,796.0231323242188,796.8261756245972,784.050675786365,786.4841043269806,24308946
2023-06-22,799.9166259765625,806.7059273185989,797.702241628417,798.1645692917998,56596140
2023-06-23,799.8679809570312,807.8496386483743,795.2688246661945,796.9722246864862,21339218
2023-06-26,795.9989013671875,803.396500995714,792.6650564551716,800.598057936059,16130314
2023-06-27,807.2169799804688,814.1766100290189,797.4589662553369,799.6003360457688,33831864
2023-06-28,815.7583618164062,817.5834334461853,808.1417176661517,812.7652324615918,59562950
2023-06-30,828.047119140625,831.6486054517263,819.2137611926184,829.3124901661796,40699016
2023-07-03,837.002197265625,855.3502267293802,832.2326530339916,833.449367439012,44104116
2023-07-04,841.0902709960938,850.2399866599931,834.0820438772298,838.778513734139,38795188
2023-07-05,814.3712768554688,837.0994772709068,812.0595195781218,835.2744057361592,37165754
2023-07-06,815.1986083984375,821.4525082286525,808.0930085295972,814.2252369257229,52156544
2023-07-07,808.093017578125,815.1986175265295,806.0976179186929,810.3317601084606,19926336
2023-07-10,806.1705932617188,816.0503378295722,802.8854644229833,808.3850372058562,38398442
2023-07-11,802.2527465820312,815.6852604691176,800.8413461228718,809.3583461576029,50670426
2023-07-12,794.7335205078125,810.9645387950601,791.9107786303803,805.6352938593309,70958358
2023-07-13,798.699951171875,806.6572510904781,797.2155953198356,806.2922367876993,41913546
2023-07-14,800.3546752929688,804.7835035114284,795.7311609024043,804.7835035114284,24727214
2023-07-17,817.0966796875,818.6053935606003,794.7577929158504,803.0314502823962,49252928
2023-07-18,816.415283203125,829.3124545920268,812.7651403572094,826.3923403152943,81076818
2023-07-19,820.1141357421875,821.8905505906512,815.1986216073076,818.1673927652148,32935134
2023-07-20,821.8905639648438,823.4722926593728,817.6320636334198,818.1917641303833,56210948
2023-07-21,815.5635986328125,822.4015567907909,814.3468843278255,817.6320129512904,42154248
2023-07-24,816.8533325195312,819.8951183000274,812.813817239081,816.9019892100436,32179444
2023-07-25,825.7109985351562,826.879056170404,816.8533420034627,819.8951278192749,55992596
2023-07-26,822.8395385742188,827.1710534459679,821.5255108693627,827.1710534459679,24794358
2023-07-27,814.2982177734375,828.8257745170246,811.5240735457453,827.3170606790924,59741302
2023-07-28,799.8679809570312,812.2298101291246,798.6999233468555,808.628323918532,41015684
2023-07-31,803.6154174804688,806.3409049738307,797.531846128994,803.0557764440342,34565006
2023-08-01,808.9933471679688,811.5240891764785,803.0314470309211,805.1971747453257,35394188
2023-08-02,798.4080200195312,803.7615635856482,794.8308914277848,799.1380486876382,28116322
2023-08-03,792.6407470703125,803.6884896703888,789.8909607409018,798.1646183703506,57673946
2023-08-04,804.1021728515625,806.1949453417267,792.9327586465489,795.8042164551875,37388304
2023-08-07,803.6397705078125,809.4069842309956,801.8390571629793,809.4069842309956,28300918
2023-08-08,802.9828491210938,805.7569341954113,799.1623777784342,803.8588478451442,43773828
2023-08-09,803.2748413085938,805.2215843350914,793.8331257481036,804.4915557001548,33361236
2023-08-10,796.1448364257812,805.099865704745,793.7844225264857,801.5957522263969,50781118
2023-08-11,787.8468627929688,797.385890968424,786.5814324003055,797.385890968424,28225822
2023-08-14,784.0020751953125,785.9974748594191,778.8188601509507,784.0507318876311,31304410
2023-08-16,781.714599609375,783.3937010320665,769.5961724006356,770.4721710730195,34137542
2023-08-17,777.3831176757812,783.5153458133944,775.7770310495571,777.529087744607,52884040
2023-08-18,774.1953125,776.8964420218484,771.6402124587459,772.6379419530916,25633366
2023-08-21,773.5870361328125,778.9405796354617,772.3703217003922,778.9405796354617,21837270
2023-08-22,770.2774658203125,777.7237811054864,768.963438139342,776.9207377849476,32273570
2023-08-23,772.1755981445312,774.0980425006611,765.6783552717781,768.9634840803492,36498588
2023-08-24,768.622802734375,776.8477441031978,767.0897307917666,775.4364030038525,43145792
2023-08-25,759.9598388671875,767.7468112795314,758.4511248442728,766.3111120049593,30069756
2023-08-28,767.868408203125,770.2531801549441,759.9597651143588,759.9597651143588,28867238
2023-08-29,773.976318359375,775.1200179106506,769.669102242421,773.6842594017068,35538932
2023-08-30,768.3307495117188,780.6195643753474,765.8973208258516,780.6195643753474,28084204
2023-08-31,764.8023071289062,770.4965661172561,760.7384929502665,768.4768083488655,100075772
2023-09-01,766.3839721679688,768.4767445078436,758.9133583196115,764.5832587851945,43226776
2023-09-04,771.1779174804688,774.5360015777221,766.4813881806992,773.8303310146484,25073638
2023-09-05,766.4813842773438,773.0516417713671,764.38861183011,773.0516417713671,38712082
2023-09-06,776.507080078125,778.6971658570981,766.4813659496907,767.4060807161218,56320910
2023-09-07,783.9777221679688,785.510794150052,772.4432937501639,776.5071078478363,34208342
2023-09-08,790.085693359375,794.7092081887672,782.3960344054848,782.7367500914759,34502210
2023-09-11,794.173828125,796.4612273788786,790.3776555229446,792.762427572447,31573022
2023-09-12,796.6559448242188,799.576059429664,790.888730360441,798.164658821722,39033340
2023-09-13,800.0626831054688,803.8101394610018,792.6163676755281,793.9304547919241,46420094
2023-09-14,799.5759887695312,803.0314455319658,795.7798163539742,800.2330026157181,23538848
2023-09-15,808.75,812.7651572137806,803.0314427561306,803.0314427561306,173411202
2023-09-18,792.8353881835938,805.464858730247,791.399629677695,804.8565015861909,37056288
2023-09-20,761.0304565429688,778.2104866731253,759.4244292708094,778.2104866731253,115474648
2023-09-21,755.9932861328125,763.5855718328563,748.0603441770149,755.8229580049356,72841442
2023-09-22,744.4588623046875,761.3711919566923,741.5874045249608,758.7430770496563,61704250
2023-09-25,745.1158447265625,749.8366724935371,742.195730377536,742.195730377536,40208754
2023-09-26,748.3523559570312,749.4960555884529,742.1957693327212,742.1957693327212,27575308
2023-09-27,743.0961303710938,745.8459167585748,737.3289160778081,741.2224021033014,39338538
2023-09-28,741.5630493164062,748.3279930851168,738.9592924506106,746.5759362770035,55354188
2023-09-29,742.8284301757812,747.2815569377753,740.8816873168103,741.5629997895483,32053782
2023-10-03,733.9464721679688,743.1691434056778,732.9487426122795,743.1691434056778,38971694
2023-10-04,744.4102172851562,747.0626308751249,724.7967576747751,727.5952007546005,54649430
2023-10-05,747.4276123046875,755.1172706279191,745.8945403681716,747.0869560565192,48512674
2023-10-06,746.600341796875,751.9295273041055,744.5562258825445,751.4428415259151,17759356
2023-10-09,737.937255859375,744.6291848078113,735.8688414571311,743.6558133244023,16454972
2023-10-10,742.1227416992188,744.1424994102023,737.426212407623,740.0300286548502,33266292
2023-10-11,749.3013305664062,750.5424029295025,743.8991308991633,744.6778161774354,31333360
2023-10-12,754.2898559570312,755.3362421435227,745.4078415117224,747.5979272653602,22025336
2023-10-13,747.4276123046875,753.7788848660191,744.6048112974557,749.4960266639874,39745300
2023-10-16,744.4344482421875,746.7948620477135,740.0056201744178,745.3591629708128,17856084
2023-10-17,750.0800170898438,757.1613181665532,747.0625893528261,757.1613181665532,32902558
2023-10-18,739.640625,750.0800099587005,738.8375816778204,750.0800099587005,31216200
2023-10-19,737.3045043945312,742.8040767694536,731.5859472105568,732.6566914356105,30252364
2023-10-20,741.1250610351562,743.1691173582408,732.46203118805,732.46203118805,21094010
2023-10-23,732.9730224609375,744.0207640901824,730.0772068991747,741.4656641644435,22376136
2023-10-25,728.3251953125,741.1250537819102,725.8674086108082,740.2489957035165,28311996
2023-10-26,712.2158813476562,726.1350808000519,710.6828094760561,725.7700665168079,55561798
2023-10-27,715.0143432617188,719.3215000369331,713.9193003827721,715.1846713831347,31940532
2023-10-30,722.7769775390625,725.1373914861161,711.4858921827074,712.1429060469561,23310982
2023-10-31,718.5914916992188,731.9753494856925,717.3747773549939,731.9753494856925,32634824
2023-11-01,717.6181640625,719.0538633124389,711.6562634115908,711.6562634115908,33877466
2023-11-02,718.713134765625,725.4050633947277,714.0409637501907,722.7282919430866,45225154
2023-11-03,722.1199951171875,725.84315305655,721.0979669049797,724.188409593513,18095340
2023-11-06,727.351806640625,729.0552066561768,721.7549208752405,729.0552066561768,25593730
2023-11-07,723.8233032226562,727.1084316790375,718.9320882014275,727.1084316790375,41952848
2023-11-08,725.9161376953125,726.8407930714139,720.7815793854345,722.2172785513859,31399546
2023-11-09,723.044677734375,726.4271198457463,721.9982915168673,723.2150058605088,22116740
2023-11-10,725.8917846679688,728.0818705084018,720.3192566823748,720.3435553235623,14015186
2023-11-13,724.5777587890625,728.0575143276742,723.1663582507371,726.1837860969108,20605914
2023-11-15,732.1700439453125,735.3577999173147,730.2963157159859,732.0240144584016,41245460
2023-11-16,734.0924072265625,739.2756221207742,731.8536647558356,734.7494210785321,29713838
2023-11-17,732.5106811523438,733.6787387876133,724.6750527726409,725.16173850318,23701874
2023-11-20,732.559326171875,736.3554985735485,730.7829708116128,736.3554985735485,19331452
2023-11-21,738.7646484375,740.7357495903111,735.917548535572,739.2756922652317,24959972
2023-11-22,736.1365356445312,739.7623206231069,731.7563640092628,739.7623206231069,29123650
2023-11-23,740.39501953125,741.6360324879696,734.1654184677379,734.1654184677379,13046220
2023-11-24,745.6511840820312,746.1622278549652,739.6892839772345,740.3462978210936,16469192
2023-11-28,743.97216796875,748.1576534487249,742.5851254924052,747.1599239182611,28489338
2023-11-29,758.8160400390625,760.6897681490088,746.0891967833849,746.5272258063289,34042488
2023-11-30,758.645751953125,765.2889647471237,750.542422535641,763.6829374580863,69491440
2023-12-01,756.990966796875,762.0281520239192,755.3848801865702,758.207681074416,22153536
2023-12-04,783.2720336914062,784.5374047202694,765.873018667368,772.8569470817542,50662456
2023-12-05,790.2316284179688,797.6779441560443,786.7275147823341,796.4612297811876,52230820
2023-12-06,792.22705078125,797.4102062498663,786.8004930390686,797.4102062498663,38613060
2023-12-07,793.5167236328125,795.2444817359088,786.5814519897668,790.86431017188,20450386
2023-12-08,804.5888671875,805.4649253113081,793.5167662504412,793.5167662504412,33728038
2023-12-11,803.5181884765625,809.6990738547369,801.5714454396721,803.0558607692541,23187620
2023-12-12,795.5364990234375,806.0732571804058,794.1981132379304,805.0755276490755,36581476
2023-12-13,793.7357788085938,796.2178641804811,786.0461204150259,794.4901060535459,29346914
2023-12-14,803.1044921875,807.3872910879392,800.5980487244109,801.0847344683164,35172366
2023-12-15,806.2192993164062,811.7918273650013,801.3767404796611,803.0314839042278,138837130
2023-12-18,805.8055419921875,810.1857135762941,803.4937847672423,808.2389706500245,18014754
2023-12-19,804.4428100585938,807.2412528497581,800.1356534706899,803.0314096384661,24008446
2023-12-20,806.4382934570312,812.2541644467366,800.3303634873538,806.9249792104754,34232520
2023-12-21,820.8927612304688,822.3771764061897,803.1530909094922,806.438219443738,36589240
2023-12-22,813.1788330078125,820.5034769444852,811.3537615362043,819.3840760112807,48578850
2023-12-26,818.8244018554688,820.5278019503709,812.059517577905,814.3469167985355,18045856
2023-12-27,828.9718627929688,830.5292334309963,816.9506891067552,818.3620896655261,27009078
2023-12-28,829.9208374023438,837.7808237889657,828.3391087868577,831.8919383640549,44076470
2023-12-29,831.8676147460938,834.6174011041943,825.4190285852712,825.9057143332578,25011426
2024-01-01,826.4410400390625,831.8189412093673,823.4722689184366,830.285869252277,14239686
2024-01-02,826.927734375,828.7285072707376,821.8661907638304,826.781764297971,29242092
2024-01-03,814.1765747070312,829.6531453722021,812.2541304155426,828.3391176569097,28389762
2024-01-04,822.9125366210938,824.907936188308,813.1058074949292,816.6586370098769,26734056
2024-01-05,818.7026977539062,829.7504992888211,811.8404409559379,821.1118277236433,31889470
2024-01-08,809.577392578125,818.7757651976441,807.8983504931613,816.9020369293803,17998470
2024-01-09,803.2748413085938,816.5613862283932,801.4497697212522,811.3781710383666,25326888
2024-01-10,805.9271850585938,807.8739279163432,798.8459435594566,799.6246288205809,16115824
2024-01-11,802.5447998046875,809.309743595266,799.6246853117656,807.8983430417109,18314010
2024-01-12,798.7485961914062,805.95156875827,795.0497965259408,804.0048258385641,19773552
2024-01-15,814.1279296875,818.0700722997735,799.916670432672,801.9120700848223,28320356
2024-01-16,817.2183227539062,819.4084084513863,806.9735647828543,814.2251937520415,25322500
2024-01-17,748.279296875,777.1397839265529,743.8504686909188,764.0965828252033,170145236
2024-01-18,723.2879638671875,737.3288344094451,720.3191929835535,727.1084347245617,161070930
2024-01-19,715.744384765625,735.0171279009493,714.6493418669147,732.924355486129,109600538
2024-01-23,694.6708984375,717.7154569857805,693.5271987986505,712.9946289403671,115469402
2024-01-24,708.5657958984375,709.8068089160445,671.7480069982282,671.7480069982282,86004404
2024-01-25,698.3453979492188,709.27146932584,690.8017687875753,706.9110553088505,98941852
2024-01-29,707.9573974609375,711.9238979776146,703.6502407027771,704.7452835773879,65645498
2024-01-30,702.9202270507812,712.1185398649957,701.2654836786888,707.90875580775,41728768
2024-01-31,711.80224609375,717.8371016849802,699.2700884068386,700.5841161285045,65761040
2024-02-01,713.651611328125,717.1800828855794,708.6387839338071,713.0189555223712,32690740
2024-02-02,703.8206176757812,720.7085896391353,701.8252179588541,717.8614898495053,44867754
2024-02-05,703.1878662109375,706.6190243767684,697.9316959646247,703.7475666832909,38605046
2024-02-06,702.8228759765625,705.5483042801744,697.2259898811583,703.5286059562596,41075740
2024-02-07,695.936279296875,707.5437822099352,694.3302519335382,707.154409837675,54837086
2024-02-08,682.844482421875,700.3164537570308,681.6034099643059,695.8876252029665,69106124
2024-02-09,683.1121215820312,688.2709787615526,675.0331498393979,677.5395933880455,56642124
2024-02-12,676.4931640625,688.0032934481292,673.2566920790741,681.18969323455,34447812
2024-02-13,678.658935546875,683.4771364619307,673.7434212435891,677.4422211445823,57580994
2024-02-14,673.5974731445312,677.2232584177402,663.6204147201233,669.6796288773342,91320810
2024-02-15,688.197998046875,688.903668609651,673.7433958465795,674.0597534612269,41584944
2024-02-16,691.0451049804688,694.8412181662663,685.4725175238648,692.9918479710976,32175742
2024-02-19,689.682373046875,695.4739454261017,688.7576582283627,695.4739454261017,34451756
2024-02-20,707.7870483398438,709.22274741334,687.1029057664576,688.660276266856,56133508
2024-02-21,700.413818359375,712.5079475266035,698.3940605878935,712.5079475266035,45893136
2024-02-22,690.874755859375,695.3765988884213,687.2975681948778,689.9986977762575,50560882
2024-02-23,691.3858032226562,697.8587478235042,690.1204320838871,692.3348761341468,29833452
2024-02-26,692.2131958007812,698.3210665804025,687.9546953048787,687.9546953048787,23506870
2024-02-27,691.1668090820312,694.3545652339111,687.7113519923358,687.9546948776648,32087150
2024-02-28,685.9348754882812,693.1377886016653,683.3067606806109,691.1667470533215,25321986
2024-02-29,683.0148315429688,686.4216319830621,680.046060184293,682.3821162687117,53295700
2024-03-01,696.32568359375,697.299055159144,681.360095775817,681.360095775817,34738898
2024-03-04,697.2745971679688,699.3673694975699,693.1864847071581,696.4228971703204,35616474
2024-03-05,701.2410888671875,702.2874750189414,691.8967470591605,692.067075174591,37991672
2024-03-06,702.0927734375,707.0813018234176,697.688303532932,697.688303532932,42409530
2024-03-07,703.7962036132812,706.2053335588424,701.5088045068723,703.504204064998,49348046
2024-03-11,694.8899536132812,703.7232526512562,692.5538381955413,695.9606385239804,50531094
2024-03-12,710.3422241210938,712.5079519871562,695.5956218426523,697.9073792005341,65418454
2024-03-13,710.755859375,716.2067158438075,705.7429725398497,713.2379447418698,63067454
2024-03-14,708.3467407226562,713.4812990740788,702.9202422173576,711.5832127948388,52432158
2024-03-15,706.9840698242188,710.2205419583659,701.9225261192986,705.6943406988961,143613804
2024-03-18,703.77197265625,708.6144722431341,698.7834435762417,704.2343003680048,21437856
2024-03-19,705.3779907226562,706.8624060469253,698.6374048635253,698.6374048635253,36183594
2024-03-20,696.4716796875,706.4973944482159,693.3568789456579,705.2320233558721,43606094
2024-03-21,703.6259155273438,706.3026871236781,700.0001304926251,702.0928435492851,28922860
2024-03-22,702.2144775390625,706.0593065998343,699.7323922549797,701.3141208411934,45980326
2024-03-26,693.7218627929688,699.8297331586394,692.1401341445468,694.5978614753975,56844290
2024-03-27,701.1681518554688,704.6966236214441,691.7021375713913,692.8215385852401,62168668
2024-03-28,704.6723022460938,710.8045307526719,701.1681292352769,701.1681292352769,55592142
2024-04-01,715.6713256835938,717.2774122661472,708.4196968327743,709.5877544010062,25199570
2024-04-02,720.367919921875,727.5221766350272,712.1429189199621,713.0676337207477,41225446
2024-04-03,721.414306640625,727.9115494819865,716.109420115624,716.450076374618,45584386
2024-04-04,743.461181640625,744.6292393883092,731.9754091764817,731.9754091764817,88935066
2024-04-05,754.1439208984375,756.5529915753328,744.7022055513205,749.0093625181328,59055902
2024-04-08,752.7081298828125,757.891344732456,750.2504026191882,756.7719438017782,20482940
2024-04-09,753.6572265625,756.7233110790663,749.6420692068525,756.7233110790663,21884494
2024-04-10,747.7196655273438,754.3142814277871,746.0649220391629,754.3142814277871,27807400
2024-04-12,739.2513427734375,744.5562296646365,736.5745709797934,740.24907238775,41084208
2024-04-15,727.4490966796875,734.8954117012732,726.1594270943376,728.8361984614614,23415248
2024-04-16,734.5304565429688,736.3068713842836,721.3899415012858,723.7016987771374,20744886
2024-04-18,727.4490966796875,739.2025682918519,725.6727413912242,734.7980983246009,34234884
2024-04-19,745.2619018554688,747.0382572891224,720.4165709168466,723.4827148610226,34576434
2024-04-22,735.9661254882812,757.9643557818745,734.0680986992392,757.9643557818745,42298438
2024-04-23,733.7274169921875,742.9257894510552,731.6103458842442,742.8284760660457,26827060
2024-04-24,735.7227783203125,740.613993564681,734.4331086916868,737.3288649584306,22441580
2024-04-25,735.2605590820312,739.6163731494744,733.070473021552,733.070473021552,35445204
2024-04-26,734.7981567382812,743.6558134751455,732.729742335618,739.6650141563123,24854694
2024-04-29,744.3858032226562,746.7948737548492,733.2163897953944,737.3288603349619,36093350
2024-04-30,739.8109741210938,749.2526892649995,737.2802320622603,744.2398024289921,52307382
2024-05-02,745.7242431640625,748.0360004850149,739.9326708359107,740.7357142083232,33475006
2024-05-03,739.5676879882812,749.7880892104946,733.5327725274736,746.2109606646968,31865242
2024-05-06,741.0520629882812,746.819277196089,738.3752913854279,740.7357053714223,28793396
2024-05-07,733.021728515625,741.7334150168236,732.0483570497901,740.7113274497933,28480602
2024-05-08,721.5845947265625,728.5441648774708,720.465193806477,728.0574791574124,41687862
2024-05-09,704.4776611328125,723.5800778509216,703.4069761889998,717.8371619271286,46281278
2024-05-10,709.361572265625,716.2928456267198,703.8856031439476,709.9042250216206,27276608
2024-05-13,717.9208984375,720.1655815796556,705.6122976051453,706.4509373389452,27047202
2024-05-14,720.7328491210938,722.9775322143812,715.4789152317669,716.4408878596623,25665142
2024-05-15,709.6575927734375,720.116199874965,708.3256213801538,720.116199874965,38931996
2024-05-16,720.3875122070312,721.5221990437014,708.1775543730138,713.3822271543565,34945236
2024-05-17,722.286865234375,724.210870736283,713.4562165510583,713.4562165510583,20920190
2024-05-21,719.6721801757812,725.0494465734148,715.3801590157026,715.3801590157026,43769978
2024-05-22,719.8695068359375,723.0268413842214,714.4182283327197,719.203521164468,39996278
2024-05-23,736.3468017578125,737.8514873644924,718.808897899437,719.5982164877166,40861920
2024-05-24,748.4827880859375,749.814819731989,733.0908640200075,733.8308615274302,31060206
2024-05-27,753.6627807617188,762.1974428837648,749.3955099218479,751.5168000055969,29385440
2024-05-28,755.0440673828125,757.7820820455768,752.2321011517142,754.846722684579,27908904
2024-05-29,744.0921630859375,751.763434227272,740.6141508121484,748.8774560751649,35147706
2024-05-30,747.3234252929688,751.6400771573121,738.8381451452329,739.6027730570852,33755350
2024-05-31,755.5620727539062,757.7573743920395,746.9040786650703,749.370736784836,74079588
2024-06-03,775.615966796875,788.8372786068238,764.6640286682782,788.8372786068238,72637256
2024-06-04,731.6848754882812,769.1040704644005,717.3042453208712,768.1174071283333,89531240
2024-06-05,765.5520629882812,769.4000136473305,731.2901444599279,737.062160780223,81631650
2024-06-06,769.4493408203125,772.2859977724349,762.9867083301413,772.0147015010076,46422870
2024-06-07,776.1832885742188,781.6099363682906,765.675361251112,770.115345809898,36712216
2024-06-10,770.23876953125,779.784725413951,768.4134061980604,776.5040577255814,22454058
2024-06-11,771.9653930664062,775.0240252200629,765.7493660748642,767.6240504407497,29545326
2024-06-12,776.5780029296875,783.5586575880445,772.7546827700062,776.9973227739393,39280436
2024-06-13,779.8340454101562,782.2760131134276,776.5040566032491,780.3273770852536,24120192
2024-06-14,787.8013305664062,788.8373149959045,778.329326673916,781.4373401835603,25540554
2024-06-18,793.1785888671875,794.5105601294592,784.1259056214269,787.8012622589033,32415714
2024-06-19,817.869873046875,823.8145435842582,791.3039754417663,795.941305047812,90131196
2024-06-20,823.5431518554688,829.5124525875813,814.983860042712,823.7651872236406,41408742
2024-06-21,821.7672119140625,825.2698546527171,810.6179284522095,825.2698546527171,51630776
2024-06-24,825.0478515625,826.3798229097616,811.9005512360641,812.5172157896385,28544994
2024-06-25,844.2631225585938,847.025767804676,824.4065232844747,824.4065232844747,74521548
2024-06-26,839.40380859375,844.041138181783,834.2731473521208,842.5857736709851,47596666
2024-06-27,836.7644653320312,845.0770913433391,832.0531241260426,836.7397746618053,55074650
2024-06-28,830.671875,841.9198007397313,828.3038589383985,837.4798157900913,26476046
2024-07-01,841.2290649414062,842.2651095333842,828.7971320491276,828.7971320491276,21187024
2024-07-02,853.7597045898438,855.8810546817267,840.0204307746837,846.0637432263002,45921690
2024-07-03,872.531005859375,885.0369507276009,870.5576793248654,883.5569558267186,123217802
2024-07-04,852.0578002929688,868.1404005851939,850.9231133709549,868.1404005851939,45848658
2024-07-05,813.0598754882812,831.2638253093144,810.1492067263514,831.2638253093144,82242548
2024-07-08,806.7698974609375,816.4391857049037,802.7246020410699,811.678583484828,39087800
2024-07-09,807.3372192382812,812.3691778178521,799.369901303005,801.6639054458949,48550878
2024-07-10,802.20654296875,809.063864597064,799.5672308205436,804.1058576798249,45507182
2024-07-11,800.1346435546875,802.0832795528332,789.8239996598078,801.1459373403621,44177074
2024-07-12,800.5292358398438,808.2745787950348,794.8312914757237,800.1839277769812,56049960
2024-07-15,800.2332763671875,804.031966294815,796.8292758573642,800.9239527377698,33375694
2024-07-16,799.0739135742188,802.6505679180453,797.6186093434653,799.5672452078501,28950324
2024-07-18,796.6320190429688,801.1459557272271,788.9113662252444,793.2773395385489,33717064
2024-07-19,792.9319458007812,800.677228233124,791.0572615353138,797.2239068544229,26002152
2024-07-22,810.3218994140625,814.4905276323838,795.5712715150735,797.7172520784763,53744822
2024-07-23,798.407958984375,812.9119216218081,791.7973027922226,812.7885887086006,52002152
2024-07-24,791.3286743164062,799.6906218755655,783.4353677463822,793.3513220807449,61728206
2024-07-25,797.5198974609375,801.6638951787058,785.8772830890329,785.8772830890329,25535732
2024-07-26,798.2846069335938,800.0605887969758,787.5792741911353,791.7972838101718,43810540
2024-07-29,791.822021484375,805.0432741154053,788.4920327099303,796.7306475152811,51001148
2024-07-30,797.0020141601562,806.4739582617092,788.8373508245744,790.317345854264,54595834
2024-07-31,797.1006469726562,803.0946388161857,793.8693004409521,796.2373165488889,37820484
2024-08-01,808.471923828125,814.0219048337823,798.1859108540549,800.627938629233,26215174
2024-08-02,818.51123046875,824.1105327295066,804.6239322848401,804.6239322848401,44119238
2024-08-05,797.1006469726562,812.0239300120638,789.824004829474,809.1132611105608,41333634
2024-08-06,789.922607421875,805.5858871810888,786.0253355957136,804.1305829139676,45116050
2024-08-07,800.9239501953125,804.1306059860544,790.4159617464212,797.7172944045706,42346264
2024-08-08,810.3958740234375,815.6252376687839,798.8272709671206,801.1705962949537,33976950
2024-08-09,814.0958862304688,820.1885804457108,811.9252750900921,814.9839073123685,26644618
2024-08-12,818.9797973632812,826.7990913723679,812.6898193077751,814.9838233487179,39316196
2024-08-13,790.9093017578125,805.3146225179424,789.8980079765901,803.1439511462899,54055042
2024-08-14,793.1785888671875,796.0891971974215,790.9092152779186,792.5372336839343,32334428
2024-08-16,805.1665649414062,806.177918901087,794.7572792867222,803.3905830654421,27849246
2024-08-19,804.895263671875,807.9045746403995,801.0225621096914,807.9045746403995,19502164
2024-08-20,807.92919921875,812.0238759013653,802.8725499307859,802.8725499307859,31134494
2024-08-21,802.05859375,806.3752455426795,798.1119406824072,803.1932203742449,47630904
2024-08-22,804.77197265625,808.2252943260683,803.1439540663039,805.1172807347715,21300638
2024-08-23,801.6885986328125,806.1038926835937,800.6772446912317,806.1038926835937,20333422
2024-08-26,809.0392456054688,812.9858989531632,805.2159251748899,805.2159251748899,22364266
2024-08-27,807.9539184570312,812.714580974844,805.2159036816922,810.7412543536698,35773244
2024-08-28,807.6332397460938,808.9405806750858,804.2292392849356,807.9539173658313,26921188
2024-08-29,808.3485717773438,811.2345497877237,804.6979056469421,810.0505418236547,49052604
2024-08-30,807.5346069335938,819.9172195651064,799.7646332824804,816.9572296027775,445342100
2024-09-02,802.6258544921875,812.4185353190471,800.7758609185206,812.4185353190471,34049680
2024-09-03,807.7565307617188,809.0391809529892,801.4665524914798,806.1038818486695,37282860
2024-09-04,809.9519653320312,811.4319603519671,805.1172908451134,808.5706125582972,24682744
2024-09-05,811.7525024414062,813.947864316631,810.0505324148638,812.0238589250097,22876318
2024-09-06,807.5592041015625,812.8872099026286,806.1532209716318,808.2252499925564,26029602
2024-09-09,812.2705688476562,813.2572321563082,804.1799176724811,808.0772497858858,23792914
2024-09-10,814.169921875,815.9705945420105,808.0772877024264,815.9705945420105,26606646
2024-09-11,810.9879150390625,815.2305552034559,808.6692201411954,814.1945707781381,22226684
2024-09-12,822.1865234375,823.8638631072175,812.541925723635,815.970556634334,32424046
2024-09-13,821.8658447265625,825.8371886289187,817.4752411837702,825.8371886289187,23860532
2024-09-16,824.3324584960938,827.7118283198007,820.9285184448568,822.383822656841,15172820
2024-09-17,823.2718505859375,827.8104775064535,820.9778464556504,827.8104775064535,20127122
2024-09-18,836.0985107421875,838.1211584780381,824.4065144173259,824.7765131575844,40917342
2024-09-19,842.8571166992188,848.0370989791965,838.2444778560398,838.2691083056365,30651776
2024-09-20,858.989013671875,860.8390072921377,842.3884524296358,846.8037464482039,60623386
2024-09-23,868.1650390625,871.3963251528371,858.5203814686755,862.8370332933276,26965350
2024-09-24,872.2350463867188,878.9443447710721,865.4270455398441,870.7303607683197,33039036
2024-09-25,877.6863403320312,882.0770041306025,868.3377295053485,868.3377295053485,31965312
2024-09-26,879.832275390625,882.0769584056752,872.2350164313859,874.7016745924757,31899644
2024-09-27,864.6377563476562,877.2423442796407,863.3304153886946,876.6503703689774,35613502
2024-09-30,854.47509765625,864.0456833682003,850.701098537286,862.738402689165,26383534
2024-10-01,851.5890502929688,859.3837142697525,848.5797393423385,850.5037447767241,24572284
2024-10-03,829.7838134765625,851.5644172954591,825.5164827720641,846.3844351066934,48473398
2024-10-04,817.771240234375,834.0511850540141,815.4772359655595,826.083866681385,48683232
2024-10-07,798.1119384765625,818.4371776300311,795.7439225540929,815.0824984433904,94458296
2024-10-08,814.5151977539062,817.351854577489,800.1838900610866,804.1305430330278,29734406
2024-10-09,805.6846313476562,817.3272467507278,803.4892692768091,813.750592132383,41125642
2024-10-10,820.114501953125,821.6191272702827,805.363874384187,808.5705299330368,21754766
2024-10-11,814.4906005859375,821.1258875682706,810.6672800804614,821.1258875682706,23672594
2024-10-14,832.7931518554688,834.741848018609,815.9705545228965,816.9819085005773,18527508
2024-10-15,830.81982421875,837.6771462351046,826.5771840500105,835.7038196244212,19651130
2024-10-16,838.565185546875,842.585790426718,828.8465156450762,828.8465156450762,20470682
2024-10-17,825.4178466796875,837.5044718768119,821.4958240034423,836.1724403142362,14695732
2024-10-18,829.7098388671875,834.2238355924767,816.0198853262701,820.4598702584595,24809724
2024-10-21,852.8223876953125,862.4177242903107,844.1151323678729,846.063768270474,46548354
2024-10-22,845.841796875,858.3970631644344,843.9424218629189,853.4884373802005,38875280
2024-10-23,856.3251342773438,861.603759041874,841.1551854708522,841.1551854708522,38036090
2024-10-24,863.15771484375,872.5310159915173,857.4597103207274,857.4597103207274,30832258
2024-10-25,860.0744018554688,867.2030200365818,852.8223905419693,865.7970368926951,26130478
2024-10-28,855.5357055664062,863.8237012026692,852.9210840084185,859.383716444917,22012142
2024-10-29,864.2430419921875,870.2370336046123,851.0464203091243,851.5644426318723,35794926
2024-10-30,855.7330932617188,865.6737383463702,850.6024319063034,859.3837596235229,32715724
2024-10-31,856.2756958007812,857.8543931673494,848.234426273393,852.4770662952162,22895912
2024-11-01,857.0651245117188,860.419743696405,851.5397737386437,854.9437742666823,1759692
2024-11-04,845.6197509765625,860.8637106769045,844.0411138190809,860.8637106769045,28089248
2024-11-05,867.2030029296875,869.5956493162819,837.6277954866241,840.1437747820238,44232406
2024-11-06,865.92041015625,873.9370497603172,861.0364145993881,873.9370497603172,27787910
2024-11-07,861.62841796875,868.7323455565536,857.4104082699865,860.5184217555121,18895456
2024-11-08,865.5256958007812,869.1517316326272,861.2830556229201,864.3170573375987,19902986
2024-11-11,871.3717041015625,879.5116762015548,863.9223481240455,865.5750573030832,24565362
2024-11-12,847.6423950195312,875.6636561032956,842.9311140165652,874.1836611915717,31395406
2024-11-13,829.463134765625,853.1677439816382,825.3438276461692,846.9270867373347,35728500
2024-11-14,835.087158203125,841.05645917869,824.8998474928816,825.39317914741,27146470
2024-11-18,841.1797485351562,847.987749103584,836.1971111266544,838.6637692715708,27081968
2024-11-19,859.507080078125,865.1803941380466,839.9957889401087,845.5704607570133,50981272
2024-11-21,858.989013671875,867.7703408111802,855.5356922473849,863.0343691875372,35716512
2024-11-22,861.1597290039062,865.4517505554312,853.2417920363309,860.1484352390544,24773612
2024-11-25,880.8929443359375,889.7482832055338,870.6810037082952,880.6216480727867,427737274
2024-11-26,880.8683471679688,892.9302818593218,873.0983737208503,892.9302818593218,30935566
2024-11-27,894.06494140625,896.5562300169572,880.6709755435701,883.0143007972586,32714976
2024-11-28,884.6176147460938,905.8061839354122,882.07694483503,897.3702251985009,35722392
2024-11-29,886.04833984375,890.2662893460416,879.561016559754,888.6383310231244,27669536
2024-12-02,890.3156127929688,892.0176431336934,875.6636867426915,889.7236388960249,15110876
2024-12-03,900.9715576171875,906.4475265301775,895.9395389832724,899.1955156163089,43410242
2024-12-04,917.6461791992188,920.0635162996781,903.3642521901575,906.7435619082082,44669084
2024-12-05,920.4335327148438,927.4388181075851,905.3622266087298,917.596875706611,39682714
2024-12-06,915.5494995117188,919.6688066050771,909.7035317020062,916.1168429341786,17783156
2024-12-09,922.5301513671875,927.4634676846591,912.1701871004972,914.4641912323508,26947912
2024-12-10,921.5928344726562,926.3288062229569,916.881553393078,926.3288062229569,13325480
2024-12-11,919.1261596679688,923.4675021564423,915.9935158212785,918.4354833328279,14045426
2024-12-12,917.2268676757812,921.864197216933,912.0221946944998,913.1568815747593,17293790
2024-12-13,923.3934936523438,924.9968214762359,902.4268990322158,918.8301759997277,19009002
2024-12-16,920.1621704101562,922.5054957499956,915.2535445762154,920.1128492893367,13107082
2024-12-17,904.4002685546875,918.7562078618506,901.0702798391582,915.7962178924912,21079532
2024-12-18,893.2755737304688,905.7568882727958,891.5242825465077,902.7228866518356,23422312
2024-12-19,884.790283203125,888.5395915672278,877.6369745293333,887.7995941182149,25380770
2024-12-20,873.93701171875,886.7883251977108,871.7417099804251,879.2156362475025,25692348
2024-12-23,888.4902954101562,890.956953642833,878.7716860618692,879.1169941259847,11044592
2024-12-24,887.0596313476562,892.2889348142179,882.8416818560752,889.0083275055933,14485834
2024-12-26,883.4336547851562,893.916952377888,878.5003382709294,887.2816657547127,10481678
2024-12-27,887.1336669921875,890.9322967259654,882.6196702111419,885.4316968356189,7259330
2024-12-30,877.0943603515625,895.3969526845203,873.6903598921683,884.1489668763874,22222218
2024-12-31,874.60302734375,879.0183818635131,871.0263727843891,873.3450677348718,14117236
2025-01-01,879.4869384765625,885.0369191568942,868.8062969452952,874.8989303590305,7313806
2025-01-02,884.9136352539062,889.6989281059142,874.6770036544534,876.699651347947,18558576
2025-01-03,862.9356689453125,885.6536147489581,861.5050553855514,883.5569553072743,24426194
2025-01-06,843.8438110351562,866.8823756490298,841.5251763034672,858.4464162412277,18816348
2025-01-07,845.2744140625,849.0237223493897,838.6637582765616,846.063732614296,13527906
2025-01-08,835.8518676757812,844.4111600559388,830.4498497882179,842.7338203435289,19738190
2025-01-09,822.778564453125,833.237171528912,817.9932112311335,830.844525028491,40420222
2025-01-10,817.3272094726562,826.2811909461473,815.9705474379197,824.3571854708366,17453280
2025-01-13,804.5499267578125,812.3939122066796,801.3186405131205,809.0639234971638,21669066
2025-01-14,812.3198852539062,817.0558570637163,807.5839134440961,809.0145872775671,26661432
2025-01-15,810.5685424804688,820.2624606383587,807.2385540448483,817.2038286822469,14022892
2025-01-16,815.008544921875,819.201863784551,810.469857784879,815.4031740939097,21212454
2025-01-17,807.4605712890625,814.2438814190301,803.3905852110819,810.7905598983193,23112076
2025-01-20,814.6138305664062,819.3991231510713,802.1572072678132,802.1572072678132,17557618
2025-01-21,810.2478637695312,819.4485105158285,805.6352251722408,818.0671578930118,31158144
2025-01-22,821.9152221679688,824.8012002853578,801.8859089377631,810.2479165643738,30619306
2025-01-23,821.347900390625,832.2505181334424,814.6139111249832,832.2505181334424,34909158
2025-01-24,813.8986206054688,824.0119199318104,811.2839386423929,818.9305795964561,24236200
2025-01-27,804.0319213867188,810.839861804967,802.157237088582,809.6065327196525,22804166
2025-01-28,824.0611572265625,830.918478848159,812.5171851743912,812.5171851743912,30179312
2025-01-29,827.4651489257812,829.3644636153648,823.2964606110903,826.3304621132276,12619890
2025-01-30,834.470458984375,837.627793486482,825.1218486077116,829.2904768269195,25744846
2025-01-31,838.047119140625,840.9824182950722,830.7457868177106,832.3738053097981,15821686
2025-02-01,834.1990966796875,845.0770832229423,826.8485035606199,837.4304429485957,5587528
2025-02-03,827.8104858398438,832.1518283284162,820.6324864421063,823.8638327488314,20276540
2025-02-04,848.9744873046875,851.391824544325,828.8219005259823,833.0891713164636,28616502
2025-02-05,857.311767578125,860.4690419690123,847.9877873258422,854.9437515638108,23675506
2025-02-06,860.29638671875,862.8370567631686,850.5037655001158,856.1770794811201,26760716
2025-02-07,854.8203735351562,871.7169816976605,850.9970534399911,863.3303440695562,23509600
2025-02-10,846.4337768554688,850.2324064646851,842.857122399865,847.1984649999539,17195950
2025-02-11,839.3544921875,844.090464044396,833.0891440189461,840.1438107934578,22724704
2025-02-12,842.0184936523438,844.5837941723514,829.389155095277,835.2104927183359,22809570
2025-02-13,837.5291137695312,845.6937766231139,835.4818356095761,838.1704689996619,12602434
2025-02-14,836.1231079101562,839.601120018604,828.7971451888767,839.601120018604,19959892
2025-02-17,847.2230834960938,848.5304243918573,829.413823260936,831.3624591587258,12938946
2025-02-18,850.0350952148438,854.2284140997132,841.697778564227,845.1017788797033,16350910
2025-02-19,852.0823974609375,857.3610822217985,844.8057556604201,847.0504387449713,11884112
2025-02-20,832.2998046875,845.9157460199498,831.4118438608401,844.0904430253034,26390510
2025-02-21,834.9638061523438,836.1724445897772,827.4404985932164,829.2411711352042,15680940
2025-02-24,827.3665161132812,830.8691588600108,819.4732095421047,829.3398427560753,20693646
2025-02-25,829.9564819335938,832.7438177754724,824.406500920576,824.406500920576,24138708
2025-02-27,839.0090942382812,843.9671012979777,830.0551731686357,830.0551731686357,35786800
2025-02-28,854.6477661132812,857.0404125816553,831.2638337603047,831.2638337603047,54516728
2025-03-03,839.4285278320312,859.9017921530082,835.7531707549724,858.2984642242569,21205364
2025-03-04,843.5971069335938,845.7184570804238,835.3338019387764,837.6771272358142,19920958
2025-03-05,833.73046875,843.991790915382,832.8671383829512,839.6257577393887,21583872
2025-03-06,834.3224487304688,838.6144701478811,824.973838204501,832.2504799228543,32966088
2025-03-07,833.3604736328125,839.2311321984157,827.6131479773222,829.7838192395386,13372914
2025-03-10,832.4971313476562,838.6144556459366,830.3018296675241,833.2371287977431,15604050
2025-03-11,831.510498046875,835.7038170818192,823.8885481247595,829.9811819724781,19898430
2025-03-12,844.1644897460938,847.7904654359072,834.4952011662076,834.4952011662076,18784106
2025-03-13,841.9197387695312,848.9250839737969,838.688452760047,846.5817587561914,15736264
2025-03-17,843.7944946289062,850.5037932506908,841.1304915849349,841.1304915849349,18950652
2025-03-18,843.7944946289062,843.7944946289062,843.7944946289062,843.7944946289062,0
2025-03-19,860.4197387695312,863.823739278078,854.5490799535085,855.930432694155,15221406
2025-03-20,872.580322265625,875.1703133281802,862.9850461318551,865.3036807089222,17833978
2025-03-21,873.3696899414062,875.2196836615442,866.0684175252852,866.0684175252852,33508264
2025-03-24,887.9969482421875,890.1676194932312,874.997671627427,877.6369838460287,17393736
2025-03-25,898.5789184570312,909.5555477752322,888.7369760332164,890.4143157035983,39101416
2025-03-26,891.2283325195312,901.5636066855513,888.9836493829623,900.3302775382388,24478442
2025-03-27,900.5029296875,908.2235821777275,887.0596420099644,887.9969842041877,41658100
2025-03-28,901.9088745117188,905.7568853680813,890.8829244709937,902.3035639097062,28773648
2025-04-01,872.1363525390625,892.8809726796349,870.9030234039785,888.9836405685396,28511006
2025-04-02,886.4676513671875,887.602278026219,873.5423260418547,873.5423260418547,11573564
2025-04-03,885.456298828125,889.9702954640933,876.6503409310941,878.6729886492828,11250038
2025-04-04,896.5316772460938,908.6922548603657,893.4729847277881,894.4103269547068,33540454
2025-04-07,867.1289672851562,878.0562747489253,857.5090006629878,869.6450067324856,37995450
2025-04-08,872.7777099609375,879.1170096868965,863.4784203033727,870.730371547347,35563872
2025-04-09,870.7303466796875,875.6636630914704,865.0570328061372,870.7303466796875,22454608
2025-04-11,891.3269653320312,897.567622795633,875.540352413462,875.540352413462,32775766
2025-04-15,920.0142211914062,925.8848799667485,915.1302257322174,920.0635423129839,49298344
2025-04-16,926.4768676757812,929.33821542373,917.8435635307726,929.33821542373,19136820
2025-04-17,940.6354370117188,947.048748489299,925.835487448072,928.4501692927759,35703084
2025-04-21,950.6994018554688,962.3420166432835,942.2634427629204,949.170085798879,34247298
2025-04-22,967.7686767578125,972.1593405008402,954.5967457498784,954.5967457498784,45961750
2025-04-23,949.1207275390625,976.2539669757358,947.4433879660209,976.2539669757358,30570642
2025-04-24,945.6181030273438,949.1207455952106,939.8460867592294,942.2634238174406,25931754
2025-04-25,942.8554077148438,953.6100615716746,933.2848220611925,949.5647662059754,18500878
2025-04-28,947.29541015625,951.982060830828,941.4741328194633,942.8554253066497,13920492
2025-04-29,941.6714477539062,951.5380804410966,937.4287475214969,946.6047640975014,18918308
2025-04-30,949.6633911132812,955.5340495753018,942.4114402150566,943.7434115323153,31936870
2025-05-02,948.1341552734375,958.0007887427045,947.1968130496268,952.0314875380283,17840404
2025-05-05,955.4847412109375,962.9833580251333,953.2647488384409,956.5700467268101,15068024
2025-05-06,952.9686889648438,957.112686715781,949.3180830668039,952.1300492793257,17490156
2025-05-07,959.8260498046875,961.355365881208,948.3807795701131,954.1034146874002,21420778
2025-05-08,951.3900756835938,964.364722012384,946.752746184645,964.364722012384,34803430
2025-05-09,932.248779296875,946.7034204881495,930.8181657127636,942.3127568324845,17188796
2025-05-12,965.5487060546875,966.880737676539,943.3981625785179,946.0127842578852,18618972
2025-05-13,948.4793701171875,967.7686246091653,947.1967199365026,961.9966686855105,24242102
2025-05-14,942.5594482421875,952.2287366384547,938.8101397074491,948.2327622761527,15445308
2025-05-15,954.0047607421875,959.4314088460198,935.85013208818,943.9901042439285,32241458
2025-05-16,954.44873046875,958.9380967138302,951.340777169636,954.0047801554118,15868010
2025-05-19,956.4220581054688,959.5300716290252,952.6234284399217,955.5834183781088,10202964
2025-05-20,944.6807861328125,954.3993955236706,943.7434439560598,951.1927398071444,23879090
2025-05-21,950.5514526367188,960.4674068130723,947.739426083267,950.6500948788123,15132040
2025-05-22,947.1474609375,949.2687509312965,939.895449442171,944.828766015395,21306670
2025-05-23,953.9060668945312,955.583406549638,944.4834444188342,947.246089616049,9566072
2025-05-26,957.1619873046875,961.9473401627192,950.6007128758197,954.5966869630639,10802860
2025-05-27,950.3047485351562,961.0100208805311,945.3714322062008,952.9193700568147,26162148
2025-05-28,948.9234008789062,954.3500488693757,946.0620533045636,947.2953823933067,18157594
2025-05-29,950.896728515625,957.4580633637506,940.9314535555673,951.1433943336576,28917794
2025-05-30,959.480712890625,961.4047183192448,949.8607459686729,953.0674016093235,28748078
2025-06-02,953.166015625,955.09002099665,941.2767355690125,952.1793523801688,14668822
2025-06-03,949.466064453125,962.9833634640112,947.1967509482078,956.0767204883472,24377584
2025-06-04,957.6553344726562,958.6913790708478,947.6407385330224,947.690059651711,12961542
2025-06-05,961.79931640625,966.3873245707182,957.1619871239031,961.0099978567567,22255418
2025-06-06,976.1552734375,984.8379583134906,958.3953347348495,959.0366899431259,30127008
2025-06-09,976.2540283203125,984.1966559557253,974.7740333489505,984.1966559557253,13202588
2025-06-10,969.5447387695312,978.1780428487654,967.472709657825,978.1780428487654,15533126
2025-06-11,962.1940307617188,970.6793107759778,960.516691162301,970.6793107759778,11096394
2025-06-12,958.74072265625,967.4233474890254,954.7447484104943,961.9966994408974,16349130
2025-06-13,946.0127563476562,953.6100757725884,943.7434428106371,947.19676434732,12117762
2025-06-16,954.7940673828125,956.520728121515,947.2460692080249,949.1700746468088,16513746
2025-06-17,951.9327392578125,957.852719054467,946.7527569357399,955.5834055099792,16978736
2025-06-18,954.0540771484375,955.2380851367438,945.7167603313338,945.7167603313338,18433816
2025-06-19,954.7447509765625,960.4180648603083,949.9593979158449,954.0540746334422,16876220
2025-06-20,969.2486572265625,971.8140179089729,952.9193918485255,952.9193918485255,32900408
2025-06-23,961.2073974609375,965.8940481289003,957.9514206200562,961.2073974609375,11739518
2025-06-24,967.3740234375,976.3033140635843,964.7593416610487,969.3966711141703,22625322
2025-06-25,976.8953247070312,977.7833457795492,968.854054817417,969.8900392545883,18405932
2025-06-26,997.4179077148438,1000.0325292056699,976.7966216145232,977.4872979366618,50084830
2025-06-27,1004.9491577148438,1007.393088107433,994.2258430942326,1004.0015037809444,28213384
2025-06-30,998.2658081054688,1004.400566128524,995.2732550959096,1003.2533964547342,13649020
2025-07-01,1003.5526123046875,1005.4977838847651,999.5126780283082,1000.0114368496795,14389386
2025-07-02,990.5350341796875,1007.4429706558585,986.4950998423908,1007.4429706558585,18878250
2025-07-03,991.0836181640625,1001.507689459166,989.6871300276722,994.9739612315547,16860506
2025-07-04,992.1809692382812,999.2633203019867,987.5424877454124,991.0836632772651,7863944
2025-07-07,991.2332763671875,996.7196233059492,989.4377568185034,992.0312782906421,11349426
2025-07-08,998.2159423828125,1000.0114620081927,986.0462146584523,986.0462146584523,15224316
2025-07-09,1003.1036987304688,1004.4005203490875,996.5699704674603,1001.0089360727129,13861428
2025-07-10,1000.6099243164062,1005.9965439473215,997.5176439735463,1005.4977851253348,17030310
2025-07-11,989.3878784179688,999.9117385623401,987.9913902076418,996.5201541247731,12516922
2025-07-14,989.0387573242188,991.8816582943851,982.8541356715338,989.0387573242188,13088850
2025-07-15,995.2732543945312,999.3131887778599,984.0511806165923,984.0511806165923,14498168
2025-07-16,995.6722412109375,1008.8394251469304,993.826797075495,1006.4952830829005,17994612
2025-07-17,990.98388671875,999.9116815490105,988.8890631972324,999.5126501495852,22529158
2025-07-18,976.2705078125,996.0213445308241,974.0759568696542,990.9838927216935,16129446
2025-07-21,997.7670288085938,998.5151670456409,985.7968170158388,986.6446826643673,22309078
2025-07-22,1001.058837890625,1006.4953213272488,999.0139388595042,1004.051390877723,14836814
2025-07-23,1009.6375122070312,1012.3806857402005,999.0139248978445,1003.0039954915454,13634916
2025-07-24,1004.5999755859375,1016.3208076773761,1001.7072110041944,1016.3208076773761,19107176
2025-07-25,1002.2999877929688,1007.5,999.5,1007.5,9306598
2025-07-28,1004.25,1010.7000122070312,1000.25,1001.5,12059580
2025-07-29,1010.7999877929688,1013.25,998.1500244140625,999.9500122070312,19895696
2025-07-30,1012.9000244140625,1016.2999877929688,1008.5,1014.0,15154036
2025-07-31,1009.0999755859375,1015.7000122070312,1004.0,1007.2999877929688,22183032
2025-08-01,1006.0999755859375,1014.1500244140625,1004.6500244140625,1007.0,11317258
2025-08-04,996.0,1009.25,994.0499877929688,1005.0499877929688,13933946
2025-08-05,988.7999877929688,997.2000122070312,982.75,993.25,23978058
2025-08-06,992.6500244140625,994.0,985.0,985.5499877929688,14080204
2025-08-07,997.7000122070312,1000.7999877929688,988.4000244140625,990.0499877929688,13081186
2025-08-08,986.9500122070312,996.4000244140625,985.0,993.5499877929688,13895264
2025-08-11,997.7999877929688,998.7999877929688,986.5499877929688,987.9500122070312,9105854
2025-08-12,984.9500122070312,998.0,983.75,995.9500122070312,12937802
2025-08-13,990.1500244140625,997.0,984.5499877929688,997.0,13577396
2025-08-14,995.5499877929688,998.0,985.5999755859375,989.0,17511716
2025-08-18,1001.7999877929688,1013.2999877929688,997.7999877929688,1005.0,19284796
2025-08-19,995.5499877929688,1003.0499877929688,993.3499755859375,999.1500244140625,12352438
2025-08-20,994.0999755859375,996.0,989.5,993.5,9950228
2025-08-21,995.5999755859375,998.75,991.5999755859375,998.75,12439850
2025-08-22,982.2999877929688,998.0,978.5499877929688,994.9500122070312,19833502
2025-08-25,982.0499877929688,988.7000122070312,978.5,980.0999755859375,17518044
2025-08-26,973.4000244140625,985.7000122070312,968.0,979.5,16917731
2025-08-28,957.7999877929688,972.2000122070312,955.0,967.0,25438255
2025-08-29,951.5999755859375,963.2999877929688,950.0999755859375,954.0,14823813
2025-09-01,950.5999755859375,957.4500122070312,946.3499755859375,949.5999755859375,20178344
2025-09-02,944.5,954.7999877929688,944.0,951.0,14196320
2025-09-03,954.4500122070312,956.2999877929688,940.0,945.0,16083481
2025-09-04,961.25,965.7000122070312,956.25,960.2000122070312,17597657
2025-09-05,963.4000244140625,967.5,954.0499877929688,967.5,11602111
2025-09-08,966.0,973.1500244140625,960.4500122070312,969.0,11711307
2025-09-09,965.1500244140625,974.4000244140625,962.7000122070312,974.0,13985539
2025-09-10,965.9000244140625,973.9000244140625,961.7000122070312,973.9000244140625,18091100
2025-09-11,967.7999877929688,969.25,959.9000244140625,960.2999877929688,15113633
2025-09-12,967.2999877929688,970.75,962.25,969.9000244140625,14363519
2025-09-15,967.0499877929688,972.3499755859375,965.0,969.5999755859375,14486377
2025-09-16,966.8499755859375,969.3499755859375,961.2000122070312,961.2000122070312,18661794
2025-09-17,966.5,974.4000244140625,964.3499755859375,965.1500244140625,17361476
2025-09-18,976.9000244140625,979.6500244140625,969.25,973.2999877929688,17791598
2025-09-19,966.9000244140625,976.7000122070312,962.0999755859375,974.9000244140625,31243267
2025-09-22,964.2000122070312,971.2000122070312,961.9500122070312,964.0,10854415
2025-09-23,957.2000122070312,968.2000122070312,955.5,967.0,21022298
2025-09-24,951.0499877929688,956.4500122070312,943.0,952.2000122070312,15117220
2025-09-25,949.8499755859375,958.0,947.4000244140625,952.5,31413279
2025-09-26,945.0499877929688,951.4500122070312,941.2999877929688,945.0999755859375,14874656
2025-09-29,950.2999877929688,956.7999877929688,939.0999755859375,946.0499877929688,32398179
2025-09-30,951.0,960.0,946.2999877929688,958.0499877929688,28296687
2025-10-01,965.25,969.5999755859375,946.0,952.7000122070312,25350832
2025-10-03,965.1500244140625,966.75,952.0,952.0,26658296
2025-10-06,973.4500122070312,977.4000244140625,962.0,971.9000244140625,18542683
2025-10-07,982.5,989.8499755859375,971.0,974.0,25535736
2025-10-08,978.7000122070312,985.9000244140625,974.5499877929688,976.0,15939710
2025-10-09,977.0999755859375,979.0,970.1500244140625,974.5,15370950
2025-10-10,980.9000244140625,986.2000122070312,978.0999755859375,979.0,13757080
2025-10-13,977.0,981.0,972.0,974.2999877929688,18634254
2025-10-14,977.1500244140625,980.4500122070312,967.0,970.0,22934382
2025-10-15,978.25,984.9000244140625,973.3499755859375,975.0,23310447
2025-10-16,994.3499755859375,996.5999755859375,981.5,982.6500244140625,22936566
2025-10-17,1002.5499877929688,1009.0,986.0,993.9500122070312,25210511
2025-10-20,1002.9500122070312,1020.0,997.0,997.0,22195202
2025-10-21,1007.7000122070312,1010.0,1004.0,1006.0,3471600
2025-10-23,1008.7999877929688,1020.5,1006.0,1016.0,43526526
2025-10-24,994.75,1011.9500122070312,991.2999877929688,1011.0,17707768
2025-10-27,1002.9500122070312,1009.0499877929688,996.2000122070312,996.5,15700796
2025-10-28,1003.5499877929688,1008.0,995.0,997.6500244140625,33904289
2025-10-29,1007.8499755859375,1012.5,1000.0,1004.9000244140625,17769445
2025-10-30,998.1500244140625,1009.5,997.0999755859375,1000.0,19962917
2025-10-31,987.2999877929688,1004.4500122070312,981.1500244140625,994.0,23221330
2025-11-03,992.6500244140625,994.5499877929688,983.2999877929688,985.0,16607180
2025-11-04,985.25,997.0,983.7000122070312,987.0,20024544
2025-11-06,984.6500244140625,991.0499877929688,974.0,981.0,22279516
2025-11-07,982.2999877929688,984.9000244140625,974.75,980.0,15004568
2025-11-10,984.5,990.9500122070312,980.2000122070312,982.2999877929688,15988262
2025-11-11,991.7000122070312,993.5,978.0,983.5,10200530
2025-11-12,989.5,999.0,987.7000122070312,998.7999877929688,13137263
2025-11-13,986.6500244140625,990.0999755859375,982.5999755859375,984.0,14124839
2025-11-14,989.5999755859375,991.6500244140625,976.0499877929688,976.0499877929688,21386965
2025-11-17,996.5499877929688,997.9500122070312,985.5999755859375,991.25,18396408
2025-11-18,992.4500122070312,999.0,990.0,997.6500244140625,20002640
2025-11-19,994.5999755859375,996.5499877929688,984.0,990.0,19813847
2025-11-20,1008.8499755859375,1011.5999755859375,992.4500122070312,995.2999877929688,19850865
2025-11-21,998.0499877929688,1008.2999877929688,996.5499877929688,1003.0999755859375,17499897
2025-11-24,999.1500244140625,1011.4500122070312,993.5999755859375,1000.0,32204053
2025-11-25,989.7999877929688,1006.0999755859375,988.4000244140625,1004.0,24989383
2025-11-26,1003.9000244140625,1006.9500122070312,981.2999877929688,981.2999877929688,19494356
2025-11-27,1009.5,1016.7999877929688,1001.0,1002.0999755859375,25536848
2025-11-28,1007.5999755859375,1012.0499877929688,1004.2000122070312,1007.0,15988807
2025-12-01,1002.0999755859375,1017.5,999.2999877929688,1017.5,16746566
2025-12-02,989.7999877929688,994.4000244140625,985.0,988.0,27316662
2025-12-03,1000.5,1002.2999877929688,986.0,986.0,15448777
2025-12-04,997.2000122070312,1004.7000122070312,993.0,1000.0,14528169
2025-12-05,1003.2999877929688,1008.0,990.2000122070312,992.0,12843366
2025-12-08,1003.0999755859375,1006.5,997.5,1000.0,12901022
2025-12-09,997.0999755859375,1002.7999877929688,994.0,994.9000244140625,15294322
2025-12-10,989.7999877929688,998.5,985.2999877929688,997.5,15322830
2025-12-11,1000.2999877929688,1002.7000122070312,988.5,990.0,11844809
2025-12-12,1001.5,1004.7000122070312,998.2000122070312,1003.0,11988618
2025-12-15,996.0999755859375,1001.7999877929688,992.0,992.0,9790060
2025-12-16,994.2999877929688,998.7000122070312,990.0999755859375,990.0999755859375,20049088
2025-12-17,984.0,996.0,980.7999877929688,996.0,19080922
2025-12-18,979.7000122070312,987.4000244140625,973.2999877929688,973.2999877929688,14912404
2025-12-19,985.5,988.0,978.7000122070312,987.0,25952384
2025-12-22,987.7000122070312,992.9000244140625,983.9000244140625,988.0,13540411
2025-12-23,996.5999755859375,998.9000244140625,987.7000122070312,990.5,17927849
2025-12-24,997.2000122070312,999.4000244140625,993.0,993.0,13699996
2025-12-26,992.0999755859375,997.2000122070312,987.7000122070312,996.0,9360853
2025-12-29,991.7000122070312,997.4000244140625,987.2000122070312,993.0999755859375,13545749
2025-12-30,990.9000244140625,995.0,982.2000122070312,990.2000122070312,33155849
2025-12-31,991.2000122070312,997.5999755859375,987.5999755859375,991.0,10963454
2026-01-01,991.1500244140625,997.5499877929688,989.5,993.5,7132074
2026-01-02,1001.5999755859375,1003.2000122070312,988.7999877929688,991.1500244140625,11751459
2026-01-05,977.5,1006.4000244140625,976.2999877929688,1005.75,27647379
2026-01-06,962.2000122070312,966.7000122070312,956.0,962.7000122070312,31988783
2026-01-07,949.0499877929688,956.4500122070312,946.0,956.0,52884712
2026-01-08,946.7000122070312,953.0,941.4000244140625,944.7000122070312,21928849
2026-01-09,939.0,950.5999755859375,933.2999877929688,945.0,38183839
2026-01-12,936.9500122070312,942.0,929.5999755859375,937.5,21071666
2026-01-13,937.3499755859375,947.7000122070312,932.5999755859375,947.7000122070312,32042827
2026-01-14,925.4500122070312,940.0499877929688,920.2000122070312,930.0,36688248
2026-01-15,925.4500122070312,925.4500122070312,925.4500122070312,925.4500122070312,0
2026-01-16,931.0999755859375,935.9500122070312,919.2000122070312,922.0,37780235
2026-01-19,927.9000244140625,936.1500244140625,919.5,935.9000244140625,38191942
2026-01-20,931.2000122070312,934.5,919.5999755859375,929.2999877929688,36022727
2026-01-21,920.3499755859375,932.1500244140625,915.5,925.0,32766854
2026-01-22,918.7000122070312,928.2999877929688,913.2000122070312,928.0,44444755
2026-01-23,916.0999755859375,926.0999755859375,909.25,920.0,30985247
2026-01-27,926.4000244140625,931.2000122070312,905.0,906.0,44753093
2026-01-28,932.7000122070312,941.4500122070312,928.4000244140625,932.5,35347138
2026-01-29,935.5,939.2999877929688,924.3499755859375,930.0999755859375,37175628
2026-01-30,929.25,938.9000244140625,927.75,930.0,29691233
2026-02-02,928.0999755859375,929.7999877929688,909.2999877929688,915.0,28032106
2026-02-03,948.7000122070312,994.0,945.0,983.75,50336968
2026-02-04,953.0999755859375,957.2000122070312,947.9500122070312,952.5,24366770
2026-02-05,949.7000122070312,956.0499877929688,946.7000122070312,956.0,28103169
2026-02-06,941.0999755859375,948.0999755859375,937.5999755859375,945.0,18120272
2026-02-09,937.25,950.0,935.3499755859375,945.0,23947829
2026-02-10,932.4000244140625,940.9000244140625,929.9500122070312,930.0,31525385
2026-02-11,927.0999755859375,936.0,925.2999877929688,931.25,24869804
2026-02-12,920.5999755859375,928.5999755859375,918.5,927.0,33872203
2026-02-13,903.9000244140625,928.2000122070312,901.0,913.0,50188359
2026-02-16,925.7999877929688,929.5,902.0999755859375,903.9000244140625,18806989
2026-02-17,925.7000122070312,928.0999755859375,918.5999755859375,923.0,22599629
2026-02-18,924.7000122070312,925.5,919.5499877929688,923.2000122070312,12738702
2026-02-19,915.5999755859375,929.2000122070312,912.4500122070312,929.0,21209234
2026-02-20,911.8499755859375,917.8499755859375,908.4000244140625,911.0,22654907
2026-02-23,923.5999755859375,925.6500244140625,915.25,916.5,23270122
2026-02-24,910.5,927.9500122070312,909.1500244140625,927.9500122070312,31313985
2026-02-25,907.5999755859375,916.0,903.0999755859375,910.5499877929688,27884303
2026-02-26,898.5999755859375,912.0,895.0,912.0,41165937
2026-02-27,887.75,898.9500122070312,885.0,898.5999755859375,34620755
2026-03-02,879.4000244140625,887.75,871.5499877929688,876.2000122070312,38378924
2026-03-04,868.6500244140625,879.2999877929688,848.0,848.0,39862322
2026-03-05,877.75,881.4000244140625,863.5,873.8499755859375,31324582
2026-03-06,857.0499877929688,871.7000122070312,855.0999755859375,868.0499877929688,34439647
2026-03-09,840.7000122070312,842.4500122070312,821.5,825.0,35592613
2026-03-10,849.4500122070312,856.7999877929688,840.5999755859375,850.0499877929688,52866024
2026-03-11,833.9500122070312,848.8499755859375,827.5999755859375,845.0,42261076
2026-03-12,832.75,836.4000244140625,820.0999755859375,820.0999755859375,46107561
2026-03-13,817.0,823.7999877929688,812.0,820.0,41700464
2026-03-16,840.5999755859375,844.5,815.6500244140625,817.0,52182605
2026-03-17,845.3499755859375,848.9000244140625,835.0999755859375,847.7000122070312,38826979
2026-03-18,843.0499877929688,846.7999877929688,831.5999755859375,845.3499755859375,23507063
2026-03-19,798.2000122070312,815.6500244140625,770.0,770.0,171637393
2026-03-20,780.4500122070312,793.75,778.2000122070312,785.0,103129469
2026-03-23,744.1500244140625,768.7000122070312,741.0499877929688,763.1500244140625,72341738
2026-03-24,764.9000244140625,772.75,747.7000122070312,755.0,61269986
2026-03-25,782.2999877929688,794.7999877929688,768.2000122070312,768.2000122070312,59230640
2026-03-27,756.2000122070312,774.9000244140625,754.5499877929688,773.2000122070312,65485199
2026-03-30,731.5499877929688,751.0,726.6500244140625,745.2000122070312,103500135
2026-04-01,742.25,755.9000244140625,739.0999755859375,743.0,78862761
2026-04-02,750.9000244140625,755.0,726.6500244140625,730.0,49310300
2026-04-06,771.0,772.75,745.0,759.0,42976659
2026-04-07,772.0,774.0,761.0,766.0,51309793
2026-04-08,816.0999755859375,817.7999877929688,796.0,800.0,70269512
2026-04-09,797.7000122070312,819.0,793.0999755859375,815.0,48879392
2026-04-10,810.2999877929688,812.25,801.0,804.0,38156026
2026-04-13,794.7000122070312,798.5,787.3499755859375,791.5,47549328
2026-04-15,809.9000244140625,814.7999877929688,804.0,804.9500122070312,39769515
2026-04-16,795.4500122070312,820.0499877929688,792.2000122070312,818.0,62861293
2026-04-17,799.9000244140625,803.9500122070312,788.2000122070312,790.0999755859375,37282544
2026-04-20,795.4500122070312,809.9500122070312,790.0,797.0999755859375,52148044
2026-04-21,811.75,814.9000244140625,795.2000122070312,795.2000122070312,49127594
