Price,Close,High,Low,Open,Volume
Ticker,INDUSINDBK.NS,INDUSINDBK.NS,INDUSINDBK.NS,INDUSINDBK.NS,INDUSINDBK.NS
Date,,,,,
2002-07-01,13.32038688659668,13.535231285595266,13.105541121650718,13.248771631614693,84409
2002-07-02,13.356192588806152,13.606845274955306,13.248770399298587,13.32038564761938,34616
2002-07-03,12.854891777038574,13.606848656408424,12.640045978684624,13.356195907969278,89445
2002-07-04,12.890694618225098,13.141347286768905,12.819079374934416,13.069732043478224,58765
2002-07-05,12.962313652038574,13.03392891627145,12.640045645964411,12.783276174430162,30847
2002-07-08,13.284577369689941,13.499423115124635,13.0697329902025,13.0697329902025,60407
2002-07-09,13.284577369689941,13.499423115124635,13.10553993146799,13.320385676902683,50930
2002-07-10,13.06973648071289,13.53523367121999,13.033929529884505,13.53523367121999,42355
2002-07-11,12.890694618225098,13.177154225440669,12.819079374934416,12.890694618225098,26325
2002-07-12,12.640046119689941,12.890698870925231,12.53262390228842,12.890698870925231,32957
2002-07-15,12.281970024108887,12.747467167435074,12.210354763763133,12.425200544800395,34568
2002-07-16,12.389392852783203,12.56843032964971,12.174548426922414,12.174548426922414,31833
2002-07-17,12.210354804992676,12.461007534075431,12.174547857672632,12.461007534075431,22651
2002-07-18,12.067124366760254,12.353584012705998,12.03131605729995,12.317777069193033,11050
2002-07-19,12.17454719543457,12.281969397498923,11.959702791305865,12.031316682050495,11950
2002-07-22,11.673239707946777,11.995507623310095,11.565817524808061,11.744854952021644,31590
2002-07-23,11.565818786621094,11.780664542285036,11.458396591762781,11.601627095538744,39520
2002-07-24,11.458395957946777,11.637433394789696,11.315166145067167,11.315166145067167,24985
2002-07-25,11.709049224853516,11.888086670597614,11.530011779109417,11.888086670597614,24071
2002-07-26,11.350974082946777,11.74485590851528,11.315166457993193,11.74485590851528,64231
2002-07-29,11.315168380737305,11.38678295984003,11.10032327748162,11.350976011775545,52025
2002-07-30,11.458395957946777,12.174545705318451,11.243550897140551,12.174545705318451,31304
2002-07-31,11.3867826461792,11.816472840854306,11.171938231815384,11.422590276231082,27554
2002-08-01,11.530012130737305,11.816471779474488,11.458396877066171,11.816471779474488,23971
2002-08-02,11.458395957946777,11.601626453800009,11.386780710020162,11.458395957946777,33639
2002-08-05,11.744855880737305,11.780664188579836,11.565818439366469,11.601626747209002,41042
2002-08-06,11.709049224853516,11.888086670597614,11.637433973366415,11.888086670597614,8592
2002-08-07,11.78066349029541,11.995507860826864,11.744855184575371,11.995507860826864,24862
2002-08-08,11.530012130737305,11.923893977007515,11.494203820928062,11.780664835612598,24957
2002-08-09,11.422588348388672,11.601626468430998,11.350973783345362,11.601626468430998,8215
2002-08-12,11.565818786621094,11.673240981479406,11.315166770960479,11.315166770960479,16159
2002-08-13,11.458395957946777,11.530011205873393,11.171936332187556,11.315166145067167,7450
2002-08-14,11.601628303527832,11.637435250226467,11.458397784838368,11.494204731537005,15137
2002-08-15,11.601628303527832,11.601628303527832,11.601628303527832,11.601628303527832,0
2002-08-16,11.673239707946777,11.780663257032662,11.565817524808061,11.565817524808061,15068
2002-08-19,11.673239707946777,11.744854952021644,11.60162582981908,11.637432768882928,6417
2002-08-20,11.637435913085938,11.816473388671875,11.4583984375,11.744858125247992,43801
2002-08-21,11.565818786621094,11.995508932001663,11.530011843650762,11.673240981479406,25113
2002-08-22,11.422588348388672,11.923893035586321,11.350973783345362,11.923893035586321,20192
2002-08-23,11.458395957946777,11.601626453800009,11.136128708224248,11.458395957946777,47754
2002-08-26,11.530012130737305,11.673241272132222,11.458396877066171,11.458396877066171,10811
2002-08-27,11.3867826461792,11.637435373568634,11.3867826461792,11.637435373568634,23259
2002-08-28,11.565818786621094,12.031315874971993,11.530011843650762,11.637434038509076,19546
2002-08-29,11.494203567504883,11.709049323781384,11.45839662443246,11.709049323781384,17870
2002-08-30,11.3867826461792,11.458397906282963,11.350975699101054,11.422590276231082,27692
2002-09-02,11.494203567504883,11.637434071689217,11.422588998386377,11.45839662443246,19826
2002-09-03,11.494203567504883,11.56581881959705,11.45839662443246,11.45839662443246,10655
2002-09-04,11.422588348388672,11.49420291343198,11.386780724380205,11.458395972397136,11565
2002-09-05,11.494203567504883,11.56581881959705,11.45839662443246,11.45839662443246,12808
2002-09-06,11.458395957946777,11.56581814686308,11.386780710020162,11.530011205873393,16233
2002-09-09,11.530012130737305,11.601627384408438,11.458396877066171,11.458396877066171,24243
2002-09-10,11.530012130737305,11.530012130737305,11.530012130737305,11.530012130737305,0
2002-09-11,11.709049224853516,11.744856167623412,11.530011779109417,11.530011779109417,22785
2002-09-12,12.854891777038574,14.036538887168735,11.888089099314772,14.036538887168735,102613
2002-09-13,12.604236602783203,12.962311498510298,12.53262135044832,12.747465741505646,42666
2002-09-16,12.568426132202148,12.74746354927595,12.42519701811136,12.532619195166223,37459
2002-09-17,12.640046119689941,12.747468337091465,12.53262390228842,12.640046119689943,32100
2002-09-18,12.795615196228027,13.223431504388987,12.640044820371827,12.990077424233746,57165
2002-09-19,12.290013313293457,12.756722228898292,12.21222812311871,12.678937038723545,30765
2002-09-20,12.056657791137695,12.406689643162661,11.978872605436809,12.290012606425842,20550
2002-09-23,11.667734146118164,12.406690493676068,11.39548671931625,12.406690493676068,44035
2002-09-24,11.667734146118164,11.939981572920077,11.473271910349528,11.74551933715144,45495
2002-09-25,11.667734146118164,11.667734146118164,11.512164505866167,11.589948955084886,4909
2002-09-26,11.162130355834961,11.745516944290145,11.084345180648507,11.628839181510465,51288
2002-09-27,11.47326946258545,11.551054637023654,11.123237661242333,11.123237661242333,15154
2002-09-30,11.551054954528809,11.862194177205142,11.512162366240661,11.589946801002535,8832
2002-10-01,11.47326946258545,11.589946482428354,11.317699855523442,11.551054637023654,8483
2002-10-02,11.47326946258545,11.47326946258545,11.47326946258545,11.47326946258545,0
2002-10-03,10.889883995056152,11.628840260643496,10.53985215786367,11.628840260643496,26195
2002-10-04,11.162130355834961,11.317699964393462,10.88988298449678,10.967668159683233,16328
2002-10-07,11.356595039367676,11.395486893664794,11.162132800623809,11.162132800623809,13419
2002-10-08,11.278809547424316,11.512164376078763,11.23991695234615,11.356594737580648,21754
2002-10-09,11.317703247070312,11.55105809849937,11.201025450448473,11.201025450448473,15249
2002-10-10,11.434379577636719,11.512164770457785,11.084347693571074,11.317702530219695,14913
2002-10-11,11.045454025268555,11.512163653274559,10.889884396538054,11.278808839271557,19890
2002-10-14,10.889883995056152,11.278808423451014,10.812098812651389,11.239915832248633,15970
2002-10-15,10.889883995056152,10.889883995056152,10.889883995056152,10.889883995056152,0
2002-10-16,10.81209945678711,11.045454276089142,10.773207605082206,10.88988464382596,25936
2002-10-17,10.81209945678711,10.88988464382596,10.695422418043353,10.850992050306536,9740
2002-10-18,10.81209945678711,10.88988464382596,10.773207605082206,10.88988464382596,8755
2002-10-21,10.81209945678711,10.88988464382596,10.773207605082206,10.88988464382596,6125
2002-10-22,10.57874584197998,10.889885120114576,10.500960651539055,10.889885120114576,33870
2002-10-23,10.656529426574707,10.695422018641757,10.500959800120999,10.500959800120999,14554
2002-10-24,10.617637634277344,10.773208014263828,10.578745781095272,10.773208014263828,11851
2002-10-25,10.57874584197998,10.695422885826815,10.500960651539055,10.539853246759517,13630
2002-10-28,10.656529426574707,10.850991645095467,10.423174615986898,10.500959800120999,9581
2002-10-29,10.81209945678711,10.850992050306536,10.656529824523929,10.73431501156278,7002
2002-10-30,10.81209945678711,10.88988464382596,10.695422418043353,10.88988464382596,14573
2002-10-31,10.889883995056152,11.045453618051202,10.773206963263483,10.967669177460916,24445
2002-11-01,11.123238563537598,11.239915592845115,9.917572712830594,9.917572712830594,34830
2002-11-04,11.23991584777832,11.317701030290555,11.084346224568327,11.201023256522204,12301
2002-11-05,11.395488739013672,11.473273943833334,11.123242005774237,11.434381341423503,22707
2002-11-06,11.395488739013672,11.395488739013672,11.395488739013672,11.395488739013672,0
2002-11-07,11.084346771240234,11.784410481119075,11.084346771240234,11.434378626179655,26133
2002-11-08,11.162130355834961,11.434376985358735,10.88988298449678,10.88988298449678,10837
2002-11-11,11.20102310180664,11.473270495024535,11.1621312529022,11.278808283244459,10241
2002-11-12,11.23991584777832,11.356593621546674,11.04545363331221,11.162131407080564,10750
2002-11-13,11.006563186645508,11.239918037836093,11.006563186645508,11.123240983148111,5901
2002-11-14,11.162130355834961,11.239914789207008,11.123237768241735,11.162130355834961,6550
2002-11-15,10.889883995056152,11.123238800455965,10.812098812651389,11.045453618051202,34474
2002-11-18,11.084346771240234,11.162131957588779,10.92877714035766,10.92877714035766,7890
2002-11-19,11.084346771240234,11.084346771240234,11.084346771240234,11.084346771240234,0
2002-11-20,11.278809547424316,11.434379185922431,11.045454718769868,11.434379185922431,15486
2002-11-21,11.162130355834961,11.39548439776551,11.123237768241735,11.278807376800234,9230
2002-11-22,11.395488739013672,11.473273943833334,11.239919071189039,11.356596878418532,11754
2002-11-25,11.706626892089844,11.901089130357732,11.473272057805463,11.473272057805463,23561
2002-11-26,11.939979553222656,12.05665657822161,11.82330178640927,11.862194375347066,13934
2002-11-27,11.978873252868652,12.29001327067412,11.78441101992069,11.78441101992069,22770
2002-11-28,12.134442329406738,12.2900119506936,11.978871966305407,11.978871966305407,20670
2002-11-29,12.056657791137695,12.406689643162661,11.901088161550433,12.36779705031222,40610
2002-12-02,12.134442329406738,12.445581571980462,12.056657147856072,12.251119359918267,42725
2002-12-03,12.173334121704102,12.83450593636378,12.056657091735673,12.290011893486998,25258
2002-12-04,12.017766952514648,12.21222920333791,11.978874353987074,12.134444748097376,10192
2002-12-05,12.095551490783691,12.173335941787684,11.745519606729285,11.745519606729285,7735
2002-12-06,12.40669059753418,12.445583193376393,12.095551314425595,12.095551314425595,23875
2002-12-09,12.3677978515625,12.678937130894246,11.667734102158796,11.667734102158796,33842
2002-12-10,12.134442329406738,12.328904541468933,11.90108752656921,11.939980117344543,30057
2002-12-11,12.21222972869873,12.912294306867487,12.134445270111968,12.328907529300848,24487
2002-12-12,12.44558048248291,12.91229004730178,12.05665609240532,12.834504872560501,49863
2002-12-13,12.795615196228027,12.834507048377548,12.445582592366106,12.601152968222307,32256
2002-12-16,12.678936958312988,13.223431802453904,12.56225991560539,13.145646612772474,55557
2002-12-17,12.601153373718262,12.795615607981636,12.134443714760343,12.795615607981636,26688
2002-12-18,12.834504127502441,13.223428495002516,12.678933787050923,12.834504127502441,89411
2002-12-19,12.756721496582031,13.02896890475038,12.640044459832458,12.795614831251234,51723
2002-12-20,12.873398780822754,12.990077303444489,12.523367663844684,12.562259515632565,31142
2002-12-23,12.523367881774902,13.145646422984099,12.523367881774902,13.145646422984099,43862
2002-12-24,12.834504127502441,12.834504127502441,12.445579760002367,12.445579760002367,15450
2002-12-25,12.834504127502441,12.834504127502441,12.834504127502441,12.834504127502441,0
2002-12-26,12.640046119689941,12.951185419756467,12.60115426354258,12.79561651153781,22818
2002-12-27,12.640046119689941,12.79561651153781,12.445583871694712,12.640046119689941,49685
2002-12-30,12.134442329406738,12.523366753531127,12.01776455708074,12.523366753531127,59252
2002-12-31,12.056657791137695,12.251120013575399,11.901088161550433,12.056657791137695,79960
2003-01-01,12.056657791137695,12.290012606425842,12.056657791137695,12.095550383988137,88375
2003-01-02,12.134442329406738,12.2900119506936,12.056657147856072,12.251119359918267,62300
2003-01-03,12.056657791137695,12.13444297683858,11.978872605436809,12.095550383988137,38920
2003-01-06,11.939979553222656,12.173333603220561,11.862194375347066,12.017763989283814,17550
2003-01-07,11.784409523010254,12.056656911281092,11.745517674812524,12.056656911281092,25400
2003-01-08,11.978873252868652,12.056658442773657,11.823303614873192,11.939981399730698,32413
2003-01-09,11.939979553222656,12.1344417560972,11.862194375347066,11.901086964284861,75721
2003-01-10,12.095551490783691,12.406690778428814,11.97887370155584,12.056658894374406,74187
2003-01-13,12.056657791137695,12.36779705031222,11.939980754400874,12.36779705031222,70531
2003-01-14,12.640046119689941,12.99007875953304,12.173336427775547,12.212229025737516,173312
2003-01-15,13.028970718383789,13.301218164448995,12.834508468855672,13.145647771374813,149671
2003-01-16,13.417892456054688,13.612354665562727,13.02896803703861,13.301215427075647,239757
2003-01-17,13.456785202026367,13.767925944894388,13.340108165265367,13.690140759177384,98608
2003-01-20,13.767925262451172,13.96238747529015,13.223430473050458,13.301215654911838,117657
2003-01-21,14.273530006408691,14.467992264033798,13.76792843330927,13.76792843330927,194366
2003-01-22,14.07906436920166,14.701342850776648,14.001279188097556,14.701342850776648,150550
2003-01-23,13.57346248626709,14.234632795575628,13.417892129001032,14.001278743305424,111642
2003-01-24,12.873398780822754,13.690141021029673,12.640044702837374,13.651247685612747,99713
2003-01-27,12.134442329406738,12.834505996104852,12.056657147856072,12.834505996104852,89186
2003-01-28,12.21222972869873,12.40669198788761,11.901090410722382,12.21222972869873,94575
2003-01-29,12.523367881774902,12.8345071523795,12.17333527507656,12.212227869355768,102950
2003-01-30,12.290013313293457,12.912292609247789,12.056658484583766,12.912292609247789,83850
2003-01-31,11.939979553222656,12.328903958971742,11.862194375347066,12.328903958971742,160340
2003-02-03,12.523367881774902,12.71783011135641,12.212227869355768,12.212227869355768,57131
2003-02-04,12.756721496582031,12.912291868000807,12.484474088413682,12.484474088413682,68308
2003-02-05,12.640046119689941,12.99007875953304,12.562260923766008,12.79561651153781,35852
2003-02-06,12.640046119689941,12.717831315613877,12.445583871694712,12.60115426354258,36961
2003-02-07,12.484474182128906,12.562259368422191,12.328905293171362,12.484474182128906,48783
2003-02-10,12.601153373718262,12.756722270951498,12.36779780242475,12.756722270951498,57225
2003-02-11,12.601153373718262,12.678937080520326,12.562260036688123,12.562260036688123,41351
2003-02-12,12.44558048248291,12.795613027004265,12.328903462185394,12.795613027004265,68420
2003-02-13,12.44558048248291,12.44558048248291,12.44558048248291,12.44558048248291,0
2003-02-14,12.40669059753418,12.523368385060822,12.212228360137672,12.251120955979887,103385
2003-02-17,12.523367881774902,12.640044922797992,12.523367881774902,12.640044922797992,83482
2003-02-18,12.640046119689941,12.834508367685173,12.60115426354258,12.678937975837304,26310
2003-02-19,12.678936958312988,12.834507337675847,12.445582872897791,12.445582872897791,29050
2003-02-20,13.028970718383789,13.534572270431047,12.834508468855672,13.10675591492088,95714
2003-02-21,12.99007797241211,13.106755017413475,12.99007797241211,13.106755017413475,32352
2003-02-24,13.145645141601562,13.495677714180191,13.067859960625318,13.495677714180191,40520
2003-02-25,13.145645141601562,13.223430322577805,12.951182930975417,12.951182930975417,90018
2003-02-26,12.99007797241211,13.22343206241484,12.95118463499224,13.106755017413475,24955
2003-02-27,13.106755256652832,13.145647111153478,12.912293016891303,13.10675525665283,30620
2003-02-28,13.262324333190918,13.417894720503496,12.834507993525083,13.10675542950751,106328
2003-03-03,13.456785202026367,13.690140759177384,13.340108165265367,13.456785202026367,63488
2003-03-04,13.028970718383789,13.456787073893954,12.990078861929854,13.34011002090293,27845
2003-03-05,12.95118522644043,12.99007856563646,12.756722981347844,12.91229337087359,25940
2003-03-06,12.873398780822754,13.067861007020252,12.834506929034871,12.91229211623968,25575
2003-03-07,12.56225872039795,12.756720934285314,12.523366871072058,12.678935752004579,55066
2003-03-10,12.3677978515625,12.756722321634461,12.290013402636843,12.601153423783144,38635
2003-03-11,12.3677978515625,12.406690446932608,11.97887338149054,12.17333561652652,27745
2003-03-12,12.44558048248291,12.60115083196547,12.212225700073475,12.40668789511227,103519
2003-03-13,12.484474182128906,12.601152703383347,12.29001270002472,12.601152703383347,35215
2003-03-14,12.484474182128906,12.484474182128906,12.484474182128906,12.484474182128906,0
2003-03-17,12.601153373718262,12.717830417550465,12.212228163376961,12.212228163376961,41475
2003-03-18,12.601153373718262,12.601153373718262,12.601153373718262,12.601153373718262,0
2003-03-19,12.601153373718262,13.223431929909415,12.484474846256953,12.95118450521487,42705
2003-03-20,12.756721496582031,12.873398533331605,12.367797051664109,12.640044459832458,39840
2003-03-21,12.756721496582031,12.873398533331605,12.484474088413682,12.56225927412307,31623
2003-03-24,12.44558048248291,12.756719697819221,12.40668789511227,12.756719697819221,26880
2003-03-25,12.44558048248291,12.52336565722419,12.290010874814755,12.36779530774163,23136
2003-03-26,12.44558048248291,12.60115083196547,12.36779530774163,12.40668789511227,44898
2003-03-27,12.3677978515625,12.52336823304293,12.3677978515625,12.406690446932608,28041
2003-03-28,12.3677978515625,12.990077893855103,12.328905998006949,12.990077893855103,44437
2003-03-31,12.21222972869873,12.484476446474373,12.173337128498025,12.484476446474373,21650
2003-04-01,12.328904151916504,12.40668858919497,12.056656766905757,12.056656766905757,16151
2003-04-02,12.756721496582031,12.873398533331605,12.328905200623923,12.328905200623923,49018
2003-04-03,12.95118522644043,13.067862276770144,12.640045931018129,12.756722981347844,22324
2003-04-04,13.340108871459961,13.49567925112951,12.990077742647122,13.379002208191896,31625
2003-04-07,13.96238899230957,14.117957889306012,13.301217100094656,13.34010895343649,119313
2003-04-08,14.779128074645996,14.973590286154497,14.11795625879131,14.390203651628998,425248
2003-04-09,14.273530006408691,15.206947952831634,14.195744806632792,14.740239721434806,199972
2003-04-10,14.040173530578613,14.467991360823532,14.001281674933253,14.467991360823532,112947
2003-04-11,14.117959022521973,14.506883521674805,14.040173825965562,14.273529415634796,97649
2003-04-15,14.273530006408691,14.390207064257899,14.040174407080993,14.312421864482,45004
2003-04-16,14.117959022521973,14.584668718231217,14.07906716605838,14.545776861767623,42740
2003-04-17,14.117959022521973,14.273529415634796,13.923496772945557,14.117959022521973,70533
2003-04-18,14.117959022521973,14.117959022521973,14.117959022521973,14.117959022521973,0
2003-04-21,14.156851768493652,14.23463547815649,14.00128138190966,14.040173236741078,32212
2003-04-22,14.117959022521973,14.195744219078385,14.001281969501967,14.15685236261479,28181
2003-04-23,14.040173530578613,14.156852064773076,13.923496480013341,14.001281674933253,54753
2003-04-24,13.767925262451172,14.001279324406367,13.690140080589792,13.923494142544987,45870
2003-04-25,13.845709800720215,13.92349498730092,13.53457053802643,13.53457053802643,25551
2003-04-28,14.001279830932617,14.117956866131255,13.806817611058552,13.923494646257192,30022
2003-04-29,13.884602546691895,14.195741796183828,13.845709213237296,14.079064763077973,26977
2003-04-30,14.07906436920166,14.117956217939248,13.806816977151756,13.806816977151756,50185
2003-05-01,14.07906436920166,14.07906436920166,14.07906436920166,14.07906436920166,0
2003-05-02,14.273530006408691,14.35131520618459,14.079067748783585,14.2346366647061,69413
2003-05-05,15.12916374206543,15.206947455669052,14.506883647831796,14.584668845064654,170578
2003-05-06,15.284730911254883,15.86811759858239,15.168053870515195,15.401407951994571,202164
2003-05-07,15.479191780090332,15.55697696162424,15.090267356049726,15.401406598556424,116091
2003-05-08,15.323623657226562,15.518085878848071,15.245838471852156,15.518085878848071,90169
2003-05-09,15.284730911254883,15.556978328733532,15.012483493776232,15.012483493776232,123436
2003-05-12,14.07906436920166,14.740236183143164,14.001279188097556,14.001279188097556,236972
2003-05-13,14.040173530578613,14.35131431025826,14.001281674933253,14.234635776063797,147713
2003-05-14,14.312421798706055,14.623561112750458,14.079067684080071,14.312421798706055,147520
2003-05-15,14.701339721679688,15.051372220331261,14.312415382568433,14.351308706656727,179261
2003-05-16,14.506881713867188,15.01248320303336,14.390204675387153,14.779129126073293,121832
2003-05-19,14.117959022521973,14.467991665211212,14.001281969501967,14.001281969501967,62068
2003-05-20,14.429097175598145,14.506882365957658,12.640045215474881,12.640045215474881,101977
2003-05-21,14.390204429626465,14.701343688135829,14.040171836535295,14.040171836535295,87371
2003-05-22,14.351310729980469,14.701341794352663,14.23463222489425,14.429094421866187,71401
2003-05-23,14.545775413513184,14.701344307507519,14.351313183298457,14.429096888481086,82263
2003-05-26,15.401410102844238,15.518088643507475,14.584669219977224,14.584669219977224,166321
2003-05-27,15.751440048217773,16.334826716670285,15.595869676512164,15.751440048217775,580991
2003-05-28,15.984794616699219,16.33482722205196,15.401407930197363,16.33482722205196,180006
2003-05-29,17.26824378967285,18.24055478045108,16.062577270930554,16.33482464507422,802448
2003-05-30,16.72374725341797,17.812735149938057,16.45149990838078,17.50159596287927,345084
2003-06-02,15.440302848815918,16.33482889641771,14.77913090628269,14.77913090628269,239554
2003-06-03,15.790332794189453,16.140365408549393,15.401408326513563,15.401408326513563,100398
2003-06-04,16.257043838500977,16.334829035395373,15.673657087236855,16.02368973144702,111775
2003-06-05,15.71255111694336,16.56818386943798,15.59587257466746,16.06258229288317,134878
2003-06-06,15.440302848815918,15.907012542582267,15.28473245635073,15.86811920265136,59875
2003-06-09,15.401410102844238,15.868119814609365,15.284733045810276,15.868119814609365,84610
2003-06-10,15.012482643127441,15.440300413103717,14.973590792960955,14.973590792960955,94167
2003-06-11,15.479191780090332,15.673653992110635,14.934698476610846,15.012482174515817,94376
2003-06-12,15.634767532348633,16.0236920904487,15.55698232400273,15.984798744461026,78558
2003-06-13,15.751440048217773,15.790331899329667,15.362515602582768,15.790331899329667,80520
2003-06-16,15.479191780090332,15.829224355178452,15.401406598556424,15.479191780090332,42984
2003-06-17,15.71255111694336,15.790334833621564,15.440303657681753,15.440303657681753,69640
2003-06-18,15.401410102844238,15.751442757575402,15.362518245042676,15.556980501309038,57394
2003-06-19,15.20694637298584,15.556978993797944,15.09026932725818,15.36251675637547,47415
2003-06-20,15.284730911254883,15.479193140364051,15.090268682145714,15.284730911254883,65823
2003-06-23,14.740235328674316,15.556975973849898,14.040170222947996,14.040170222947996,112719
2003-06-24,14.584670066833496,14.934702741889245,14.545778206773685,14.740240474331465,55363
2003-06-25,14.895809173583984,15.168056640785489,14.62356170638248,14.701346908958529,70072
2003-06-26,15.012482643127441,15.479192263270203,14.58466635678015,15.012482643127441,109109
2003-06-27,14.973590850830078,15.362515288513976,14.740236781671333,15.323623438197181,105252
2003-06-30,15.440302848815918,15.673656953884484,14.856916102515285,14.856916102515285,190902
2003-07-01,15.168054580688477,15.362516818902431,15.051377534485932,15.284731626891023,244661
2003-07-02,15.401410102844238,15.556980501309038,15.168055988776313,15.479195302076638,85237
2003-07-03,16.295934677124023,16.645965783970613,15.129161353710723,15.440300609895136,303499
2003-07-04,16.373722076416016,16.801539948466647,15.55698115901924,16.723754745945683,279106
2003-07-07,16.41261100769043,16.801535432120872,14.818019977348255,15.634762158829545,126770
2003-07-08,16.140363693237305,16.6459651507575,14.856913383030971,15.790331116076965,83995
2003-07-09,15.634767532348633,16.101477298794606,15.55698232400273,15.595874186360957,51702
2003-07-10,15.751440048217773,16.334826716670285,15.67365486236497,15.945902271035278,57719
2003-07-11,15.673651695251465,16.257038245821334,15.556974681863235,16.023684219044874,102800
2003-07-14,16.295934677124023,16.41261171273955,15.868116901695078,15.868116901695078,128310
2003-07-15,16.607070922851562,17.034887137098863,16.25703839582833,16.723747937316396,169178
2003-07-16,17.579387664794922,17.773849914441705,16.64596827303868,16.723753469623237,377101
2003-07-17,17.50160026550293,18.473911391364204,17.190461001953132,17.89052471584744,437285
2003-07-18,17.61827850341797,17.890525933920852,16.723752503447756,16.762644357678536,169213
2003-07-21,18.31833839416504,19.329542710410337,18.04609250481902,18.668370942793956,670420
2003-07-22,17.734954833984375,18.39612671462776,17.65717112866204,18.27944967301518,300143
2003-07-23,18.0072021484375,18.240557713930233,17.69606287807626,18.08498733693508,146908
2003-07-24,18.35723304748535,18.785049318987923,17.890523443536864,18.39612489630234,202152
2003-07-25,18.473913192749023,18.668375436883224,17.54049382745319,17.54049382745319,172069
2003-07-28,18.279449462890625,18.94062133593376,18.123879086776103,18.47391169121925,134997
2003-07-29,17.968313217163086,18.43502294039381,17.73495761373307,18.201667336963794,184801
2003-07-30,18.90172576904297,19.096187974418427,18.279447305293058,18.66837171604397,359300
2003-07-31,19.679574966430664,20.37964010605688,19.057296490795043,19.096188339161426,739849
2003-08-01,20.34074592590332,20.729670327865637,19.212866050389916,19.83514450007808,568392
2003-08-04,20.612998962402344,21.001923471126915,20.146289255207005,20.146289255207005,270574
2003-08-05,19.912933349609375,21.00192157921312,19.835148158145724,20.612997105523988,258282
2003-08-06,19.95182228088379,20.457423725890802,19.446220835876773,20.029607460953077,175126
2003-08-07,19.757362365722656,20.22407201667954,19.640685323890708,20.22407201667954,145472
2003-08-08,19.562894821166992,20.029604345357363,19.368432643056725,19.679571831307413,137877
2003-08-11,19.524005889892578,20.185177690769425,19.446220710325495,19.562897737861668,148346
2003-08-12,19.44622230529785,19.83514675140381,19.057297859191895,19.057297859191895,98401
2003-08-13,19.212867736816406,19.446221805025115,19.057297368924612,19.057297368924612,132604
2003-08-14,19.796255111694336,20.22407141352891,19.0961899143228,19.290652139452884,206254
2003-08-15,19.796255111694336,19.796255111694336,19.796255111694336,19.796255111694336,0
2003-08-18,20.185182571411133,20.457428540279817,19.44622541229232,20.185182571411133,203554
2003-08-19,19.912933349609375,22.55761947396965,19.79625630422846,20.768567488451293,220132
2003-08-20,20.418533325195312,20.61299554734003,19.91293184434485,20.029608880905876,161572
2003-08-21,21.274168014526367,22.013123589866684,18.86283609347947,20.92413541109265,504833
2003-08-22,21.779767990112305,22.01312205369764,21.00191913332258,21.70198280770754,388792
2003-08-25,21.07970428466797,22.635401995955213,19.83514581891238,22.090907203553098,415904
2003-08-26,21.701982498168945,21.857552860759547,21.001918833769096,21.39084325661667,158170
2003-08-27,22.363157272338867,22.55761950948964,21.77977056088655,22.324265418360365,216079
2003-08-28,22.246477127075195,23.218788177352707,22.052014917019694,22.752078576493716,197277
2003-08-29,21.54641342163086,22.557616318310448,21.390843060466803,22.557616318310448,121086
2003-09-01,21.15749168395996,21.935340621111003,21.00192130307811,21.77977024022915,94751
2003-09-02,20.924135208129883,21.390844846971433,20.6129959434452,21.196382621089874,147656
2003-09-03,20.496315002441406,21.19637858560727,20.22406764131336,21.001916396748488,160371
2003-09-04,20.107397079467773,20.885246084602855,19.912934828184003,20.885246084602855,151734
2003-09-05,19.912933349609375,20.224072631834858,19.64068592130116,19.99071854107303,155018
2003-09-08,20.262962341308594,20.612994924036272,19.91293124220989,19.91293124220989,119187
2003-09-09,20.262962341308594,20.807457140300762,20.02960827524279,20.612994924036272,109953
2003-09-10,20.924135208129883,21.15749076936518,20.107394452878957,20.340748530485207,145235
2003-09-11,21.62419891357422,21.77976928765192,20.651887784661188,20.96302853281659,354098
2003-09-12,21.501331329345703,22.93475341796875,20.887007577078684,22.115655081612722,182232
2003-09-15,20.354598999023438,22.033750378424884,20.272688832692676,22.033750378424884,121594
2003-09-16,20.272686004638672,20.477460610746135,19.576452031412053,20.3955504558419,82689
2003-09-17,20.395551681518555,20.64128216099851,20.231732924171606,20.55937200117186,61625
2003-09-18,19.904090881347656,20.3136400892956,19.740272135552225,20.06791118944933,77133
2003-09-19,19.125946044921875,19.904088509929576,18.4297121619,19.863134218936665,43169
2003-09-22,18.42971420288086,19.28976690742614,18.224939600626627,19.248812611897787,62813
2003-09-23,18.92117691040039,19.20786171676986,18.14303265915562,18.429717465525087,59883
2003-09-24,19.453590393066406,19.658365028782896,18.83926648591694,18.880220788137645,41145
2003-09-25,19.535503387451172,21.2965651970539,19.125954056738596,19.658367874203602,64333
2003-09-26,19.781227111816406,19.822182971403656,19.453588046649877,19.49454234393083,40454
2003-09-29,19.98600196838379,20.313641037575724,19.453588285658608,20.313641037575724,51300
2003-09-30,20.067913055419922,20.64128262478305,19.863138432405435,20.477462301448902,71575
2003-10-01,19.740276336669922,20.19077993636616,19.658366165186994,20.19077993636616,70312
2003-10-02,19.740276336669922,19.740276336669922,19.740276336669922,19.740276336669922,0
2003-10-03,18.79831314086914,20.067915322034406,18.675447103337966,19.945050846809796,94007
2003-10-06,19.535503387451172,19.863142539559888,19.2897728516396,19.330728722094886,212549
2003-10-07,19.535503387451172,19.863142539559888,19.494547516995887,19.863142539559888,119795
2003-10-08,19.904090881347656,20.149821343500168,19.658361981501386,19.658361981501386,108641
2003-10-09,20.313636779785156,20.6412773426091,19.699313067949245,20.354592631291144,151138
2003-10-10,20.395551681518555,20.477461841345207,20.067912604518302,20.43650754258506,88013
2003-10-13,20.313636779785156,20.805096061715087,20.149818060679173,20.272682490585158,156926
2003-10-14,19.740276336669922,20.68223940295715,19.69932046977517,20.19077993636616,93970
2003-10-15,19.412633895874023,19.74027296351321,19.33072373838765,19.494542491054087,74468
2003-10-16,19.82218360900879,19.986002365708337,19.535498831901645,19.576453130499946,91360
2003-10-17,20.108867645263672,20.477462596930994,19.658364093053756,19.658364093053756,110888
2003-10-20,20.190776824951172,20.764146374668382,19.94504791067599,20.313641282088764,142967
2003-10-21,19.94504737854004,20.477461053468975,19.863137221864903,19.94504737854004,86844
2003-10-22,19.16690444946289,19.945048643779806,19.04403998780927,19.658363858383762,55039
2003-10-23,19.28976821899414,19.863137769213562,19.248813920681183,19.371678377926393,40367
2003-10-24,19.33072280883789,19.535497411553745,18.92117360340618,19.33072280883789,57916
2003-10-27,19.33072280883789,19.94504661698545,19.2488126552903,19.65836186072201,50755
2003-10-28,18.880220413208008,19.617410336993196,18.79831181039317,19.57645447327932,123561
2003-10-29,18.30685043334961,19.248813326213703,18.02016566709368,18.962128559957772,105166
2003-10-30,18.552579879760742,19.125949428946207,17.97921189288161,18.143030648144364,185535
2003-10-31,19.003084182739258,19.8631369084938,18.757353716590625,18.8392638719735,311861
2003-11-03,21.09178924560547,22.525211815695158,20.31364493977699,20.4774652869956,790992
2003-11-04,21.09178924560547,21.78802337782464,20.968924766344816,21.542292856996724,462702
2003-11-05,21.050830841064453,21.501334364736408,20.88701052574394,21.419424207076148,315485
2003-11-06,21.009878158569336,21.624202090470817,20.149825278829884,21.624202090470817,292652
2003-11-07,20.84605598449707,21.37846965960844,20.47746106048581,21.37846965960844,128501
2003-11-10,20.84605598449707,20.968920438398726,20.395550903782606,20.682235671090666,104632
2003-11-11,20.764144897460938,21.296558548717634,20.682234744427703,21.2146483956844,259805
2003-11-12,21.2556095123291,21.29656381782535,20.846060208140152,21.2556095123291,263855
2003-11-13,22.279481887817383,23.549084055449427,21.542291919714597,21.542291919714597,855254
2003-11-14,21.706111907958984,22.648074942446843,21.50133726731786,22.19757135795898,319116
2003-11-17,24.368179321289062,25.187277785870208,22.03374838477153,22.03374838477153,1346005
2003-11-18,25.26918601989746,26.45687776568334,24.327223169844874,24.57295206557817,1844948
2003-11-19,26.21114730834961,26.8664253661359,24.77772518992424,25.7606438389098,1173439
2003-11-20,27.849349975585938,28.832268834940965,26.62070218254538,26.62070218254538,1950061
2003-11-21,26.78452491760254,28.217947471492135,25.678741492140674,28.217947471492135,1046669
2003-11-24,28.9141788482666,29.405639864221797,26.948344158285035,26.948344158285035,1500087
2003-11-25,28.422714233398438,30.060910983166508,28.176985345855694,29.897090683267233,508802
2003-11-26,28.422714233398438,28.42271423339844,28.42271423339844,28.42271423339844,0
2003-11-27,28.996091842651367,29.897099057554293,28.750359761665834,29.487549755396017,642436
2003-11-28,28.25889778137207,29.40563691220039,27.97221456097137,29.40563691220039,367690
2003-12-01,28.832263946533203,29.32372173057934,28.136028440420056,29.07799283855627,590882
2003-12-02,29.856138229370117,30.224733145705557,28.791310901321925,29.405634720343482,1136948
2003-12-03,33.378257751464844,34.524996690930614,30.920962702277247,30.920962702277247,4267103
2003-12-04,33.378257751464844,35.18027474579153,33.05061716172827,33.74685263376543,2002199
2003-12-05,31.453378677368164,33.664941778051045,31.16669237292283,33.173484005590915,800139
2003-12-08,31.00287628173828,32.02674938383813,29.897094581315542,32.02674938383813,982079
2003-12-09,34.279273986816406,34.85264361211329,29.48754859067668,31.12574573460316,1839335
2003-12-10,33.542083740234375,34.81168577291215,33.214443094879506,34.64786545023472,1118869
2003-12-11,32.968711853027344,34.484042700774886,32.436296622947104,34.4021341075068,792331
2003-12-12,32.968711853027344,33.58303567637568,32.27247943641092,33.41921536522695,516102
2003-12-15,33.21444320678711,33.74685847612941,32.76393966136588,33.58303815290003,525351
2003-12-16,33.828765869140625,34.32022682130381,32.14961464629489,32.84584708942691,561809
2003-12-17,34.156394958496094,34.606898335575345,32.96870196466054,34.402123789211,672009
2003-12-18,33.86972427368164,34.56595992583757,33.62399533011433,34.40213958858835,537609
2003-12-19,33.91067123413086,34.72976954293004,33.66493924180144,34.32022038853045,448991
2003-12-22,35.30314636230469,35.54887842774092,34.238318868995385,34.3202305990118,1005478
2003-12-23,34.443092346191406,36.04033509462581,33.99258878243116,35.63078583218688,573130
2003-12-24,35.71269226074219,36.04033290059266,34.40213595056572,34.89359378572872,641430
2003-12-25,35.71269226074219,35.71269226074219,35.71269226074219,35.71269226074219,0
2003-12-26,37.187076568603516,37.59662585625504,36.24511195715977,36.24511195715977,742307
2003-12-29,36.32701110839844,37.51470435833674,35.30313815579857,36.859426293595284,903983
2003-12-30,35.753639221191406,37.6785188243287,35.38504439037887,37.6785188243287,822831
2003-12-31,34.56596755981445,36.286073669288214,34.402147186385115,36.286073669288214,399098
2004-01-01,35.79460525512695,35.99937988115787,34.40213717319415,34.729777824688746,340258
2004-01-02,36.163204193115234,38.251904983942055,35.38505990350163,38.251904983942055,584012
2004-01-05,35.057411193847656,36.69560800780888,34.56595339950427,36.245104508892034,376777
2004-01-06,35.057411193847656,36.04032990714688,34.81168229667596,35.057411193847656,432049
2004-01-07,34.77073287963867,35.95842636131834,34.320229317515455,35.6307857027126,279897
2004-01-08,36.572750091552734,36.85943332310955,34.89359562936522,35.2212362865269,774235
2004-01-09,36.44988250732422,37.67853023229021,35.87651294408421,37.06420636980721,967962
2004-01-12,39.15290832519531,40.13582716643884,36.040334598434875,37.06420774043586,2601150
2004-01-13,38.37477111816406,40.29965485130613,37.596629887873824,39.726285162186926,2028978
2004-01-14,38.94813537597656,40.62728677632932,38.66145213370157,39.972008562120074,2451243
2004-01-15,40.01295852661133,41.36447223564069,38.98908545147171,39.31672608536145,3144363
2004-01-16,39.52150344848633,41.15970048262048,38.620496329557696,41.15970048262048,1616565
2004-01-19,38.98908996582031,40.46346986442245,38.33381174678215,40.46346986442245,1000143
2004-01-20,38.33380889892578,40.135826210866846,37.7604393281337,39.64436836425237,682404
2004-01-21,34.36117935180664,38.82526636675342,33.992584437799565,38.12903083482617,795649
2004-01-22,32.968711853027344,36.04033096976902,32.02674740738154,34.4021341075068,711116
2004-01-23,34.56596755981445,35.221245928918094,31.781030585356834,32.88681576254459,861776
2004-01-26,34.56596755981445,34.56596755981445,34.56596755981445,34.56596755981445,0
2004-01-27,36.04032516479492,36.44987431439487,34.89358629607027,35.22122686559504,509062
2004-01-28,35.34410095214844,36.08128771543578,35.01646030761223,36.08128771543578,410269
2004-01-29,35.18028259277344,35.385057225880836,33.78781446272055,33.78781446272055,224425
2004-01-30,34.56596755981445,35.63079530018458,34.320238561977305,35.63079530018458,315461
2004-02-02,34.56596755981445,34.56596755981445,34.56596755981445,34.56596755981445,0
2004-02-03,32.559165954589844,35.057415799138944,32.10866239649293,32.354391325944626,569203
2004-02-04,32.06770706176758,33.25539736992635,31.125742550525008,32.354390282782575,395198
2004-02-05,32.14961624145508,33.05062334487366,31.90388731548754,32.354390867196834,280832
2004-02-06,32.968711853027344,33.214440757444166,32.108659125262186,32.60011693409584,293835
2004-02-09,34.36117935180664,34.484042240067325,32.84584539969145,33.29635203048482,551960
2004-02-10,33.787811279296875,34.72977575268597,33.41921634950929,34.402135120738635,314044
2004-02-11,34.36117935180664,35.22123206808148,33.78780983275258,35.22123206808148,285689
2004-02-12,34.320228576660156,34.77073212905855,33.58303867301709,34.77073212905855,252266
2004-02-13,34.72977828979492,34.81168689145909,33.99258837636594,34.32022903224835,229231
2004-02-16,35.18028259277344,35.99938112520303,34.60691299515014,34.81168762825754,323475
2004-02-17,34.56596755981445,35.54888667577678,34.402147186385115,35.139337304510285,215300
2004-02-18,34.03353500366211,34.85263333407329,33.78780612946119,34.56595016827424,151213
2004-02-19,33.091583251953125,34.606914346263835,32.8458511829401,34.19736506405953,180767
2004-02-20,32.60012435913086,33.173494016436365,32.14962074432413,32.92776505605208,215887
2004-02-23,31.33051109313965,33.009662043143656,31.207645093909925,33.009662043143656,148022
2004-02-24,31.412424087524414,31.6171986985894,30.79810025432944,31.207649476459423,144237
2004-02-25,31.20765495300293,31.903890627571894,31.002880306002613,31.658161676094142,124044
2004-02-26,31.576244354248047,32.354388500058036,31.453381462559687,31.453381462559687,135908
2004-02-27,32.02675247192383,32.35439314603266,31.371474248319192,31.862935259482448,2512273
2004-03-01,31.617202758789062,32.641075945597166,31.494339851139888,32.35439270313609,181748
2004-03-02,31.617202758789062,31.617202758789062,31.617202758789062,31.617202758789062,0
2004-03-03,31.16669273376465,32.026745407833545,31.12573843968753,32.026745407833545,168898
2004-03-04,30.347604751586914,31.371478077380086,30.30665044347787,31.371478077380086,191959
2004-03-05,29.897096633911133,30.675240869853326,29.5694559688998,30.675240869853326,201036
2004-03-08,32.27248001098633,34.40213471999832,30.67523741692103,30.67523741692103,336667
2004-03-09,31.699106216430664,32.76393342791548,31.494331632506192,32.60011313585347,183867
2004-03-10,31.16669273376465,31.65815363652713,30.920963844689588,31.53528762968342,99534
2004-03-11,30.429502487182617,31.24860077082563,30.306636494791373,31.166689067694136,83877
2004-03-12,30.429502487182617,30.593319644221634,29.89708735296987,30.224727916271863,147073
2004-03-15,29.77422523498535,31.494333729234043,29.65136235121841,30.67523533900487,146882
2004-03-16,28.586536407470703,29.692318036215795,27.849346571898952,28.832265311123773,226562
2004-03-17,30.347604751586914,32.6820378091634,29.897101113160602,29.897101113160602,403436
2004-03-18,30.51141929626465,32.108662005152745,30.060915743658477,30.306644670115222,648154
2004-03-19,30.265687942504883,31.043832084388246,29.979001614120186,30.388550833573262,225175
2004-03-22,28.70940399169922,30.42951284777677,28.54558365427092,30.1837807793278,248721
2004-03-23,28.17698860168457,28.873221050940177,27.849347964027405,28.258897198792514,211266
2004-03-24,28.996091842651367,29.487549755396017,28.013172892548855,28.013172892548855,194173
2004-03-25,30.10186767578125,30.30664228582058,28.91417431263063,28.91417431263063,142080
2004-03-26,30.429502487182617,31.12573477843438,30.10186192388062,30.675231347353122,291570
2004-03-29,30.757144927978516,31.24860585285894,30.306641423630825,30.716190632058268,244473
2004-03-30,31.412424087524414,32.272479953687444,30.920966270813473,30.961920568103952,226999
2004-03-31,33.00966262817383,33.99258126559542,31.12573706247291,31.207645647002956,426506
2004-04-01,33.173484802246094,33.951628897838546,33.00966449928784,33.00966449928784,255529
2004-04-02,33.705902099609375,33.86971928813202,32.76393764254128,33.501127489343496,421566
2004-04-05,34.238319396972656,34.81168901747724,33.86972441774734,34.15641079030617,400328
2004-04-06,33.091583251953125,34.40213970516168,32.8458511829401,34.07449902955302,194439
2004-04-07,33.13253402709961,33.91067820534893,32.92775940780309,33.50112896675589,214921
2004-04-08,33.86972427368164,34.40213958858835,32.80489676848128,32.80489676848128,349325
2004-04-09,33.86972427368164,33.86972427368164,33.86972427368164,33.86972427368164,0
2004-04-12,33.992591857910156,34.729781846842634,33.86972581821701,34.15641220262995,320786
2004-04-13,34.72977828979492,34.85264119229118,33.58303911881936,34.64786656351789,341847
2004-04-14,34.72977828979492,34.72977828979492,34.72977828979492,34.72977828979492,0
2004-04-15,36.28605651855469,36.98229199539779,34.64785980778823,34.729771518093905,1119784
2004-04-16,37.637577056884766,38.12903491170073,36.695612523105865,37.10516177699011,1001717
2004-04-19,38.82526779174805,40.13582406230479,37.67852871155144,38.907176386928114,1544511
2004-04-20,38.41572189331055,39.31672901676629,37.678531974401025,39.15290868760718,836826
2004-04-21,38.70241165161133,39.35768995412334,38.37477093804862,38.70241165161133,783609
2004-04-22,40.832054138183594,41.692109960991495,38.866219845824304,39.07099444656667,2640288
2004-04-23,41.89688491821289,43.37126143118018,41.28256111075881,41.77401890687709,3062179
2004-04-27,37.43280029296875,40.99587734850664,37.2689799758447,40.99587734850664,1386835
2004-04-28,38.1290397644043,38.702409417737876,35.221240316671505,37.67853615271835,1314617
2004-04-29,39.35768127441406,40.504420394375096,38.08807925742252,38.08807925742252,1211218
2004-04-30,42.63406753540039,43.61698615825534,39.0300367510818,39.60340308351937,4248328
2004-05-03,41.69211196899414,44.10844987444139,40.34059828915704,43.04362252421865,5475878
2004-05-04,44.968509674072266,45.45996753268862,42.59312273332988,42.59312273332988,4337683
2004-05-05,45.58283233642578,47.30293792003655,45.05041706670147,45.05041706670147,4364280
2004-05-06,48.85922622680664,49.555458694152094,45.86951548549616,47.01625462247867,5759916
2004-05-07,50.98887252807617,51.60319629347468,47.18006393276052,49.883091000203756,7175427
2004-05-10,49.92404556274414,52.176566048043725,47.58961336684812,49.43258467300233,3516244
2004-05-11,44.845645904541016,48.613498009232586,43.862727013217516,46.6886176540427,2529012
2004-05-12,45.66474533081055,46.48384390176679,42.87980893971409,44.96851279534297,3233741
2004-05-13,46.56575012207031,48.98209140745289,41.40543001448511,42.388348874171086,4781424
2004-05-14,39.39862823486328,47.63056891171135,37.43279412702559,46.40192142258324,3582593
2004-05-17,34.36117935180664,39.316724169021185,31.53528917723574,39.316724169021185,2452315
2004-05-18,35.87651443481445,40.13582734993412,33.583039211169364,33.99258846984216,2499692
2004-05-19,40.832054138183594,41.487335360249126,37.06420273436896,37.514706231079685,2357927
2004-05-20,40.504425048828125,43.0845836783131,39.39864010080906,42.5112171770585,1908048
2004-05-21,43.002662658691406,43.371257534974056,38.08807264055525,39.316720145089285,2623495
2004-05-24,42.71599197387695,44.845647020915365,42.183576649810796,43.49413312112473,1894179
2004-05-25,42.26547622680664,43.002666037290886,41.40542353098331,42.5521625418227,1045356
2004-05-26,44.68181610107422,46.68860776135309,42.38834125701794,42.38834125701794,2894716
2004-05-27,44.35418701171875,46.40193335344883,43.82177171302375,44.64087024971578,1806745
2004-05-28,40.545372009277344,44.640864131426575,40.135822797062424,44.14940632661367,1902569
2004-05-31,39.89009475708008,40.95492210693795,36.77752130187531,40.05391507043035,1909563
2004-06-01,40.99586868286133,42.59311096912595,40.58631953892743,40.87300581444836,1098794
2004-06-02,41.89688491821289,42.7569376237261,41.20064939499746,41.4463782930566,1303569
2004-06-03,40.01295852661133,43.248398068975064,39.31672608536145,42.265479291918496,1462128
2004-06-04,40.750144958496094,41.03682814554508,39.111948176244994,39.64436338032156,959262
2004-06-07,42.01975631713867,42.511217337427716,41.200657741270035,41.69211876155908,986709
2004-06-08,42.71599197387695,43.00267522553528,41.69211875422135,42.59312593767304,1310496
2004-06-09,43.04362487792969,43.53508584502296,42.59312133488709,42.59312133488709,904525
2004-06-10,42.83885192871094,43.0026722574715,41.7740244786866,43.0026722574715,644963
2004-06-11,41.77402114868164,42.9207602339807,41.32351762396152,42.47025358464795,718252
2004-06-14,41.15970230102539,41.77402621596607,39.31673055620336,40.95492766271183,713588
2004-06-15,41.89688491821289,42.22452240742092,40.95492049693832,41.11874080384857,470403
2004-06-16,42.67502975463867,42.92076179946025,41.937842994012165,42.101663315688974,447367
2004-06-17,43.944637298583984,44.47704946727719,42.83885241047425,43.33031340228288,1213017
2004-06-18,44.272274017333984,44.59991467248722,43.00267194668768,44.149411115111164,877018
2004-06-21,44.88658905029297,45.2551839334973,43.330304056759054,44.23131099382542,870587
2004-06-22,45.746646881103516,45.951421492253694,44.31322460305231,44.80468554458028,913938
2004-06-23,44.927555084228516,46.27906896764205,44.6408718360441,45.86951968474256,1002027
2004-06-24,43.12554168701172,45.582837438417215,41.44638709052746,44.88660176741778,890479
2004-06-25,43.82176208496094,44.23131126332506,41.97879078232239,43.371258613682855,875091
2004-06-28,45.86952209472656,46.32002570466284,43.821775572640554,43.821775572640554,802872
2004-06-29,47.42579650878906,48.040120281573316,45.95141695441703,46.688606731603045,1992505
2004-06-30,41.77402114868164,48.24490018430287,40.54537346783806,48.24490018430287,4873841
2004-07-01,42.224525451660156,43.00266962212592,41.896887938830616,42.59312038762949,1246572
2004-07-02,41.200645446777344,42.18356406943417,41.11873686347768,42.01974377822267,700145
2004-07-05,38.1290397644043,40.135831988765204,35.221240316671505,35.221240316671505,2171186
2004-07-06,38.94813537597656,39.152910013205265,37.67853325008121,37.76044185512749,807332
2004-07-07,39.27577590942383,40.05392015312174,38.41572306096319,39.48055054594365,809833
2004-07-08,37.43280029296875,39.890095675991475,36.859430745340916,39.562455041743384,739799
2004-07-09,37.637577056884766,38.00617201030315,35.221235834045146,35.67173938839525,371429
2004-07-12,37.760440826416016,38.41572214738636,37.43280329054375,37.678532223601174,156358
2004-07-13,38.006168365478516,39.07099569853712,37.76043633702361,38.49762617316324,263045
2004-07-14,37.965213775634766,38.415720444990875,37.71948485346684,38.415720444990875,135979
2004-07-15,39.31672286987305,39.72627206643422,38.088075280189514,38.49762447675069,349555
2004-07-16,39.43960189819336,40.54538384409606,37.71949283003941,40.54538384409606,213722
2004-07-19,39.931053161621094,40.340602424817206,39.60341250121904,39.849144558827035,265376
2004-07-20,39.97200393676758,40.135824252516706,39.43959181634872,40.135824252516706,155556
2004-07-21,41.200645446777344,41.69210632041184,39.84913507465986,40.34059282368219,493085
2004-07-22,41.48733901977539,42.83884962912198,40.954923761036824,42.10166287619094,447446
2004-07-23,41.118743896484375,42.10166268726098,40.95492357725282,42.10166268726098,300615
2004-07-26,41.15970230102539,41.77402621596607,35.38505812550562,37.67853344969488,1063626
2004-07-27,40.95492172241211,42.593118591308595,40.545372505187984,42.593118591308595,334185
2004-07-28,41.855926513671875,42.3473874228446,40.3405957407672,41.15969413144268,723617
2004-07-29,41.25617218017578,43.69812491196091,40.91344048129673,43.35539321308186,786891
2004-07-30,41.5560417175293,43.61242447075729,41.34183531692347,42.027295145156046,625670
2004-08-02,40.7849006652832,42.15582370111398,40.52785361748073,42.07013917282613,325936
2004-08-03,39.456817626953125,41.08478754963671,38.98556420781742,41.08478754963671,396445
2004-08-04,39.15693664550781,40.18512817864858,38.98557084522922,39.8423965780914,223768
2004-08-05,39.456817626953125,40.1851213370085,39.11408935327726,39.799549169159214,196752
2004-08-06,38.85704040527344,41.04194834242071,38.72851852390205,39.75670991752483,234901
2004-08-09,38.771358489990234,39.41397769148178,38.642833342279815,38.81419911638361,212536
2004-08-10,38.42864227294922,39.28546821677,38.214435786994024,39.28546821677,249014
2004-08-11,36.457923889160156,38.55714699010518,36.20087689626542,38.55714699010518,358656
2004-08-12,35.17268753051758,37.22907012032025,34.744274763352855,35.772466058254196,381971
2004-08-13,35.47257614135742,35.77246375162378,35.129844642313174,35.129844642313174,215531
2004-08-16,35.558265686035156,36.415091365216725,35.12985284644437,35.77247210583055,316678
2004-08-17,35.51542282104492,36.11520141243826,35.30121641472804,35.900995006121384,195100
2004-08-18,34.7014274597168,35.81529978619936,34.35869600455475,35.81529978619936,191479
2004-08-19,34.31586456298828,35.08700890897779,34.27302393677337,34.70143673598304,199235
2004-08-20,33.54473114013672,34.48723820605756,33.45904659962418,34.4443975700668,181929
2004-08-23,31.745397567749023,33.84462158562709,31.3598252757255,33.54473384101505,265080
2004-08-24,33.159149169921875,33.63040256489594,31.316972944942307,32.130957864550254,352887
2004-08-25,33.159149169921875,33.93029019755305,32.559370636077595,33.2019897933686,358615
2004-08-26,33.50188064575195,35.64394470925349,33.201992984273886,33.844612203324346,183322
2004-08-27,33.673248291015625,34.615758492317006,33.41620124285363,33.84461407930047,287230
2004-08-30,34.27302169799805,34.701434469223024,33.930290173606046,34.27302169799805,250904
2004-08-31,34.14449691772461,34.61575358584417,33.93029052986302,34.57290969344778,151597
2004-09-01,35.12984848022461,35.386895498325096,34.14449776422087,34.44438867577992,299610
2004-09-02,35.47257614135742,36.45792348118246,35.25836977158722,35.986670121393985,403278
2004-09-03,35.08700942993164,36.24372269755992,34.701437251212106,35.85815051884039,320439
2004-09-06,35.301212310791016,35.81530631877346,35.129846551953534,35.129846551953534,159086
2004-09-07,35.08700942993164,35.77246926513841,34.91564365399737,35.72962863828742,186187
2004-09-08,34.95848083496094,35.515418734716896,34.78711507591834,35.12984659400354,207798
2004-09-09,35.301212310791016,36.15803783644842,34.487227407710485,35.129846551953534,548388
2004-09-10,35.00132369995117,35.72962740540856,34.78711730455727,35.72962740540856,262761
2004-09-13,33.50188064575195,35.21553189655318,33.287674239401795,34.91564423507511,462561
2004-09-14,33.758934020996094,34.0159810783071,33.41620243222765,33.758934020996094,310684
2004-09-15,34.01598358154297,34.53007773399715,33.844617774547935,34.058824216159,228460
2004-09-16,34.401554107666016,34.53007600507903,34.0588225108365,34.187347676780256,253936
2004-09-17,35.00132369995117,35.12984884459959,34.65859542843906,35.00132369995117,333238
2004-09-20,34.53006362915039,35.55825478259396,34.187335423688914,35.42972966271493,403697
2004-09-21,34.14449691772461,35.558260385023104,33.33051525867466,34.57290969344778,550315
2004-09-22,34.95848083496094,35.12984659400354,34.27302106732053,34.70143383066203,440361
2004-09-23,35.301212310791016,36.11519721387155,34.61575254397109,35.129846551953534,820590
2004-09-24,35.25836944580078,35.55825705329619,34.70143158213242,35.344050685505245,339009
2004-09-27,35.17268753051758,35.772466058254196,35.044165661486176,35.772466058254196,241245
2004-09-28,34.658592224121094,35.47257710506798,34.530067091355306,35.47257710506798,187835
2004-09-29,34.61576461791992,36.20089108586487,34.187351705661165,35.34406526134735,447104
2004-09-30,34.401554107666016,35.34406109615108,34.1016631433075,34.53007600507903,331873
2004-10-01,34.187339782714844,34.872799549566295,33.63040188359992,34.872799549566295,427417
2004-10-04,34.01598358154297,34.74428417560822,33.88745840916397,34.74428417560822,350653
2004-10-05,35.34405517578125,35.55826157078599,33.75892916015829,34.40154834517249,765083
2004-10-06,35.301212310791016,36.286559704179034,35.129846551953534,35.60109993735911,751251
2004-10-07,35.38689422607422,35.98667275909854,35.21552846399155,35.55825998815689,271865
2004-10-08,35.301212310791016,35.729625073619715,35.087005929376666,35.729625073619715,216180
2004-10-11,35.77247619628906,36.500776799459814,35.60111038715155,35.986682640578216,542214
2004-10-12,34.8299674987793,36.15804673674888,34.57291716298516,36.15804673674888,184292
2004-10-13,33.758934020996094,33.758934020996094,33.758934020996094,33.758934020996094,0
2004-10-14,34.444393157958984,34.87280600005168,34.187346106409485,34.87280600005168,138020
2004-10-15,33.930294036865234,34.70143842028371,33.844612780276705,34.358706856868736,173404
2004-10-18,33.758934020996094,34.82996615023416,33.67324948953865,34.44439393000233,119575
2004-10-19,33.71609115600586,34.144504020852345,33.54472862489188,33.84461632287211,135125
2004-10-20,33.20199966430664,34.0588254620952,33.03063385104272,33.716093835567364,265816
2004-10-21,33.33052444458008,33.75893733837401,33.20199926902951,33.63041216282343,138016
2004-10-22,33.758934020996094,33.758934020996094,33.758934020996094,33.758934020996094,0
2004-10-25,32.51653289794922,33.201992739510466,32.04527946115901,33.073467589235705,180092
2004-10-26,32.64505386352539,33.116310555620345,32.345166212674286,32.516531985387886,145451
2004-10-27,32.68790054321289,33.07346947900734,32.602216015290374,33.07346947900734,79452
2004-10-28,31.402660369873047,33.37335864778117,30.88856303529026,32.98778646397667,486900
2004-10-29,32.73073196411133,33.501872887270125,31.274128084549666,31.659700180393873,579949
2004-11-01,32.9449462890625,33.244833953623676,32.34516769140975,33.07346817307569,217714
2004-11-02,33.03062438964844,33.33051529409137,32.859258625471064,32.987783765736616,118810
2004-11-03,34.61576461791992,35.558271717476735,33.0734755189635,33.33052588114366,600234
2004-11-04,35.64394760131836,37.014870674311,34.05882137312601,35.044172229697885,1096496
2004-11-05,35.38689422607422,35.98667275909854,35.129847217215236,35.643941234933195,362618
2004-11-08,34.401554107666016,35.72963332545161,34.1016631433075,35.55826752703685,405287
2004-11-09,33.887454986572266,34.958487086454646,33.45904214661932,34.444392985923336,298548
2004-11-10,34.101661682128906,34.91564673832355,33.8874552604214,33.93029589105678,277752
2004-11-11,35.08700942993164,35.8153098919894,34.701437251212106,34.701437251212106,347804
2004-11-12,35.04417037963867,35.815311503239315,34.615757554794826,35.087011008416965,139702
2004-11-15,35.08700942993164,35.08700942993164,35.08700942993164,35.08700942993164,0
2004-11-16,35.17268753051758,35.4725784286509,34.787115386363325,35.301212668079,408148
2004-11-17,38.72853088378906,39.970929078062156,35.30122732360474,35.34406796440077,2359643
2004-11-18,40.399330139160156,41.470362186661426,39.413979348046816,39.413979348046816,1939718
2004-11-19,38.72853088378906,40.78491105878082,38.6000056928696,40.39934202308519,811443
2004-11-22,39.7138671875,40.01375812322925,38.47147262179311,39.242613738245964,685367
2004-11-23,40.44216537475586,42.28433828970264,40.01375261288033,40.44216537475586,891629
2004-11-24,39.928070068359375,41.64172120036673,39.671023052264296,41.21330841736489,427941
2004-11-25,39.6281852722168,41.12763012035473,39.499660120678534,40.27080449284734,552824
2004-11-26,39.6281852722168,39.6281852722168,39.6281852722168,39.6281852722168,0
2004-11-29,40.09944152832031,40.91342658529406,39.84239447573139,40.44217311079261,428255
2004-11-30,39.19977951049805,40.95627170917482,38.557160174260375,40.48501818297339,511426
2004-12-01,39.79954528808594,40.0994329068749,38.17157552415467,39.79954528808594,596688
2004-12-02,40.91342544555664,41.38467890693025,40.270806197720674,40.699219029611314,1098951
2004-12-03,40.14228439331055,41.47036689791363,39.97092186106699,41.21331656248672,739268
2004-12-06,42.66991424560547,44.12651841997075,41.81308864521768,41.85592927153102,2270066
2004-12-07,41.384681701660156,43.44106474101612,41.21331590362537,43.05549251257053,1149841
2004-12-08,41.81309509277344,45.840176689275786,41.55604802672664,42.841286625491385,1221488
2004-12-09,42.19866180419922,42.584233987080715,39.413978537932266,41.98445539910176,692301
2004-12-10,42.11297607421875,43.312529854169505,41.98445093740652,42.584229461646906,1068918
2004-12-13,41.98445510864258,42.62707431948915,41.77024870502705,42.62707431948915,484736
2004-12-14,44.554935455322266,44.89766703546775,41.984458409822906,42.24150546066672,2254726
2004-12-15,43.912322998046875,46.09722817156055,43.09833782047442,45.4974494476371,1865237
2004-12-16,45.283233642578125,45.840171614465106,36.5007708566292,41.98445624502411,2423714
2004-12-17,46.482791900634766,47.68234912806334,45.28323467320619,45.840172657768846,4058663
2004-12-20,47.81087112426758,49.267475398449584,46.4827920063633,47.1254112506909,3616910
2004-12-21,47.5109748840332,48.582006764789,46.482783624801655,48.32495976711359,1547186
2004-12-22,47.16824722290039,49.22462990912909,45.754486986082064,48.23927919103405,2712513
2004-12-23,50.2528190612793,51.152485221581145,47.38245155070764,47.63949855814674,5219710
2004-12-24,51.152488708496094,59.12096609347593,50.68123528464545,51.23816996063975,5652822
2004-12-27,50.809757232666016,52.30920202695187,50.20997866124563,51.752267350192426,1473401
2004-12-28,49.395992279052734,51.49521217733406,48.96757952127615,51.28100579844577,1022105
2004-12-29,48.710548400878906,50.3813594667429,48.025088372674276,49.95294654054861,1119372
2004-12-30,51.4095458984375,53.89434192427434,49.61021309940455,49.61021309940455,2806275
2004-12-31,51.92362976074219,52.223520680174765,51.066804165558125,51.92362976074219,1397162
2005-01-03,52.82330322265625,53.98001655572385,52.35204649504379,52.69477806630185,1310648
2005-01-04,51.62374496459961,53.50876203195082,47.168250969550485,53.46592140352862,1161919
2005-01-05,48.710548400878906,52.18069571787768,45.497451454421686,51.49523242114182,1445636
2005-01-06,49.35315704345703,50.80976132904643,44.683459779596774,48.839062951381024,4592811
2005-01-07,52.86613845825195,53.5515982623034,50.2099772233236,50.46702750980679,4203607
2005-01-10,52.90897750854492,55.565135395893854,52.43772411156754,53.594437292196574,3567194
2005-01-11,50.50987243652344,53.46592156606871,50.1243002424905,53.380237040433364,1317565
2005-01-12,47.425296783447266,51.40953722586386,46.35426475790844,51.40953722586386,1381854
2005-01-13,52.3948860168457,53.12318645927856,47.29677311422502,47.29677311422502,2413222
2005-01-14,52.523406982421875,54.57978966547354,50.12429603121505,52.48056635746875,4249616
2005-01-17,53.33739471435547,55.43661486338936,52.52340972364317,53.4659198644528,3056771
2005-01-18,52.523406982421875,54.49410514703712,52.309200589126085,54.49410514703712,1709057
2005-01-19,50.68124008178711,52.866144903561235,50.42418976396498,52.694779114523335,1186565
2005-01-20,49.69589614868164,50.55272194434857,49.053276801931446,50.55272194434857,790957
2005-01-24,49.653045654296875,50.0814584670716,47.25393455646448,49.48167987548091,955781
2005-01-25,49.61020278930664,49.99577168859045,48.410645660225256,49.01042422476595,494969
2005-01-27,49.73873519897461,50.552720332612694,49.13895650742387,49.78157583368589,706737
2005-01-28,50.338497161865234,51.40952901637301,50.124290790963684,50.55270353276679,615602
2005-01-31,49.86724853515625,51.15248688261631,48.58201018769619,49.86724853515625,1040827
2005-02-01,49.99577331542969,51.40953688724095,48.967585192509134,50.20997971912652,801466
2005-02-02,49.69589614868164,50.80976902934244,49.1818019786939,50.03862777436082,501532
2005-02-03,49.78156280517578,50.76691348831029,49.35315003312253,49.695881558177156,656151
2005-02-04,50.16713333129883,51.28100584890806,49.26746719278868,50.038611464957356,835914
2005-02-07,49.5245246887207,51.19533545346027,49.22463700184491,50.552716179985865,740122
2005-02-08,50.638397216796875,50.98112880186875,49.26747741357064,49.82441542217978,840520
2005-02-09,51.75226974487305,52.13783866642053,50.63839380275237,51.40953818290816,1183762
2005-02-10,49.91009521484375,52.39489096213659,49.73872942735277,52.39489096213659,674833
2005-02-11,49.99577331542969,50.38134549579006,49.695885657666246,50.20997971912652,433306
2005-02-14,49.181800842285156,50.552720776262966,48.62486278055802,50.20998915850304,591940
2005-02-15,49.5245246887207,50.124303331002935,48.88190541524631,48.88190541524631,464987
2005-02-16,48.5391731262207,50.081458602679774,48.11076031228594,49.995774078774595,711101
2005-02-17,47.12540054321289,48.75337023302669,46.825512938077075,48.41063873984597,572075
2005-02-18,46.696998596191406,48.83906275198,46.26858576503369,48.83906275198,622090
2005-02-21,46.696998596191406,47.982237089664565,46.48279218061255,47.29677721351832,431670
2005-02-22,47.5109748840332,48.02506887938402,46.35425849169899,47.03972151020663,835764
2005-02-23,47.725181579589844,49.4388326002679,47.468134580194125,48.36780071234411,1074738
2005-02-24,46.65415954589844,48.153604505702596,46.43995312306927,47.98223871373314,527634
2005-02-25,46.311424255371094,47.63950331691145,46.18290237307836,47.63950331691145,545059
2005-02-28,47.12540054321289,47.98222600763494,46.26857507879084,46.95403479662253,683258
2005-03-01,47.55382537841797,48.839063902159,47.382459588213045,47.768031799041474,582356
2005-03-02,47.468135833740234,48.19643622934951,47.33961069638329,47.982229846107955,532665
2005-03-03,47.896549224853516,48.367802620424655,47.639498946787384,47.76802408582045,656566
2005-03-04,47.16824722290039,48.41064495964147,46.91120020425435,48.41064495964147,666663
2005-03-07,47.211097717285156,48.62486151817755,46.78268484047302,47.85371703250336,1329138
2005-03-08,50.595558166503906,50.93828976228341,47.38246171306127,47.98224037141004,2400148
2005-03-09,48.49633026123047,52.05215799991238,48.110761335314734,50.98112594230102,1373192
2005-03-10,48.41065216064453,49.567365550875984,47.85371414695937,48.75338374884012,877547
2005-03-11,48.5391731262207,49.91009282339979,48.324966719253325,48.83906078856289,905898
2005-03-14,48.41065216064453,49.35315912538641,47.982239309665374,49.22463723121106,399183
2005-03-15,47.25392532348633,48.66768536828912,47.125400197354374,48.5391635106869,397259
2005-03-16,47.16824722290039,47.9393915473687,46.91120020425435,47.89655092234939,298228
2005-03-17,47.16824722290039,47.553819385134545,44.81197689300634,44.81197689300634,346437
2005-03-18,45.92584991455078,47.51097920329263,45.32607462162543,47.1254070374619,441406
2005-03-21,45.88302230834961,46.611326221246955,45.36892812038889,46.611326221246955,397082
2005-03-22,44.42640686035156,46.01153621029065,43.69810639452167,45.92585168761456,478935
2005-03-23,43.912322998046875,44.98335526629192,43.52675072777244,44.29789526832131,407145
2005-03-24,43.35538101196289,44.46925708558571,42.92696814319436,43.05549331123724,395212
2005-03-28,43.74094772338867,44.12651991029147,43.269694280965425,43.69810709562845,240300
2005-03-29,42.54140090942383,44.297893089234734,41.984462849920675,44.297893089234734,455577
2005-03-30,44.983341217041016,45.75448551674518,42.84127734956287,42.84127734956287,1126328
2005-03-31,42.96980667114258,45.754489969888816,42.8412815191729,45.240392630540505,1753527
2005-04-01,45.026180267333984,45.79732454009204,43.31252923323161,43.6124201253175,519228
2005-04-04,45.88302230834961,46.611326221246955,44.25505520078657,45.41176875796376,721981
2005-04-05,45.88302230834961,46.48280103999121,45.026196482727656,46.26859458358572,462447
2005-04-06,46.696998596191406,47.55382425850684,45.54028525947777,46.01153872004516,686088
2005-04-07,48.92474365234375,50.081460249113015,45.84017259802002,45.84017259802002,1483274
2005-04-08,48.06791687011719,49.78156814204337,47.768029204942266,49.56736173305259,522630
2005-04-11,46.99689483642578,48.36781810711857,46.61132583293294,48.36781810711857,279184
2005-04-12,48.453487396240234,49.010425347904615,46.73983618315637,47.1254083598063,524693
2005-04-13,48.282127380371094,49.61020984375047,48.06792095318483,48.45349317582624,548083
2005-04-15,46.39710998535156,48.75338050916197,46.26858483118609,48.75338050916197,452474
2005-04-18,44.46926498413086,45.797344459498056,43.69812037596596,44.64062754725072,309049
2005-04-19,45.19755172729492,46.182902503643355,45.026185948556446,45.11187047219087,349510
2005-04-20,44.726295471191406,45.71164291697193,44.04083566792448,45.240389506509054,228278
2005-04-21,45.283233642578125,45.41175879563833,44.126520339158,45.06902723316474,234107
2005-04-22,45.283233642578125,46.05437802387849,45.11187112987175,46.0115373957019,214607
2005-04-25,45.06901931762695,45.4117508199061,44.38355958159849,45.4117508199061,172723
2005-04-26,44.46926498413086,45.240406323764375,44.297899152479616,45.06904049211313,190743
2005-04-27,44.34073257446289,49.69589351340768,44.21220740451587,49.69589351340768,153844
2005-04-28,44.38356018066406,44.72629168756922,44.12651318475014,44.72629168756922,139281
2005-04-29,43.48390579223633,44.68346312150343,43.141174192865506,44.554937954606686,262535
2005-05-02,43.09832000732422,44.04082997494571,42.45570091198083,43.99798608709902,190881
2005-05-03,43.14117431640625,44.04084395019829,42.92696788331877,43.61243108402333,156005
2005-05-04,43.74094772338867,43.91231350295996,43.269694280965425,43.31253490872565,177814
2005-05-05,46.86836242675781,50.03861789875075,45.84017102117492,47.03972820577669,1508045
2005-05-06,45.92584991455078,47.1254070374619,45.197549476838454,47.1254070374619,389001
2005-05-09,47.768035888671875,48.41065520555984,45.197558621120024,46.61132242568589,811462
2005-05-10,47.296775817871094,48.539173645273536,46.26858439972664,46.26858439972664,559464
2005-05-11,46.65415954589844,47.42530070696506,46.26858733109981,47.125413022416474,275013
2005-05-12,48.753387451171875,49.2674816039749,46.61132303360775,46.99689201394457,1363503
2005-05-13,48.667694091796875,49.26747267370456,48.239281285938574,49.22463204682479,526531
2005-05-16,49.01042175292969,49.26746876233149,48.41064321863877,49.05326237640831,550019
2005-05-17,50.16713333129883,52.43772225716107,48.49632292062,49.48167357188776,4654997
2005-05-18,51.666587829589844,52.26636645905561,49.69588942008566,50.42418994038158,2589634
2005-05-19,52.65193557739258,53.894333393659196,52.09499761090156,52.09499761090156,2484988
2005-05-20,51.837955474853516,53.166034672156016,51.452383251499704,53.08035340853548,1042460
2005-05-23,50.852603912353516,52.22352699144369,50.55271622520945,51.62374834862491,470418
2005-05-24,50.595558166503906,51.409543255082184,50.20998593838464,51.409543255082184,420554
2005-05-25,53.20886993408203,53.98001430296511,50.20998025058397,50.7669182135029,3372147
2005-05-26,54.53696060180664,56.079243038248464,52.99467162830308,56.079243038248464,4196476
2005-05-27,54.108543395996094,56.036401190126156,53.637286653717595,54.836843921921876,2976744
2005-05-30,52.309207916259766,54.66547857256454,51.75227317679702,54.408431518310145,1324599
2005-05-31,52.82330322265625,53.166031525383815,51.70942725033279,53.166031525383815,755128
2005-06-01,53.551597595214844,55.52229900154285,53.03750356571283,53.03750356571283,983782
2005-06-02,56.97890853881836,58.77824118526353,52.26636723109654,53.76581219264439,4065741
2005-06-03,57.83573913574219,61.691455078125,57.32164498417018,59.120977783203124,9658459
2005-06-06,58.0927848815918,59.37802342731674,57.107434022457085,57.40732170904732,2878055
2005-06-07,59.12096405029297,59.37801433490097,58.049932092860125,58.60687001813726,2279492
2005-06-08,58.34982681274414,60.02064079128482,58.049939135691524,59.29233374222138,1491331
2005-06-09,58.306983947753906,59.292328145480546,57.96425240473312,58.86391535096967,1026964
2005-06-10,58.306983947753906,59.977791231522126,57.835727258967765,58.86391535096967,2110109
2005-06-13,58.00709915161133,58.86392487932825,57.19311732510486,58.5211998178907,970194
2005-06-14,62.50543975830078,62.976696565109435,58.09279209937477,58.52120500117823,7595048
2005-06-15,61.43439483642578,65.03306639178986,61.17735107058169,65.03306639178986,3558843
2005-06-16,59.37800979614258,61.99132365028509,59.12095953118308,61.69143603253887,2291756
2005-06-17,57.79288101196289,59.93494489731452,57.10742449088649,59.93494489731452,1368644
2005-06-20,56.59333038330078,58.349818844492034,55.90786732616359,58.221293704146284,1093202
2005-06-21,56.59333038330078,57.87856871263788,56.03639246650934,57.32163079584643,977471
2005-06-22,57.23595428466797,58.863917740239486,56.20775961387146,56.8932227277358,1399389
2005-06-23,58.52118682861328,58.863911813980096,57.064579492564036,57.621517399375215,1192839
2005-06-24,59.59223937988281,60.834634224573826,57.70721862251777,58.049950263589814,2420488
2005-06-27,59.892112731933594,61.434394940800686,59.24949351064044,60.32052554612902,1709596
2005-06-28,59.2066650390625,63.833525945186494,58.735414742912695,60.491903816482356,9386729
2005-06-29,60.0206413269043,60.449054165677175,58.26414607311105,59.12097175065681,1458584
2005-06-30,57.27879333496094,60.79177718886109,56.55049284063764,60.74893982864261,4492813
2005-07-01,58.64970397949219,59.29232311675642,56.76469045834105,57.02174072807071,1203213
2005-07-04,60.87745666503906,61.348706785415544,58.349817423335985,59.12096170956845,2797992
2005-07-05,60.834632873535156,62.76249095755564,59.54939415085484,61.263045781095265,3620017
2005-07-06,65.7613754272461,66.2326321982269,61.00598996393656,61.52009063666529,8076301
2005-07-07,62.46259307861328,65.93273314366556,61.691448662914624,64.69033852847298,4051689
2005-07-08,64.8188705444336,65.41864596617086,62.805331300530696,62.805331300530696,4360787
2005-07-11,65.1187515258789,67.1322905617011,64.77601994727785,65.54716436486495,3890487
2005-07-12,63.919193267822266,66.01842006819996,62.67679866905298,65.1187505056008,2034950
2005-07-13,63.747833251953125,65.11875306162777,63.40510166526914,64.60465895013245,1442150
2005-07-14,62.762474060058594,64.9473819151988,62.419742518871445,63.49077449941852,827504
2005-07-15,61.605770111083984,63.233740274226115,61.177357254312966,63.233740274226115,1286376
2005-07-18,63.190887451171875,64.00486914927804,61.26302986791578,62.03417420863032,1720359
2005-07-19,62.719635009765625,63.662148455084434,62.462591236819435,63.662148455084434,515912
2005-07-20,63.619300842285156,64.90453924313941,62.976681641858036,63.19088804200041,1169730
2005-07-21,61.819976806640625,64.0477223640654,61.09167625439464,64.0477223640654,519442
2005-07-22,62.63395690917969,62.80532597017593,61.348718368483546,61.348718368483546,511789
2005-07-25,63.190887451171875,64.04771304373014,62.46258700490945,63.06236230487604,828036
2005-07-26,65.46146392822266,65.7613515202517,63.2337191255022,63.83349430956028,3264494
2005-07-27,65.37580108642578,66.2754641156332,64.69033793716778,66.23262675446774,1042864
2005-07-28,63.747833251953125,63.747833251953125,63.747833251953125,63.747833251953125,0
2005-07-29,65.7613754272461,66.57535726396391,63.83351751569816,64.64749935241598,2962038
2005-08-01,64.17623901367188,65.11874587017012,62.20553751067144,65.03306461722674,949726
2005-08-02,64.56179809570312,65.11873596067343,64.04770411921498,64.4332729673162,499901
2005-08-03,63.747833251953125,65.07590916189429,63.490782927674815,64.56181505039896,577809
2005-08-04,63.362239837646484,64.26190918100433,63.06235223554702,63.66213397680539,404490
2005-08-05,69.5313949584961,70.25969537139733,63.23372844908167,63.833503721574395,4922172
2005-08-08,66.18976593017578,71.4592437485337,65.76135320570863,70.25968681261378,4651877
2005-08-09,65.37580108642578,67.64638387708811,64.04771868613632,66.7467208478807,2546168
2005-08-10,66.06124877929688,66.74671183600638,65.63283600311848,66.01841142391515,1718268
2005-08-11,66.66104888916016,68.50321910282447,66.14694818695786,66.40399853805901,1882287
2005-08-12,65.84706115722656,68.20333209773088,65.20444180981629,68.20333209773088,2125498
2005-08-16,69.6599349975586,70.17402913208528,66.40399458378698,66.83240745206949,4211283
2005-08-17,68.80310821533203,70.4739157614164,67.94628249178898,69.8312964687591,1886733
2005-08-18,67.70751190185547,69.89869351680224,67.40074781315404,69.24133903231821,1244046
2005-08-19,72.44047546386719,73.14164966465371,67.70752118899289,68.1895838851858,5770422
2005-08-22,69.4166259765625,73.53605113344922,68.45250747157374,73.3607526044798,2826824
2005-08-23,67.4883804321289,71.08191623463063,67.09397049399558,70.0301519416389,1714667
2005-08-24,65.38484954833984,68.36485749446383,63.54425856857215,68.23338527727583,1565551
2005-08-25,65.51632690429688,66.96250803288645,64.81514614893366,65.73544505447846,2308989
2005-08-26,68.10192108154297,69.02222002330255,65.73544764124053,66.1736839588488,2812804
2005-08-29,67.4445571899414,68.36485600322824,66.21750102149842,68.36485600322824,719233
2005-08-30,68.23338317871094,69.10985568373472,67.6198550999761,68.10191096556646,919038
2005-08-31,68.2772216796875,68.80310393928451,67.7951590409994,68.36486760846104,753235
2005-09-01,68.3210220336914,69.24132074367367,68.05808432152065,68.97837634454908,720826
2005-09-02,69.94251251220703,71.16956873873828,67.66367852132349,68.36485923958841,2433706
2005-09-05,68.6278076171875,70.81898912875856,68.10191870484621,70.1178083702737,1169025
2005-09-06,69.15367126464844,70.42455352515884,68.1895529959557,69.06602536512246,1071926
2005-09-08,69.02223205566406,70.11782304067461,68.67164160306935,69.8548785294894,868633
2005-09-09,69.4166259765625,70.51221670653953,68.75927153857629,69.67957042653904,1239152
2005-09-12,69.37281799316406,70.33693665983282,69.19751943479757,70.1178184770919,660603
2005-09-13,69.6795654296875,70.46839203609376,69.02221103884139,69.32897508384531,734270
2005-09-14,68.36486053466797,71.21339639027914,67.70750610645001,70.03015975687782,698437
2005-09-15,69.37281799316406,69.67958211161009,68.3648730151646,68.54016488657484,606292
2005-09-16,69.15367126464844,70.38073391887261,68.67160878682532,69.67955334875779,807031
2005-09-19,68.97840118408203,70.11781840799445,68.40869925908208,69.54810979603823,771086
2005-09-20,68.40869140625,69.46045588685232,68.14574694262167,69.197511423224,648414
2005-09-21,65.77926635742188,68.80309392521302,63.10602245369857,68.45250357419042,858130
2005-09-22,60.78337097167969,66.34897041529229,59.68778026675773,65.73544229531798,1409750
2005-09-23,60.82719421386719,63.85102173251246,59.161895088791745,61.35307638837663,898651
2005-09-26,63.41279220581055,63.763382588361,61.22161067356447,62.22955551578874,524859
2005-09-27,63.54426574707031,64.5522106101046,62.66779311607624,64.42073837806439,721506
2005-09-28,63.894859313964844,64.42074158131913,63.237504808033016,63.54426890674337,440739
2005-09-29,61.703670501708984,64.28926191832949,61.44072605491993,64.15778969493496,1839904
2005-09-30,62.098079681396484,62.930732627484055,60.16984271974471,62.14190598427924,773575
2005-10-03,63.28132247924805,63.50044064113873,62.448676138845684,63.0183846971526,497810
2005-10-04,63.76337432861328,65.03425677790695,63.41278399147743,63.54425620377269,971882
2005-10-05,63.19367599487305,64.90280165472899,62.667793748361824,64.90280165472899,875312
2005-10-06,61.79130935668945,63.018372156482656,61.09012870339211,62.84307364968117,785831
2005-10-07,61.13396072387695,62.448669556648504,60.25748816869592,61.79131514026273,538620
2005-10-10,59.205718994140625,63.0183729637699,58.986600873047514,63.0183729637699,852491
2005-10-11,60.47660827636719,61.35308086008265,57.36512792939522,59.60013569265172,717219
2005-10-13,59.205718994140625,61.177782083978634,58.723656452954025,60.520427720699296,455215
2005-10-14,57.1460075378418,59.77542518566191,56.97071570276908,59.512487433052826,792605
2005-10-17,54.82335662841797,57.84718755570724,54.42894331729721,57.23365945338317,852193
2005-10-18,53.15806579589844,55.787483658644064,52.58835725491247,55.17395215530787,726000
2005-10-19,49.25776290893555,53.201889778705656,48.90717251645376,53.02659458246476,1091791
2005-10-20,46.759803771972656,51.49275632943026,45.70803950896168,50.397165769229616,1696119
2005-10-21,48.600406646728516,48.99481998792386,45.2259851092546,46.01481179164529,1401751
2005-10-24,47.11040496826172,49.3892325223586,46.89128680561864,49.08246843204942,904592
2005-10-25,46.27775573730469,48.205996256250266,45.488932350107305,47.329523597045714,1125681
2005-10-26,44.43716049194336,46.89128304820039,44.26186530717981,46.4530467580303,1629037
2005-10-27,43.12245559692383,44.612459789562244,42.28980590014255,44.437164588638105,3185393
2005-10-28,43.823631286621094,44.56863168110256,43.07863089213963,43.473040898937036,926617
2005-10-31,45.357460021972656,45.664224114681815,43.03480614239354,43.82363287147116,773086
2005-11-02,46.23392868041992,46.365400905053846,43.95510130560068,45.488928323434514,547145
2005-11-04,46.23392868041992,46.23392868041992,46.23392868041992,46.23392868041992,0
2005-11-07,46.80363845825195,47.50481587376407,44.87539805798537,45.5765754734975,1251138
2005-11-08,47.54863739013672,48.29363774457273,46.89128295617169,47.28569628524622,1660931
2005-11-09,45.88333511352539,48.03069345757415,45.57657106872299,48.03069345757415,1453515
2005-11-10,46.27775573730469,46.89128726744344,46.01481460823889,46.62834613837765,467073
2005-11-11,47.767757415771484,47.98687556905484,46.453048496071354,46.453048496071354,534482
2005-11-14,49.73981857299805,50.353350043475025,47.855401201563936,48.20599156854436,1524604
2005-11-16,50.61628723144531,51.09834644114457,49.7398147252731,49.95893285181615,940633
2005-11-17,51.62423324584961,52.58835168943158,50.13422927928691,50.835406633117195,1410361
2005-11-18,50.879234313964844,52.3254154570646,50.48482097098512,52.15012026646499,822583
2005-11-21,49.03864288330078,51.27364735575348,48.73187546568404,51.010706243137456,443424
2005-11-22,48.074527740478516,49.17011864927227,47.855409558719764,49.082472713960016,771943
2005-11-23,47.241878509521484,48.99482385913671,46.67216993350537,48.99482385913671,950106
2005-11-24,49.34541320800781,49.91512181040538,47.63629074429316,48.20599934669073,818087
2005-11-25,49.82747268676758,50.3971812909258,49.08247221377121,49.34541336050651,840508
2005-11-28,49.43305587768555,50.79158773624989,49.25776068934359,50.79158773624989,1005896
2005-11-29,48.688053131103516,49.433056860499384,48.42511201510167,49.433056860499384,648798
2005-11-30,47.636287689208984,49.78364637290309,46.89128726629451,49.0824689142522,856456
2005-12-01,49.73981857299805,50.66011410697475,46.62834160408751,48.07451934505732,1268502
2005-12-02,50.04658508300781,52.193943662911366,49.87129323442605,49.95893915871693,3717958
2005-12-05,50.309532165527344,51.88718228935172,49.52070543187622,50.00276472756175,939720
2005-12-06,50.13423538208008,50.703940588645516,49.520703868989955,50.309530577745505,568536
2005-12-07,49.87129592895508,50.48482411909536,49.696000727424476,50.309532261042634,323257
2005-12-08,49.95893859863281,50.35335194047544,49.52070229513603,49.87129267532452,276190
2005-12-09,49.95893859863281,50.923057128934666,49.73982044688442,50.52864713056969,815804
2005-12-12,49.60834503173828,50.397171664751454,49.30158097638729,50.04658130708395,351411
2005-12-13,50.22188186645508,50.703941152285395,49.170114024248505,49.4330584924085,1018280
2005-12-14,50.966888427734375,51.4927707060647,50.17806166676091,50.83541618641281,1315573
2005-12-15,50.92304992675781,52.28158495023888,50.22187260902779,51.273640257361414,1494160
2005-12-16,50.92304992675781,51.273640257361414,50.440990729785746,50.92304992675781,520560
2005-12-19,51.27364730834961,51.88717879953821,50.92305692953394,51.05452915745923,609016
2005-12-20,52.982765197753906,53.245706288507854,50.090406512505744,51.6680564005068,1650563
2005-12-21,53.07041931152344,54.428951276508116,52.36924184670662,53.46483268031973,3013443
2005-12-22,53.201881408691406,54.034530952230284,52.85129107136643,53.02658624002892,983830
2005-12-23,51.711883544921875,53.77159282330313,51.14217501593422,53.46482874983448,510613
2005-12-26,49.08246612548828,51.49276580129351,48.95099389668965,50.966883573054346,583374
2005-12-27,50.309532165527344,50.616296260015076,48.64423276936514,49.34541023067843,374281
2005-12-28,50.04658508300781,51.05452992974143,49.6959980423666,50.48482139141761,485357
2005-12-29,49.95893859863281,50.57247009222383,49.65217452357613,50.52864713056969,452349
2005-12-30,51.14216995239258,51.71187842497389,50.046579307795675,50.39716965145761,544092
2006-01-02,51.974822998046875,52.50070854882219,51.27364560715732,52.01864595807543,519633
2006-01-03,53.3771858215332,54.078363274139996,52.01865053672762,52.500713169905254,1329290
2006-01-04,51.536590576171875,53.8592444101429,50.13423568921285,53.8592444101429,1823792
2006-01-05,52.67600631713867,53.68395122861818,50.00276533281735,52.15012405065766,3677034
2006-01-06,51.755714416503906,53.72777807343361,51.36130101642234,53.02660055299868,1834759
2006-01-09,51.22982406616211,52.58835592554311,51.05452887771477,52.15011962616359,988392
2006-01-10,51.098350524902344,52.54453161305556,51.0107046046714,51.71188199695151,804771
2006-01-12,51.01070785522461,51.62423936636982,50.3971763440794,51.18600305033435,369353
2006-01-13,50.13423538208008,51.53659026044798,49.871294260320816,51.010708016929456,486228
2006-01-16,49.56452178955078,50.48481729382008,48.77569850452456,50.221876198811344,1736527
2006-01-17,47.417171478271484,49.958943632029076,47.15423033837746,49.5207072843797,723874
2006-01-18,47.241878509521484,47.899233015627196,45.88334318878735,47.899233015627196,401588
2006-01-19,47.72392654418945,48.07451352525098,47.41715917434885,47.767749498887504,377158
2006-01-20,48.16216278076172,48.64422196942092,47.54863138452405,47.54863138452405,534416
2006-01-23,47.19804763793945,48.20599245391229,44.04274765107441,44.04274765107441,504455
2006-01-24,47.46099853515625,48.11835306698125,47.15423108088442,47.15423108088442,435263
2006-01-25,45.66421890258789,48.07451843540827,44.700100426850724,48.03069547623431,1731859
2006-01-27,47.022762298583984,47.241880476408745,45.138344631899855,45.138344631899855,872906
2006-01-30,46.14628982543945,48.162176403135305,46.014817580674865,47.32952665440843,477945
2006-01-31,45.97099304199219,46.759816453178374,45.75187487052747,46.01481600758954,374879
2006-02-01,45.050697326660156,46.84746566142763,44.78775284649296,46.84746566142763,319007
2006-02-02,43.73598098754883,45.576571980124434,43.385390634926146,44.700099442045115,554206
2006-02-03,45.97099304199219,47.72393841370988,45.57657966466011,46.45305235051896,1532968
2006-02-06,45.313636779785156,46.80364095696916,45.13834158067919,46.45305055875722,451717
2006-02-07,45.79568099975586,45.970976141177545,45.138326727032094,45.357444817940014,403685
2006-02-08,44.875404357910156,46.014818236010996,44.568636896916544,45.57658187185851,528261
2006-02-10,45.708045959472656,46.10245594202404,45.138337450377854,45.48892781650966,367316
2006-02-13,46.62834548950195,46.935109578563505,45.66422357170686,45.79569580614913,539236
2006-02-14,46.40921401977539,47.19803716979828,46.277741823033146,46.62833211869456,329853
2006-02-15,46.014808654785156,46.715986022734015,45.7956905183338,46.715986022734015,187269
2006-02-16,45.708045959472656,46.45304630815585,45.53275077640676,46.10245594202404,214251
2006-02-17,44.700103759765625,46.10245861875934,44.30569041083685,45.79569453819125,283452
2006-02-20,44.524810791015625,45.13834232628203,43.867456291118316,45.13834232628203,202266
2006-02-21,44.612457275390625,45.269811734202015,44.34951281708393,45.269811734202015,193996
2006-02-22,44.04273986816406,44.91921230335141,43.867444712431194,44.612448288426634,304608
2006-02-23,43.34157180786133,44.65628074029305,42.990981421821786,44.65628074029305,976036
2006-02-24,44.963043212890625,45.09451543882432,43.078629149865876,43.34157025825565,560806
2006-02-27,45.18216323852539,46.19010809664013,44.919222119206076,46.19010809664013,252663
2006-02-28,44.349517822265625,45.57658095458807,43.998930744086394,45.13834459925549,366916
2006-03-01,43.73598098754883,45.13833571108478,43.07862658398934,43.8236269039658,291281
2006-03-02,43.21009826660156,44.261866049340824,42.94715715678615,43.8236297518226,584100
2006-03-03,42.20216751098633,44.08658206301408,40.62451376429347,43.735994942010024,1290887
2006-03-06,42.28980255126953,42.94715699507165,42.11450736422678,42.94715699507165,510959
2006-03-07,42.99097442626953,43.385387710515104,42.15832490252381,42.77185630651945,567289
2006-03-08,42.85950469970703,43.86744602422739,42.59656028650623,42.9471506084559,580625
2006-03-09,42.99097442626953,43.473033621024264,42.07067899201465,43.473033621024264,356969
2006-03-10,42.94715881347656,44.1742218312527,42.68421769351817,43.82363144232303,420045
2006-03-13,42.24597930908203,43.29774708085771,42.11450708380598,43.12245189498217,273193
2006-03-14,42.42127990722656,43.16628036290066,42.24598469898619,42.42127990722656,393846
2006-03-16,42.15833282470703,43.16627770235621,42.07068689772788,42.90333657794097,216190
2006-03-17,41.54480743408203,42.596572002253815,41.41333519132155,42.20216196092841,250101
2006-03-20,40.49302673339844,41.9830305256868,40.361554532161215,41.9830305256868,502433
2006-03-21,40.31773376464844,40.975088119506836,40.1862615562859,40.975088119506836,402981
2006-03-22,39.441261291503906,40.40537967457203,39.26596612817957,40.361556719610235,422069
2006-03-23,38.389503479003906,40.186271840052235,37.86362119793347,40.186271840052235,867934
2006-03-24,38.301849365234375,38.740085620343514,37.73214089620158,38.5647904496044,664775
2006-03-27,40.44921112060547,41.457152586906716,38.56479372614161,38.56479372614161,1035221
2006-03-28,39.5289192199707,41.983045565720275,39.30980103506293,40.36156899131586,869790
2006-03-29,38.520973205566406,40.01097736260509,38.12655984878002,40.01097736260509,872776
2006-03-30,37.863609313964844,40.230085522989576,37.38155015037093,38.564786583144816,3776622
2006-03-31,41.018917083740234,41.632448573519206,38.38949927909692,38.38949927909692,3359270
2006-04-03,41.939205169677734,42.465090642937234,41.36950008632625,41.588618197648444,863657
2006-04-04,43.6483268737793,43.911267937267475,41.67626388240243,42.46509041634399,1622005
2006-04-05,48.731876373291016,49.17011268363888,43.21009953160351,44.70010365548178,4273963
2006-04-07,50.57246780395508,52.76364922229388,49.17010969013174,49.52070005445695,5596496
2006-04-10,50.92304992675781,52.15011274039323,50.046577443725994,50.92304992675781,1830890
2006-04-12,47.06657791137695,51.71188188674498,45.75186904984954,51.05452745598127,1413564
2006-04-13,45.225982666015625,47.855400340632286,44.2618641893805,47.41716406152951,1200463
2006-04-17,45.66421890258789,47.24187218067048,45.22598262389327,45.66421890258789,476872
2006-04-18,47.72392654418945,49.4330485252304,45.75186349148309,46.36539488768716,1664505
2006-04-19,46.67216873168945,49.08246852534478,46.23393240557031,48.29364180093918,1072766
2006-04-20,46.19010543823242,47.241873198454385,45.97098729416441,47.241873198454385,347353
2006-04-21,45.313636779785156,46.71599168567727,44.261868928627166,46.45305055875722,504870
2006-04-24,45.313636779785156,46.7598146495843,44.87540045375915,45.839519033625244,488199
2006-04-25,44.349517822265625,46.19011252074928,43.73598959958246,46.146289553911636,1830699
2006-04-26,46.19010543823242,46.978928750790736,44.26186510173841,44.26186510173841,836416
2006-04-27,45.83952331542969,46.75981901735225,45.62040513194916,46.45305489787078,1080296
2006-04-28,46.014808654785156,46.2777497498313,43.03480066165572,45.62039534047723,511550
2006-05-02,52.28158950805664,53.11423576474377,49.21393555001255,49.21393555001255,2476418
2006-05-03,52.41305923461914,53.64012217509779,50.52864520739251,53.377181071703085,1838812
2006-05-04,52.28158950805664,54.691889046519854,51.755703966305454,52.93894392763752,2124298
2006-05-05,52.28158950805664,53.815416487078686,51.40511694861547,52.58835356647006,964028
2006-05-08,54.0783576965332,54.604239895879694,52.15011739313361,52.15011739313361,1724945
2006-05-09,53.28952407836914,54.691881998851805,52.45687458550085,54.16599652486691,819176
2006-05-10,54.03453826904297,55.56836535144996,53.46482972961501,53.46482972961501,1380370
2006-05-11,52.76364517211914,54.29747204721867,52.15011375338388,53.7277635847908,887533
2006-05-12,54.03453826904297,55.08630273648274,49.95893925554189,52.588357111096734,1281969
2006-05-15,52.325408935546875,56.09424001806518,51.18599535387538,54.16599984874874,2826834
2006-05-16,50.57246780395508,53.815416971792004,45.57657350144711,52.50070812078872,1249691
2006-05-17,53.6839485168457,54.34130298848055,50.44099912141825,50.572471353136315,1082462
2006-05-18,47.417171478271484,53.02659806557472,46.6283480585894,53.02659806557472,1466566
2006-05-19,42.6403923034668,49.78364181584928,41.41332935554122,48.205991842428936,1222083
2006-05-22,36.811851501464844,46.62834590388437,34.27007946516304,43.823632739839105,2013664
2006-05-23,41.413333892822266,42.02686543400411,35.935379674194984,37.68832502415571,1679081
2006-05-24,41.106571197509766,43.648340035652026,40.40539035880207,42.070689835515786,1262356
2006-05-25,41.018917083740234,42.07068487429309,39.00303076887589,40.75597597197143,3091394
2006-05-26,43.95510482788086,45.3574597334565,41.54480503528172,41.89539208993671,1373237
2006-05-29,44.08656311035156,46.01480314910469,43.6483268898839,44.7000944877017,884327
2006-05-30,41.939205169677734,44.48097659840604,41.45714599346431,43.692150060255315,628627
2006-05-31,40.3615608215332,40.712151183812175,38.82773383764829,39.26597011875827,810350
2006-06-01,38.74008560180664,41.720090129036514,38.38949526049617,41.150385003753605,635088
2006-06-02,39.22214126586914,39.61655452829954,36.28595996101051,39.4412593734997,975769
2006-06-05,38.301849365234375,40.23008955641005,37.995081980571605,39.44126295982269,516578
2006-06-06,36.59272766113281,37.688318309669725,35.49713701259591,37.688318309669725,1177448
2006-06-07,33.78801345825195,36.81184418500104,33.34977721795432,36.373607944703416,894445
2006-06-08,28.660659790039062,33.74420110616886,28.178600442932296,33.34978769727124,2094833
2006-06-09,32.07890319824219,32.34184771348092,28.87977947878107,28.923602450161393,1315197
2006-06-12,29.93153953552246,32.86772130102283,29.580949170920547,32.42948501700919,927367
2006-06-13,25.812116622924805,29.361829693265967,25.1985851845193,28.92359342918737,3270692
2006-06-14,24.45358657836914,27.08300452597311,23.883879690736062,25.768295552171125,1609872
2006-06-15,25.505353927612305,26.20653136457351,24.54123369798649,25.330058732502565,819984
2006-06-16,27.0391788482666,27.9594743688617,26.25035387750813,26.29417683687409,1485462
2006-06-19,27.0391788482666,27.170649398103226,26.162706287037466,27.0391788482666,718659
2006-06-20,27.083003997802734,27.828006069442676,26.338001926162793,27.170651595361353,642931
2006-06-21,27.477415084838867,27.87182673371655,26.82006066497066,26.995354173892274,483063
2006-06-22,28.704477310180664,29.09889064420691,27.959475274652647,28.047122867962788,828220
2006-06-23,28.660659790039062,28.87977797904016,28.04712819214035,28.485364570142544,564324
2006-06-26,28.660659790039062,31.991255594160087,28.353892319350592,31.903609655950937,1295697
2006-06-27,27.608888626098633,29.318010971647926,27.214475262744514,29.098892807948733,1053569
2006-06-28,27.871829986572266,28.441538554338383,26.381827464019544,27.170652525575566,1150271
2006-06-29,28.441537857055664,29.055069374190424,27.69653577817457,28.48536082039148,802507
2006-06-30,29.75624656677246,30.36977807872733,29.055069128885933,29.36183321312449,826549
2006-07-03,29.887710571289062,31.114773394666805,29.449474326293753,29.88771057128906,707713
2006-07-04,29.93153953552246,30.501244698653686,29.756244353221504,30.06300841464005,451608
2006-07-05,29.668598175048828,30.150660812367065,29.580952246524344,29.75624744705117,287206
2006-07-06,29.624771118164062,29.887712210890413,28.923593756401328,29.580948159955902,1072052
2006-07-07,28.3100643157959,30.063009516074004,28.13476912707256,29.800068404727813,349528
2006-07-10,28.660659790039062,28.87977797904016,27.696539424086417,28.04712819214035,311355
2006-07-11,28.967416763305664,29.361830074796924,28.13476718204132,28.660652711855462,365393
2006-07-12,28.83595085144043,29.142714934411558,27.696535429908835,28.573006387776324,368898
2006-07-13,28.879776000976562,29.27418938285961,28.266244445100487,28.748303759189547,204168
2006-07-14,28.83595085144043,31.553014665829053,28.441537499422015,29.142714934411558,239912
2006-07-17,28.353885650634766,28.792121925565613,28.04712159557415,28.485357870505,304244
2006-07-18,26.9953556060791,28.704477857106145,26.294178189715552,28.704477857106145,729553
2006-07-19,26.64476203918457,27.696529643677305,25.855937171684282,27.345940999425903,571478
2006-07-20,27.521242141723633,27.78418495186325,26.557121848023012,27.17065339994313,577894
2006-07-21,27.302122116088867,27.608887871228063,26.732415240395426,27.34594675067382,399527
2006-07-24,27.915647506713867,28.39770835103802,26.425643692240676,27.082998021260288,794075
2006-07-25,29.011240005493164,29.58094849916434,28.485357814010104,28.792121868462317,957834
2006-07-26,29.011240005493164,29.09888926639196,28.660652992330267,28.96741704678248,245997
2006-07-27,29.712425231933594,30.150661572561063,28.967421446780133,29.318011856673284,1139081
2006-07-28,30.501249313354492,31.202426805165786,29.71242588887104,29.84389478787927,915751
2006-07-31,28.7921199798584,30.413596093613254,28.178591911198023,29.800064681475668,737075
2006-08-01,28.441537857055664,29.011243067376824,28.047124500077764,28.792124907219964,514788
2006-08-02,29.36182975769043,29.756243064922042,28.353885010707128,28.923593492650273,532000
2006-08-03,30.194480895996094,30.325949776240343,29.361831280539032,29.361831280539032,736522
2006-08-04,29.80006980895996,30.676542450399957,29.58095164859996,30.588896523647072,458641
2006-08-07,29.97536849975586,30.150663717171145,29.18654169312616,29.18654169312616,244080
2006-08-08,30.588891983032227,30.808010110866334,30.019183513272633,30.019183513272633,319560
2006-08-09,32.03507614135742,32.34184358885374,30.238307796082875,30.588898209370676,722462
2006-08-10,33.30596160888672,33.744197945845755,31.64066219105122,31.991252598009613,855529
2006-08-11,34.70831298828125,36.28596631423023,33.744194483292496,34.09478485427617,1260573
2006-08-14,35.27802658081055,36.1983222577013,35.05890840328998,35.23420361400204,590849
2006-08-16,35.76008224487305,36.28596782321804,35.540964089765396,35.847731513002735,578839
2006-08-17,35.76008224487305,36.50508597832569,28.92359647420989,36.28596782321804,811227
2006-08-18,42.02685546875,42.77185572844041,35.58478082907872,36.373607386908546,4906209
2006-08-21,39.8356819152832,43.385395417075664,39.48509152401674,42.508922782387266,3022997
2006-08-22,38.78390884399414,40.75597200555316,38.38949554298687,39.879499489304706,1079644
2006-08-23,37.64449691772461,39.13450093038633,37.337729517292146,39.13450093038633,946161
2006-08-24,38.56478500366211,39.353611488855016,36.72419432951442,38.477139102408145,1531829
2006-08-25,38.608619689941406,39.70421050602078,38.21420632745727,39.17832825169381,651362
2006-08-28,37.775962829589844,38.74008457079632,37.293903630725204,38.652435316062714,543689
2006-08-29,38.74008560180664,39.4412629409503,37.25008166645306,37.25008166645306,802510
2006-08-30,38.56478500366211,39.0906670981395,38.12654881043868,39.0906670981395,431176
2006-08-31,37.95126724243164,39.26597629247069,37.46920792611292,39.09068108376988,674942
2006-09-01,38.21420669555664,38.56479709747024,37.73214740053383,37.73214740053383,301164
2006-09-04,38.389503479003906,39.52891731697519,38.038916406116286,38.56479868718672,600354
2006-09-05,38.65243911743164,39.79185613668689,38.301852094449465,38.65243911743164,1138840
2006-09-06,38.345672607421875,39.44126325334821,38.214200392519786,38.65243665089032,557932
2006-09-07,40.6683235168457,41.983032207991876,37.90743392804791,38.47714236493542,1287721
2006-09-08,41.062740325927734,43.07862999805529,40.62450402215699,42.07068516199151,5656651
2006-09-11,37.03097152709961,41.85157137086405,36.373617002949906,41.194216846714355,1610256
2006-09-12,37.775962829589844,38.564789404806305,36.11066711137771,36.811844431860564,1558439
2006-09-13,39.22214126586914,39.879495588760804,38.258022929685495,39.26596421869986,1069455
2006-09-14,39.353614807128906,40.27391022180153,39.00302448559786,39.52890662441733,817006
2006-09-15,38.82773971557617,39.79186168605798,38.17038519439775,39.44127127070496,542865
2006-09-18,40.7998046875,41.588631477535195,38.69627215320299,38.827741055890115,1970685
2006-09-19,38.65243911743164,41.36950609880047,38.21420283109578,41.10656499569446,828663
2006-09-20,39.79186248779297,40.1424495667317,38.12656299653031,38.652445286677434,887003
2006-09-21,39.87949752807617,41.01891107446863,39.572733499866445,40.098615646362305,811940
2006-09-22,39.22214126586914,40.31773180402191,38.74008209777732,39.61655452829954,844519
2006-09-25,38.87155532836914,39.96714598974908,38.60861423833343,39.96714598974908,625190
2006-09-26,39.00302505493164,39.74802531971363,38.60861177332117,39.35361538158031,1068424
2006-09-27,39.74803924560547,40.27392491982472,39.003038719809425,39.441275109919644,1324438
2006-09-28,41.851566314697266,42.114507423895134,39.66038483225238,39.74803075415914,3231049
2006-09-29,44.30569076538086,44.91922227490437,42.070686228203115,42.070686228203115,6196976
2006-10-03,43.6483268737793,44.787740377879416,43.38538581029112,44.612448564538646,1614027
2006-10-04,42.5527458190918,44.13039589556653,42.33362766004037,43.82363181028563,1091484
2006-10-05,43.2977409362793,43.82362307579803,42.94715061428207,43.03479652304283,760595
2006-10-06,42.596561431884766,43.56068317143205,42.50891552077919,43.29774209463813,582890
2006-10-09,43.47304153442383,44.26186824650513,41.939214416970685,42.50892296941582,2969093
2006-10-10,42.85950469970703,43.99891823082779,42.6842095387322,43.735977161104096,780633
2006-10-11,41.500972747802734,43.29774409997948,41.28185461641312,42.94715375236515,597546
2006-10-12,42.20216751098633,42.37745939974912,41.23804540539864,41.4133406376399,578415
2006-10-13,41.8077507019043,43.07863685378972,41.500983234357776,42.508928230830605,412132
2006-10-16,41.676273345947266,42.640395255632406,41.28185998941598,41.983040775906176,743254
2006-10-17,41.018917083740234,42.07068487429309,40.62450374434821,41.544802650755486,529477
2006-10-18,40.887447357177734,41.23803438448701,40.58067994686986,40.58067994686986,258506
2006-10-19,40.405391693115234,41.10657255497812,40.09862757365883,40.8874543715155,263806
2006-10-20,40.93126678466797,41.80773929250464,40.449207574053254,40.449207574053254,413726
2006-10-23,40.27391815185547,41.19421374773702,39.87950479834116,40.75597743127173,299911
2006-10-26,40.887447357177734,41.23803438448701,39.70420736338033,40.273915880039546,777074
2006-10-27,41.2818489074707,41.85155730768863,40.84361270529595,41.23802595594861,493801
2006-10-30,40.93126678466797,42.02685741946381,40.755971614405176,41.28185378171627,265764
2006-10-31,38.69626998901367,42.07068845476512,37.8636202779842,42.07068845476512,1060234
2006-11-01,38.258018493652344,38.783900553598635,38.03890041142863,38.69625465809979,471272
2006-11-02,38.345672607421875,39.00302699497768,38.214200392519786,38.47714482232396,358139
2006-11-03,37.25008773803711,38.69626895231674,37.03096957487218,37.90744222753188,394845
2006-11-06,36.54890441894531,37.600672102036455,36.41743220475494,37.3377276736557,429949
2006-11-07,38.87155532836914,39.79185415871017,36.5489051323301,36.81184622236581,1275722
2006-11-08,39.79186248779297,41.10657155663884,38.17038596346289,38.78391753095325,1971337
2006-11-09,40.93126678466797,42.46509367338214,40.66832570101242,41.23803082501989,2328936
2006-11-10,42.6403923034668,42.903333408457264,40.66832900082198,42.07068378975616,3096322
2006-11-13,42.7280387878418,43.648334339192104,42.37744841424283,43.16627508310171,1380897
2006-11-14,41.413333892822266,42.859515143931034,39.00303403662626,42.552747701601156,1171928
2006-11-15,41.632450103759766,42.02686345764883,40.36156411610734,41.89539122519322,960747
2006-11-16,40.755977630615234,42.33362770891124,40.4492135449802,41.632450267832766,1038156
2006-11-17,39.22214126586914,41.01890907974429,39.00302315823859,39.66037748113025,615724
2006-11-20,38.08272933959961,39.48508394866323,37.250079827696844,39.48508394866323,603467
2006-11-21,38.56478500366211,39.00302119688554,37.95125366445394,37.95125366445394,440433
2006-11-22,38.82773971557617,39.6603894444311,38.214208160447384,39.00303492325268,509898
2006-11-23,39.48509216308594,39.83568256002673,38.56479655046362,38.95920991115256,462292
2006-11-24,39.22214126586914,40.01096779072993,38.82772800343875,39.83567263593009,471490
2006-11-27,41.106571197509766,41.32568937373641,39.309799477668854,39.35362578769661,847950
2006-11-28,40.05480194091797,41.369510954229426,39.4412703993437,40.75597941265516,626014
2006-11-29,40.05480194091797,41.10656982026271,39.92332970219565,40.317743074884675,1205883
2006-11-30,38.91538619995117,40.755977389843316,38.652441735557076,40.23009514801063,410687
2006-12-01,39.61656951904297,41.194219822263804,39.35362835908587,39.35362835908587,445628
2006-12-04,39.79186248779297,40.53686295608107,39.44127206537618,40.09862659979912,371410
2006-12-05,41.36949920654297,42.07067647916703,38.827727831869176,40.23008572059425,997546
2006-12-06,40.05480194091797,42.070688425966615,39.79186080695126,41.98304249580369,772798
2006-12-07,42.42127990722656,42.8595162560885,39.485094363764794,40.317744095298075,2473130
2006-12-08,43.69215393066406,44.17421649305737,41.85156296990223,42.0706811006347,4502229
2006-12-11,38.69626998901367,42.99098409601753,37.68832507406042,42.99098409601753,2993792
2006-12-12,34.40155029296875,39.178326734828104,33.30595951930732,38.9153856178449,2467231
2006-12-13,35.935367584228516,36.285957873660486,32.91153720417734,34.708304914693414,1334158
2006-12-14,37.95126724243164,38.564798801145464,36.110675909768176,37.074794542405606,1252834
2006-12-15,38.12656021118164,42.07068712957974,37.90744204904841,42.07068712957974,875681
2006-12-18,37.863609313964844,39.528904910332656,36.54890068044854,39.26596385232478,876282
2006-12-19,36.855674743652344,38.21420670014439,36.6803795426745,38.21420670014439,642232
2006-12-20,36.680381774902344,37.86362194590188,36.373617662131025,37.07479516523552,680254
2006-12-21,36.41743469238281,36.811848018418516,35.84772952675571,36.37361173248496,704027
2006-12-22,36.855674743652344,37.25008810998303,36.02302504661598,36.37361544857167,773520
2006-12-26,37.60067367553711,38.082732908612726,36.461256687478006,36.461256687478006,722612
2006-12-27,41.54480743408203,42.68422127858681,37.60068027300379,37.60068027300379,4311918
2006-12-28,41.9830436706543,42.859516370722424,41.106570970586176,41.632453253235845,2999060
2006-12-29,41.500972747802734,42.64038970581063,40.79979539605143,41.720090879192355,1273697
2007-01-02,42.6403923034668,43.166274513447725,40.49303381633582,40.49303381633582,1529711
2007-01-03,48.819522857666016,49.520700245544596,41.72009302876692,41.72009302876692,10502077
2007-01-04,49.301578521728516,51.27364166259766,48.20598788791233,49.08246039496528,6204795
2007-01-05,46.97893524169922,50.09041599214899,45.269816156607995,49.03864808660808,3270586
2007-01-08,47.11040496826172,48.07452354650013,45.79569599240325,46.453050480332486,2106702
2007-01-09,45.75186538696289,48.55657806903872,45.05068805231325,46.49686567812615,1643668
2007-01-10,45.050697326660156,46.19011114796553,44.70010691542252,45.313638463349406,728351
2007-01-11,47.285701751708984,47.68011512637966,44.83157891655958,45.57657935712135,1639165
2007-01-12,49.12628936767578,50.57247051880481,47.76775748407202,48.11834786721775,2831216
2007-01-15,48.775699615478516,50.30952660535549,48.03069592859463,49.12628663564961,1273898
2007-01-16,49.47687530517578,50.74776115053904,47.6801072758237,48.42510759372076,1596436
2007-01-17,50.879234313964844,52.3254154570646,49.25776132374313,50.13423393326355,2468529
2007-01-18,50.879234313964844,52.89512064716628,49.95893874266394,50.83541135218436,2189032
2007-01-19,50.00276565551758,51.53659284337688,49.56452931612921,51.49276987813363,766377
2007-01-22,48.994815826416016,50.48481645452039,48.07451699396907,49.958934273245596,760074
2007-01-23,47.241878509521484,49.52070612663011,47.06658330586438,49.43306019654052,532474
2007-01-24,48.118350982666016,48.86335141573903,47.32952424125396,47.76776057682112,473375
2007-01-25,48.64423370361328,49.78364751806539,47.94305622883336,48.556587773070014,1813245
2007-01-29,46.71599197387695,48.86335065334743,46.10246044495998,48.38129136044047,876819
2007-01-31,46.67216873168945,48.11834994527378,46.19010944165396,46.45305056862988,949133
2007-02-01,47.417171478271484,47.855407825920864,46.05863946925401,46.89128919848343,612564
2007-02-02,47.285701751708984,48.819528941612106,47.066583581722824,47.4609969563935,889810
2007-02-05,46.97893524169922,48.11835242306404,46.540698893013676,48.11835242306404,872506
2007-02-06,47.46099853515625,48.42511717777503,46.97893587036881,46.97893587036881,728380
2007-02-07,54.12217712402344,54.69188558903564,47.32951521776948,47.32951521776948,7578442
2007-02-08,52.982765197753906,55.83130092512264,52.32541079913035,54.34129695288045,3803263
2007-02-09,49.34541320800781,53.46483563905699,48.819530916162414,53.11424521550802,1947375
2007-02-12,45.620391845703125,49.433049133972595,45.13833265113402,48.42510444611951,1582344
2007-02-13,42.94715881347656,47.241876032215316,41.281859481277195,45.664222625509495,1918566
2007-02-14,43.69215393066406,44.08656723467798,39.528909446747086,42.947153623564596,2331901
2007-02-15,46.759803771972656,51.711874441470385,44.70009485618627,44.70009485618627,1407858
2007-02-19,45.88333511352539,47.6801064554396,45.6642169833873,47.11039797968963,692641
2007-02-20,44.700103759765625,46.453049005246626,44.349513373278334,46.453049005246626,492410
2007-02-21,43.95510482788086,45.3574597334565,42.77186474179095,44.700105244565826,898551
2007-02-22,45.00687026977539,47.32952418280416,44.086574634916445,46.45305151275223,2654191
2007-02-23,42.4650993347168,45.576576483655415,42.158331909990174,45.576576483655415,1110122
2007-02-26,41.895389556884766,44.700102541937135,38.74008953837437,42.596566967278456,1337694
2007-02-27,40.887447357177734,43.38539288273188,40.62450290734882,42.947156590987106,791439
2007-02-28,38.65243911743164,40.755974629234764,37.688320624883765,40.317738342898906,916943
2007-03-01,39.5289192199707,39.8795096532144,37.600681867564845,38.564800543767774,738100
2007-03-02,37.469200134277344,41.19420833476106,36.37360948707625,39.66038142867953,912653
2007-03-05,34.182430267333984,36.81184798020583,33.481252879263664,35.93537540924855,1519360
2007-03-06,34.270084381103516,35.93538400149075,33.17449340544831,34.795970055505,1037524
2007-03-07,32.99918746948242,35.497132492688245,32.64859716920092,34.66448303712734,854079
2007-03-08,35.80390930175781,36.15449972741489,32.25419545176179,33.30596338525493,1532995
2007-03-09,35.102725982666016,36.50508410965587,34.620666734801006,36.37361188593017,842107
2007-03-12,34.883609771728516,36.505086132457976,34.576845690673665,35.760082395859776,877113
2007-03-13,35.40949630737305,35.584788162145166,34.70831551437333,35.40949630737305,408067
2007-03-14,34.22625732421875,35.05890703499547,33.3059616832457,33.744198021183145,1488601
2007-03-15,35.27802658081055,37.206267211687106,35.05890840328998,35.23420361400204,1572542
2007-03-16,35.01508331298828,36.54891046261312,34.18243362021066,34.18243362021066,847850
2007-03-19,35.365665435791016,35.760078745079596,34.88360621042825,35.058901386053996,373593
2007-03-20,35.80390930175781,36.54891312040958,35.45332221957882,35.45332221957882,670095
2007-03-21,36.76802444458008,37.162437764029995,35.54096152706422,36.11067002665604,728715
2007-03-22,37.60067367553711,37.77596551049011,36.811847044338876,36.811847044338876,985541
2007-03-23,37.25008773803711,38.08273742675939,36.94332364699735,37.86361926359446,685399
2007-03-26,36.50508499145508,37.64449869851666,36.461258686836175,36.63655387487894,379671
2007-03-28,35.935367584228516,36.724194063712055,35.584777294796545,36.023013484848114,551011
2007-03-29,34.53302001953125,36.19831586867489,34.270075578134,35.891551811681374,4674969
2007-03-30,36.811851501464844,38.12656048366002,34.79596506412781,35.234201391526206,2528432
2007-04-02,33.568904876708984,35.49714555062367,33.3059637265111,35.058909185801156,1455423
2007-04-03,34.00713348388672,34.401546790949766,33.305956128817606,33.305956128817606,664366
2007-04-04,34.270084381103516,34.88361599616609,34.00714321564193,34.752147085174464,363581
2007-04-05,34.70831298828125,35.234198544756765,33.744194483292496,34.53302114626698,734400
2007-04-09,35.32184600830078,35.847731587742196,34.79596377233708,35.05890489031893,717791
2007-04-10,35.365665435791016,35.935373920705345,34.83978325239116,35.935373920705345,535103
2007-04-11,35.19038009643555,35.93538055095438,35.058907854589634,35.497144202772006,342288
2007-04-12,34.83978271484375,35.58478302041174,34.620664584561716,35.058900845125784,612939
2007-04-13,35.453311920166016,35.76007594589049,34.83978052523995,34.83978052523995,429765
2007-04-16,35.67243576049805,36.373613177145074,35.497140570466875,36.373613177145074,357468
2007-04-17,36.32978439331055,37.33772572337162,35.321839719772356,35.89154816020301,1350372
2007-04-18,36.76802444458008,37.86361514112014,36.54890630527206,36.59272926443818,1149079
2007-04-19,36.41743469238281,37.425379487421,33.52507587391686,37.250084304352065,492990
2007-04-20,36.680381774902344,37.907444912943774,36.461263596214806,36.98714923115174,473416
2007-04-23,36.28596878051758,37.68832367281251,36.19831951007552,37.16244142407135,389568
2007-04-24,37.11861801147461,37.68832661159931,35.49714483185517,35.58479076565371,1102573
2007-04-25,37.25008773803711,37.60067813649212,36.81185141170726,37.38155997332719,784892
2007-04-26,39.22214126586914,39.66037748113025,37.425373451994,37.688314512455264,3085961
2007-04-27,38.389503479003906,40.054802941523626,38.12656233846869,39.6165665928056,977999
2007-04-30,37.688323974609375,38.564796625181685,37.33773357698932,37.688323974609375,1144078
2007-05-03,39.8356819152832,40.09862303699417,38.08273664590641,38.345677767617374,1851814
2007-05-04,41.895389556884766,42.947157344214105,39.66038509848344,39.879503248198816,3915203
2007-05-07,41.106571197509766,43.16628071664901,40.7121578116062,42.333630978292156,1710482
2007-05-08,39.8356819152832,41.544804221621135,39.48509152401674,41.281859756432404,616036
2007-05-09,40.23009490966797,40.49303602902652,38.47714965597399,40.18626860354343,1034266
2007-05-10,39.74803924560547,41.632457060470735,39.441275109919644,41.018925445620766,1017354
2007-05-11,40.27391815185547,41.19421374773702,37.95126433719834,39.00303216541058,1063631
2007-05-14,41.939205169677734,42.07067737386187,40.75596870592869,41.28185083571115,881315
2007-05-15,41.7200927734375,42.2898012783083,41.238033531188556,42.07068313696992,793766
2007-05-16,42.8156852722168,43.560688990036574,41.41333044634536,42.114507859281076,1505033
2007-05-17,42.68422317504883,44.30569640925414,42.42128202132339,43.16628251412515,1685496
2007-05-18,42.5089225769043,43.122454086915994,41.763922178411505,42.68421777169018,820748
2007-05-21,42.596561431884766,43.38538800574371,42.50891552077919,42.68421068646753,650910
2007-05-22,43.38539505004883,44.612458065623116,42.15833203447453,42.85951281107569,1485377
2007-05-23,42.6403923034668,44.524806342129764,42.24597897424232,43.38539265818604,1364348
2007-05-24,43.560691833496094,44.26186929220174,41.76392355072605,42.15833357260695,974176
2007-05-25,43.42921447753906,44.6124544341284,42.15832860274791,42.94715524047413,2117786
2007-05-28,41.939205169677734,44.70009470972824,41.63244115121748,44.26185848708384,1268360
2007-05-29,41.413333892822266,42.859515143931034,40.84362531669386,42.77186587034625,757500
2007-05-30,40.44921112060547,41.983038143804286,40.23009297443421,41.41332962636798,561963
2007-05-31,39.87949752807617,41.58861951940344,39.61655645482824,41.106560327869374,1428476
2007-06-01,40.23009490966797,41.10656753651496,40.09862267824983,40.58068195432013,510879
2007-06-04,40.27391815185547,41.36950894301869,39.528914407777826,40.4053870407084,548634
2007-06-05,41.500972747802734,41.80774013783461,40.31773617568974,40.84361835363388,658672
2007-06-06,40.7121467590332,42.42126873830255,40.493028642292956,42.07067841412731,892527
2007-06-07,39.96715545654297,41.06274637742933,39.309800904011155,40.7559822569724,659915
2007-06-08,39.5289192199707,40.31774602302995,39.09068285015516,39.967155589786245,420288
2007-06-11,39.26597595214844,40.755980197974274,39.04685777904105,40.14244864457799,246332
2007-06-12,38.258018493652344,39.7918450692184,37.33771987353144,39.7918450692184,414795
2007-06-13,38.170379638671875,40.317738097334086,37.42537929382953,40.317738097334086,689662
2007-06-14,39.13450622558594,39.39744735905068,38.652443580176346,38.915388057119,299237
2007-06-15,38.65243911743164,39.74802983327128,38.477147277679315,39.74802983327128,424765
2007-06-18,38.65243911743164,39.35361985035103,38.56479319755548,39.0906754037675,191042
2007-06-19,39.5289192199707,40.14245080640809,38.25803642228816,39.30980103506293,353088
2007-06-20,40.887447357177734,41.28185734496597,39.44126625702898,39.5289121779869,832866
2007-06-21,40.31773376464844,41.28185214771656,40.05479269140051,40.88744220958324,576290
2007-06-22,42.37744903564453,43.078629793124236,40.23009383216528,40.31773975511142,1894718
2007-06-25,42.77186965942383,43.1662830668009,42.07069212601915,42.8595189407733,773509
2007-06-26,42.68422317504883,43.73599113342873,42.42128202132339,42.947164328774264,702418
2007-06-27,45.357460021972656,46.01481451504472,42.771865013860285,42.771865013860285,4998235
2007-06-28,47.767757415771484,48.42511187562155,45.2698118057323,46.27775330474913,3891012
2007-06-29,47.767757415771484,48.86334818218826,46.89128480263806,48.20599372233819,1752223
2007-07-02,47.11040496826172,48.468936907953236,46.84746384178559,48.468936907953236,1250771
2007-07-03,47.285701751708984,48.11835146635198,46.45305203706599,47.32952471701063,1626402
2007-07-04,46.62834548950195,47.811582225571144,45.83951876980395,47.50481813650959,959735
2007-07-05,45.357460021972656,47.066582372655596,44.08657400000442,46.891287172474144,809330
2007-07-06,45.138336181640625,46.54069091979577,43.99892253895489,45.138336181640625,361029
2007-07-09,46.54069137573242,47.46099023410723,44.91921848488841,45.48892698355115,787725
2007-07-10,44.91922378540039,47.504818798816565,44.700105620593554,46.84746430439608,822194
2007-07-11,45.357460021972656,46.36540491540763,44.48098736454323,45.138341857615295,720852
2007-07-12,46.05863571166992,46.67216721702114,45.35745828133041,45.35745828133041,701260
2007-07-13,48.90717315673828,49.47688171611027,45.79569592076915,46.71599153373497,4167681
2007-07-16,49.17011260986328,50.134234497268615,48.64423037562597,48.64423037562597,2554005
2007-07-17,47.85540008544922,49.95893555131669,47.417163808683284,49.43305335658855,1105501
2007-07-18,47.11040496826172,48.20599578147711,46.27775528152246,47.855405383857054,758134
2007-07-19,47.81157684326172,48.118344241267245,46.62834024039344,46.62834024039344,827039
2007-07-20,48.64423370361328,49.95894272262986,44.04275213705527,44.04275213705527,1347894
2007-07-23,48.205989837646484,48.64422610889782,47.76775356639516,48.205989837646484,454046
2007-07-24,48.64423370361328,49.4330604524144,47.50481988916117,48.64423370361328,727742
2007-07-25,47.85540008544922,49.25775817718669,47.50481307012294,47.811577126468116,976430
2007-07-26,45.53276443481445,49.082478746923,44.831586835696974,48.20600591215652,2585260
2007-07-27,44.30569076538086,45.48893082163572,43.034804783541674,45.48893082163572,820697
2007-07-30,44.08656311035156,45.26980291170047,43.38538582629871,43.82362204676637,1037744
2007-07-31,44.831581115722656,45.40128637954617,43.42922275293335,44.437167721704476,697018
2007-08-01,41.9830436706543,44.34951728605582,41.72009918585145,43.82363500340615,656585
2007-08-02,41.8077507019043,42.94716460434432,41.63245548380317,42.771869386243196,412444
2007-08-03,42.15833282470703,42.90333657794097,41.89539170029179,42.72804138050488,225104
2007-08-06,41.413333892822266,41.67627502662079,40.88745162522521,41.194215724077175,340794
2007-08-07,42.5527458190918,43.38539549218278,41.676273182886085,41.676273182886085,644648
2007-08-08,44.65627670288086,45.13833593249356,43.03480049339416,43.166272712141904,882342
2007-08-09,43.03479766845703,45.75186437756022,42.68421068060568,45.57656921189595,569762
2007-08-10,42.33362579345703,43.12245246865216,40.53685763715436,41.63244838410448,726890
2007-08-13,42.94715881347656,43.38539512789979,42.20215841634817,43.38539512789979,365923
2007-08-14,44.480979919433594,45.57657055784329,42.94715302566002,43.29774336734204,1010426
2007-08-16,42.20216751098633,43.64834565415017,41.67628181426255,43.03481401304499,614678
2007-08-17,45.09451675415039,45.66422194836593,40.18626809930679,42.07068556077421,1726856
2007-08-20,46.54069137573242,48.11834465095925,46.01480917964179,46.62834063739917,2914483
2007-08-21,43.21009826660156,47.32952013196841,42.596566781380524,46.891283834450185,1200163
2007-08-22,43.25392150878906,45.13833893775635,41.63244853482382,44.17422041434096,770457
2007-08-23,41.939205169677734,44.43715364483701,41.45714599346431,43.779799310870416,489925
2007-08-24,43.42921447753906,43.91127371460399,41.85156454556408,42.903332281373224,436832
2007-08-27,44.91922378540039,45.13834195020722,43.82363296136623,44.61245969206197,371513
2007-08-28,45.225982666015625,45.92716338736204,44.39333641050232,45.92716338736204,409384
2007-08-29,44.91922378540039,45.225987878738806,43.86745592563203,45.225987878738806,234663
2007-08-30,45.75186538696289,46.891278973703216,45.182156921854094,45.48892430440394,605490
2007-08-31,47.30353546142578,48.67786772799013,46.283873623237966,46.54987221657585,513521
2007-09-03,50.27384948730469,51.42651201108213,47.214858010174545,48.500521486922544,1903115
2007-09-04,50.22952651977539,51.95851894319956,49.91919203125552,51.249188284569726,1696887
2007-09-05,49.03253173828125,51.16052726473899,48.58919961879886,50.717195145256596,672882
2007-09-06,49.919193267822266,50.80585745866229,47.52519927608311,48.323198400781315,675649
2007-09-07,48.98819351196289,50.805854314216255,48.6778624173179,49.653191613935235,521014
2007-09-10,49.520198822021484,49.65319981733166,47.87987125242696,47.87987125242696,582702
2007-09-11,50.584190368652344,51.86985409535005,49.65319366392484,50.007860685895025,1546815
2007-09-12,56.52482986450195,57.85482586131376,51.071844924631634,51.426511876723346,7734696
2007-09-13,57.41150665283203,59.051834061399326,55.061845182051925,55.061845182051925,4011817
2007-09-14,58.43116760253906,60.47049104559553,52.933849312297134,52.933849312297134,4451563
2007-09-17,57.367164611816406,59.22916463513284,56.835167504316104,59.14049281329092,990112
2007-09-18,64.68215942382812,65.83482574545829,55.63818606771054,57.411514707318844,6586936
2007-09-19,63.57381820678711,68.6278080285456,63.08615697269907,67.74114385961016,4249379
2007-09-20,69.11546325683594,71.64246133048673,63.92847967222939,64.28314666192689,7476080
2007-09-21,70.53413391113281,72.83945928520075,67.82980562164074,69.15980181030037,4700925
2007-09-24,68.27314758300781,71.73113952781672,66.32248892937787,70.53414413742055,2437943
2007-09-25,66.94315338134766,69.55881031089314,64.06149446095851,69.20415000938378,2422254
2007-09-26,67.43080139160156,72.1744525431776,66.05646945543681,66.94313347497288,3882320
2007-09-27,64.59349060058594,70.40114426454343,63.97282831858489,69.15981293582982,2498088
2007-09-28,66.27812957763672,66.94312753326518,63.83980374033236,65.61313162200825,1813309
2007-10-01,66.27812957763672,67.51946044775165,64.8151327223123,65.70179666315025,1114434
2007-10-03,63.79548263549805,67.82980720800201,61.623158182433194,66.49981098823726,1287207
2007-10-04,64.01715850830078,65.70182199845851,62.243829942810876,63.92849343296861,880989
2007-10-05,60.78082275390625,65.12547114571697,60.29315482517168,64.72647503290489,737467
2007-10-08,54.30817413330078,61.977819669966074,53.68750860959206,61.26848571009611,1548826
2007-10-09,62.90882110595703,63.751156139008344,51.42652263688231,53.421517049519984,4286574
2007-10-10,66.27812957763672,68.36178848566409,64.01713382261634,64.9924695693053,3172362
2007-10-11,68.98249053955078,71.64248364367671,64.90382903478786,67.8298241552113,2233607
2007-10-12,68.58348083496094,73.14980323855228,64.72649256259777,64.94815863301763,4852790
2007-10-15,68.09580993652344,71.46512967296303,67.74114292092172,68.27314006196896,1933039
2007-10-16,71.06613159179688,75.10044933692303,66.49980995526025,66.49980995526025,5050736
2007-10-17,66.72147369384766,69.95779901997966,58.874497741931876,69.95779901997966,3561877
2007-10-18,62.99749755859375,72.17447117715803,60.736501019149614,71.99713426864025,2952945
2007-10-19,59.67250061035156,66.41114686623486,58.51983449769452,64.72648361108635,2989570
2007-10-22,60.071495056152344,64.19448463066061,57.10117156129945,58.34250270137976,2706421
2007-10-23,66.67713928222656,67.9184704062239,61.17982443058032,61.17982443058032,4057560
2007-10-24,75.23345947265625,76.47479076261487,68.27314653589966,69.95780994622126,9878617
2007-10-25,73.72612762451172,77.67178050381662,72.88379259806057,75.80978708622006,4557620
2007-10-26,84.1444320678711,85.5630934034841,74.12512412406582,74.47979114914678,10376794
2007-10-29,85.8290786743164,90.43972880971202,84.76507780596467,85.60741267233182,9866527
2007-10-30,84.4104232788086,89.77474402258557,81.21843373316987,86.62708362504527,6839526
2007-10-31,86.27242279052734,88.22308117597115,82.54842937552941,84.67642464628388,3598552
2007-11-01,83.5680923461914,91.94706547767076,82.01643015408705,88.48908086132074,6042796
2007-11-02,86.93742370605469,87.69108689008495,80.02144054324711,80.68643866410511,3172490
2007-11-05,84.6764144897461,88.62206669987657,83.78975046367546,86.98173960458783,2514383
2007-11-06,81.4400863647461,87.07040136463294,80.06576123508599,85.11974328685952,1175137
2007-11-07,83.08041381835938,86.89307171158836,81.57308772924621,81.92775468101091,1488555
2007-11-08,82.37109375,85.29708113261952,80.33176367583576,82.45975880437453,1173925
2007-11-12,82.50411224365234,83.78977271702368,75.63246421659485,80.68644780157835,2037744
2007-11-13,85.43008422851562,89.5087377139203,81.57309676693414,82.50409677287563,4412855
2007-11-14,87.3807601928711,90.4397489971856,86.22809401937549,87.77975637962132,3719675
2007-11-15,97.40006256103516,99.1290618372697,86.76009199237127,87.77975719147712,6834023
2007-11-16,100.06005096435547,103.5623785203315,95.31639897305712,99.21772270257092,4576641
2007-11-19,99.79405975341797,104.62637700230081,97.84339442844673,104.62637700230081,1833322
2007-11-20,93.3657455444336,101.70038384284851,91.28207920511868,99.30639314261634,1720507
2007-11-21,86.71574401855469,94.74004935522656,85.38574798615176,93.09972226820489,2278237
2007-11-22,84.49909210205078,88.57774564126368,77.58310936164305,86.4054145203115,2867310
2007-11-23,91.104736328125,93.32139657941758,85.56308569989355,86.44974980041059,2713530
2007-11-26,97.3114013671875,98.86306380356635,91.63674881834545,93.09974618273064,3058094
2007-11-27,95.93707275390625,98.41973545320509,94.34108110268126,95.75974260311847,1671225
2007-11-28,99.70539093017578,103.03038182510888,96.33607088213702,99.30639472866832,5193714
2007-11-29,105.51304626464844,109.45869949050913,100.28172581118997,101.96638924734933,9509632
2007-11-30,105.8233642578125,109.76902375834692,103.73970487187508,108.7050227264757,2823202
2007-12-03,106.08936309814453,109.90201474767075,105.64603103903377,107.28635830480148,1966541
2007-12-04,104.1386947631836,108.17301908238616,103.29636658277039,107.72968703696654,1120825
2007-12-05,112.91668701171875,114.5570144650162,104.80370804953704,104.80370804953704,3952138
2007-12-06,113.67034912109375,119.25633635513702,110.83302635235782,119.25633635513702,3077289
2007-12-07,113.44867706298828,117.03966963260008,107.55236578493269,115.88700351366745,2888207
2007-12-10,115.84266662597656,121.29565930568167,113.49301202320224,113.49301202320224,4686683
2007-12-11,116.2416763305664,118.50265910613639,114.37967619012147,117.92633281617175,1636745
2007-12-12,114.60134887695312,116.55200742854876,111.0990279614529,114.29101099240336,1729454
2007-12-13,112.96100616455078,116.72932177385427,111.80834014426254,114.60133337441468,1845965
2007-12-14,113.0053482055664,114.29100857399827,111.18769067656656,112.60635202631815,1109150
2007-12-17,107.64102172851562,113.22700142888323,106.39969065130833,112.1186713179321,1233842
2007-12-18,109.94635009765625,111.27634626819241,102.94170224655706,109.90201418608758,980691
2007-12-19,111.0103530883789,115.26634387583246,108.17303040655047,112.60635132485172,1444686
2007-12-20,109.81336212158203,113.31568984390788,108.48336579367096,112.60635576313751,621539
2007-12-24,111.45366668701172,112.78366274181954,109.05967649424154,109.05967649424154,393835
2007-12-26,115.93134307861328,116.77367135494444,110.25669089811373,112.60635235934139,2398268
2007-12-27,116.773681640625,118.63568201919507,114.24669658904914,117.30568561433732,2970732
2007-12-28,115.08901977539062,117.83767077110748,113.62601567804003,116.46335203796028,984722
2007-12-31,113.0496597290039,116.72930990841569,111.32066763903234,115.5323216289364,2029166
2008-01-01,114.42398834228516,116.15298038255398,112.20732841132039,114.95597860806559,922658
2008-01-02,115.35502624511719,117.21701308326686,113.49302587754453,114.37969014221284,3032418
2008-01-03,113.58168029785156,116.50766109901488,110.47834908270168,115.26633673060746,1963092
2008-01-04,116.59635925292969,119.69968440414836,113.18270293953157,113.71470018394093,3287251
2008-01-07,115.93134307861328,119.25633379788516,111.76402408301021,113.93634864705014,1504231
2008-01-08,112.11868286132812,118.8130001265834,109.41436117100478,117.03967176648514,1108225
2008-01-09,109.94635009765625,113.31567643556534,107.50802378500661,111.6310132666108,822103
2008-01-10,103.47368621826172,112.47332718200119,97.53304011701805,109.94633613191125,1285735
2008-01-11,110.38968658447266,111.6310177463968,101.0797130171075,103.7397054649261,2298317
2008-01-14,109.50302124023438,112.11867774616142,106.93169388246085,107.86269393492196,633338
2008-01-15,106.97604370117188,111.63103103915948,106.39971058257399,111.63103103915948,453009
2008-01-16,108.8380355834961,109.769035742437,103.82838126886948,105.77904665790965,664804
2008-01-17,108.57202911376953,111.23202172674596,107.153367739791,109.68035936917637,433772
2008-01-18,103.29638671875,108.1287042499228,99.74972966402898,108.1287042499228,453000
2008-01-21,86.8487548828125,102.85304625103458,79.79977726373373,102.85304625103458,917460
2008-01-22,71.6424789428711,82.4597808173234,66.49982323977694,78.91312357786865,938666
2008-01-23,81.39575958251953,88.40039991503748,71.81978547938444,78.02643360723246,1815569
2008-01-24,76.5634536743164,88.6664215718108,75.36645833603919,82.45977206178405,815161
2008-01-25,87.24774932861328,88.48908042917667,76.9181111472508,78.02644127905556,758876
2008-01-28,88.62208557128906,89.81908767314484,79.79977933912572,79.79977933912572,680786
2008-01-29,89.77474212646484,93.67606560638416,85.65175261660364,91.41506939509274,921921
2008-01-30,83.83409118652344,89.77473779655992,82.54842421604296,89.77473779655992,703392
2008-01-31,83.96710205078125,92.6564144358139,78.91311851471232,81.12977914714806,4522953
2008-02-01,82.77010345458984,88.0900887662684,80.37611277021895,85.11976498685677,1684758
2008-02-04,90.52840423583984,93.98639561616928,81.79476410935486,84.676422465511,2567166
2008-02-05,97.84339141845703,100.01572272957108,84.23309753767943,84.23309753767943,3198870
2008-02-06,95.75972747802734,98.020723749365,85.29708788102532,97.35572564187869,1327716
2008-02-07,90.97173309326172,101.30137095983213,89.55307192072686,95.75972046968813,1990897
2008-02-08,88.35608673095703,93.80907278108727,85.1197611268382,91.32641037567015,2151632
2008-02-11,82.72576141357422,89.10974008706178,80.68643132261315,84.54341871970814,1031150
2008-02-12,79.44510650634766,86.00642257088292,78.11511028102473,83.52376024439586,783378
2008-02-13,79.13480377197266,83.78979222914752,75.94281303999536,80.95246863732616,838360
2008-02-14,92.47905731201172,93.09971940214223,82.68141746904536,82.68141746904536,2337447
2008-02-15,92.92241668701172,95.09474140721267,86.36109984303565,92.21308257669106,1672965
2008-02-18,88.62208557128906,94.5184039531778,87.7797572730383,88.88808754163726,1585167
2008-02-19,88.71075439453125,93.8977385226344,84.23309755543683,84.23309755543683,2300742
2008-02-20,83.52375030517578,90.43973255974618,82.06076004318302,87.77974042563599,2126770
2008-02-21,83.25776672363281,88.40041483892783,82.06077144983979,85.11976012338981,1413735
2008-02-22,83.70109558105469,86.5384181032421,80.6864361732865,80.81943714629445,1429653
2008-02-25,83.39079284667969,85.74044818847783,81.39579786723485,85.20845088023509,502421
2008-02-26,85.38577270507812,88.1344306148305,83.87843937316053,84.89810464613475,1561510
2008-02-27,88.62208557128906,90.7944169565697,86.05076475990835,86.89309305815912,2562607
2008-02-28,87.64676666259766,89.99642846309878,86.05077494572453,88.66643198334855,1292464
2008-02-29,88.71075439453125,89.90774969106107,84.67642964783387,87.64675331395183,1072738
2008-03-03,82.4154281616211,88.66641298279212,81.97209609670713,88.40041103795956,647736
2008-03-04,77.36146545410156,83.96711223398236,75.89846790632511,83.96711223398236,929030
2008-03-05,78.73577117919922,82.68142353757484,66.58846950680999,82.68142353757484,1215155
2008-03-07,75.45512390136719,76.69645516448608,72.26313405671232,76.69645516448608,1073241
2008-03-10,77.45011901855469,78.64711437427324,70.22380420221576,71.28780533540764,786706
2008-03-11,79.75543975830078,82.01643610825039,75.45511986664819,75.49945578123967,621470
2008-03-12,77.00676727294922,84.23308024708874,76.25310422368032,83.78974824578826,730766
2008-03-13,74.0807876586914,75.80977993375257,71.95279248304755,74.65711390723834,566779
2008-03-14,73.41578674316406,84.23308555001942,71.50945766461638,79.53376333450281,640561
2008-03-17,66.98749542236328,71.81981350145267,65.61316295194442,67.6081577714292,1108500
2008-03-18,63.44081497192383,68.36179635092495,62.15514805096297,65.6131391710266,1842839
2008-03-19,61.667503356933594,68.18448445956582,61.17983529723045,66.49982097525049,1824039
2008-03-24,65.12545776367188,68.27311717026213,61.62313822510672,62.50980208446077,1416505
2008-03-25,70.9331283569336,71.81979246139527,66.49980783462524,66.94313988685607,1240088
2008-03-26,76.16444396972656,77.8934361777277,72.30745666861718,73.50445179451872,1915340
2008-03-27,72.17446899414062,77.13978728236191,70.13513857849256,76.20878714375928,1986783
2008-03-28,72.75078582763672,74.30244786862474,68.45045990227361,73.14978193229264,1626543
2008-03-31,69.73612213134766,72.70644505822348,69.33711928866603,72.26311307616115,435909
2008-04-01,69.11546325683594,71.1991292845424,67.65247291698782,70.93312735109174,306351
2008-04-02,68.4061508178711,76.8737906655907,66.49982125560152,72.17447402235518,385321
2008-04-03,67.91845703125,70.93311580594445,67.47512505746285,68.27312396322154,294167
2008-04-04,66.23381042480469,68.71647279288348,65.25848119617042,68.62780772931868,370179
2008-04-07,68.6278076171875,69.38147080332298,65.61314810793483,65.61314810793483,394285
2008-04-08,70.04646301269531,72.17445817868125,67.82980279077456,68.71646687954286,684893
2008-04-09,71.73113250732422,72.17446459109667,69.24847013231421,70.04646923604676,513613
2008-04-10,71.50946807861328,73.59312756640671,71.02180006957803,71.81979919131257,575149
2008-04-11,72.8394775390625,75.543799741558,70.48981566398717,71.2878149301068,961395
2008-04-15,73.77044677734375,75.27777973186065,70.93312450310357,72.48478660160896,763933
2008-04-16,73.37146759033203,75.80979430783552,72.97247137880696,75.0117951200739,306393
2008-04-17,79.31210327148438,81.48443443645432,73.37145634015927,73.37145634015927,1648981
2008-04-21,83.47943115234375,84.49909627872519,77.31711124534061,78.46977734728671,1179031
2008-04-22,81.83909606933594,85.07541450130142,81.57309414341906,83.34642227697164,665645
2008-04-23,81.39575958251953,84.2330817350805,79.88842669264496,82.45975369855249,664930
2008-04-24,78.82443237304688,83.3464175015733,76.12010441844177,81.39575937231393,1902886
2008-04-25,81.88343811035156,82.72577316528138,78.29245213315936,79.09044450717248,1103867
2008-04-28,78.9131088256836,83.56809558225481,77.76044273245792,83.34642954622763,737407
2008-04-29,81.75043487548828,84.23309729100217,78.24811406243096,79.40078020492902,1474952
2008-04-30,80.1544418334961,83.25776640962374,79.79977481471079,82.19376535326782,493418
2008-05-02,90.75007629394531,91.76974144067272,80.68643933431127,80.68643933431127,5501823
2008-05-05,88.66641998291016,93.72040321605164,87.77975578308106,92.21307678222657,3283097
2008-05-06,88.8880844116211,91.99140905442083,87.33642209022122,89.02108539211183,2604068
2008-05-07,85.51875305175781,89.77474360250133,84.23309276284076,89.5530775689149,1556237
2008-05-08,85.56309509277344,87.77975558740486,83.39077051391902,83.39077051391902,929427
2008-05-09,80.77511596679688,86.44976881091738,79.8441225153525,81.57311518568615,914844
2008-05-12,78.15946197509766,80.81945496280572,76.65212855656924,79.7111245512607,1401086
2008-05-13,75.72111511230469,81.12976474217427,75.0117811299863,81.12976474217427,1518802
2008-05-14,75.98712158203125,76.5634546827815,72.26313453284868,74.39113003154353,1193172
2008-05-15,76.74077606201172,77.98210031747179,75.36644408169684,76.69644015372678,929156
2008-05-16,77.76045227050781,79.26778555920771,76.6077928006082,76.6077928006082,1164718
2008-05-20,79.22344207763672,81.92777049659618,76.56344957297263,78.02644680348003,2082807
2008-05-21,78.02643585205078,78.86876398775149,77.13977180827747,77.58310383016413,544046
2008-05-22,76.25312042236328,77.6274526242321,75.80978832688442,76.69645251784213,556603
2008-05-23,74.3468017578125,77.84912987492804,74.03647059926097,77.13979571420005,432078
2008-05-26,71.50946807861328,76.78511728863397,71.02180006957803,76.78511728863397,443659
2008-05-27,69.33712768554688,72.70645386313724,68.80513059558787,72.70645386313724,508894
2008-05-28,69.69180297851562,70.80013320007188,66.98748129674483,70.80013320007188,640229
2008-05-29,68.76080322265625,71.77545573167501,68.3174711754817,70.04646345357835,714118
2008-05-30,68.49481964111328,70.84448147365374,68.27315355813234,69.24848297030611,518431
2008-06-02,63.70682144165039,71.15480207746772,62.06649402395938,71.15480207746772,1396527
2008-06-03,64.59349060058594,65.12548780868848,60.293170251749075,63.83982732538138,663444
2008-06-04,62.243804931640625,66.01212661909757,61.84480887061699,64.59346568970263,727069
2008-06-05,63.21915817260742,63.839820387153765,60.29316369897856,60.29316369897856,397830
2008-06-06,62.11083221435547,64.37182194919896,62.06649629683037,64.1944918085211,626862
2008-06-09,59.007503509521484,60.64783087914475,57.54450626888584,60.29316385645871,471085
2008-06-10,60.95816421508789,61.97782940580975,57.766174423676404,57.766174423676404,592977
2008-06-11,61.26849365234375,62.86449188658576,60.3375003196283,61.17982858704383,408879
2008-06-12,63.08615493774414,63.83981810408638,58.60849832317053,61.17982568308278,522709
2008-06-13,66.54414367675781,67.3864718692392,63.3964834032974,63.83981545506872,822487
2008-06-16,64.37181854248047,73.32712546700067,63.662491252597114,73.32712546700067,490244
2008-06-17,66.54414367675781,67.20914175441477,63.928480512480924,64.99248149555822,505983
2008-06-18,64.72648620605469,69.381473227723,64.06148806010208,66.94314669256342,725388
2008-06-19,63.04182434082031,65.03681882480014,61.97782998858218,63.839823487354465,387312
2008-06-20,60.603485107421875,64.72647420053487,60.2931540498133,64.72647420053487,443216
2008-06-23,57.677513122558594,60.02716801216044,57.54451212991604,57.72184227696511,381074
2008-06-24,56.08151626586914,59.14050535630461,54.973185904883586,58.51984306003737,562376
2008-06-25,54.21951675415039,55.81551162505746,53.199851579272156,54.08651577226002,679444
2008-06-26,52.75652313232422,56.56917874944962,50.80586109633857,54.97318376813616,1648896
2008-06-27,48.76652526855469,51.426517555930396,48.32319322065874,50.76151948408647,1290516
2008-06-30,47.924198150634766,50.2738595755812,46.72720286312193,49.65319397442974,540680
2008-07-01,46.94886016845703,50.007851690014895,46.106528679570836,46.993192692639504,1016063
2008-07-02,49.298526763916016,49.65319378676363,44.55487478187272,47.70253192581255,457698
2008-07-03,47.03752517700195,48.81085320163807,45.66319663437992,48.32318867133409,349381
2008-07-04,47.480873107910156,48.23453980056785,46.372542720786406,47.87987272374588,460925
2008-07-07,45.84054183959961,49.16553273634491,45.2642087312215,48.367533568183774,1765438
2008-07-08,46.017879486083984,46.99320888355501,43.00321945004562,43.00321945004562,1594543
2008-07-09,47.87986373901367,49.65319202564381,47.214865631527374,48.54486184649998,1273500
2008-07-10,52.44619369506836,53.510188128837996,47.43653914292042,47.43653914292042,2049983
2008-07-11,49.03253173828125,53.64318645736924,48.41186609453477,53.199854337886855,1476851
2008-07-14,48.81087112426758,50.89453434771818,46.99320990806822,48.63353758021876,897795
2008-07-15,44.599205017089844,48.2345299757992,44.333206454831895,47.87986297121845,764082
2008-07-16,44.111541748046875,46.017871035829224,43.57954460754522,44.33320778698178,742277
2008-07-17,44.865203857421875,46.815865629995706,44.33320672960867,44.55487276325671,791877
2008-07-18,46.77153396606445,47.56953305492047,44.776539626279714,45.57453871513573,894221
2008-07-21,46.37253189086914,47.436529490491374,45.441535259582864,46.86019647084242,419291
2008-07-22,46.77153396606445,48.10153019258761,46.10653585280287,47.25919857265188,789518
2008-07-23,52.091514587402344,53.465843231960676,48.76652429458943,48.76652429458943,2000951
2008-07-24,51.24919509887695,55.85985006655591,50.62852942166628,54.08652149301445,1590517
2008-07-25,52.35752487182617,53.465855217895125,48.10153701939255,50.45119870600105,1024134
2008-07-28,52.84518814086914,53.997854375981134,50.80586103486098,51.42652668860843,1245912
2008-07-29,48.98819351196289,52.22451896117041,48.766527477972105,51.86985195384306,804200
2008-07-30,50.362525939941406,51.82552322452235,49.919193839444816,49.919193839444816,572376
2008-07-31,50.14086151123047,51.42652532071958,49.65319686138442,50.98319320588579,863688
2008-08-01,51.825523376464844,52.18018702848862,49.29852836681232,49.65319540119161,557379
2008-08-04,53.73183822631836,54.44117214777,51.47084565316698,52.313177148124694,1300470
2008-08-05,57.367164611816406,58.076498598290314,53.7318431517357,53.7318431517357,2898555
2008-08-06,57.98784255981445,60.559170204804566,56.524845213120834,58.51983975005451,3259636
2008-08-07,56.56916809082031,59.00749771314483,56.03717099140537,57.23416953862159,1106848
2008-08-08,57.899169921875,58.6971622205874,55.106176582250356,56.08150576434028,866317
2008-08-11,58.56416320800781,59.53949231005958,58.076495274627,58.475491391240496,585093
2008-08-12,56.56916809082031,58.91882589265056,55.90417002537409,58.91882589265056,440249
2008-08-13,55.4165153503418,57.54451089273719,54.52985110473633,55.859847473144534,442014
2008-08-14,53.332855224609375,55.77118187709623,52.80085465283522,54.973182710612825,433260
2008-08-18,52.62351989746094,54.52984931591903,51.95852173507168,52.31318877462151,268109
2008-08-19,52.62351989746094,53.06685200572044,51.559525543522575,51.559525543522575,135858
2008-08-20,53.776180267333984,54.352509916310886,53.19984723600189,53.19984723600189,258619
2008-08-21,51.825523376464844,53.82051783454843,51.603857325566665,53.19985221556244,121915
2008-08-22,52.57917785644531,52.97817735820824,51.47084778618991,51.51518031252913,257623
2008-08-25,52.18017578125,54.08650476101456,51.426512723587614,54.08650476101456,188587
2008-08-26,54.75151062011719,55.23917522042451,51.603853601018756,51.603853601018756,457739
2008-08-27,52.97817611694336,56.08150024094841,52.4018431409719,55.593835697932874,692708
2008-08-28,50.00786209106445,53.82051746377643,49.20986296038626,53.19985184906623,863880
2008-08-29,53.3771858215332,54.35251509416522,51.249190376429056,51.249190376429056,844905
2008-09-01,53.598846435546875,53.99784596382244,51.64818470580922,52.490516291645385,279941
2008-09-02,55.19484329223633,56.21450841684226,53.55451596902363,53.82051453733444,674979
2008-09-04,55.687255859375,56.31396198653623,54.34431562200393,54.34431562200393,506179
2008-09-05,54.25477981567383,55.642487347096534,53.94142848518871,54.612898549319695,385692
2008-09-08,55.46343231201172,56.76160855377488,55.06054955901299,55.955843047777435,294782
2008-09-09,54.523372650146484,55.50819408227093,54.16525390286115,55.50819408227093,196925
2008-09-10,53.180442810058594,55.19485347081423,52.464205176237265,54.165264433651686,278689
2008-09-11,52.68801498413086,54.07572248003464,52.150840312684615,53.18042908410873,221376
2008-09-12,51.300323486328125,53.85191233972892,51.0317360847265,53.71761693129105,401038
2008-09-15,48.569664001464844,50.091663372122966,47.49531130363128,50.091663372122966,249444
2008-09-16,48.345848083496094,49.15161358433047,45.79426302297657,46.55526111744068,418179
2008-09-17,48.25632095336914,51.38984819929509,47.67437881301628,49.599261201623115,1003051
2008-09-18,47.76390838623047,48.3906145393253,43.153148762957045,46.107616724376925,449305
2008-09-19,50.22595977783203,51.47937193897735,48.077257606934396,51.47937193897735,1221871
2008-09-22,48.52490997314453,51.389849950079125,48.077263208475806,51.166026567744765,274849
2008-09-23,47.898197174072266,48.48013925351144,47.31625509463309,47.763901797194514,214114
2008-09-24,49.9126091003418,50.360255818730515,47.58484753082985,47.58484753082985,663069
2008-09-25,50.091670989990234,51.07649245386523,48.883022740390636,49.867847619539226,1159619
2008-09-26,51.300323486328125,51.97179369796927,49.241148853683455,49.241148853683455,1171815
2008-09-29,47.629608154296875,51.121250261859366,46.913374138535836,50.181192902718436,303386
2008-09-30,49.644020080566406,51.03172417778484,44.898965708493705,45.659963738018014,338146
2008-10-01,51.74796676635742,53.538553875333626,48.61443932564907,50.13643905133362,510180
2008-10-03,49.688785552978516,52.2403704720221,49.46496219463177,51.479372419752515,293618
2008-10-06,47.137203216552734,49.912611646005956,46.241909734113165,49.912611646005956,475938
2008-10-07,44.943729400634766,50.13643044192203,44.317023337056085,48.793490340799124,292325
2008-10-08,43.24266815185547,44.764667530962825,36.84132274409164,43.91413816481991,448788
2008-10-10,38.49761962890625,42.07879354787427,36.70703266942224,40.28820658839026,611730
2008-10-13,41.22826385498047,42.302616708407434,40.109147010842705,40.288206388959466,355950
2008-10-14,42.615966796875,45.12279118573992,42.213087477132795,42.79502616969013,321745
2008-10-15,40.019622802734375,42.884562876907154,39.52721202794075,42.07879730704566,180518
2008-10-16,41.58638000488281,42.078790702388,34.0211499295903,35.811736767989785,704874
2008-10-17,39.034793853759766,44.093203316021956,37.60232567051619,42.97408648058993,374212
2008-10-20,38.18427658081055,40.55680276890168,37.781393744259425,39.12433425591362,526375
2008-10-21,38.676673889160156,39.21384853980236,37.42326181729748,38.58714250387103,639488
2008-10-22,39.169090270996094,40.691089890295245,37.82615003313337,38.049973406110496,346638
2008-10-23,38.005210876464844,38.721445014487315,37.199445336643464,38.49762163290068,268355
2008-10-24,35.185035705566406,38.49762251172291,34.46880155119377,37.60232896493866,358592
2008-10-27,29.992332458496094,34.9164467427268,26.90356917896937,34.9164467427268,838713
2008-10-29,34.468788146972656,35.946023290809066,32.49914242694829,33.125848349038655,781797
2008-10-31,36.348915100097656,36.70703386981509,34.02115334275545,34.02115334275545,203231
2008-11-03,38.005210876464844,39.39291515924721,37.154681343380894,37.602328106554154,260130
2008-11-04,39.303382873535156,40.10914490994477,36.975617910491685,38.04997070764456,392913
2008-11-05,39.21385955810547,41.40732959254939,38.542389348496556,41.18350618934642,328181
2008-11-06,39.974853515625,40.51202821423475,36.707031089140884,37.647088519344685,203653
2008-11-07,40.064388275146484,40.691094473119776,38.58715248101471,38.9452712842206,141414
2008-11-10,40.73585510253906,41.7206766070404,39.84056158380194,40.2882083431705,138420
2008-11-11,38.139503479003906,40.82538410189922,37.87091609976914,40.82538410189922,76719
2008-11-12,36.79656219482422,38.36332585009512,36.25938745055512,37.602327726501606,101806
2008-11-14,36.61750411987305,38.40809105159743,36.25938536741876,37.602325566212045,96980
2008-11-17,36.70703125,37.51279671671914,34.9164443597561,37.10991398335957,116930
2008-11-18,33.97639083862305,36.25938870357089,33.528744064504885,35.58791854239365,156277
2008-11-19,33.03633117675781,35.72221164916825,32.633448422841525,33.663033888101346,99761
2008-11-20,30.12662696838379,32.99156337219101,29.634212822160432,32.23056528029351,202627
2008-11-21,31.15621566772461,31.559098458763614,28.649394345544273,29.54468791884253,163941
2008-11-24,30.57427215576172,31.424798186359084,30.260917404507527,31.335270209014126,111982
2008-11-25,30.171390533447266,32.00674145850249,29.67897980944809,30.70856524776027,97246
2008-11-26,29.141799926757812,30.61903542516179,28.11221284274646,30.081857327890646,182262
2008-11-27,29.141799926757812,29.141799926757812,29.141799926757812,29.141799926757812,0
2008-11-28,28.55986213684082,30.84286157270313,28.246509072196563,28.649391827830154,403869
2008-12-01,27.30645179748535,29.544685551377594,26.99309873041307,29.455157567331373,214580
2008-12-02,26.366392135620117,26.76927315360701,25.15774566638604,26.187332766979257,199302
2008-12-03,26.634981155395508,27.30645126855674,26.053040732183135,26.814040535293223,171412
2008-12-04,28.604625701904297,29.052272415814308,26.76927315029124,26.85880283460058,289050
2008-12-05,29.5446834564209,30.6638002540126,28.20174329931086,29.007508759686257,216253
2008-12-08,28.828445434570312,31.335266034256215,28.649386088462826,31.335266034256215,270152
2008-12-10,28.29127311706543,30.260917665463893,27.351213978106337,30.260917665463893,611003
2008-12-11,29.49992561340332,30.350455239821763,28.38080858266172,28.649395986984878,566411
2008-12-12,30.439979553222656,30.79809832584065,27.88839269032221,28.64939252068015,307425
2008-12-15,35.14026641845703,35.81173647740844,30.663799358780974,30.887622711764777,902589
2008-12-16,34.8716926574707,37.1546910638833,34.379281772209104,35.40886754770614,509126
2008-12-17,32.14103317260742,36.483204627153206,31.424795748322087,35.81173460334057,380297
2008-12-18,34.289737701416016,34.737384416617985,31.424798041068744,31.872444756270713,325343
2008-12-19,34.334503173828125,35.14026866212643,33.48397711040314,34.91644529485174,293873
2008-12-22,34.8716926574707,36.796572193543234,34.06592690684289,34.06592690684289,484180
2008-12-23,33.70780944824219,34.82692658244313,33.3496905991881,34.73739516254238,153351
2008-12-24,32.76774215698242,34.20021386835838,32.4991547783725,33.57350770808601,309160
2008-12-26,32.275333404541016,34.110684590545056,31.603863208543878,33.34968640119124,125939
2008-12-29,32.588687896728516,32.902039285721024,30.66380532070599,32.49915648896352,140672
2008-12-30,33.170623779296875,33.75256592544761,32.722977025418984,33.12585978696383,153424
2008-12-31,33.61826705932617,35.54314926820831,33.215384339412076,34.11067775465524,580085
2009-01-02,37.06515121459961,39.75103163840325,34.78215012214766,35.45362022809857,1242496
2009-01-05,41.22826385498047,41.586382611213985,38.94526617599415,39.57197229176601,2557753
2009-01-06,39.034793853759766,41.98926503151916,38.049972404689,41.98926503151916,934935
2009-01-07,34.110679626464844,40.10914652081214,32.767739429906804,38.76620632425409,614052
2009-01-09,33.57350540161133,33.931624158671276,31.738154456044622,33.12585866292318,284476
2009-01-12,32.45439147949219,34.82692077444738,32.27533208482642,34.82692077444738,204373
2009-01-13,32.23056411743164,33.03632958647682,31.335270669725208,32.63344685195423,215246
2009-01-14,34.3792724609375,34.46880044663745,32.81250880427216,32.81250880427216,217367
2009-01-15,33.52873992919922,35.274562815991736,32.23056376131384,33.663031895707306,1238428
2009-01-16,34.065914154052734,34.916443591253326,33.70779883305006,34.02115016583657,449667
2009-01-19,33.61826705932617,34.64785585296515,33.34967971780789,34.37926851144687,121665
2009-01-20,33.34967803955078,33.97638408173791,32.36485669845184,32.81250338354648,148391
2009-01-21,32.14103317260742,33.3496778493609,31.782914460464752,32.45438448427739,115417
2009-01-22,31.15621566772461,32.946802814321124,30.932392274400044,32.67821542538643,325825
2009-01-23,29.41038703918457,31.469564606477068,29.231331090092446,30.52950379737688,228276
2009-01-27,29.41038703918457,30.439975822830817,29.141799700273076,30.439975822830817,336674
2009-01-28,29.49992561340332,29.768513017726473,28.783691396783528,29.768513017726473,232904
2009-01-29,29.276103973388672,30.350457070767717,29.097044554613106,29.992338233216586,350569
2009-01-30,29.8580379486084,30.439980110956796,28.828452435196194,28.828452435196194,406233
2009-02-02,29.276103973388672,30.39522107164302,28.69416171618667,29.320867974263976,206802
2009-02-03,28.425567626953125,29.81327182017487,28.246508250185325,29.54468446265994,277428
2009-02-04,28.783687591552734,29.186566937139364,28.55986250735723,28.73892018402205,176083
2009-02-05,28.828445434570312,29.45515143831003,28.515092432700452,28.828445434570312,173771
2009-02-06,29.589447021484375,30.216153102214612,28.873212964338407,29.186564297066838,252496
2009-02-09,30.753328323364258,31.11144706577027,29.544683544472488,29.544683544472488,1349743
2009-02-10,30.753328323364258,32.05150449549426,30.43997698521408,31.33527042595567,285788
2009-02-11,31.380041122436523,31.693395942839885,29.768513267691517,30.39521949322407,211307
2009-02-12,31.200971603393555,32.94679430339309,30.9771482678878,31.693385673724677,248230
2009-02-13,30.842863082885742,32.141039396702624,30.529508295261632,31.290509852114056,175355
2009-02-16,29.813274383544922,31.3352740940237,29.634214991381448,30.842863327029523,107605
2009-02-17,28.783687591552734,29.902804474346016,28.42556882294941,29.589449697999683,206694
2009-02-18,28.470335006713867,29.365628581863824,28.20174761722367,28.51510071005355,133822
2009-02-19,28.156980514526367,29.276097359974365,27.84362745627357,28.64939124346877,235222
2009-02-20,28.022686004638672,28.380804772507805,27.440745568306593,27.843628328340948,186551
2009-02-24,27.440744400024414,28.02268481158054,26.85880398846829,28.02268481158054,184933
2009-02-25,27.57503890991211,28.380804419971895,27.395981235838573,27.977921664942002,219645
2009-02-26,26.903573989868164,28.022691072768456,26.50069286460635,28.022691072768456,418478
2009-02-27,27.037864685058594,27.530275432503924,26.500688237531147,26.858805300003826,148530
2009-03-02,25.605392456054688,26.948332601921507,25.336803402299303,26.858802917336376,113862
2009-03-03,25.56062889099121,26.232099019906602,25.068218146174658,25.51586489878492,123072
2009-03-04,25.15774917602539,26.232100414838165,25.068219479215095,25.42633655881935,77827
2009-03-05,24.531042098999023,26.36639483902199,24.1729250326355,25.515865312226364,118511
2009-03-06,25.471101760864258,26.14257191230036,23.411925605211405,23.411925605211405,339419
2009-03-09,25.112979888916016,25.60539229726216,24.71009887223647,24.93392222849289,134981
2009-03-12,25.87398338317871,26.85880663464301,25.560630297580488,25.96351308015491,161158
2009-03-13,26.634981155395508,26.90356851760528,26.18733441328802,26.18733441328802,138568
2009-03-16,26.94833755493164,27.3512186481578,26.679748451810518,26.76927815285089,136774
2009-03-17,27.082626342773438,28.64938985020661,26.769273299759462,26.948332669377933,349863
2009-03-18,27.485509872436523,28.470331311158393,26.85880376812556,27.664567539641975,173510
2009-03-19,27.395984649658203,27.933161154090136,26.948337847237767,27.754101750067147,102255
2009-03-20,27.127389907836914,27.709331996193104,26.948332248650658,27.664566300669033,108048
2009-03-23,27.977922439575195,28.201745819091798,27.12739291435736,27.485511687693418,152317
2009-03-24,27.485509872436523,29.455156165153767,27.216920810173217,28.470331311158393,674879
2009-03-25,27.88839340209961,28.112216786879923,27.172159253857373,27.395982638637687,237526
2009-03-26,29.8580379486084,30.842862883715394,28.067452590894895,28.112216584473895,808814
2009-03-27,30.753328323364258,31.738153157344072,30.43997698521408,31.33527042595567,1163937
2009-03-30,28.425567626953125,30.798096684760996,28.20174425981176,30.619037307993196,285304
2009-03-31,28.738916397094727,29.49991782628121,27.84362471646954,28.649388424377843,3815545
2009-04-01,29.768510818481445,30.574276387196512,28.783689270295376,29.5446874288688,380108
2009-04-02,30.350452423095703,31.06668657324415,29.992333640384565,30.439980411136574,816391
2009-04-06,32.72297668457031,33.12585944191865,30.17139158015361,31.021921086717064,1426845
2009-04-08,33.9316291809082,35.00597878055591,30.439982736230906,30.619042141263552,1506928
2009-04-09,34.55833053588867,36.707036476215755,33.349685579000905,34.692625937886845,1255155
2009-04-13,36.52796936035156,37.915673421592984,33.8868531962173,34.916441953255934,1948085
2009-04-15,37.82615280151367,38.945269748304014,35.22980011885051,36.25938907600719,1203735
2009-04-16,35.09550094604492,38.945261771430545,34.11067618541955,38.49761508440261,991774
2009-04-17,35.946041107177734,38.363331209351486,35.18503946200056,35.72221769658578,917703
2009-04-20,38.18427658081055,39.43768567585653,35.811746977445075,35.811746977445075,1275702
2009-04-21,39.21385955810547,40.91491878855768,36.43845072449828,36.79656612045858,1510755
2009-04-22,37.46803283691406,41.98926789231753,36.6175067162568,39.751034068958894,1177676
2009-04-23,38.2737922668457,39.12432166694136,36.30414613380134,39.12432166694136,522503
2009-04-24,39.25861740112305,39.75103154319316,37.423266465641234,38.45285532507603,605882
2009-04-27,38.139503479003906,39.93009056093412,37.60232872053437,38.49762226149948,456841
2009-04-28,36.125091552734375,38.49762070657461,35.811740192162425,38.49762070657461,358442
2009-04-29,36.393680572509766,37.37850201395363,36.03556182183553,37.37850201395363,577913
2009-04-30,36.48320770263672,36.48320770263672,36.48320770263672,36.48320770263672,0
2009-05-04,39.392913818359375,40.64632607868936,36.796561314221684,37.37850345264781,1045219
2009-05-05,41.94449996948242,43.332207655173505,40.2882083266091,41.093973859250774,4243374
2009-05-06,40.870147705078125,43.51126067274887,40.28820559153543,42.70549861008226,1928855
2009-05-07,41.989261627197266,42.52643629854324,41.18349620490503,41.586378916051146,951067
2009-05-08,41.09397506713867,42.436915384165765,40.28820951081288,41.989268611823405,642597
2009-05-11,39.25861740112305,42.07879320547152,38.63191470262211,41.76544185622105,416437
2009-05-12,40.19867706298828,41.13873449756662,38.184266810917514,39.303383617623496,560475
2009-05-13,38.721439361572266,40.735849501769664,38.49761601266144,40.735849501769664,879632
2009-05-14,38.094730377197266,39.34814240098808,37.60231973044837,38.497613057363814,972260
2009-05-15,37.73662185668945,40.28820692944485,37.288975113028954,38.8557387158407,2372249
2009-05-18,43.197914123535156,44.67514985863607,41.18350362036512,42.078797177329584,14660
2009-05-19,48.569664001464844,49.59925271507056,37.647084501490944,47.808666023772325,4566671
2009-05-20,50.76314163208008,52.82231597870363,47.98772976030605,48.34584852288129,1863228
2009-05-21,49.24113464355469,54.568130801684774,48.79348796497692,51.79271934533873,3459853
2009-05-22,50.942203521728516,52.150848428203986,49.15161645123224,49.24114443864754,2952361
2009-05-25,53.269962310791016,54.61290253711348,51.927022084468554,52.37466882657604,4220964
2009-05-26,50.62884521484375,54.7024298339188,49.68878775125313,53.628080398542984,2653724
2009-05-27,55.23960876464844,57.209255116738916,51.747962803430156,51.83749420118686,6888346
2009-05-28,58.955078125,59.8056110846278,54.61290583079242,55.508199369002135,6491575
2009-05-29,63.96871566772461,65.1325999103693,59.85036707386566,59.85036707386566,6155480
2009-06-01,69.8776626586914,70.54913280532631,60.79043197478953,64.9087808413741,7361891
2009-06-02,67.05747985839844,71.13106090212527,64.10300878139259,67.19177524017995,2534698
2009-06-03,65.44595336914062,68.57948061364644,63.74489435601372,67.6841871152162,1841918
2009-06-04,66.20696258544922,67.14702364875112,62.89437881766355,64.81926152837077,1581182
2009-06-05,65.22212982177734,68.75854322953816,64.68495509025149,67.90801030995388,1395937
2009-06-08,62.08859634399414,69.11664821543798,60.969479586421976,65.80406534524303,1923086
2009-06-09,64.10301971435547,65.22213670249208,59.31320037124038,61.23808295694495,1292748
2009-06-10,69.0718994140625,70.37007234185029,65.08783897985062,65.44595776941034,3793027
2009-06-11,67.23653411865234,70.54912385338007,65.58024266656183,70.54912385338007,2179449
2009-06-12,65.62503051757812,69.69861272788978,64.90879282999316,67.95279275640604,1522457
2009-06-15,62.84958267211914,65.89358105211349,61.68570555925492,64.95352724909378,1806441
2009-06-16,73.72742462158203,75.83136315918921,61.77525674742831,62.178136124431504,8965321
2009-06-17,70.72818756103516,76.1894766268537,69.07189592729762,75.65230188490469,5859424
2009-06-18,71.84729766845703,74.93605726591029,65.53547626256078,68.93759402456313,5205161
2009-06-19,74.53318786621094,76.4580703603968,67.41560689228736,72.47400997372416,4249731
2009-06-22,74.16983795166016,78.57551577369114,72.35306302047654,78.57551577369114,4163591
2009-06-23,81.30067443847656,83.11744928626375,70.0366689961068,70.9450564200004,7450713
2009-06-24,79.43846893310547,82.3907277443367,77.57627907198064,81.89111887301091,5232682
2009-06-25,77.80339050292969,82.93578124698922,76.75874349530662,79.93809973475719,5000868
2009-06-26,81.25523376464844,82.48156205159445,78.62091638047639,79.21136252699769,4446332
2009-06-29,83.02660369873047,85.84260304753406,78.80260121030243,81.66402269797597,7066239
2009-06-30,78.12132263183594,84.38919757792137,77.3491946663315,84.11667856400383,5304717
2009-07-01,78.43925476074219,79.43847956760621,74.98738661608046,77.57628945718831,2605109
2009-07-02,77.53086853027344,79.02970922933281,75.44158152500715,78.93887186918147,1595187
2009-07-03,77.34919738769531,78.57551913257683,75.62325974320255,76.3045503715197,2962379
2009-07-06,68.26531219482422,81.75486324399412,66.63021215776608,77.93963906478598,4039382
2009-07-07,70.44544982910156,71.49008985683302,65.85809041427365,68.94660914392884,2999838
2009-07-08,75.57781982421875,82.29988716239113,65.85807858460055,69.85498405030668,15383514
2009-07-09,75.62326049804688,77.39461337717378,73.57938859269426,76.30455113316441,6411785
2009-07-10,73.17060089111328,78.62092477334309,70.89963260685086,76.21369700593588,3335674
2009-07-13,70.67254638671875,76.30454580490206,68.67408983832262,76.30454580490206,2452112
2009-07-14,76.48622131347656,78.93887161225823,71.80803144166825,72.39847774595343,2837595
2009-07-15,79.57475280761719,80.71023731380592,75.71410548657548,77.75797759771521,3008494
2009-07-16,77.7579574584961,82.02738225425823,77.12208907189853,81.48234428809387,1569842
2009-07-17,79.52930450439453,81.30065682505307,78.16672366375118,78.34839833699247,1603226
2009-07-20,86.16053009033203,87.2051768237893,79.1205288363282,80.84646601372133,4239039
2009-07-21,82.25447845458984,85.84260576463718,78.71176635440459,85.84260576463718,2999119
2009-07-22,79.98351287841797,84.88879926561945,79.12054069515413,82.79951241600108,1656140
2009-07-23,82.25447845458984,82.84492469591608,79.25679738586872,81.61860314251037,1808505
2009-07-24,82.75409698486328,84.29835983940575,80.89190683291758,83.20829071906171,1359536
2009-07-27,82.98117065429688,84.11665467236455,81.75484930087268,84.11665467236455,795022
2009-07-28,82.0273666381836,84.79794342998697,81.57317303981146,83.20826583568453,928882
2009-07-29,79.25679016113281,82.11821147854064,76.75872514172748,81.57318049675938,1228573
2009-07-30,77.39459228515625,79.71098258545862,76.1228556572085,79.48388576897584,2339050
2009-07-31,78.8480224609375,81.11899076994554,78.07588769151853,78.48466614540715,758467
2009-08-03,78.89344787597656,80.39228853992887,78.16674208134096,79.25680423851745,554222
2009-08-04,80.30144500732422,80.84647604400365,77.66712024452036,79.62015447886351,1092083
2009-08-05,79.80182647705078,81.30066697496889,78.12131128321033,80.57395433038877,528540
2009-08-06,78.89344787597656,83.2537103655749,77.30376985400056,79.66557581484709,1547586
2009-08-07,78.166748046875,80.3014573103561,77.12210102376183,78.39384492448887,751633
2009-08-10,78.48466491699219,80.6647958456063,77.57627760760674,79.12053326138394,598450
2009-08-11,79.80182647705078,80.21060493854412,77.21292394270789,78.48466760550039,534845
2009-08-12,81.80030059814453,82.3907469536968,72.2168092966605,72.2168092966605,1730776
2009-08-13,84.66170501708984,86.0697082943473,82.39073646051075,83.02661181462052,1910589
2009-08-14,87.3414306640625,90.24826693181733,84.2074906658686,85.29755946410992,3037743
2009-08-17,83.98040771484375,88.34066976595872,83.57163617962162,85.38841087917861,1050674
2009-08-18,84.25294494628906,85.75178578425314,83.57165428634602,84.11668542821106,464072
2009-08-19,83.84414672851562,86.11511487467861,81.30065963263516,84.84337132673838,862537
2009-08-20,85.34297943115234,87.56853235363589,84.43459218045166,84.48001431516458,1062346
2009-08-21,86.70556640625,87.38685689219888,84.11666394573328,85.0250512603318,1067241
2009-08-24,91.70170593261719,93.7455775976572,87.20519104170751,87.20519104170751,2108993
2009-08-25,91.79254150390625,92.56466934020185,90.29370103907053,90.7478946992968,679170
2009-08-26,91.20210266113281,94.15436191555405,90.83874628988401,92.20132748423227,641915
2009-08-27,90.11201477050781,92.61007977295122,87.20517826711526,91.11124631584109,914308
2009-08-28,90.88417053222656,92.9280423709083,89.9303609019965,91.15668261911622,537451
2009-08-31,92.97345733642578,93.56391058543285,89.56700428113089,90.11203538388878,1686554
2009-09-01,90.06660461425781,94.83563806809428,89.43072932881245,94.29060705945918,909987
2009-09-02,89.88492584228516,91.8379600380872,88.20441062466777,91.8379600380872,486831
2009-09-03,91.0658187866211,92.20130281139193,90.56620304354414,90.74788464577415,336196
2009-09-04,90.65706634521484,92.11048481600801,90.02119099956126,91.74712846569824,260690
2009-09-07,93.51848602294922,94.06352404207145,91.47461424257975,91.56545853273099,620288
2009-09-08,89.88492584228516,94.29061005041264,89.52157644529962,93.92725372298159,975187
2009-09-09,90.61165618896484,91.88340011805722,89.93036554092751,90.29372193930347,1037476
2009-09-10,89.56700134277344,92.65552006434072,89.02197025789599,92.20132633853513,631273
2009-09-11,95.19898986816406,96.06195501336381,90.15743768393719,90.15743768393719,4238324
2009-09-14,96.4707260131836,99.65008148162771,92.20130858487946,94.83563307339357,3019006
2009-09-15,98.2420883178711,100.83099074829228,96.47072891672862,97.01576684350792,1863493
2009-09-16,101.01268005371094,104.46455508073095,99.01423046782324,99.01423046782324,2552612
2009-09-17,100.78559112548828,103.01114467581833,99.1959129883011,102.28443189806839,1095315
2009-09-18,97.96959686279297,100.83101906004585,97.19746882364781,100.69475954009151,559201
2009-09-22,100.01345825195312,102.51152377424755,97.24288064913074,97.65165223514585,944116
2009-09-23,101.73938751220703,107.50764604310461,100.1951317239322,100.64932541818312,2720530
2009-09-24,102.8748779296875,104.46455595509106,99.92261873965232,99.92261873965232,1998591
2009-09-25,103.28364562988281,105.2821020879264,101.73938980677971,101.73938980677971,843806
2009-09-29,101.78480529785156,105.78170409185273,99.96803059859813,99.96803059859813,1262504
2009-09-30,105.00960540771484,106.59928371125427,101.28521762551196,102.19360522753449,1814506
2009-10-01,102.6932144165039,105.37295489377898,102.42069538166879,105.37295489377898,774833
2009-10-05,101.73938751220703,105.55461177173649,100.60390327657973,101.55771280668498,1178557
2009-10-06,101.69396209716797,103.0565431360605,98.56002847989335,102.46609689689684,727170
2009-10-07,104.2374496459961,105.23667435673134,100.83099704318576,102.19357808430989,1464805
2009-10-08,107.098876953125,108.37062071235965,102.92029625602194,104.82790842965096,1860169
2009-10-09,105.32750701904297,108.0072537722571,103.64699186253816,107.91641642631404,979351
2009-10-12,107.14427947998047,107.8709920936314,105.23666753220317,106.05421748994918,797253
2009-10-13,106.96261596679688,106.96261596679688,106.96261596679688,106.96261596679688,0
2009-10-14,112.5037841796875,116.0010744724698,107.6439127133189,116.0010744724698,4405239
2009-10-15,113.2304916381836,116.27358806472591,111.73165103094756,115.18352594879747,1702316
2009-10-16,121.6784896850586,122.63229922901819,112.32210360585287,113.68468470839753,3338764
2009-10-20,123.99485778808594,132.35201759210142,121.90556437185975,122.63227693327181,3576658
2009-10-21,123.04104614257812,128.8547326654935,122.63227466586969,125.08491738700928,1490073
2009-10-22,120.9517593383789,125.17576845630003,119.27125120704899,123.44982432844667,1293542
2009-10-23,126.67463684082031,127.58302436045459,122.54147085430567,122.99566461412282,1591782
2009-10-26,120.9972152709961,128.40058189873253,119.90715301575884,127.2650974951742,788645
2009-10-27,112.82170867919922,123.4498381451942,111.45912762302316,119.90713294349297,1416686
2009-10-28,110.6415786743164,114.27512796502702,103.46531743907389,113.09422167336797,2484213
2009-10-29,107.7801513671875,110.45989105134532,104.69163325176237,105.10040475258478,933451
2009-10-30,106.32672882080078,115.09266011001374,104.5553695510875,111.45911116345678,863940
2009-11-03,101.05811309814453,108.00727911525239,99.05966329669705,106.9172099168245,802985
2009-11-04,105.28209686279297,106.73551525895343,101.78480689784404,103.55615948528248,623671
2009-11-05,109.77861022949219,111.73164442462969,104.23744876200209,104.91873927678643,966471
2009-11-06,115.95565795898438,118.09036705426062,110.41449596791215,111.8224923399068,1221071
2009-11-09,121.58765411376953,123.81320038152452,116.50067933527998,118.09035722094657,1254063
2009-11-10,121.72390747070312,125.72080635075777,120.3613264169266,123.994875893664,1334649
2009-11-11,123.04104614257812,125.53911099688287,119.1804004586526,121.7238874461225,985965
2009-11-12,120.72465515136719,127.17420991272523,119.49834072945639,127.17420991272523,1039765
2009-11-13,116.86402893066406,121.58765431607429,116.00106370633029,120.72467523084934,695270
2009-11-16,116.6823501586914,120.27047735207913,115.72854761725124,118.181197574766,538396
2009-11-17,115.68313598632812,118.72623244238733,114.1842953645539,116.90945761125396,490705
2009-11-18,116.59154510498047,117.99953468879347,115.001859995873,115.2289568785388,877236
2009-11-19,115.63771057128906,117.45448524213134,113.68467641404455,116.59152004565941,383459
2009-11-20,116.81861877441406,118.90789859106002,111.27745039410627,114.72932509687713,805840
2009-11-23,114.77474975585938,117.45449681771821,113.54842811827126,117.18197781805594,849340
2009-11-24,111.14118194580078,115.1835094863882,110.09653519124696,115.1835094863882,931271
2009-11-25,112.82170867919922,114.41138657807129,110.00570921585783,110.82325923565259,948238
2009-11-26,110.09654235839844,113.45757966009086,109.6877708293492,111.73164233548614,869231
2009-11-27,109.5969467163086,110.4599120175964,99.92261903293931,107.41681546040977,698833
2009-11-30,110.50534057617188,115.31979015984749,104.55539968894973,110.64160008703318,1139788
2009-12-01,113.50299835205078,114.00261417439569,110.82325840060776,111.91332046515681,927738
2009-12-02,121.17886352539062,123.99486977526571,114.41138073107987,114.41138073107987,2098858
2009-12-03,128.08261108398438,128.99099839663674,122.63228720807015,122.63228720807015,1852068
2009-12-04,124.17655944824219,128.44597761561002,122.2689541534909,127.31049332317751,1619128
2009-12-07,120.31591796875,124.90327747737015,119.22585577385333,124.90327747737015,966654
2009-12-08,130.3990020751953,131.67073877412875,118.18119543862676,118.18119543862676,2093873
2009-12-09,125.85706329345703,130.08105869766788,123.8131918667311,128.08260940815833,1184669
2009-12-10,132.57913208007812,135.53139099251274,124.44906800109023,126.40209527572901,2095523
2009-12-11,128.49134826660156,134.35044209534416,127.1741897874093,133.89624856038913,858889
2009-12-14,128.1734619140625,131.62532278994837,125.08493657657107,128.35513661370527,818974
2009-12-15,127.0833740234375,134.21421966505702,125.44828801978316,129.17266752475,1603734
2009-12-16,126.76544952392578,130.30815442264975,125.90248436766123,128.9001513461707,879844
2009-12-17,128.2642822265625,130.62609471848737,125.58454250053735,126.35667723929087,948011
2009-12-18,125.3574447631836,127.53756869296996,124.67615430251412,127.17421932496887,779982
2009-12-21,121.86016082763672,126.17500085944415,121.1334620162559,126.17500085944415,571518
2009-12-22,121.13349914550781,123.63156519277562,120.13426718224245,122.63233322951027,779098
2009-12-23,125.31204986572266,126.26585949016507,121.26972835925926,121.31515050535518,702220
2009-12-24,126.67463684082031,128.8093530563183,124.67618706980363,125.81167146934648,701019
2009-12-29,126.0841293334961,128.17342238730916,125.1303201283981,128.08257813505722,424942
2009-12-30,126.99258422851562,128.26432127384942,125.44832814178336,127.26510326991406,504674
2009-12-31,130.30816650390625,136.3035287385532,125.44830235179658,127.53758223091195,1371017
2010-01-04,129.76315307617188,131.5345058355792,127.2196654381265,127.62843701939089,1042676
2010-01-05,129.6269073486328,131.48910469507712,128.7639419034693,131.44368254303802,551413
2010-01-06,132.7154083251953,133.53295146326664,129.2635333383202,130.71694490165723,995851
2010-01-07,129.7177276611328,133.53295209157068,128.9910149455989,132.62456466237634,580803
2010-01-08,129.26356506347656,131.6707867859626,128.80937123954368,130.08110840219754,382686
2010-01-11,129.44520568847656,130.53526780630642,128.12804671856165,129.94482153524203,579567
2010-01-12,127.12879943847656,130.71692648932165,126.26583427853511,130.71692648932165,309096
2010-01-13,124.63072967529297,128.9909913086069,123.49524559687214,126.2658295203969,568627
2010-01-14,124.99411010742188,127.94636911781403,124.17655314185527,125.81165321209693,517203
2010-01-15,128.76393127441406,131.12574437653853,126.62921505284412,126.62921505284412,1864430
2010-01-18,129.6269073486328,131.39826039099896,127.08341930428658,128.53684500416864,691462
2010-01-19,134.4413604736328,135.98561657175918,129.89942261979388,131.62535345989494,1543371
2010-01-20,137.98403930664062,140.5275267765332,135.80391511009935,136.34895308968046,2238831
2010-01-21,133.71461486816406,141.6630041640404,131.71616547452192,138.07487691122296,1115507
2010-01-22,136.80316162109375,138.07489856350563,128.99102365801184,131.71618612965997,762809
2010-01-25,131.5799102783203,138.07487414264781,129.53603878607717,137.16648681276197,660970
2010-01-27,127.31050109863281,130.7169541839786,124.22198917894319,129.89941098785283,1038743
2010-01-28,132.26119995117188,133.53293666072733,127.67384119166945,128.99100003961416,793199
2010-01-29,134.35047912597656,135.2588664462628,126.53835648804933,128.99099948064404,904441
2010-02-01,134.9409637451172,136.16727853402375,131.71618539936784,134.16882883807403,417317
2010-02-02,137.6661376953125,139.5737432576185,135.4405909421751,136.25813420303564,877414
2010-02-03,141.93553161621094,145.024043239823,138.5290788574219,138.5290788574219,2106019
2010-02-04,140.84547424316406,142.16263324868913,139.8462425226183,142.16263324868913,955491
2010-02-05,132.7154083251953,138.8016012999821,130.2173429066648,136.2581137380272,898213
2010-02-08,134.75929260253906,137.80238244336675,130.80780139115717,137.80238244336675,533258
2010-02-09,137.16650390625,138.80160407598643,132.3974698300393,134.25966686054767,751119
2010-02-10,136.39434814453125,138.98325750515994,135.3951304267146,138.07487020120465,395238
2010-02-11,136.12185668945312,137.93863147951114,135.44056614318137,137.1664966493798,205608
2010-02-15,136.12185668945312,138.07488404440883,135.30429971739204,136.12185668945312,204309
2010-02-16,137.21189880371094,138.02944179578924,135.84931790965402,136.53060835668248,319679
2010-02-17,139.70999145507812,141.98096006175723,137.2119259877311,138.6199292960506,584525
2010-02-18,139.66458129882812,140.7092214032099,137.71155367380356,138.16574743412497,607890
2010-02-19,141.2996368408203,142.57137342244408,137.4844132350599,137.4844132350599,632934
2010-02-22,140.43670654296875,146.06870601006185,139.89166852384346,143.97941208460514,342134
2010-02-23,134.9409637451172,140.43671080464873,133.66921294886333,140.43671080464873,1220032
2010-02-24,136.2126922607422,137.25734612104446,132.8970836879256,134.44133954566357,723246
2010-02-25,133.53292846679688,137.57524903936212,132.76079374423162,137.57524903936212,307061
2010-02-26,135.25889587402344,138.89244594570593,132.76083019974172,133.53296513433168,677344
2010-03-02,138.52906799316406,141.61757937455704,135.89475027732246,136.80313760842517,1168171
2010-03-03,149.70223999023438,151.9732083946345,138.7107473685813,139.84623157078138,2258245
2010-03-04,144.9332275390625,152.97244854992817,143.61606844403974,150.7923241071935,1517950
2010-03-05,145.11488342285156,148.02172025601365,143.38895295153725,145.3874024080305,857824
2010-03-08,144.43357849121094,147.11331821305228,143.11641969853198,146.61370243351473,551828
2010-03-09,141.1179962158203,146.250379775382,140.80005506325594,146.250379775382,317483
2010-03-10,148.02171325683594,148.65758161825894,142.02636517084508,142.61681139340416,1022096
2010-03-11,141.2996368408203,148.7938315117705,140.43667174179782,148.52131256973993,691260
2010-03-12,147.2495880126953,147.7946120803746,142.16261354901346,142.38971037576908,1126288
2010-03-15,145.659912109375,146.6591298434894,143.52519636590566,145.4328152796821,250539
2010-03-16,150.3380889892578,151.70066985622995,144.4335718990453,144.4335718990453,983978
2010-03-17,152.60906982421875,154.15332549669048,149.52055847927528,151.7461046420337,1147875
2010-03-18,154.4258270263672,155.51588891555198,150.11098774180692,153.51743980856503,1357236
2010-03-19,158.28651428222656,158.87696058454642,152.33657367045788,154.42586759241615,1241408
2010-03-22,152.65447998046875,156.19718470753418,149.88389609858964,152.38196103356614,1056589
2010-03-23,153.8807830810547,156.69678888951142,151.7006593886864,153.60827801517496,603425
2010-03-25,155.10714721679688,156.19720931524904,153.51746928046074,153.88081869298094,294993
2010-03-26,161.92002868652344,162.60131912980472,154.15331486093865,154.15331486093865,894845
2010-03-29,163.2826690673828,168.46047555074816,161.2842191444394,164.37273140163427,2037744
2010-03-30,155.69761657714844,166.64368904923467,151.8823917360814,164.41814238035337,776190
2010-03-31,154.51670837402344,159.6945139859079,153.3812240792728,157.60522011138826,438401
2010-04-01,160.9662628173828,161.60213129753313,155.3342630689335,155.3342630689335,431262
2010-04-05,164.23641967773438,166.14402461065674,160.87538958182293,160.87538958182293,1308907
2010-04-06,163.82769775390625,166.1440748832913,162.69221333326897,165.68988111503637,1212356
2010-04-07,163.50973510742188,167.68832277119057,162.73760025839115,164.23644781341105,541218
2010-04-08,162.14715576171875,165.28108961350634,160.73915247732373,161.46586519129136,356217
2010-04-09,162.41966247558594,165.053980270938,162.14714349585165,162.60133717511175,258720
2010-04-12,160.8754425048828,164.4181484463865,159.87621064400014,162.60137332543195,232898
2010-04-13,164.5543670654297,165.64444300168205,160.14869662315982,162.10172393064454,451685
2010-04-15,163.46432495117188,166.87077801570405,161.92006900076257,166.23490954917,552758
2010-04-16,160.19412231445312,167.1432803271775,158.19565896095835,165.32650554101252,2936842
2010-04-19,165.41734313964844,167.37037041149122,156.42429999503366,163.50972414691137,2275598
2010-04-20,167.27955627441406,168.91465658269806,163.19181243415085,166.23491617070422,1152243
2010-04-21,176.09088134765625,177.04467691147693,166.8707420566394,167.96080403021307,2206666
2010-04-22,172.50274658203125,178.45268630222324,171.68520353811073,175.31875281934057,724389
2010-04-23,172.77525329589844,174.22867844965972,171.73061349599405,173.04777224483988,1342164
2010-04-26,174.2287139892578,176.9084541685412,173.50200126414055,174.7737381374265,319104
2010-04-27,173.50198364257812,175.2279140611584,171.5943646655023,175.2279140611584,223929
2010-04-28,169.68678283691406,172.13942624340137,168.55129849493912,169.27801124598165,466426
2010-04-29,175.0008087158203,176.00004029540193,169.50507661079223,170.77681329308678,524902
2010-04-30,176.1362762451172,177.1355077305167,174.04699672982738,176.40879518303424,445536
2010-05-03,172.2302703857422,178.72523527184867,171.0039417531157,174.00162318550827,380979
2010-05-04,173.4111328125,175.59127068407068,171.36726135465335,175.59127068407068,367751
2010-05-05,174.00160217285156,174.77372311494685,167.68831277152586,170.32263058014226,475360
2010-05-06,170.45887756347656,176.54508378580215,169.4596598132984,174.41036800801442,618201
2010-05-07,163.0554962158203,169.82297782697339,161.92001225888563,167.77910670449094,547166
2010-05-10,165.00856018066406,169.50508874991027,163.73682340729403,164.05476453108216,645467
2010-05-11,163.64598083496094,168.41501457623997,162.3288219071669,166.87075880362312,411451
2010-05-12,168.0516357421875,168.86917869603715,160.78453798036318,163.10092816412248,558173
2010-05-13,168.23333740234375,170.18637855567772,164.6452100790071,169.3233994693093,366865
2010-05-14,167.73374938964844,168.41504002707333,166.05324080053649,168.05169056480412,236616
2010-05-17,163.5551300048828,168.86918719410477,158.1502285447109,165.32648240129015,565967
2010-05-18,170.95852661132812,172.54820475384213,162.87388331661424,162.87388331661424,755224
2010-05-19,164.23641967773438,174.31950996546874,163.50970709623985,169.86841792776028,675804
2010-05-20,178.2255859375,188.03617157443097,164.5543542658283,165.96235735655884,3019195
2010-05-21,168.59669494628906,176.77218096254657,166.2803044695046,176.22714301710644,1266414
2010-05-24,169.9593048095703,175.68213490402442,168.96007302688204,170.50432898666955,1162938
2010-05-25,163.0554962158203,172.41188679313973,160.33033471917707,169.8683999574284,912161
2010-05-26,161.96543884277344,168.86917317422981,160.8753769863212,166.77989372473328,4798012
2010-05-27,170.18637084960938,171.04933603601143,162.14713748058546,162.14713748058546,3913662
2010-05-28,174.31954956054688,176.86303724306276,169.8684565118137,169.8684565118137,2801348
2010-05-31,178.13475036621094,180.7690679222292,172.63900457428682,175.81836004025567,1019093
2010-06-01,169.86843872070312,179.45192827632212,168.18791653659633,178.22559977863432,894700
2010-06-02,168.50588989257812,172.411959115097,165.41737777852725,170.59518402191557,859331
2010-06-03,170.00465393066406,173.22943116790353,168.18787958415035,171.14013789723512,2025558
2010-06-04,172.9115447998047,173.45656891591105,169.05089840192892,171.23102258813745,602858
2010-06-07,169.18716430664062,173.41116044832856,167.23413681336396,167.96083569214147,409845
2010-06-08,165.3264923095703,171.14016561566052,164.6452018192836,169.55048780499158,435836
2010-06-09,164.917724609375,167.68830877292442,162.60133411654218,166.23488348227497,399187
2010-06-10,165.00856018066406,166.4165633760396,163.50972656484285,165.32650130445222,426924
2010-06-11,173.54742431640625,176.63593608819886,166.82534890001585,166.82534890001585,2215166
2010-06-14,176.49964904785156,177.86222995064884,173.72906510665248,173.72906510665248,767895
2010-06-15,174.637451171875,177.95305913481351,172.3664830161939,177.77138445453696,722625
2010-06-16,172.68441772460938,178.3618379041285,171.77603049588632,176.22712237227367,882500
2010-06-17,176.67367553710938,178.92051008390712,171.99662307777945,173.55564056422276,501562
2010-06-18,179.05810546875,179.6541959971533,176.12348118676266,176.12348118676266,766312
2010-06-21,184.01026916503906,187.72440908202134,179.74589510804654,180.2502868980994,1497154
2010-06-22,189.28341674804688,194.41901907570474,184.33123978404083,184.33123978404083,4075681
2010-06-23,185.2941436767578,190.7507117180928,184.56048429454893,189.87949732382734,360762
2010-06-24,183.2307586669922,187.54098886421534,180.89222520032507,186.990740756744,879714
2010-06-25,180.20443725585938,185.7068628209238,179.745901792104,182.95565003839158,393768
2010-06-28,183.87269592285156,186.48635330763958,179.01221787035254,179.01221787035254,562615
2010-06-29,188.5497589111328,190.97999089296715,183.41415692001647,184.14781634637447,1010248
2010-06-30,188.22879028320312,189.8336642563851,180.11270773575507,180.11270773575507,529019
2010-07-01,188.50389099121094,190.15462110074523,186.16535783548642,187.08242856374005,286309
2010-07-02,188.87071228027344,191.20924541860316,187.90778522409192,188.50388958905606,340941
2010-07-05,190.5673065185547,192.49314671641787,187.99950559468118,187.99950559468118,399260
2010-07-06,192.722412109375,193.41021517042685,190.38389289650996,190.5214479113647,497781
2010-07-07,192.90585327148438,197.17022700231794,192.12633747435166,194.41901453251816,815717
2010-07-08,200.70095825195312,202.48924358522143,195.33608825875783,195.33608825875783,1234906
2010-07-09,197.261962890625,206.7077822868955,193.18098605223392,203.0394985622415,2980002
2010-07-12,196.75753784179688,201.52630307958702,195.01509497089984,198.08728766867256,1077564
2010-07-13,193.86878967285156,196.8492702056244,192.86002004240976,196.2531796964266,373880
2010-07-14,191.57606506347656,198.54580803288712,190.75070702466752,197.17020197261306,662209
2010-07-15,190.75074768066406,192.81415721086356,189.92538946594087,192.1263540341304,566598
2010-07-16,194.74000549316406,196.6199895882389,189.83367072489847,191.20927703449917,637076
2010-07-19,191.16339111328125,195.1067980559812,190.3838893878218,192.58485354526934,430480
2010-07-20,191.0717010498047,194.8775391583652,190.29218529581544,193.2268089691694,326675
2010-07-21,190.20046997070312,192.95168224989396,188.0912184180349,192.58485954335757,361332
2010-07-22,188.50389099121094,190.20046344244687,186.2570705056673,190.20046344244687,497497
2010-07-23,194.46485900878906,196.25314420638432,189.37511345148766,190.2004715447195,846528
2010-07-26,191.43856811523438,196.98685037306103,190.750764876497,196.80343897474293,334180
2010-07-27,188.2746124267578,193.04337713936135,187.17413041513976,192.2180191289948,525922
2010-07-28,187.54098510742188,189.74194950643647,187.22000471892835,189.74194950643647,253054
2010-07-29,185.89022827148438,188.73315304159505,185.24828157953988,187.99949368220632,517502
2010-07-30,187.3117218017578,191.75952103798082,185.24831238166502,185.4317237536618,617208
2010-08-02,188.18292236328125,191.0258473953451,187.40342059173383,188.54975907347094,270978
2010-08-03,193.68536376953125,195.1526827499801,189.2834208215756,190.29220436980805,856328
2010-08-04,190.6131591796875,195.56533558543316,188.3204823263999,194.41899715878935,434869
2010-08-05,191.759521484375,193.27268279860925,189.92537977335618,191.53025377049764,310712
2010-08-06,189.00831604003906,191.75952871023824,188.32051287248927,191.66781602387508,260154
2010-08-09,196.4365692138672,198.77510263174224,189.4668392938634,191.3926796430502,1214862
2010-08-10,200.97604370117188,203.4062895174246,196.80338309890226,196.80338309890226,1234125
2010-08-11,200.88438415527344,202.5809569302484,199.46292145655988,200.97608284956343,440741
2010-08-12,204.3234100341797,205.42389237321493,197.44537792346938,198.17903748062358,444585
2010-08-13,205.1946258544922,207.71657097672616,203.72730673147188,205.88242906964692,589278
2010-08-16,201.75558471679688,206.3409389149059,200.42583479802337,205.4238680752841,238109
2010-08-17,200.97604370117188,204.3233602420357,200.10482931146905,202.21409477675238,274492
2010-08-18,209.13800048828125,210.00921495689167,201.0219182430279,201.80143402690513,935060
2010-08-19,210.5594482421875,213.03553645022157,207.25798796921606,209.0921294556693,449594
2010-08-20,204.46092224121094,210.00920311340897,203.58970782173273,208.5418843065273,663381
2010-08-23,208.72532653808594,210.0092201029311,203.8648483396457,204.5067951220683,240698
2010-08-24,203.4063262939453,209.5506984610844,202.2141313377204,209.5506984610844,401521
2010-08-25,199.738037109375,206.34094453584382,197.12437954789795,206.34094453584382,266740
2010-08-26,207.4872589111328,217.3457695555292,199.92142516078212,200.83849591840038,3411859
2010-08-27,209.7799530029297,212.85214589016482,207.89995499701223,209.0921498783299,762123
2010-08-30,210.33018493652344,213.67748762165283,207.25799228538,211.70579108001047,288613
2010-08-31,203.2687225341797,210.9262687581913,201.02190203521585,210.33017837862155,365852
2010-09-01,209.9175262451172,210.65118577369492,204.7360811875591,205.3780280275428,651322
2010-09-02,207.8540802001953,212.30187894168566,206.57018674563582,211.01798548712614,312541
2010-09-03,213.9068145751953,215.51168885389453,209.09219173909767,209.09219173909767,2348096
2010-09-06,215.78675842285156,217.07065192398207,214.136028211834,215.51163438878368,315114
2010-09-07,214.2277069091797,216.38281451521394,212.85210095041367,215.78672419710367,260465
2010-09-08,220.09698486328125,221.01405563354493,213.08139906811994,213.08139906811994,897952
2010-09-09,218.62966918945312,222.29795232345998,215.970169514654,222.29795232345998,389254
2010-09-13,216.61216735839844,223.16923340313488,216.06193315454323,222.34386110726268,562702
2010-09-14,218.81309509277344,220.3721126299807,215.97017005939162,216.42870545229903,284598
2010-09-15,220.50965881347656,222.84819202226456,217.34576752788766,219.1799090260133,603133
2010-09-16,226.33309936523438,233.7613652082154,221.47262082991614,221.93115627676897,1529255
2010-09-17,241.00619506835938,243.02376202326442,227.52527109913672,229.26770002194758,2491314
2010-09-20,243.61988830566406,252.1945071459843,240.2725849899923,243.2530655289903,1300471
2010-09-21,243.80325317382812,251.1856611741168,242.10666676768403,248.4803193791956,1353269
2010-09-22,241.6940155029297,247.5174210985028,240.27256685555798,244.85792118486253,1640474
2010-09-23,233.48623657226562,243.0237675111981,229.90965197512332,243.0237675111981,873621
2010-09-24,234.99937438964844,242.10667254192072,228.85500330184564,233.85303597799162,1664623
2010-09-27,239.4930419921875,240.73109321177566,232.47745573022905,237.42963262180086,735272
2010-09-28,244.4910888671875,245.54571472429612,238.3467031116805,240.45598281267846,1564108
2010-09-29,244.8120880126953,247.6091430637018,243.48232401264008,246.32524940072804,745272
2010-09-30,243.84915161132812,246.7837897449952,238.4384387899889,246.7837897449952,920900
2010-10-01,242.6569366455078,245.36227868409793,238.94278315372352,243.84911747786558,1573470
2010-10-04,246.55453491210938,251.13988974407428,239.58478997016576,243.6198966249379,2466491
2010-10-05,255.67929077148438,257.9719674390435,245.31640342882736,248.34272543529514,1599236
2010-10-06,251.09396362304688,264.1163796476056,249.6266727922053,256.7798135462832,3500158
2010-10-07,255.31248474121094,257.1466261947926,250.36030841389598,255.86273277464096,1131898
2010-10-08,257.0091552734375,261.3652426509534,249.44331930196253,256.77988751672615,1427257
2010-10-11,252.010986328125,263.9329039693071,250.13100281787868,260.4480469304401,2446729
2010-10-12,247.6549835205078,259.2559527092213,242.42769622119891,254.0286374231297,2213935
2010-10-13,246.87547302246094,251.27740171175037,243.02376442924762,251.27740171175037,2374642
2010-10-14,248.1593475341797,250.45202438134177,246.69202875464035,248.0676348629376,961009
2010-10-15,245.6832733154297,250.26862753179373,243.94084431056757,249.35155668852093,624795
2010-10-18,239.7681884765625,246.46279458595194,234.7701410753626,246.46279458595194,3772046
2010-10-19,243.115478515625,251.27740316712823,239.85986033215795,240.27255339338538,3933103
2010-10-20,241.28134155273438,246.1876761024329,237.75061325135616,244.07839639627332,1101559
2010-10-21,242.8403778076172,245.775016059761,241.41892902138835,243.66576405694698,485415
2010-10-22,251.7359161376953,252.56127419980763,243.9408149093878,245.77495637487192,1437758
2010-10-25,252.010986328125,254.94562340374068,250.9105184148491,254.02855281595745,618952
2010-10-26,248.20521545410156,252.97399498233534,244.1701093846319,252.1944791766151,1099941
2010-10-27,248.3886260986328,251.27739345523315,246.69203956006464,247.70082301435755,306277
2010-10-28,248.02182006835938,252.65301661930022,246.05009537137923,249.0764459378351,1078267
2010-10-29,241.73989868164062,252.19450151053903,239.35550870636615,247.60914693762015,1653421
2010-11-01,262.2364196777344,268.9768680081913,244.26182549402657,246.14180953411108,2250710
2010-11-02,253.38665771484375,264.11639756044923,251.87349645117644,263.19932673558657,2088247
2010-11-03,256.6881103515625,260.35639353768494,254.39543336023598,255.9544649090499,1099671
2010-11-04,256.9173889160156,261.3651880646474,254.94569221744553,256.688121207187,1155819
2010-11-08,257.605224609375,259.3018114665484,251.27744064309198,257.69693730185713,593612
2010-11-09,264.1622314453125,267.6471172602308,256.5963973825449,257.69689353184117,2792018
2010-11-10,261.8695373535156,270.9944023673647,259.5310181724678,265.03344258601834,1554536
2010-11-11,270.94854736328125,281.9533956761018,262.28221812222444,263.65782416132697,6565144
2010-11-12,260.49395751953125,272.8285713518305,252.1944777201794,270.535894281647,2708623
2010-11-15,268.9768981933594,272.37007189995813,256.7798657642703,259.5310786117446,1210904
2010-11-16,259.5310363769531,276.2217361301829,255.40421777731962,272.18660222111737,2716033
2010-11-18,251.55250549316406,264.11638646047476,245.8208130786572,260.4481033151904,3313277
2010-11-19,243.16134643554688,252.1945005055571,241.32720461368828,252.1945005055571,2330130
2010-11-22,256.4588317871094,259.2559143900923,242.611057748826,245.04131764609372,1751947
2010-11-23,264.8959655761719,269.16034015503584,250.4062268950046,256.2755037205228,2987244
2010-11-24,257.5593566894531,268.70176204373996,254.57887639374613,264.11640774265226,2288760
2010-11-25,263.291015625,271.4070972890385,258.6139492434543,258.6139492434543,4656666
2010-11-26,261.090087890625,268.19738713331316,252.19448925667672,264.11641056699233,3358642
2010-11-29,269.9398193359375,270.99444525140376,252.148649847415,261.41104335321484,3915499
2010-11-30,268.10565185546875,275.07539547766356,261.3651759314594,269.6188130661371,18302097
2010-12-01,277.87249755859375,279.7066394566703,259.5310785778285,269.48130397225054,5507777
2010-12-02,272.5075988769531,283.74171684703657,270.6276148195293,281.5407523931112,1832049
2010-12-03,267.1427307128906,273.3329590269185,264.20812074867973,272.3700458172268,848292
2010-12-06,265.0793151855469,273.2412680533813,263.3827565204708,268.24322077919334,569298
2010-12-07,263.52032470703125,267.78469872985914,254.12034812490433,261.8237379704616,1730824
2010-12-08,254.5788116455078,263.9787855719976,252.0109970979142,262.97000228497063,1755156
2010-12-09,235.59548950195312,256.6881184909921,231.10184805381834,254.94568951968847,2410883
2010-12-10,238.5300750732422,252.14857944690206,226.7915682788271,238.4383624134206,1897667
2010-12-13,242.88623046875,246.23353361513745,236.97111204194152,240.0891474661547,1105302
2010-12-14,245.95838928222656,248.06764083770634,240.7310747500847,245.22471588139726,671958
2010-12-15,234.4491729736328,246.2335397860773,232.11065334356212,246.2335397860773,1140070
2010-12-16,229.72622680664062,236.05400949258157,220.09698376684133,235.68718678365926,3543643
2010-12-20,224.17794799804688,232.93597669203558,221.24332431871488,230.96428012447848,1517050
2010-12-21,227.43357849121094,230.8267379522806,224.22383040766562,224.68236584817208,1380278
2010-12-22,229.81793212890625,234.03644912012405,226.51647188065851,227.98379065618838,1137030
2010-12-23,228.62574768066406,231.56037137064382,226.05794670441068,231.14769231935423,352117
2010-12-24,229.72622680664062,232.93597448657374,229.26769142379305,231.4686556641057,438935
2010-12-27,231.05599975585938,232.33990735243503,229.35942706546442,231.33112381179635,435459
2010-12-28,230.96429443359375,233.7613492740235,227.57112116346323,231.05599312067892,678891
2010-12-29,232.15646362304688,233.57792613846044,231.14769415559087,231.46866053430384,420442
2010-12-30,240.6852264404297,244.76617443343991,232.47743213865365,233.76132557480543,892299
2010-12-31,242.88623046875,248.3427854644275,241.2813564135303,244.3993918377435,659898
2011-01-03,242.7027587890625,247.47153769512562,242.1066684224989,243.8490971812145,386120
2011-01-04,234.54087829589844,244.35354793739967,233.44039603512377,243.0237839625145,607282
2011-01-05,228.39651489257812,234.5408872435851,224.6823748765527,234.5408872435851,810698
2011-01-06,223.673583984375,231.83552328355614,222.93993846869282,227.4335802225068,493824
2011-01-07,211.15554809570312,229.72623147871286,207.25799726223195,229.26769608653976,1942697
2011-01-10,205.01119995117188,218.07946011410203,202.44339866433893,212.3936234032949,1623523
2011-01-11,214.09017944335938,216.42871282553364,202.85606193440688,203.5897213867308,1436442
2011-01-12,222.66477966308594,224.36135214513797,212.76041281936855,215.60333772594848,1168829
2011-01-13,214.5945587158203,223.76526635324853,212.34773814332826,222.38966020763428,660533
2011-01-14,209.73410034179688,219.7301809907004,207.34972453072484,214.136043215133,810005
2011-01-17,207.99166870117188,215.51164676845696,204.7360644300341,211.0180052629815,2324429
2011-01-18,217.25404357910156,219.95941334312653,205.7448174704584,211.01797400386755,1652965
2011-01-19,214.5945587158203,220.05112696141222,212.98968487927036,219.5467352426758,1928722
2011-01-20,220.37213134765625,221.6560249594908,210.23849550500717,212.76044038020353,2301902
2011-01-21,212.80630493164062,220.5555512302411,211.38484223937866,219.17994488161173,2351567
2011-01-24,218.90478515625,220.78478299182603,213.63162834543797,215.19064582126109,2680475
2011-01-25,212.4853057861328,222.80235249126497,210.0092173755791,220.830655829418,1818378
2011-01-27,203.4521484375,215.05308765388267,201.93897332663124,213.21894618135488,1481664
2011-01-28,197.72047424316406,203.45216686392612,192.1263366479442,203.45216686392612,1297005
2011-01-31,205.3321533203125,207.25800766142524,187.99952022385918,192.6765870560528,1385513
2011-02-01,200.5175323486328,206.98288452997372,198.63754833278364,206.84532950216683,464432
2011-02-02,204.7819061279297,209.55067134229301,201.75556978251407,202.90190824718744,714030
2011-02-03,205.56143188476562,208.17508948669064,201.98486105481769,206.61607179141566,840972
2011-02-04,202.16822814941406,209.73406124227756,200.3799431261421,207.3955282148967,626100
2011-02-07,204.185791015625,206.20335780229,199.96727408302715,202.672629919015,366845
2011-02-08,200.97604370117188,205.88237767519686,198.22483152733852,205.4238423128913,923522
2011-02-09,192.2638702392578,202.6726284755141,188.4580323607156,198.13313122462714,786352
2011-02-10,198.08729553222656,205.42386203342016,190.93414039488482,192.5848706563314,1070249
2011-02-11,194.60243225097656,196.80341069469793,186.6697749681278,196.80341069469793,3038741
2011-02-14,201.3428955078125,205.42385774013272,196.61997252534255,198.5916831273643,3397719
2011-02-15,205.1946258544922,209.09217740703562,200.1507356100242,203.49803899308696,1466917
2011-02-16,205.56143188476562,207.25801860789466,202.85607559099566,204.96534141090467,353469
2011-02-17,210.83457946777344,214.09018373222452,204.50679630066944,206.61606202083425,1217741
2011-02-18,207.7624053955078,218.17115122359172,205.88240734049108,212.76043876612,1476916
2011-02-21,210.51361083984375,212.25603981133196,203.13118789422,209.73409504063622,1048187
2011-02-22,214.6404571533203,218.26288458194733,208.81705106396615,208.81705106396615,2997052
2011-02-23,210.5594482421875,218.12528187380713,208.31261372657107,214.59455391502902,1828302
2011-02-24,205.1487274169922,210.7428646831704,201.297033001071,210.46774065487833,2094033
2011-02-25,197.72047424316406,218.125299973077,195.33608451557097,218.125299973077,810019
2011-02-28,200.97604370117188,207.62480645460252,193.77704690900782,199.92141796522458,3916068
2011-03-01,213.40237426757812,216.7496911135126,203.68143209677797,203.68143209677797,2052510
2011-03-03,213.0813751220703,221.93110146322817,208.26675411925234,221.93110146322817,1018472
2011-03-04,218.9965057373047,220.09698787801685,214.5945631810664,215.97016935530402,1020680
2011-03-07,221.4726104736328,224.2238230261003,214.13604366705283,220.09700419739906,2025215
2011-03-08,227.80038452148438,229.2677034207331,221.51845784379034,222.84820772495257,1763967
2011-03-09,224.22381591796875,231.33111478653421,222.93992236487432,227.80038652543917,767541
2011-03-10,223.16915893554688,224.6823199829749,217.98770111949838,224.6823199829749,540707
2011-03-11,220.37213134765625,224.17796983468716,218.30872190431376,221.88529267541773,584464
2011-03-14,224.77406311035156,225.46186622391642,218.30871104416386,220.5555317497977,536450
2011-03-15,224.22381591796875,229.03843773215826,216.06189120174642,220.55553263096724,1058233
2011-03-16,227.06675720214844,229.0843103547244,224.86577867747275,227.61699133827395,396069
2011-03-17,224.81991577148438,229.2677150406289,222.93993170286387,225.87455565670575,579485
2011-03-18,223.07748413085938,227.84624974936713,222.38968099376524,225.55357262572008,220362
2011-03-21,224.31552124023438,225.96623747053147,221.47259618869643,225.50770207469566,269800
2011-03-22,224.22381591796875,226.05795756146952,223.07747739078079,225.04917406018802,181207
2011-03-23,232.7525634765625,234.6784036913388,224.59062525376302,224.59062525376302,1474435
2011-03-24,236.32916259765625,238.3925719521639,233.4862374452007,234.5867196355934,820342
2011-03-25,240.5018310546875,241.73988230284962,234.4491578311694,238.34670895407663,981224
2011-03-28,242.7486114501953,243.57396943512188,237.47545523006292,239.99739950925667,997086
2011-03-29,244.7203826904297,246.14183143386222,241.6481894848219,243.06963822825443,501734
2011-03-30,253.29502868652344,256.32135187893033,244.94967674892186,245.68332237532758,971609
2011-03-31,241.73989868164062,257.23839154074983,239.95159920348894,255.86278516887415,1664819
2011-04-01,243.5281524658203,246.23352266184546,237.97988503072216,240.41011718030776,822583
2011-04-04,249.53500366210938,252.6530392019087,243.02379451363268,244.67451097976658,902956
2011-04-05,249.25990295410156,252.10282883792462,243.390653766498,251.64429330784955,658013
2011-04-06,247.9300994873047,251.27740235193613,246.82960331878851,249.4432607289293,408191
2011-04-07,251.41497802734375,253.84521028008925,246.69206855752094,248.5262103311828,552778
2011-04-08,249.35153198242188,253.111527664651,247.88421318121317,251.78176387894783,305384
2011-04-11,251.55250549316406,253.6617850937702,246.6461991757697,246.92130921695428,488276
2011-04-13,256.6881103515625,259.43932274115434,251.27739824938783,251.27739824938783,962955
2011-04-15,256.73394775390625,259.89782480405967,252.28614936386626,258.56808911171436,580531
2011-04-18,251.78182983398438,263.015949493797,250.54380638335192,260.35644921250463,2693715
2011-04-19,252.97398376464844,256.7339796120892,248.29691712450406,251.8276452737689,1092697
2011-04-20,255.86279296875,258.43058041314924,253.2032928327399,255.63352523311494,600261
2011-04-21,252.102783203125,259.53106304305663,250.4979091383711,259.53106304305663,686480
2011-04-25,252.65298461914062,256.1837125060921,251.32322087380257,253.93687803618366,297306
2011-04-26,248.20521545410156,254.3496012323896,246.05009339832708,252.1944791766151,484751
2011-04-27,244.03257751464844,249.44329034762626,243.0237939048565,248.7096448060231,477831
2011-04-28,244.85791015625,247.5174099501041,239.676465594869,245.04133551587327,937339
2011-04-29,238.2550048828125,246.73791057456427,237.47551701948285,245.5915719675708,514841
2011-05-02,232.7525634765625,240.08911561959187,230.68915425069474,239.4013125443026,390282
2011-05-03,222.20628356933594,239.26379404385088,220.55555313802378,232.0189394757589,1266530
2011-05-04,218.85894775390625,224.13210502090712,215.00725307060108,221.93114062855855,956575
2011-05-05,216.79551696777344,224.6823309156371,214.6862654640929,220.09697722348125,677284
2011-05-06,230.13890075683594,231.60621954681486,230.13890075683594,231.60621954681486,591200
2011-05-09,233.34864807128906,238.20912581439927,224.7281886728589,233.85303977929476,728486
2011-05-10,231.9730682373047,233.3945308505935,226.51649948957404,226.51649948957404,250135
2011-05-11,230.68914794921875,232.93596846844525,227.43354401643475,227.43354401643475,456797
2011-05-12,226.28724670410156,233.66967031723993,224.86578399704896,229.2218708130347,543809
2011-05-13,231.6062469482422,233.30281963190166,225.0950382882769,225.82869777006593,469984
2011-05-16,224.5447998046875,230.6433152670771,223.76528399668715,227.84624641844044,264678
2011-05-17,220.78480529785156,227.25015753515834,216.15359474526213,223.9486969053109,690099
2011-05-18,221.4726104736328,222.98577178013366,217.39164798615082,222.71066171959944,503229
2011-05-19,222.20628356933594,223.4443208977764,219.17994677749556,221.70189177179728,422952
2011-05-20,228.76329040527344,229.8179301389878,220.23452983230527,222.84818700565302,575481
2011-05-23,221.2891845703125,226.9291643351429,219.77600936978965,225.04916641573618,340282
2011-05-24,224.63645935058594,228.35059838810622,220.28037363836302,228.35059838810622,761674
2011-05-25,224.7281951904297,226.37892537660053,222.9399099859902,224.17794713057626,528268
2011-05-26,230.13890075683594,233.39450470164672,225.14086799314055,226.3789190967721,1288645
2011-05-27,238.11744689941406,239.08038810943674,230.23064577697295,232.93600205730678,700829
2011-05-30,238.20913696289062,243.02375859544185,236.83353078216172,238.43840465967878,322318
2011-05-31,242.15252685546875,242.56521989877942,236.9252402319481,239.81400757478568,428936
2011-06-01,242.7486114501953,244.21590209594248,240.6393321700773,242.1524931402385,330414
2011-06-02,239.90574645996094,241.00621471772016,233.94478577339012,240.22672686351734,265398
2011-06-03,244.94961547851562,246.5086190413635,235.916462530619,235.916462530619,580231
2011-06-06,243.71156311035156,246.55448816449803,242.84033466275233,244.7661889243857,329709
2011-06-07,245.0872344970703,246.64626645378704,241.64821811030131,243.0238246650089,341940
2011-06-08,240.9603271484375,245.4998383217772,239.95154377805346,241.69397251592943,216244
2011-06-09,240.27259826660156,243.34479166622245,238.94283414254932,241.18966925235193,150643
2011-06-10,237.9340362548828,241.46473653449547,236.69598504630596,241.46473653449547,319067
2011-06-13,239.9515838623047,241.37306048109812,232.15648158671854,237.9340447712807,525953
2011-06-14,240.5476837158203,243.57403445072157,234.8618609789333,240.3642863295364,759123
2011-06-15,236.87939453125,242.2901350537889,234.86185540927687,240.45599331375047,639523
2011-06-16,234.08233642578125,236.1915882037593,231.42283653583192,233.76135602823288,621766
2011-06-17,233.2111053466797,236.14572908419365,230.87257202697378,233.85305210279373,259742
2011-06-20,230.41404724121094,235.50377917958804,221.4726066019998,232.9359920368859,526087
2011-06-21,232.1106719970703,235.1369950541106,229.2677463450348,231.10188831579507,680841
2011-06-22,231.7896270751953,233.85303621829794,230.2764659676089,233.85303621829794,142792
2011-06-23,232.5691375732422,233.21108427134334,230.27646079903192,231.56035419523425,207436
2011-06-24,244.2159423828125,245.77497393457207,234.08232125671464,234.8618370325944,662574
2011-06-27,246.60028076171875,251.13979146359608,239.72225120540395,239.72225120540395,660329
2011-06-28,248.113525390625,249.25986403683336,244.9954898702949,248.113525390625,258556
2011-06-29,252.28619384765625,254.94569368805313,248.15937506493597,249.94764641204614,591945
2011-06-30,251.27001953125,254.08755810591666,249.74577688935267,254.08755810591666,819328
2011-07-01,254.04139709472656,258.013669481694,252.60953867870637,254.04139709472656,553555
2011-07-04,260.6464538574219,261.8935717421606,255.42706379790968,256.48941303611775,1797799
2011-07-05,264.6187438964844,266.2815488834157,257.96746756528654,261.0159527719061,1373686
2011-07-06,266.42010498046875,269.74574306759445,263.32541359117494,264.6187376524217,808309
2011-07-07,262.9097595214844,268.72960576222994,261.1083637751046,268.72960576222994,482049
2011-07-08,265.5887145996094,269.19147761148275,263.4178099027956,265.08064311793964,2070936
2011-07-11,259.9997863769531,266.42008723397475,257.32078230716627,266.42008723397475,629456
2011-07-12,253.34854125976562,258.567931275448,251.73191428727853,255.28849926509758,610405
2011-07-13,256.581787109375,258.0598516473622,254.13375769519357,258.0598516473622,289387
2011-07-14,259.5841369628906,261.33932655667587,253.11762821292538,253.11762821292538,559068
2011-07-15,257.8289489746094,262.26311515407224,256.81277766922466,258.19845812427445,355445
2011-07-18,256.62799072265625,261.24692524388286,254.5032921195876,257.73654628444626,121689
2011-07-19,258.3832092285156,259.2146118066735,254.96518639507443,256.3508667559172,244968
2011-07-20,255.0114288330078,261.24699203076375,254.1338479646677,259.1684709648451,781383
2011-07-21,250.94668579101562,256.7665597132543,249.42244316557336,253.20997479273123,781925
2011-07-22,255.1961212158203,256.67418583677534,251.4085894345411,253.76426285311445,294263
2011-07-25,256.8589172363281,259.3069748933303,253.1175918452374,257.18224826571867,346522
2011-07-26,248.17535400390625,259.3993596056602,247.11300466891126,254.0414066689742,519063
2011-07-27,252.28619384765625,253.99520515494262,247.66725960728076,249.422448980276,208234
2011-07-28,253.20999145507812,255.88896778998293,247.9443949206105,252.05525784591754,445005
2011-07-29,250.531005859375,256.81274518431064,249.60721900619404,253.85661597743655,229423
2011-08-01,251.77810668945312,262.35547790271954,250.43863260816207,254.91900468252456,117693
2011-08-02,250.5771942138672,253.1637862322826,247.57488681775632,253.1637862322826,187057
2011-08-03,249.79196166992188,250.43862374955998,245.31158975404068,248.59105002686567,163079
2011-08-04,244.064453125,251.82425563020306,242.54018254341693,250.34619129784716,249282
2011-08-05,242.7711639404297,246.14300837183436,232.14762965350894,240.18457213261908,571181
2011-08-08,243.37164306640625,251.31618697113691,232.97902749916142,235.65801766930377,567727
2011-08-09,236.72036743164062,242.49403492997334,235.2423029137203,239.2146030676147,958073
2011-08-10,244.5725555419922,248.03675604541985,240.55407731966895,241.61642650237292,751355
2011-08-11,242.7711639404297,249.42244029156598,241.15453701261399,243.87971939619786,1092310
2011-08-12,235.47325134277344,246.0967996177161,233.25616864548041,243.8797169204231,1301819
2011-08-16,236.9974822998047,239.90743315085746,214.04138974241187,239.90743315085746,229710
2011-08-17,227.29776000976562,238.9836722610727,222.3554946641648,236.62799885004955,932293
2011-08-18,222.30931091308594,229.09915023792047,220.41555905273412,226.32778954955853,1209227
2011-08-19,218.38319396972656,224.52638464972486,210.71577480332863,217.27465262845308,1238211
2011-08-22,218.89129638671875,220.2307845312442,211.73194813246397,218.89129638671875,1620057
2011-08-23,223.27928161621094,224.6649619085282,215.65804000846612,220.04602760080405,496419
2011-08-24,221.43170166015625,224.94209445438815,218.10607750972744,223.74116874901034,463911
2011-08-25,216.72039794921875,221.98598010946517,214.54949324040865,221.70884123874305,634566
2011-08-26,209.33009338378906,216.48944104498577,207.02062639630626,215.70421663089448,1617539
2011-08-29,221.98597717285156,223.92592105050628,211.54718321678,213.025247777166,300757
2011-08-30,227.80580139160156,229.09909710789648,222.1706969937464,222.1706969937464,296276
2011-09-02,232.28622436523438,233.99523585083298,225.865907920413,228.6372687537923,317743
2011-09-05,234.82659912109375,238.3369917411053,226.65109448982068,226.65109448982068,261686
2011-09-06,234.4570770263672,236.35084265927088,230.34622885963825,230.99287675734837,352048
2011-09-07,242.9097442626953,244.75731781649642,233.8104388718778,233.8104388718778,318743
2011-09-08,245.17300415039062,254.50325620496315,241.10834798364928,243.46399298035874,301266
2011-09-09,247.29776000976562,251.63954144752586,242.03216349669188,245.7273110309925,667866
2011-09-12,232.5633544921875,244.34163758960713,230.7157806729844,241.2007677353097,487994
2011-09-13,233.99520874023438,240.785033537825,231.13146390585348,233.71806986983162,244150
2011-09-14,239.7688751220703,242.95595115729293,230.94672163240773,235.51946390155555,307235
2011-09-15,244.2030487060547,244.8035044938244,237.4593880823152,242.5402155340738,218525
2011-09-16,245.91212463378906,248.49871710389803,240.6465271582358,244.80356889417465,297272
2011-09-19,247.7596435546875,249.37627053636717,242.17071621726686,244.48018333395208,690138
2011-09-20,251.5933837890625,253.4871357773156,248.68346050809816,249.28391639278274,546350
2011-09-21,248.91436767578125,254.82659763199388,247.80581222510682,252.9328177530697,489620
2011-09-22,238.1060791015625,246.6511081284857,236.99752351867124,246.6511081284857,386992
2011-09-23,234.641845703125,244.7111161205419,227.99058360472966,240.18456646776573,511673
2011-09-26,236.30467224121094,239.53791202719228,227.8520143497117,235.70420234848933,241766
2011-09-27,244.43397521972656,246.55867342919015,238.29079908287991,238.336977142842,224408
2011-09-28,243.97216796875,248.40633457613401,242.40171869144032,246.65114480203383,237946
2011-09-29,248.72962951660156,251.5471683607066,239.49176026807413,243.5102390295315,916261
2011-09-30,242.26309204101562,250.66955768917506,240.27695602869298,249.42243985156995,211206
2011-10-03,235.65802001953125,242.03214334719806,233.07141414168532,240.09218541484657,335309
2011-10-04,227.39012145996094,237.87510756780165,226.32777224897634,231.31621546836155,731109
2011-10-05,221.43170166015625,230.6695700155726,217.55179977005506,229.0991352143255,519410
2011-10-07,224.80355834960938,240.09222098855486,217.96752650986693,229.0067776660353,2407560
2011-10-10,232.65574645996094,233.62571147019239,222.63265252336197,226.09685354810307,396475
2011-10-11,234.2723388671875,238.01366414245211,232.33238094263933,234.64184795002143,535423
2011-10-12,238.3831787109375,240.18457429484346,231.50098378560799,235.56564017378878,267556
2011-10-13,247.1129608154297,254.04136158595577,238.33698650609668,243.7873228072302,474111
2011-10-14,243.8797149658203,245.7272885640462,239.722674369812,244.89588608319173,323656
2011-10-17,249.2377166748047,250.25388799420062,244.6187817609518,244.6187817609518,1321097
2011-10-18,246.97439575195312,251.91666055285023,243.64875777992756,249.23765639733256,1477866
2011-10-19,250.16146850585938,252.19381085907438,247.75964524154386,250.71574625598504,512841
2011-10-20,249.3762969970703,251.73194242934608,245.72732728882957,246.28160509399453,423779
2011-10-21,252.60955810546875,254.73425685878212,248.49869481418818,248.6834634847985,651568
2011-10-24,252.24002075195312,257.27467101255775,250.34626874112442,255.0575879240473,362387
2011-10-25,252.60955810546875,255.88899057074397,251.50100246528896,253.2100139973407,1535411
2011-10-28,260.41552734375,263.23309436732654,252.19382938670708,252.19382938670708,407582
2011-10-31,264.8497009277344,266.05061255493325,253.20998099010856,260.50789146003876,514207
2011-11-01,258.1984558105469,265.95826065094144,254.3185392944792,261.4317101766897,737970
2011-11-02,258.6141052246094,260.04596337323926,253.44089392057833,255.61179836506042,246067
2011-11-03,256.16607666015625,258.75269669897466,254.54944970779604,258.56792805629595,221307
2011-11-04,255.14991760253906,259.49169851418696,254.22613083090312,257.45938453162887,281753
2011-11-08,255.1961212158203,258.56793763154604,249.9305248135861,257.2746416601121,235520
2011-11-09,249.4224395751953,256.7665560171595,245.4039612992477,256.7665560171595,514728
2011-11-11,248.31385803222656,254.0413469492298,241.6626105907776,249.4224133683347,322905
2011-11-14,241.61642456054688,251.13144544853256,240.18456630733203,246.6510738617602,518974
2011-11-15,233.90283203125,243.60260823584505,231.1776635913055,238.33701181441288,379035
2011-11-16,232.97903442382812,238.24461650665728,226.6049109702773,234.318522500778,572764
2011-11-17,232.6095428466797,238.706527892659,229.6072354396527,233.07143629391462,526072
2011-11-18,238.05987548828125,241.10836072651963,227.5748894122098,229.88435646897722,786510
2011-11-21,233.99520874023438,238.0598792824482,232.10144290432885,238.0598792824482,244109
2011-11-22,232.6095428466797,235.56565808980932,230.53102233412255,233.4409454133548,774969
2011-11-23,229.5148468017578,231.68575160134188,222.2169361108426,230.90052711744065,804573
2011-11-24,235.24234008789062,247.57490145152943,225.68115365726595,229.56105601009352,1246502
2011-11-25,235.47325134277344,238.66032710195066,232.3785739984631,233.7180620487388,277545
2011-11-28,241.93975830078125,245.6349055163464,235.47325067354222,235.47325067354222,435186
2011-11-29,236.0275421142578,249.42245154931356,234.0875840749712,245.72730411895336,475605
2011-11-30,229.9767303466797,240.415524428252,226.78966857689096,238.33700404414608,2216799
2011-12-01,240.87742614746094,244.80352034161896,234.17997134566193,235.01137388960663,639726
2011-12-02,253.85659790039062,254.9651533219629,238.61411590831676,240.18456472358824,546860
2011-12-05,252.74810791015625,256.3046932040102,247.62107356964268,256.3046932040102,349611
2011-12-07,243.37164306640625,255.79655857714437,242.5402123953075,254.6418250803247,1741793
2011-12-08,238.6603240966797,244.80350064431246,234.22614466206198,244.80350064431246,401959
2011-12-09,240.55410766601562,242.90978122056055,232.51716430336177,234.96520809212998,932789
2011-12-12,236.1199188232422,245.26540278008443,234.9189931279325,242.3092736544396,511871
2011-12-13,239.3993682861328,240.41553950934232,230.57721471243744,233.71808451820792,1226057
2011-12-14,233.76426696777344,240.18458280433083,231.91669325389395,240.18458280433083,407711
2011-12-15,235.93515014648438,237.78272380180803,229.74578122032378,232.7942805707815,331606
2011-12-16,232.65574645996094,241.47790045960556,230.02294804280967,237.87513703222285,671698
2011-12-19,227.25155639648438,230.6695647914042,223.55640913800497,229.19151434553334,674820
2011-12-20,214.27236938476562,228.82201311062053,205.21925491394867,227.25157819430532,744209
2011-12-21,222.03216552734375,226.23538423814642,209.88436051255098,216.99751613375713,937903
2011-12-22,226.28158569335938,228.9143838496114,218.660344194162,224.48020415817737,416177
2011-12-23,221.33932495117188,229.5148297487366,218.01368680228137,227.43630942964705,308412
2011-12-26,225.58877563476562,226.32780803118442,220.0922459731824,222.5402758094572,194462
2011-12-27,220.9698028564453,226.14301464773345,219.16842139021986,225.77349146500254,208885
2011-12-28,214.87278747558594,220.6464542274464,213.39472314876323,218.0598487034397,217291
2011-12-29,214.27236938476562,216.1199431912234,210.43865937471355,212.4709877426432,379040
2011-12-30,208.6372833251953,216.258525481124,206.92827187006336,214.5033218604185,415559
2012-01-02,209.1915283203125,211.362433045336,205.31162638883114,208.31393363636184,282144
2012-01-03,224.11070251464844,226.05064650329444,211.54719532016853,211.54719532016853,358725
2012-01-04,224.6187744140625,226.74348705894286,219.16843745603254,223.5564251395569,274822
2012-01-05,228.31390380859375,229.83816049831142,222.12453501824072,224.4340020367208,329318
2012-01-06,222.5402374267578,228.72962034536263,220.87743244144653,227.20536364766983,482808
2012-01-09,226.92822265625,228.49867149899694,222.6788118173932,226.23538255357974,305405
2012-01-10,241.01597595214844,242.9097558501743,228.45248364450748,229.8843560361812,2507816
2012-01-11,251.77810668945312,253.0252246347328,242.95595312822266,242.95595312822266,1268889
2012-01-12,263.64874267578125,266.05059395399076,248.31387641369722,249.65337852800695,1605223
2012-01-13,258.8912353515625,268.175280864461,255.88892842955508,267.6672094312765,1337767
2012-01-16,254.13377380371094,256.85892815761696,251.54715365034383,256.81275009077063,243845
2012-01-17,256.9051208496094,258.6603101731513,255.19610959047517,255.84277164260266,320747
2012-01-18,251.9166717529297,257.08985528192795,249.8843295152976,257.08985528192795,204907
2012-01-19,255.42701721191406,256.72031292653935,252.60947911249,253.67182815694176,205685
2012-01-20,259.214599609375,263.69497153695806,254.96517439773191,254.96517439773191,612320
2012-01-23,259.9073791503906,264.2029814268516,257.0436349021729,259.2145391641314,207522
2012-01-24,262.7249450683594,266.420092054389,255.8889287825514,259.63025382921273,493424
2012-01-25,273.25616455078125,275.5656318921223,262.81738344461553,265.12685078595666,971205
2012-01-27,265.91204833984375,278.0136616189402,264.249215107752,276.1198816761471,435747
2012-01-30,256.35089111328125,265.1730456388614,255.1037730316791,257.92134028148274,259736
2012-01-31,269.6534118652344,270.57719883852513,256.99754724619515,258.42940577809946,435808
2012-02-01,271.08526611328125,272.4709464072151,263.27925584742565,266.23538508451287,245272
2012-02-02,276.350830078125,277.6903322850853,266.050612356156,270.6695465984504,570251
2012-02-03,275.6579895019531,279.3993431472844,269.9767060313433,277.1360540954765,814468
2012-02-06,277.4593811035156,285.91202499240745,275.01135163288114,279.7688481874608,748454
2012-02-07,279.8612060546875,283.1406377271996,274.17989501183104,281.75495760781683,380449
2012-02-08,283.18682861328125,283.8334906416407,276.25842770258214,280.8311835803377,489657
2012-02-09,285.4039611816406,287.2977129646806,279.44552466821824,285.81964835288136,456288
2012-02-10,294.734130859375,296.16601713755784,283.5563345133833,285.40390788518124,828270
2012-02-13,302.35540771484375,304.6648747098906,289.83810787838394,296.35079352772186,418771
2012-02-14,297.4132080078125,306.69725520960014,296.073705706858,304.8496813830363,657387
2012-02-15,306.6048278808594,307.62099898130685,298.93740885261406,300.045936078046,617138
2012-02-16,292.009033203125,303.64875332206793,280.64643786654875,303.0020912408953,1011651
2012-02-17,289.00677490234375,303.8797515656254,287.5287100317037,303.8797515656254,936529
2012-02-21,291.0390319824219,297.45936178205227,288.9605115972989,288.9605115972989,723268
2012-02-22,277.32086181640625,294.8266081183085,274.4109102849983,285.4963540107695,544085
2012-02-23,289.65338134765625,292.4247421445724,272.9790384962401,279.02983162614436,977697
2012-02-24,278.5217590332031,297.3670067423754,272.6557063969751,292.7480720983753,1963823
2012-02-27,270.2076110839844,280.32308677561645,266.5586423242767,279.907371481871,665320
2012-02-28,280.8774108886719,282.4940380512747,270.85434503392656,270.85434503392656,1159655
2012-02-29,288.4524230957031,291.59329252068795,272.28615438737705,283.1406490915389,4324321
2012-03-01,286.3277282714844,290.94666224462185,281.8473566791939,290.90045598984904,765548
2012-03-02,292.1014099121094,296.53557546479465,283.1406662927089,288.59100300714124,835831
2012-03-05,283.3254089355469,289.60714759064376,279.0759842256945,289.60714759064376,284167
2012-03-06,285.58868408203125,295.33465175414864,277.5517558229913,279.0297921521923,777950
2012-03-07,286.65106201171875,288.1291266808801,279.2607668576507,279.2607668576507,885488
2012-03-09,292.2399597167969,293.9489709345502,289.37621499944487,290.9466638355935,1143226
2012-03-12,292.009033203125,299.95360586791065,290.0690751513449,293.8566069302036,700509
2012-03-13,290.761962890625,295.61184471803017,290.1153007036073,295.5194603782073,632450
2012-03-14,295.2884521484375,300.0459486455569,290.8080804213497,294.6879963522113,1260833
2012-03-15,285.95819091796875,296.53556099010444,282.7711433924623,295.6117741957427,1213545
2012-03-16,283.094482421875,289.8842929992317,266.0506043067775,287.5748259479576,1397792
2012-03-19,277.7826843261719,283.325404772786,274.45704641985657,280.831169295116,200064
2012-03-20,289.7919006347656,293.02515410226084,279.907371614587,282.4477850533333,706460
2012-03-21,294.8265686035156,295.51940874351686,285.63490632787494,287.2515333212112,363528
2012-03-22,286.65106201171875,300.0459719784671,284.8034882232017,295.61180616272173,639167
2012-03-23,287.8981018066406,291.96275739966916,283.1867842864737,288.1290484675142,495653
2012-03-26,283.4640197753906,290.71575267779514,280.9236057656892,285.4039779302377,485453
2012-03-27,284.71112060546875,290.99285995640406,277.64412859599463,290.99285995640406,927238
2012-03-28,275.2423095703125,287.2515388967667,272.60951134885767,287.2515388967667,937864
2012-03-29,283.648681640625,286.1890949463492,270.48472178369036,272.33229509694434,815102
2012-03-30,297.1360168457031,298.8450280540658,284.4801546746836,284.4801546746836,574358
2012-04-02,301.3392639160156,302.77112217209555,293.34848558295164,297.6441167346628,377543
2012-04-03,303.2792053222656,306.69722787345364,300.7849977937585,303.0482586145296,416286
2012-04-04,308.4062194824219,309.74569338683244,299.58403889444116,301.38543437660456,496284
2012-04-09,304.29534912109375,309.4223824869992,303.00205331237555,304.29534912109375,200964
2012-04-10,309.2838134765625,310.29998460842404,300.55404501550424,303.4177897719372,359575
2012-04-11,305.6348876953125,311.2237869111205,304.84966322743975,306.6510588777515,354212
2012-04-12,313.1175537109375,314.08751859460864,306.6972240394414,309.00669108793113,456068
2012-04-13,305.4039306640625,317.32077509477665,304.06442848813225,314.04134313541175,393333
2012-04-16,315.9812927246094,316.85890154201877,305.8658432493168,307.66721075994997,472977
2012-04-17,316.9512634277344,319.53785524579433,306.0967682979608,306.0967682979608,644617
2012-04-18,319.2607727050781,320.5540687851717,315.3808562730572,320.5540687851717,480264
2012-04-19,318.98358154296875,325.0805802673566,316.212221049314,321.0159238483436,1898210
2012-04-20,317.27459716796875,323.27921154646134,315.4732015777263,316.58175704737346,933390
2012-04-23,308.6833190917969,321.0158771322006,306.881951948109,318.70641039024235,934279
2012-04-24,309.4223937988281,314.7803458558506,307.2052829694192,312.0089855108248,272412
2012-04-25,305.6348876953125,305.6348876953125,304.84966322743975,304.84966322743975,677803
2012-04-26,307.4825134277344,312.9328511751674,305.3577863792487,308.4063004422736,472226
2012-04-27,296.3970031738281,310.3461896218551,294.780376258799,307.66718532356083,502457
2012-04-30,306.42010498046875,310.29999277919154,297.5055394537858,297.96743287209114,353779
2012-05-02,299.8150634765625,308.3139152639049,298.24464247116254,307.5286906653338,303674
2012-05-03,297.78265380859375,301.33923830673706,291.9627805775229,296.9512514017932,341689
2012-05-04,297.9212341308594,302.07827460710394,291.1776019683122,291.1776019683122,461828
2012-05-07,301.66253662109375,304.3415406134743,288.8219070863298,294.31844924647675,423106
2012-05-08,292.701904296875,304.6649285294648,290.99289278029335,304.6649285294648,492708
2012-05-09,283.27923583984375,294.9189559494948,282.26306465241413,292.97899789926333,296778
2012-05-10,291.547119140625,296.44317789422877,280.73880232534816,285.2653519980313,974985
2012-05-11,288.6371765136719,294.5494059769947,281.7549540639411,290.7618747266409,497595
2012-05-14,286.9281921386719,291.0852328316901,285.4501275872514,288.63720339526,477290
2012-05-15,282.2169189453125,284.43400203190293,280.4155230796035,283.51021506317846,766266
2012-05-16,277.505615234375,279.5841360298598,272.51717096356003,279.5841360298598,672229
2012-05-17,281.8473815917969,281.8473815917969,277.3670096034846,277.3670096034846,310426
2012-05-18,282.1244812011719,285.81962837654214,273.4408909773989,279.3531208196442,643686
2012-05-21,284.48016357421875,288.5909980237619,279.07600501838317,281.84736548889,404110
2012-05-22,282.2630310058594,287.3438581456206,280.1845108123207,287.3438581456206,301330
2012-05-23,279.76885986328125,282.58639854658617,275.4270502875694,282.58639854658617,332940
2012-05-24,281.3392639160156,283.0020971021028,276.166080292819,281.3854701719198,334986
2012-05-25,284.9420471191406,285.450118577779,279.2145577350605,281.52402471384517,869923
2012-05-28,286.974365234375,287.75958965669713,284.06444243799154,286.3739094496825,388557
2012-05-29,286.6972351074219,289.0067020759177,284.98822391238787,287.7595842745829,510193
2012-05-30,278.059814453125,284.52632176598837,276.44318762490917,284.52632176598837,349017
2012-05-31,275.6579895019531,284.2954021596096,273.25613806144486,284.2954021596096,414021
2012-06-01,275.380859375,280.5078649994741,272.9790079811502,276.997486325819,339581
2012-06-04,273.0251770019531,274.0413481185832,265.7734731875956,268.2215025651118,536738
2012-06-05,281.3392639160156,282.678766077719,274.4108627866598,274.4108627866598,616283
2012-06-06,286.09674072265625,287.390036412125,282.21682546251816,283.37155879092455,214062
2012-06-07,292.2399597167969,293.0251841348712,285.5425054191242,290.900457580568,415920
2012-06-08,302.5863952636719,304.71112210099574,287.25155489973764,292.19379238295403,545871
2012-06-11,302.35540771484375,308.82191530097504,298.7988510958602,304.8496433461887,505707
2012-06-12,302.12451171875,307.2977242941857,298.89125738307024,302.07833364779367,464146
2012-06-13,296.3507995605469,303.69491603099476,294.4108697986049,303.0482539825232,299828
2012-06-14,290.4385681152344,296.0274952440457,288.86814744954745,294.6879930896709,375667
2012-06-15,294.410888671875,294.9651382441108,291.13142834687636,293.48710179583117,764080
2012-06-18,287.1591491699219,298.8450472332775,284.2492262185172,296.4431957748171,670726
2012-06-19,290.9466857910156,293.7642244659594,282.0783262065259,286.3277514440666,500733
2012-06-20,292.1937561035156,295.8889033356397,290.99284452976974,292.79424008212465,817149
2012-06-21,300.461669921875,301.8935282481899,288.22149428324366,290.99285480519796,339182
2012-06-22,299.7688293457031,301.1545096046201,293.3484995360264,295.65796663422134,202271
2012-06-25,297.8750915527344,307.75959428090306,296.1660801816819,301.15452370906723,386019
2012-06-26,301.89349365234375,312.23991635867384,296.8126666110044,298.01360628127037,272101
2012-06-27,304.7572937011719,305.8196430014129,302.3092640462498,303.78732872959074,292635
2012-06-28,303.1868591308594,307.528640463576,297.04365395032056,307.528640463576,419934
2012-06-29,314.3184814453125,322.4016165302397,304.7572817350796,307.6210266606585,548659
2012-07-02,312.701904296875,316.0737212602506,310.48482110121313,316.0737212602506,149790
2012-07-03,317.0436096191406,318.6602363589404,314.5493742296135,315.935054292299,276895
2012-07-04,319.49163818359375,320.5078091994155,315.9350537240842,318.5678514767982,241018
2012-07-05,323.1639709472656,324.2795947706789,316.0982399101259,321.67644414383403,332192
2012-07-06,320.56085205078125,323.95428296029905,317.6322999534474,318.88740181579595,158093
2012-07-09,319.11981201171875,322.18781342215766,314.3783320728622,317.9576859665195,286449
2012-07-10,319.4451599121094,324.46553791893393,316.5166084391462,321.6764358737855,1775817
2012-07-11,317.539306640625,321.6764866765369,259.3865311640283,318.8873841909022,349699
2012-07-12,316.1912841796875,317.3998840100315,309.6833778299765,315.81940949129086,408752
2012-07-13,313.35565185546875,318.7014316015748,312.0540763743386,316.0518069469311,182822
2012-07-16,312.84429931640625,315.5404257906039,309.12549635276395,314.2388504277721,287183
2012-07-17,312.6584167480469,314.8432196452916,310.5201159214285,313.40219452807764,305018
2012-07-18,312.007568359375,312.93726908251244,306.8012386353623,312.5188924082148,220578
2012-07-19,314.28533935546875,314.9826149449622,310.613038274133,314.28533935546875,392757
2012-07-20,310.4270935058594,315.1685732917719,307.7774405338303,315.02912384528975,267339
2012-07-23,304.98834228515625,311.44977432526895,303.73326887744025,306.84774392291905,272484
2012-07-24,307.4985046386719,309.0325051098189,304.98830141518505,306.52233025854565,101527
2012-07-25,307.637939453125,309.7762679717482,305.87151389232304,307.21959118389447,318783
2012-07-26,300.2469177246094,309.31150152136826,297.50428871413794,307.77747233491004,773782
2012-07-27,304.4305114746094,312.3794412650577,301.501931514978,303.7332359360713,499648
2012-07-30,310.5665283203125,311.35677964276886,306.4758506403342,306.52235270178204,282004
2012-07-31,310.65948486328125,312.19348535190073,303.77970532156615,310.3340839421283,380027
2012-08-01,306.7547912597656,311.82164361214177,305.87156414814103,311.40329527417504,374441
2012-08-02,303.4078674316406,305.73211947513073,301.6879152450145,301.7808910011976,213170
2012-08-03,300.200439453125,303.4543928688775,297.5043122973745,303.4543928688775,539065
2012-08-06,299.9215087890625,311.4497939968917,298.06210703385716,304.61648687206826,685224
2012-08-07,304.2910461425781,304.94184802077694,299.31716979488965,301.3160207461925,647479
2012-08-08,301.1765441894531,307.080120761748,299.9214426072014,304.70939539588255,495821
2012-08-09,302.757080078125,304.89540908435475,297.9691263126003,304.89540908435475,268794
2012-08-10,299.8284912109375,303.50082051419014,298.61989158750043,299.7355154617004,512898
2012-08-13,304.75592041015625,305.3137465820233,297.7831641923624,299.82851736513567,368743
2012-08-14,309.59039306640625,310.7525191665054,303.08248690585117,304.01218778593045,322695
2012-08-16,309.35797119140625,314.006475642066,307.7309946336753,309.7298458730151,361256
2012-08-17,309.8227844238281,314.2388631215421,307.77743136231624,311.3103113438171,289583
2012-08-21,308.7071533203125,311.2638306365007,304.10515117450456,311.2638306365007,240240
2012-08-22,313.4951171875,315.7263934051465,305.26725953597565,307.26611055652944,679602
2012-08-23,307.4985046386719,315.9122845731726,306.8012291179492,314.2388346723238,323400
2012-08-24,305.3602294921875,309.3579314574013,303.08245125503475,309.3579314574013,240596
2012-08-27,302.8035583496094,306.3828836897631,301.827355497754,304.9418588155882,133346
2012-08-28,296.6209716796875,303.36130117963154,294.43619791885396,302.1527017216295,263040
2012-08-29,292.8557434082031,296.3885949956697,288.62561624119326,295.59837203662664,551030
2012-08-30,291.926025390625,294.71512754403864,288.9509717447648,292.85572610842956,444732
2012-08-31,294.2967529296875,297.0393814152714,290.8568772730897,291.97250111892635,235817
2012-09-03,292.80926513671875,298.4339433748031,291.50766137749855,295.13351703216114,126555
2012-09-04,293.506591796875,294.9940905711188,290.810436431062,292.855789803978,156832
2012-09-05,290.531494140625,294.15732151305673,289.090469278574,292.344422012949,284456
2012-09-06,290.5779113769531,292.8556891973725,289.0439110603614,291.46113829643264,778289
2012-09-07,294.1572570800781,296.1096339674926,290.9962807906599,292.43730533706514,937939
2012-09-10,291.2752685546875,296.8070000294169,290.06666878364314,295.50542449778015,231908
2012-09-11,288.4861755371094,290.0666784029363,287.277575725985,290.0202047072083,541666
2012-09-12,289.5552978515625,291.4611729606332,286.4407947946057,290.99632260503404,285118
2012-09-13,288.3466796875,293.32058433562156,286.81267913641597,289.5553076763958,482571
2012-09-14,296.34210205078125,297.6901794325253,290.9963229549632,292.8557243795956,1689775
2012-09-17,307.03375244140625,327.2547490064345,297.8297183000448,302.896571680362,792250
2012-09-18,309.1719665527344,312.19349392660376,305.2207384484436,307.4520428992266,508258
2012-09-20,308.00982666015625,310.4270541239847,303.36132321902977,306.3363767702361,374580
2012-09-21,314.0993957519531,315.86582145577654,309.3114426905689,313.3091444609174,1434284
2012-09-24,320.9792175292969,321.6764931647696,311.96110796162844,311.96110796162844,954686
2012-09-25,320.4678955078125,325.39529868182126,319.25926737509184,323.30347176172387,530730
2012-09-26,319.398681640625,323.72181283032336,317.4928064500598,319.25923220242527,248445
2012-09-27,319.1662292480469,322.1412827463937,316.42362928983965,319.91000680874004,289429
2012-09-28,330.3226318359375,331.90313430053936,319.95647519259006,320.0029772487327,969469
2012-10-01,337.4813537597656,339.34075515789107,330.0437481672639,333.6231015330981,593267
2012-10-03,343.52447509765625,344.4541759774875,338.5040960210112,338.5040960210112,674917
2012-10-04,345.0119934082031,349.5675219291122,343.84986733796006,345.84871850433444,311655
2012-10-05,343.2920227050781,348.3589034479871,336.086841456698,345.0119748710703,529836
2012-10-08,342.9201354980469,344.779537042434,339.20133240927254,342.31583567056424,465196
2012-10-09,340.0380859375,348.4518672823499,338.59706096867546,342.9201642473675,519176
2012-10-10,332.5539245605469,343.98923088709824,330.1366972636547,343.98923088709824,2407178
2012-10-11,337.4813537597656,340.08450436825575,332.50744934533736,332.50744934533736,1009289
2012-10-12,339.9915771484375,345.7557048009552,338.50405026732426,339.85209933753987,734639
2012-10-15,336.226318359375,342.5947750766273,334.13449137451096,340.3169965664431,456739
2012-10-16,329.3929748535156,337.9462333744656,327.95194999406533,337.9462333744656,431947
2012-10-17,333.01885986328125,333.6231597486766,329.2070806575449,330.3692067341585,271780
2012-10-18,338.64349365234375,339.34076920550575,331.01993625555326,336.0403429360916,578609
2012-10-19,337.0630187988281,338.41109632814306,334.7852688276421,338.0856953687687,264643
2012-10-22,336.4122314453125,337.89975836124637,327.7195235159083,331.717225503528,262330
2012-10-23,337.20245361328125,339.15480237609825,332.4609743916965,332.832848995461,234010
2012-10-25,339.75921630859375,341.66509186671703,334.78531065731437,335.66850951771903,291024
2012-10-29,339.89862060546875,341.33964550697334,337.2024939404702,339.75917115890655,236919
2012-10-30,336.27276611328125,343.98927083999524,330.97346059199543,337.43489202828124,373732
2012-10-31,338.5040588378906,339.34078386338456,333.11177730385515,335.2965798059119,186100
2012-11-01,338.3181457519531,342.12992504785404,336.59819344343714,338.22516998918104,187609
2012-11-02,340.1310119628906,343.7568390738105,339.34076068138154,339.8520847253034,296883
2012-11-05,337.3884582519531,342.87368800645845,336.0868826381719,340.64241147251636,152013
2012-11-06,337.52783203125,339.34075976793696,335.6684306078641,337.43488465785197,146551
2012-11-07,341.3861083984375,344.7795102790897,337.1094795038751,338.87590515948176,607541
2012-11-08,337.2954406738281,341.2001954033527,336.55169137878386,337.38841642876287,241115
2012-11-09,342.1299133300781,342.8736626623431,335.8544325828552,337.481409072876,1491780
2012-11-12,350.3112487792969,352.54255338871474,339.71266537342893,343.01312022439976,1043728
2012-11-15,350.9620361328125,352.77496395973577,346.36000603198613,347.2897067899538,279064
2012-11-16,351.33392333984375,359.794206214684,347.28971922345244,351.28744964916774,638316
2012-11-19,347.1037902832031,354.3089712949023,343.1990356763636,352.21714454957026,421504
2012-11-20,342.78070068359375,362.5833166274361,340.4564486539307,361.65361581557084,1723286
2012-11-21,342.1763916015625,345.8022476684633,341.10724128254606,343.9893196350129,752380
2012-11-22,346.87139892578125,348.5913512030526,341.9439673105655,342.59476926592833,305533
2012-11-23,347.8011169433594,351.2874953642587,345.3374152003679,348.49839262753926,974122
2012-11-26,357.33050537109375,359.2828827103295,350.49719886987697,350.49719886987697,760821
2012-11-27,366.39508056640625,371.41545906962506,358.53909768025244,358.53909768025244,1732436
2012-11-29,387.6387939453125,390.0095198445862,365.37244648134055,366.2556736677786,2540800
2012-11-30,387.4527893066406,389.3586645038339,380.7124588387986,387.6387408063638,3364241
2012-12-03,392.4267272949219,394.1466795104644,377.5515139664982,377.5515139664982,809819
2012-12-04,388.3360290527344,396.05253421555943,386.7555263701238,393.03100666579286,681247
2012-12-05,390.79974365234375,392.70561897612174,387.12741408051716,389.87004283640965,662020
2012-12-06,396.2849426269531,398.65566817824003,387.6387370457966,393.1704394562044,682715
2012-12-07,382.5253601074219,398.84159586198115,380.20110838328446,395.1227931033613,2106447
2012-12-10,388.2430725097656,391.2180981441769,379.78278927736847,386.430144541317,2298339
2012-12-11,383.0832824707031,391.54356717380506,379.17855532696404,387.68531373078497,961794
2012-12-12,376.5752868652344,384.71016863137083,374.6694116289117,384.2918203067277,1453902
2012-12-13,380.8518981933594,389.0332816368924,375.0877706933625,381.0843233757515,1622143
2012-12-14,392.3337097167969,393.2634104507229,376.52879724005385,376.6217729878894,1244230
2012-12-17,395.77362060546875,400.5150717324759,389.31218904438333,390.98563904541936,1424986
2012-12-18,399.39947509765625,403.2577277986931,387.96413806989034,397.2611462035778,677877
2012-12-19,403.2577209472656,405.2565719876041,399.2600188665886,403.39717039245824,560130
2012-12-20,402.2815246582031,403.7225494674623,397.5400451730887,403.58310002982677,1284392
2012-12-21,397.1681823730469,402.4674597664722,392.4267027467703,401.6307347435331,1382400
2012-12-24,395.0299072265625,401.6307892992111,388.7079524475925,397.1682363225523,3446375
2012-12-26,391.404052734375,396.9822577614682,390.66030341298307,394.1931552479216,1089995
2012-12-27,385.08203125,394.79738628839755,383.4550550674144,394.10011078157515,1579171
2012-12-28,385.82586669921875,390.75327003347763,384.0129386272865,385.82586669921875,1938513
2012-12-31,387.731689453125,391.4040187930625,385.87228793866865,387.4063168858675,759367
2013-01-01,393.495849609375,395.91307727787455,389.73057285213497,390.4278484273435,692672
2013-01-02,402.5605163574219,406.6976969852725,396.4244843366519,399.7714134727284,1082815
2013-01-03,403.76904296875,410.92775042227817,395.1228369444982,407.58082189371675,984021
2013-01-04,400.4686279296875,404.14095751495813,398.6556999830921,403.72258079736923,829178
2013-01-07,401.0264892578125,407.8132944851587,399.81786106337034,402.0956396193506,1531894
2013-01-08,403.2577209472656,406.74409893816414,400.4221448635548,404.4198469442318,2077309
2013-01-09,404.0014953613281,409.8121257075227,400.6545949796948,405.4890224043976,3191463
2013-01-10,410.1839904785156,413.6238662992016,405.814385516961,408.32458894121,1898534
2013-01-11,400.74749755859375,412.41525901247365,397.8654479269073,410.9277321357293,845876
2013-01-14,409.207763671875,410.83473992168996,396.9822049548511,401.58423483892767,1276400
2013-01-15,410.83477783203125,413.11255614084297,407.76677654101894,409.25430349541335,1160466
2013-01-16,399.77130126953125,411.39256002736647,398.8416005689044,409.44018288160737,1249626
2013-01-17,396.6568603515625,405.86089305437764,394.61153551328033,399.7713638607351,678827
2013-01-18,390.4278259277344,398.65565454326895,386.84847250682515,398.65565454326895,940541
2013-01-21,384.0594177246094,393.5423491469619,378.94606317056457,389.35869542092524,1714760
2013-01-22,388.3360290527344,390.3813537554004,381.78162149837243,383.91995032615245,2866392
2013-01-23,394.79742431640625,396.5173764066814,387.63874544681323,389.07977028416457,838754
2013-01-24,400.28265380859375,403.02528241962045,394.3325745753424,396.2849518601228,1969798
2013-01-25,401.1659240722656,403.3972004784092,393.8212928981094,400.14324744421936,608814
2013-01-28,402.0955810546875,403.49013220285406,398.2838022419225,401.16588028924315,723886
2013-01-29,400.4221496582031,402.14207345653404,392.38021496512977,402.14207345653404,1148562
2013-01-30,404.2803955078125,406.2327728475429,400.1432156301033,400.1432156301033,625954
2013-01-31,405.16363525390625,408.3246409678578,402.51401042341666,405.25661101706123,629457
2013-02-01,407.4878845214844,411.85749000815616,401.35188140875454,404.23393144015586,856437
2013-02-04,404.5592956542969,412.4152787283998,402.5604446175905,411.34612848757706,610536
2013-02-05,403.53662109375,405.02414804894033,398.23734355441906,403.4901474026134,1173336
2013-02-06,399.3065185546875,408.0457009463999,398.23736824231423,404.5593227285185,694532
2013-02-07,400.654541015625,403.4901168937575,397.9119125127378,398.3302891902002,1016207
2013-02-08,394.9368896484375,402.51397388841485,388.1036114461867,400.5150944647839,1551033
2013-02-11,398.4232482910156,399.77132573832176,394.47202007150895,395.68064807962855,909242
2013-02-12,407.9062194824219,409.81209474308287,396.79628375105113,398.4697621876422,667446
2013-02-13,409.67266845703125,416.08759856270154,407.34841636278713,409.0218948939737,1269537
2013-02-14,410.27691650390625,418.08642525190083,407.4878143431123,415.1578452852957,1262820
2013-02-15,408.92889404296875,411.71799638491615,404.8382162825557,411.71799638491615,420871
2013-02-18,408.975341796875,413.577371718125,408.27806625560765,408.3245683150208,434170
2013-02-19,411.57855224609375,413.57740327580444,405.39601927733236,407.34839661629826,447005
2013-02-20,408.46405029296875,414.60008121944867,407.30192429826485,413.2520037167055,397050
2013-02-21,398.0049133300781,410.6023476684932,396.2849611964829,409.0683470415308,543547
2013-02-22,398.09783935546875,401.49124113600993,394.61146183322523,398.00486361376636,561286
2013-02-25,396.2384948730469,404.1409517241857,393.77476503933,404.1409517241857,618203
2013-02-26,392.56622314453125,397.4006793965614,391.12519803190634,395.4017996715239,526337
2013-02-27,396.4244079589844,397.81895913264793,388.6149270609117,392.5196816960562,843374
2013-02-28,383.0367431640625,400.97995789057927,378.89956310867035,397.81898073308645,1256944
2013-03-01,372.7635803222656,384.8496917991428,369.6490766903188,383.12973949145106,1388906
2013-03-04,372.80999755859375,374.1115729230087,362.7692408934328,370.95059607451094,1628881
2013-03-05,381.7816467285156,384.10589884347337,367.2318341633238,373.2748896622139,1487746
2013-03-06,385.8723449707031,390.93922619536926,383.8734937216749,384.8961703802209,1186780
2013-03-07,390.5207824707031,391.3110337700637,383.9664036364487,389.544608047632,1099167
2013-03-08,405.4889831542969,407.208935244728,386.38364377423534,388.84734512809933,2199395
2013-03-11,406.3257141113281,409.53319314775086,404.1874136685237,407.115965447918,989106
2013-03-12,401.2588806152344,407.48785910187445,393.8677477283972,407.2089602040464,891608
2013-03-13,393.3564147949219,400.7940212070321,390.1024619896237,398.74866809481506,843879
2013-03-14,400.8404846191406,402.56043673227833,386.01177423859076,386.01177423859076,914696
2013-03-15,391.7294006347656,408.603462881362,388.9867721857662,400.8869583214529,1358550
2013-03-18,385.9653015136719,391.218105632346,382.7578506102318,390.19545739694723,1096138
2013-03-19,380.48004150390625,388.70789902272224,376.5288132170606,386.8484974759713,2217352
2013-03-20,375.2736511230469,381.6421060705297,367.97549555176255,379.31785451102587,1220686
2013-03-21,377.87689208984375,385.82582238282026,373.18188614354244,375.18073713927527,1488526
2013-03-22,372.20574951171875,381.6422076812823,370.0674204843266,378.89957876196894,2051945
2013-03-25,364.48919677734375,381.17733792055765,361.79307006161747,381.17733792055765,2013156
2013-03-26,371.554931640625,376.99368717943275,354.6808672230668,364.48919964666555,1527414
2013-03-28,376.2499084472656,380.71246074076197,367.46422492743875,369.8814525748391,2930431
2013-04-01,386.4765930175781,388.52191753784166,375.22720885338026,378.8530359153049,1441489
2013-04-02,395.2623291015625,396.3779815223807,381.64221668952285,387.49932096826956,1371437
2013-04-03,390.98565673828125,398.37678938378656,388.6614047582125,393.7747591143638,1288595
2013-04-04,376.6683044433594,388.80091790513916,373.78622605173626,388.80091790513916,2162736
2013-04-05,372.6705627441406,376.8077141852244,370.16035929325045,375.69209027433027,1357287
2013-04-08,365.83734130859375,378.2023531856368,365.00061608805044,372.43822404349834,1898773
2013-04-09,362.8157043457031,374.01858662235423,361.18872809303184,369.9279091472235,1325954
2013-04-10,359.93365478515625,365.51185951912913,356.1218758758315,363.46653480666896,2785331
2013-04-11,372.99591064453125,375.73851052778963,361.1887010876337,364.44265334968446,2565069
2013-04-12,372.39166259765625,375.50616610687933,366.0232344989414,370.0209367887263,2765801
2013-04-15,373.6932678222656,379.78279703787797,371.88033981677154,375.785094733735,1300962
2013-04-16,387.9176330566406,392.2407358153034,375.1342479049838,376.3893495761349,2561442
2013-04-17,390.10247802734375,393.9607308378013,381.40976950137576,392.98455630496653,1071016
2013-04-18,418.6907043457031,423.94350748105876,387.87113266708195,393.26338522914006,5512207
2013-04-22,433.6124267578125,438.72578091385327,419.388016545349,419.388016545349,4233365
2013-04-23,428.7315673828125,434.63517381387277,418.9232341675586,434.63517381387277,2117529
2013-04-25,434.96051025390625,444.86181776482437,428.5455806251576,430.68388104400185,3011657
2013-04-26,425.9424133300781,434.5886477423463,421.15445991279756,434.5886477423463,2336599
2013-04-29,444.11810302734375,450.1611584929288,417.15677864242593,425.3381346931,2814078
2013-04-30,434.8675537109375,446.25638862907533,433.3335530494685,445.32668781943147,1179396
2013-05-02,439.5625305175781,443.1883863652655,432.3108755666375,434.17027718197784,1157355
2013-05-03,435.146484375,442.90949237674744,425.6635524476133,439.9344665920105,1386740
2013-05-06,441.1430358886719,443.0489112069542,424.54787069765774,432.7757285693925,1621140
2013-05-07,450.8119201660156,459.87650312527416,439.84146188215885,443.0024389832517,2141462
2013-05-08,458.5283508300781,460.2018005741908,449.92862021328773,450.4399441983747,2039165
2013-05-09,454.5306701660156,460.20185015550607,453.182621163636,459.27214944812124,1567833
2013-05-10,470.10321044921875,473.6825642539422,454.53072183046794,454.62369758621736,2592210
2013-05-13,458.4819641113281,472.84585345512596,456.8549876394127,472.2415535828581,1799085
2013-05-14,455.8323059082031,462.01483912965597,452.857280273523,458.807359915101,765284
2013-05-15,477.91265869140625,480.1904368754226,457.50574427346623,460.3878222699108,2091125
2013-05-16,487.674560546875,490.2312378373399,473.45014915244855,475.3095508182412,1940442
2013-05-17,475.1701354980469,487.5816481831445,470.47512893135905,487.1632714294031,1790256
2013-05-20,466.52386474609375,482.9795807719062,464.38556418780973,476.9365253820749,1230538
2013-05-21,461.4105224609375,472.10208228123366,459.27222184576567,466.94225389076075,810945
2013-05-22,459.5510559082031,468.94103888245706,454.94905435390166,463.26985879921745,1416886
2013-05-23,456.5760803222656,464.5250110182552,450.7654501725021,457.4128053893881,1238524
2013-05-24,463.2234191894531,466.7097971562579,452.764285289039,463.827719029256,706236
2013-05-27,492.1371154785156,494.1359949762881,462.01484239962355,462.06131609259677,2357861
2013-05-28,486.2334899902344,494.5078493245516,481.63145995023615,492.741395209989,1039356
2013-05-29,480.51580810546875,488.0928918868172,478.1450825509046,485.11783814928765,874714
2013-05-30,491.6722717285156,494.3219531971591,476.61116335701206,476.61116335701206,1267557
2013-05-31,480.9342041015625,489.7663615474919,476.89002838988364,489.7663615474919,588014
2013-06-03,474.054443359375,488.46483446943165,466.19848843852867,483.44442733395886,1412889
2013-06-04,473.5895690917969,483.25845147697066,470.8934425188469,473.2176944562548,770478
2013-06-05,476.2392272949219,482.51470759602626,467.3605961437274,469.7313217974803,927599
2013-06-06,473.8685302734375,479.2143101121979,468.6621998864621,474.1474291770073,1055016
2013-06-07,471.4977111816406,476.93646603011103,469.54533400882895,470.4750347223379,708581
2013-06-10,460.6203308105469,476.0068696424851,457.78472598953965,468.24386130883255,1023103
2013-06-11,443.374267578125,460.20185628018686,438.49333879939576,460.20185628018686,1827166
2013-06-12,457.9706726074219,462.80510030201816,440.6782300573112,446.25643550107463,1015978
2013-06-13,454.437744140625,458.993300803003,447.2325628700773,453.6939948422295,810475
2013-06-14,448.208740234375,458.20302336343383,443.9785847703743,457.1338731682567,1758294
2013-06-17,454.7574462890625,457.00269434866067,439.22776867286836,448.39587681201,1074238
2013-06-18,446.80548095703125,455.36550476655043,442.5020724285123,454.1025438815677,647101
2013-06-19,447.6006774902344,450.9217703958132,441.33266635731303,446.24415866971555,700024
2013-06-20,420.2834167480469,441.5665502617209,417.33652704843655,441.5665502617209,1455164
2013-06-21,434.3630065917969,438.1986538564741,411.95726390827986,418.64624286077293,1846376
2013-06-24,424.44647216796875,435.85982691621433,420.04950600806814,432.63229216255803,1505334
2013-06-25,441.2859191894531,448.8636276468439,420.04954968943497,423.79163921896225,1835731
2013-06-26,425.8497619628906,444.84085321434156,422.85607918587255,444.37309206479966,1511583
2013-06-27,426.270751953125,434.0823692651784,420.283414638753,432.21132457006985,1383441
2013-06-28,437.3099670410156,439.6487730931125,425.14817557011213,433.2404388003915,1760619
2013-07-01,441.5198059082031,450.8282366120684,435.01791384052797,436.42119743356193,1003751
2013-07-02,445.72967529296875,447.92813017392103,436.74865421268976,438.85357969010454,963654
2013-07-03,437.122802734375,446.24414532754815,433.2403908277687,442.31494017515416,689427
2013-07-04,441.84716796875,453.7283125206848,438.33895936678596,438.33895936678596,1593383
2013-07-05,444.41986083984375,448.11518537509994,435.3920762807797,444.6069767213283,1033634
2013-07-08,460.46405029296875,462.8028558540873,437.82440104139215,442.5020121636293,2004937
2013-07-09,471.0355224609375,474.30985081965304,464.0191045494042,464.0191045494042,1443282
2013-07-10,463.9723205566406,480.2971969719238,458.92047703050474,475.245353445788,3378634
2013-07-11,477.77130126953125,483.4779650716544,470.84841266717166,474.3098569683514,2233280
2013-07-12,470.4274597167969,480.4842972911565,467.19989591278744,479.9230066729626,1328001
2013-07-15,473.7017822265625,476.8825527388765,467.340212652056,469.67901869785726,667294
2013-07-16,436.3276062011719,457.4704164334281,431.36934930395,457.4704164334281,2917668
2013-07-17,424.633544921875,441.5197387182562,412.7524294388348,441.5197387182562,3539319
2013-07-18,435.01788330078125,440.1164914174826,425.14813414261704,427.53370466334843,4039242
2013-07-19,416.3074645996094,435.0179124467828,411.81696853623885,435.0179124467828,3204539
2013-07-22,429.4515380859375,432.7726596723412,413.0798963990776,416.3074600372952,1812575
2013-07-23,433.1001281738281,440.6310724507523,430.9016447138326,436.42122144007635,1689821
2013-07-24,396.240478515625,421.31249453652805,392.45162443152856,420.8447333631889,5520199
2013-07-25,395.21136474609375,404.0988256446578,392.87255924647167,396.28720956594555,3598704
2013-07-26,393.0596923828125,402.41491547201366,378.0445707445947,401.80683168119066,2335051
2013-07-29,385.856201171875,398.2986368938826,381.8334379734967,393.15326401562925,2008750
2013-07-30,372.9927978515625,393.66782035938644,368.2683925313179,388.2418017785769,3632814
2013-07-31,362.4681701660156,369.5313529608863,344.08513191932457,369.5313529608863,3026323
2013-08-01,367.6134948730469,372.8991900957861,344.3657602820198,366.677972584071,3827048
2013-08-02,365.2746887207031,380.2898100211454,355.82590790319176,372.80563171814623,3145030
2013-08-05,365.6956481933594,375.9396284294806,354.890377437347,373.1798263238957,1846081
2013-08-06,336.9283752441406,361.2051921222597,330.2393960205552,357.9776285315698,2679728
2013-08-07,348.1546630859375,354.23555881930696,332.2507819371251,338.6591162276517,3843246
2013-08-08,351.0079650878906,353.15965487645997,337.9574180771421,348.1078403577383,1440010
2013-08-12,348.8562927246094,363.91820887919954,334.91701485540733,348.5288541788814,2173435
2013-08-13,359.4744567871094,362.795549652375,341.13821333340655,344.08510297510185,2019325
2013-08-14,356.1065673828125,366.91186736896196,349.4643531638165,359.2405728822552,2330603
2013-08-16,333.4201354980469,353.6274224933564,325.5617540415027,349.41757222557834,3173412
2013-08-19,318.03082275390625,334.8702244424228,312.83865677002177,327.4328106100445,3279735
2013-08-20,315.5516357421875,328.6957401612543,291.4151737059162,308.72233490514395,5187529
2013-08-21,335.712158203125,358.95989134644157,331.1748696741682,341.18496896279976,8113368
2013-08-22,342.7754211425781,346.4707462526708,322.98912696736977,328.36838107327094,6411982
2013-08-23,346.2835998535156,349.8853666911945,335.52509258894685,345.20775483703414,5521984
2013-08-26,350.39984130859375,358.3050156054784,345.1609396383336,350.8208377338235,3088890
2013-08-27,322.98907470703125,345.20772937550913,315.8323348080018,345.20772937550913,3429668
2013-08-28,322.3341979980469,329.77161172498586,297.49609227956176,316.9549447571428,6941686
2013-08-29,330.2861328125,335.3847407090589,316.4404143510159,328.5554394172204,2654131
2013-08-30,333.7475891113281,344.2722152570953,322.75520180352686,327.9473392821551,2433451
2013-09-02,356.4807434082031,358.6324617219738,334.8702021842512,334.8702021842512,2228734
2013-09-03,325.93597412109375,360.17609711527416,320.4163980830686,360.17609711527416,3305740
2013-09-04,343.24310302734375,350.633722989282,321.81964951114065,328.3683051697976,3966778
2013-09-05,371.8701171875,388.24175756682394,355.87268002115707,355.87268002115707,8526456
2013-09-06,386.6045837402344,389.0837120820722,362.5616496291194,375.9396354159959,4101301
2013-09-10,383.33026123046875,407.513518320084,377.1558083597346,397.5969762610109,3472659
2013-09-11,392.7322692871094,395.21142634300304,375.14446060869705,378.465553515831,3246382
2013-09-12,371.4959411621094,396.4743714675192,366.11668750094145,393.24683640074477,2377014
2013-09-13,374.30255126953125,378.88660572761773,363.07628147019443,368.59585841155894,2837980
2013-09-16,387.72723388671875,394.50977065323843,376.59449552660004,383.51738347991346,3299336
2013-09-17,375.7525634765625,385.90298715161697,371.49594800793216,385.90298715161697,2719459
2013-09-18,385.7158203125,388.24174186021486,369.7184123432192,378.79296122785894,2757792
2013-09-19,406.3908996582031,443.53114805586233,402.27460706334415,407.8877411153908,12156937
2013-09-20,384.96746826171875,408.8232895027244,362.37460797285956,408.5426442021932,6557339
2013-09-23,361.11163330078125,383.09640890328996,359.24058856865287,372.33790169355166,2591710
2013-09-24,363.1697692871094,370.0926286163332,355.21782971505667,356.10655877259643,2528183
2013-09-25,358.72607421875,368.08129818012173,352.2241821456455,367.5667437323196,2144586
2013-09-26,358.6793212890625,366.5844978450136,352.50486707049566,362.98273050502615,4261623
2013-09-27,351.4289245605469,364.6197938850945,348.0142740866072,364.6197938850945,1781898
2013-09-30,344.97381591796875,350.82082974708686,338.3783957386724,348.0142631091102,2082095
2013-10-01,358.3517761230469,361.57933921255164,342.8688947513588,347.0787447551272,2265975
2013-10-03,373.36700439453125,378.8865809753069,359.75513602215784,361.6729741175156,2984315
2013-10-04,370.65399169921875,378.1381710082398,365.78926372840374,369.53135338291423,2324909
2013-10-07,371.5894470214844,374.115339952296,360.2696221504358,368.87640967190697,1800072
2013-10-08,375.1444396972656,401.24550597620265,372.33787281673744,401.24550597620265,3766564
2013-10-09,384.4996643066406,388.14819555723966,364.9472539971295,369.2506622759866,3557219
2013-10-10,388.6627502441406,392.7322494017982,380.2898142545036,384.4528999018398,2506328
2013-10-11,400.403564453125,402.08749325751006,388.7095351174613,396.05339125023335,2607130
2013-10-14,399.9358215332031,411.629851402595,394.36945189542155,405.9699523657604,8169553
2013-10-15,381.1785888671875,404.1456508950949,378.88654771415145,403.21012855505995,4149958
2013-10-17,364.0585632324219,383.5642124280692,361.53266969514067,383.5642124280692,4637522
2013-10-18,386.9787902832031,388.1949863924368,367.28605746126635,367.66026066800185,3895239
2013-10-21,398.0647888183594,400.96491402383896,384.2190684533243,388.3353613821284,3404948
2013-10-22,398.205078125,401.90040278622416,391.65642174805924,398.53251665382226,2278709
2013-10-23,399.9358215332031,404.89407877787426,394.7904483906707,397.78413145718605,2423549
2013-10-24,399.6083679199219,405.6424985249663,393.9484690964899,393.9484690964899,1802601
2013-10-25,397.4566650390625,401.24551903109955,390.29992497083936,395.8195009721544,2120328
2013-10-28,385.6690979003906,402.2278553066044,384.0319337492064,399.79549142915533,2647268
2013-10-29,407.0925598144531,409.75880431965925,376.6413176257171,384.5932578921945,3912100
2013-10-30,418.3656005859375,424.0722640025495,406.2505749001116,409.8055483612675,3246632
2013-10-31,416.8686828613281,421.63985161769347,412.7991557294321,419.1139303496557,1663042
2013-11-01,420.1898498535156,426.55141884324684,413.59442883057915,414.4363932196959,1811465
2013-11-05,425.33526611328125,430.3403168122693,413.68802901644165,416.30748039447786,1863758
2013-11-06,414.6235656738281,423.6981164055036,412.1912015679585,423.6981164055036,1042985
2013-11-07,400.7777404785156,416.02677082709664,399.51477968601404,414.9041326671231,1816618
2013-11-08,400.8245544433594,405.08116963271357,395.7727110121962,400.8713191399948,1580186
2013-11-11,387.72723388671875,398.2986245994131,381.9737488241846,394.0420094969267,1881535
2013-11-12,387.9143371582031,404.4730941919648,385.2013280500964,388.61597892150024,1842612
2013-11-13,377.2494201660156,389.59832767075676,372.33792740501974,387.0256409864256,3499006
2013-11-14,384.87384033203125,394.55650113810395,382.6753573780151,385.4351593809101,1575820
2013-11-18,392.5451965332031,396.6614892970651,384.03193716142744,390.5805938243507,1708568
2013-11-19,402.9294738769531,404.0988767747271,391.0483290156193,391.9838513338385,2017863
2013-11-20,393.0596923828125,402.22782814015477,391.1418830694763,400.40354821781045,1338612
2013-11-21,376.92193603515625,390.1128064227346,374.2089270242059,389.5514873222232,2613409
2013-11-22,381.0850524902344,386.2771903513203,379.1672144546995,379.1672144546995,2098483
2013-11-25,392.91937255859375,395.5388236223676,382.9092723615556,382.9092723615556,1794972
2013-11-26,385.9029235839844,398.0647126908736,384.49964022549716,393.29354356204243,1631482
2013-11-27,383.6109619140625,389.6450930218677,378.1849432271069,386.8852904268513,1533846
2013-11-28,390.5805969238281,393.85492528127344,384.0319402089376,387.4933844639022,1792494
2013-11-29,394.9775390625,397.5969901659962,390.86121797146905,390.86121797146905,1346558
2013-12-02,405.455322265625,407.4666893178738,394.97749058768795,397.9711445457247,1845832
2013-12-03,398.1115417480469,405.78283676799225,396.80181611168194,405.78283676799225,1463179
2013-12-04,399.2808532714844,403.21005783038316,393.9483939985458,395.25811933488836,1277047
2013-12-05,410.5539855957031,413.7815205464559,404.05209389728435,406.9522188681591,2484619
2013-12-06,417.47686767578125,419.58179305902047,409.6184852883303,413.40733955820986,1758736
2013-12-09,436.6549987792969,442.127809508787,425.66261262898786,431.2757459823371,2975182
2013-12-10,423.6045227050781,437.216390478819,420.04954907716,435.953429554469,1719053
2013-12-11,416.7751770019531,421.92054955753275,409.8055245749,420.6108240715419,1795277
2013-12-12,405.64251708984375,418.5059500498834,401.52622425260665,416.3074667067374,1938161
2013-12-13,389.87896728515625,400.4035944764172,385.9029970129021,399.4680720594163,2559982
2013-12-16,389.083740234375,395.3517514086587,382.7689643624722,388.5692143610594,1368811
2013-12-17,387.72723388671875,395.1646191421496,385.0141963402107,392.264494263042,1812860
2013-12-18,401.66650390625,405.923118937431,385.9965054323066,387.68043414687,3858592
2013-12-19,395.58563232421875,406.9522231930848,386.60461203343056,406.9522231930848,3258108
2013-12-20,397.4566650390625,399.7019129065613,389.9256932013599,393.4806951622857,1852050
2013-12-23,402.97625732421875,406.01670499990934,395.2581978397735,395.2581978397735,1475724
2013-12-24,396.33404541015625,405.1747432058541,395.3049650955965,404.14566289129436,1018128
2013-12-26,392.7322692871094,401.5729668735242,389.9257022501366,399.8422448240824,1479040
2013-12-27,394.83721923828125,397.50346379999473,393.1532903308191,394.79045453802655,770831
2013-12-30,390.6273498535156,398.4389672666006,389.6450627958298,397.4566802089148,935426
2013-12-31,393.57427978515625,395.2582086624654,389.1773131445813,389.1773131445813,565994
2014-01-01,396.05340576171875,397.2228087381323,394.18236099945705,395.3517639758706,436060
2014-01-02,386.4175109863281,404.9876361001643,384.1254982654003,396.19373136196396,1488105
2014-01-03,387.212646484375,388.7094877669781,380.38334560420634,386.370682184746,1744494
2014-01-06,386.6513977050781,388.2417972099859,382.7222207427593,387.44659745753205,1053536
2014-01-07,391.8435363769531,394.32266485885447,384.49968032500396,391.0483366809043,1751684
2014-01-08,394.6968994140625,399.0003082138001,393.20005784677835,396.19374098134665,1438845
2014-01-09,389.9256896972656,396.0533779939801,385.3884293067952,396.0065847482779,1444817
2014-01-10,379.728515625,400.8713264154641,376.4541874045703,394.7436664514677,6439413
2014-01-13,386.4643249511719,388.7095730929968,375.56549425553175,379.822109929619,2578191
2014-01-14,391.8435363769531,393.8081389936984,384.40612238137305,384.49968032500396,1651642
2014-01-15,397.5502624511719,398.4389916172318,391.98389265109165,393.01297301957857,1604906
2014-01-16,401.0585021972656,401.9472314313178,397.03573836721495,398.1583767732478,1392236
2014-01-17,396.05340576171875,401.80686269569793,393.8549224560858,401.0584562107442,1164331
2014-01-20,405.64251708984375,408.82328752998706,393.4339326778431,395.632416020989,1078601
2014-01-21,405.82958984375,411.62983991707773,402.83593541064283,408.0748663559264,1291285
2014-01-22,406.2505187988281,409.7587270786107,403.1165136922479,403.8181553482044,908648
2014-01-23,401.9939880371094,407.37324185500245,399.9825920305165,404.1456781443154,1049336
2014-01-24,388.00787353515625,403.6778720444121,387.35299650586427,398.0647382500518,2127724
2014-01-27,369.8119812011719,383.65772939811706,367.2860879337365,379.1672048951036,3637896
2014-01-28,364.71337890625,374.53636317856217,353.2532305885525,371.8701188803881,3241962
2014-01-29,355.7791748046875,372.3379335193437,354.1420105241376,370.4668886272867,1703617
2014-01-30,354.0484313964844,355.77912483867317,345.67549526048197,351.75639030565964,3221639
2014-01-31,359.0534362792969,360.6906002539547,354.51617610371574,354.51617610371574,1575659
2014-02-03,357.6501770019531,360.1293340278807,353.3467971038451,355.9194835233069,809570
2014-02-04,362.88916015625,364.4795597741205,348.20147451716605,353.72105137643655,1783912
2014-02-05,369.0635681152344,369.858767824951,361.39227340366165,362.51491164677645,1836383
2014-02-06,365.4617919921875,372.57176740019526,361.11161887376113,368.5957975032691,1223712
2014-02-07,363.59075927734375,371.8701378681573,360.45675366332233,369.53133196961545,1428673
2014-02-10,359.989013671875,367.4731929877134,358.679288001579,364.0585418848378,719987
2014-02-11,361.5326232910156,364.85371621093384,359.5212274002081,360.0825465197387,717541
2014-02-12,360.5970764160156,365.7892136813121,359.8018767632553,365.0408072727579,919601
2014-02-13,349.838623046875,361.76653399283913,348.24822350079495,361.2052148265827,1003217
2014-02-14,352.5983581542969,356.7614439154411,347.78042389637335,352.03703905000344,1410332
2014-02-17,357.13568115234375,359.2406065815324,350.82090486477773,351.84998522902345,1047736
2014-02-18,364.10528564453125,366.2569754854153,353.53386666790107,353.67418930102406,1763389
2014-02-19,367.5667419433594,369.2506993781371,363.2633332320977,364.1520909240535,1498154
2014-02-20,359.70831298828125,366.81828795368114,358.58567484379085,363.91816320530927,3540155
2014-02-21,366.77154541015625,368.7829414095656,359.8019206617912,359.8019206617912,1147452
2014-02-24,373.36700439453125,375.42513659335884,362.04717737640436,364.8537446428881,2077167
2014-02-25,376.6880187988281,380.52366563754,372.0104076662216,377.9042148232294,1853952
2014-02-26,370.27972412109375,377.4832574300436,368.87644063622366,376.0799739451735,1000077
2014-02-28,371.8701171875,378.1381280669626,366.72474449685535,371.8701171875,1337890
2014-03-03,366.95867919921875,377.7171873210569,365.1811922629779,371.4024108147606,903952
2014-03-04,384.686767578125,386.37069623863437,366.25696749981927,366.25696749981927,2110860
2014-03-05,389.1305236816406,394.2291032383992,382.6286320832584,388.24176605024996,1885593
2014-03-06,393.7145690917969,397.1292198065424,389.1772801873301,390.8612089220368,1766045
2014-03-07,415.4654846191406,423.4174246568076,395.25819598991745,395.25819598991745,4034650
2014-03-10,438.43255615234375,440.5374815000237,413.594448469671,416.9623347359344,4924045
2014-03-11,443.0633850097656,447.132912890252,430.3402755023302,439.88261477037577,2898887
2014-03-12,439.4148864746094,443.67150201122337,430.1531917951473,443.67150201122337,2039528
2014-03-13,438.9470520019531,448.9103582744984,434.78396656113864,441.75361875759256,2171476
2014-03-14,437.9647521972656,439.69547413521957,426.6917200782167,432.2112958520669,1858887
2014-03-18,451.71697998046875,453.44770206695944,439.69551187145464,439.69551187145464,3507136
2014-03-19,448.39581298828125,453.6347434148972,445.5892461757949,452.79277908112607,1470017
2014-03-20,438.71319580078125,451.85727274963534,437.68411555659384,450.92175044580586,1348600
2014-03-21,441.052001953125,447.0861036882736,439.3212799795242,442.4084921649607,1458528
2014-03-24,458.6865539550781,461.68023661549284,444.37307475655336,444.37307475655336,3390514
2014-03-25,454.7574462890625,462.56906407234686,453.5412500339499,462.56906407234686,2615164
2014-03-26,458.6865539550781,465.7029709249184,454.4299390799912,458.4994666324733,2581666
2014-03-27,459.9495544433594,462.6157988321448,456.11390712527134,458.17206770079457,2170348
2014-03-28,469.11767578125,476.6486189890962,461.2125008078988,463.0835454359227,2065347
2014-03-31,469.4919128417969,475.6663662693573,464.159423847568,472.43880263339605,1905650
2014-04-01,467.05950927734375,471.5032402118803,459.8559761319345,470.5209532147222,1149446
2014-04-02,475.43243408203125,477.02280482799324,461.8205677790778,469.63218452649534,1991703
2014-04-03,463.6916809082031,475.7131496930171,461.6803134188868,475.7131496930171,1599787
2014-04-04,468.5563659667969,471.03549443807475,462.19479697554283,462.70935138836995,3169896
2014-04-07,465.74981689453125,472.76623465868545,463.7852142105927,468.55638400019296,1136853
2014-04-09,483.52471923828125,485.06835400510386,466.2175837590468,470.84840240988274,2384220
2014-04-10,479.1745300292969,486.93935364343054,475.33888291694336,483.6650256170098,1620315
2014-04-11,458.5462341308594,472.15810026554584,456.8623054677456,470.240262485466,1451648
2014-04-15,452.0911560058594,464.8142651233454,448.4893894047875,462.1480208316493,1027632
2014-04-16,455.7397155761719,463.08357187035386,452.23150669836616,453.82190614292216,3374626
2014-04-17,466.7789001464844,471.59683466487184,455.55263165321173,460.089892329341,2147605
2014-04-21,473.7485046386719,475.5727846115051,463.27067161870633,467.7611674058522,1141176
2014-04-22,465.79656982421875,474.7308253481022,462.6157995614761,473.37430652802203,1236478
2014-04-23,465.3288269042969,470.47420000316805,459.52860526822315,463.27069479467485,2484935
2014-04-24,465.3288269042969,465.3288269042969,465.3288269042969,465.3288269042969,0
2014-04-25,463.4109802246094,474.9178931743576,461.21249709440747,464.252944590466,1701681
2014-04-28,462.0077209472656,466.82565536784017,457.23655122451277,465.79657506687363,1115291
2014-04-29,454.00897216796875,466.732081477358,452.5121592902911,463.08355012573645,1443629
2014-04-30,447.507080078125,461.0253596443851,443.1569072664903,455.0380228730048,1391554
2014-05-02,445.8231506347656,455.5993703087747,442.2214125389601,449.6120331645894,1233076
2014-05-05,449.3781433105469,453.63475836313273,440.6310040800861,447.55386340236726,1603848
2014-05-06,458.8736877441406,461.4463740668652,447.4135395792768,450.5007517465963,1387562
2014-05-07,460.8382873535156,465.1884603070455,454.52351187423443,455.88000206948857,1685631
2014-05-08,459.0608215332031,464.5336043569717,457.51718683944694,463.3642014373842,1096156
2014-05-09,480.3907165527344,484.50703764547245,457.0962162409703,459.06081884434514,2179187
2014-05-12,487.6877746582031,501.4399642008252,479.361660258749,484.60056241796167,2569167
2014-05-13,499.8028869628906,509.6726377468851,489.7460202621867,496.7624388905848,1977628
2014-05-14,502.4222106933594,505.6497738613599,493.8622164040279,499.52211457124093,1313340
2014-05-15,499.8963623046875,511.0291014975802,497.6979075454694,497.6979075454694,1560960
2014-05-16,525.716796875,549.151620361445,508.9709239423052,514.5372933539945,3007891
2014-05-19,524.12646484375,545.7370111031598,520.7117849816599,525.8571585767347,1893969
2014-05-20,520.1504516601562,535.6333358786504,512.8066236987415,532.3122427960951,2065575
2014-05-21,523.9392700195312,533.247728632273,511.1694244621357,523.7053894367978,1937799
2014-05-22,530.9089965820312,536.2414860293269,517.203569689393,527.63466796875,1627738
2014-05-23,524.6876831054688,543.5384811522864,518.3261425945491,533.2477353817611,2330579
2014-05-26,514.5841064453125,534.9317195051607,505.6031138656966,531.376745654886,1977780
2014-05-27,519.589111328125,525.2490098565974,505.18204498315,513.6017457328692,1439765
2014-05-28,518.56005859375,527.4475214570554,514.630853065811,519.2149356983658,952791
2014-05-29,507.7547302246094,523.8457252647589,506.11756619348444,518.793881985959,1726648
2014-05-30,499.52215576171875,516.3615575749069,494.51707707405933,512.5727035868898,1154455
2014-06-02,516.7825927734375,518.6068157601255,496.7623907217727,497.7914425142509,1212526
2014-06-03,506.5853271484375,519.1213488503672,501.9077156327548,517.3438336345077,1082946
2014-06-04,505.22894287109375,512.6663585806751,503.31113305913,505.27570757874844,596415
2014-06-05,498.6333923339844,508.1289666414079,497.2768735615309,503.21747450303377,958473
2014-06-06,510.140380859375,512.3856575805739,499.8963986060129,502.70296595763216,1125599
2014-06-09,521.226318359375,524.8280566928554,512.6662657177982,512.6662657177982,1196862
2014-06-10,522.302001953125,524.640807314817,511.7306131382249,521.5535956573316,809142
2014-06-11,521.8344116210938,534.7914318241518,509.85973567115417,521.0860050804273,2240823
2014-06-12,516.4550170898438,521.0858633818574,509.85959702533626,521.0858633818574,431081
2014-06-13,502.0481262207031,521.0859845022004,499.28832367995915,519.1681749738043,637311
2014-06-16,503.2722473144531,514.7605575781976,490.277297906932,503.7901509279639,1028057
2014-06-17,520.1279907226562,524.2713345422866,500.02349104976054,501.90681869966545,943205
2014-06-18,510.42877197265625,524.5537267775886,506.6150456702421,522.6233277824989,793566
2014-06-19,524.7891845703125,527.3316881330152,506.6150860992182,512.9242445771567,1800038
2014-06-20,523.0942993164062,526.3901229844664,518.2447072149906,525.4484590793064,1215250
2014-06-23,534.34716796875,536.654255916857,523.6592486906545,523.6592486906545,1348982
2014-06-24,538.3963012695312,543.1987638703772,534.9592052589064,537.5017091253659,927637
2014-06-25,544.8466186523438,548.0482983680427,533.9233422245363,541.4095804755134,1062983
2014-06-26,532.5579833984375,547.6716768244587,530.4392397179316,544.2817099254897,1924761
2014-06-27,538.443359375,540.0441993597393,531.0983930931002,533.4525526369525,591144
2014-06-30,538.3491821289062,543.6224761856843,536.3716537516684,540.3737247245466,743857
2014-07-01,541.8804321289062,543.3399994887662,535.8066892705511,540.6562807133655,1160823
2014-07-02,550.0258178710938,550.8733383044786,538.6317085643791,545.2233553475096,916904
2014-07-03,539.808837890625,552.7567166886993,537.6900940873037,550.8733888635248,576292
2014-07-04,536.23046875,544.1404102788381,524.5067428063567,541.4566914069211,926448
2014-07-07,523.5180053710938,537.6900341816629,521.917165403129,536.6542269830609,1093537
2014-07-08,518.9508666992188,532.0400157400051,513.1596691542387,522.6704499855941,990112
2014-07-09,512.1710205078125,529.2151141847762,508.7339242674828,527.3317863762894,1791553
2014-07-10,504.8730773925781,523.2355217847322,501.1534938284786,513.0655066032454,1401352
2014-07-11,504.96722412109375,512.2651187354312,499.31724119386473,504.8730807288126,1244271
2014-07-14,504.82598876953125,510.0051401679206,499.270206299657,502.94266098829877,933715
2014-07-15,508.451416015625,511.60596697734366,501.7655680812912,508.7809753789325,606338
2014-07-16,508.82794189453125,514.0542212509182,503.08381648833733,511.3233736137897,930425
2014-07-17,505.579345703125,512.5005520333493,503.79016139245186,508.49848065780185,790020
2014-07-18,510.7113037109375,512.3592152472634,496.350931751526,502.8484345131626,1110616
2014-07-21,527.0963134765625,535.5712876994996,511.3234447838739,511.3234447838739,1674032
2014-07-22,525.5426025390625,532.3696658522404,519.7984757067819,531.0984425699728,858090
2014-07-23,523.376708984375,530.5333880816593,518.9508777948668,527.3317082914801,658514
2014-07-24,519.5630493164062,525.778007976748,515.1842892548457,524.5067847199606,690087
2014-07-25,517.9150390625,525.9662522657351,511.60588072809304,517.3971355183558,569208
2014-07-28,519.280517578125,525.8250925280781,516.5967412448995,519.5630052251494,527177
2014-07-30,530.7217407226562,532.0400931468433,514.0543359966758,519.9397352571498,680088
2014-07-31,526.8609619140625,538.6317608844392,523.8946975836858,529.2151217081379,1039377
2014-08-01,516.5968627929688,531.0985118146311,513.0656226878183,523.5651995903102,561037
2014-08-04,522.4351196289062,527.3317833982392,515.8434723364282,517.6797284342535,534723
2014-08-05,522.6704711914062,524.977558954376,515.3255051798785,520.740071931426,432351
2014-08-06,520.3634033203125,523.1883947769365,515.560940833891,518.4330039865391,533624
2014-08-07,518.3389282226562,523.0943196334941,516.2201843537537,516.2672560559192,341244
2014-08-08,505.86175537109375,518.8567030449975,504.07257133627434,512.9242331802361,384425
2014-08-11,508.2159423828125,509.4400937749683,505.57929535172417,508.0275981360359,271885
2014-08-12,513.206787109375,516.9734424276089,506.6151403024656,508.1689086110767,344857
2014-08-13,508.0747985839844,514.2426862754528,504.5435585917763,508.8281182874003,408388
2014-08-14,516.2672119140625,518.1034679383624,506.0972537078028,508.68682932615883,551976
2014-08-18,518.1505126953125,521.3992643425244,512.1238413070181,513.2067776809547,656550
2014-08-19,535.47705078125,536.7482737028165,519.3274963984269,519.3274963984269,1264604
2014-08-20,535.24169921875,539.9500179751619,528.4617087145979,539.2908418543454,590301
2014-08-21,534.959228515625,541.2213163224195,532.040093470495,535.9008923978737,670343
2014-08-22,536.7013549804688,540.6092257075059,534.2529943389167,536.2305230272399,440118
2014-08-25,534.15869140625,548.9898935034707,532.1340916221916,535.9478752840033,848626
2014-08-26,529.591796875,538.2079870187041,525.0717642049749,530.1567722214517,496916
2014-08-27,543.7166748046875,546.9182970850338,528.3675096276063,532.0400212597681,412225
2014-08-28,551.2970581054688,553.6041458053511,544.3757950058217,550.2141217949338,770108
2014-09-01,571.495849609375,578.9349600089336,552.332954568166,552.332954568166,1531844
2014-09-02,577.8519897460938,584.2082201308484,573.4732302689804,574.4148940296848,1277709
2014-09-03,580.3472900390625,586.0914727298141,575.968588596291,581.9481297225371,1459503
2014-09-04,574.1323852539062,581.0065189589886,567.870298485986,579.9707118501955,592010
2014-09-05,577.42822265625,582.0423405437873,571.5898959147554,574.2265429182902,633231
2014-09-08,584.208251953125,585.7148910624819,578.1815805665015,581.9482358144917,501130
2014-09-09,596.6852416992188,600.4047674293247,577.2398628088866,585.7148363248409,826742
2014-09-10,595.6494140625,598.333190327099,584.4907212308929,593.0598386608987,891497
2014-09-11,591.7415771484375,605.019014237586,589.4815609536636,596.5911114159325,1075814
2014-09-12,594.4723510742188,596.9207114621609,588.5398805729628,596.0731910442968,393690
2014-09-15,586.9390258789062,590.79988188337,583.9256902710458,590.79988188337,366221
2014-09-16,582.4191284179688,600.2636710099316,576.2983130020967,584.7732881933041,1274041
2014-09-17,583.7374877929688,589.0107827623099,577.8520882849521,586.2328626996051,512933
2014-09-18,592.8244018554688,594.9431452913171,579.1232057985678,579.1232057985678,870506
2014-09-19,593.3424682617188,597.8625014783651,584.5379327795707,591.0825091280054,532173
2014-09-22,605.0661010742188,606.2902525959353,586.9390717894069,589.4815757034954,687450
2014-09-23,594.0957641601562,609.2094579208763,592.0240921317525,607.3261301631641,732144
2014-09-24,586.3740234375,595.6964599953511,580.1590082576723,593.248157256827,618112
2014-09-25,575.87451171875,594.0015406973505,568.7649611986864,583.8315826873933,939181
2014-09-26,588.0690307617188,591.6944133258157,574.6032501991639,576.298233508682,1169117
2014-09-29,588.6810913085938,595.0373213512261,580.6298206082528,588.5398187622541,592490
2014-09-30,585.2911376953125,591.2707374561685,579.123251149534,588.3515451200865,557826
2014-10-01,566.7404174804688,585.244136831932,565.5633375592461,585.244136831932,602106
2014-10-07,564.5275268554688,571.0250309717541,560.3841825676049,561.2317030956787,798852
2014-10-08,586.750732421875,591.2707649622625,559.8191688208392,560.5254167209496,928741
2014-10-09,589.6228637695312,594.707814256758,585.9974233325191,590.4232550808366,626240
2014-10-10,586.8920288085938,592.1182519865774,580.5828691499865,585.714948927309,688989
2014-10-13,597.9094848632812,610.1981868536072,587.5982540071774,590.3291022159615,2955157
2014-10-14,611.8460693359375,615.8481405859225,603.0886072720666,606.9023342624266,1979225
2014-10-15,611.8460693359375,611.8460693359375,611.8460693359375,611.8460693359375,0
2014-10-16,607.70263671875,619.6147053354763,603.6064226748333,611.1397321621947,1604023
2014-10-17,622.2985229492188,627.9956351359517,609.2565018121675,609.5860611648845,1666095
2014-10-20,628.3251342773438,635.5288849213165,625.123454552335,630.961781270213,945873
2014-10-21,638.58935546875,640.1430663184889,624.3231253166961,629.0314445121463,752512
2014-10-22,644.0509033203125,646.7346218930205,637.035497214532,643.250454685325,475609
2014-10-27,656.1513061523438,667.1687838017878,651.5371881450351,651.6313315325859,1242535
2014-10-28,657.2342529296875,661.0479797796509,645.6988715161538,659.0705088128836,640727
2014-10-29,651.9609985351562,662.6959903202392,649.3243510277374,661.0480784437767,890168
2014-10-30,668.816650390625,676.7737202393635,646.7816965748248,651.6312876737944,1773300
2014-10-31,678.092041015625,679.8812251242105,667.3571087878938,673.2895788972444,806832
2014-11-03,666.7921142578125,682.7062554788127,664.2496679757071,682.6121120885855,722814
2014-11-05,680.2107543945312,683.930337524624,664.3437439533072,668.5812306262908,917214
2014-11-07,685.9078979492188,688.8741042746244,675.3141807700686,681.7645544626469,891311
2014-11-10,682.2354736328125,691.1812803954235,678.9396500886926,686.4729610466809,590964
2014-11-11,678.37451171875,687.3673880186147,676.8678154045051,686.0490359279739,913581
2014-11-12,685.2015991210938,686.4728220981062,678.2332649055706,682.7061673815185,1022775
2014-11-13,680.2107543945312,693.3940462660356,678.9395313824728,692.07575156364,919911
2014-11-14,687.9325561523438,690.1455008198054,674.9846774237832,680.8230051454003,677172
2014-11-17,683.318359375,690.9458131642141,679.5987758705423,687.9324775096688,786713
2014-11-18,680.1636962890625,686.09616625481,677.9978812189759,683.4595193227658,523280
2014-11-19,673.760498046875,683.4125527009357,670.8413630437801,681.7646409307303,510425
2014-11-20,665.944580078125,672.8187135926206,663.8729084433835,671.9241215827786,530861
2014-11-21,672.6304321289062,681.1996070826223,659.2587948472611,664.8146341851055,857091
2014-11-24,678.421630859375,685.7195246064422,674.3253592391694,675.6437114220246,793534
2014-11-25,665.5679931640625,682.7062866125669,661.989682053289,678.9396312381527,842882
2014-11-26,675.4554443359375,681.5762591455019,662.9313270666714,663.8729908835275,762998
2014-11-27,678.5628662109375,683.4595291405551,670.4645810587728,674.0428917661341,1114645
2014-11-28,706.671630859375,715.4761646568733,681.2937792127169,681.2937792127169,1660682
2014-12-01,727.8590698242188,730.7311330144718,702.104529556024,708.0841293689302,1046556
2014-12-02,717.8773803710938,724.8457155336499,714.1578543126323,724.2807402392147,797540
2014-12-03,730.3544311523438,738.782333782607,717.5478262717166,719.4311538997264,997621
2014-12-04,738.6881103515625,743.9143324580901,714.5344131496371,727.0585290239499,827398
2014-12-05,741.3720092773438,748.905320805577,735.6278822269081,743.9145134130437,1029452
2014-12-08,737.65234375,743.4435993375931,723.8570030222255,742.5960788944235,634004
2014-12-09,729.3186645507812,736.8990471806303,723.2919928157826,735.3453362857799,558503
2014-12-10,736.8048095703125,741.842687621696,725.9756764910525,730.7310669135479,556655
2014-12-11,732.190673828125,739.3944248646762,726.2582034022223,737.2286096265972,537357
2014-12-12,733.2265014648438,740.3360512779406,729.6481332374256,732.6143970378922,417103
2014-12-15,736.8519287109375,752.6247974724815,726.022794934355,729.7894501609924,1065160
2014-12-16,719.1957397460938,743.5377264091992,716.7474368133932,734.9686086701488,969381
2014-12-17,715.5702514648438,725.9756236054684,708.3194296537558,717.0768903588873,1101172
2014-12-18,728.3770141601562,732.0023971231486,718.960375321628,728.8478461020826,706968
2014-12-19,725.6461181640625,739.3944444485192,724.2807516019905,731.8611338733424,736723
2014-12-22,732.5673828125,736.3811098018482,719.525304375368,726.964471569088,484759
2014-12-23,740.5244140625,743.0668602698737,725.9286255812865,736.1927262220277,526591
2014-12-24,738.7824096679688,747.4928008422173,734.49785036907,746.6453378073231,766335
2014-12-26,738.6881103515625,743.4435006021041,732.3789519864299,741.0422696314931,442570
2014-12-29,737.9818725585938,745.7035265962227,736.4281044229674,741.0893513552538,280905
2014-12-30,745.8919067382812,748.0577795559545,729.7894780195605,738.3585959974341,609368
2014-12-31,755.6380615234375,762.276779236197,748.0105509277333,752.3893102034853,1270958
2015-01-01,764.6309204101562,767.1734238818077,751.8243171468175,756.5326356222496,819116
2015-01-02,768.3035278320312,775.3188772575181,764.631015972374,768.3976712234694,640249
2015-01-05,771.3167724609375,773.8592761396156,764.67805436493,770.2809653018368,336910
2015-01-06,751.824462890625,768.3977241470941,746.1273504512745,768.3977241470941,485801
2015-01-07,745.7506103515625,758.5101425330217,740.665603165973,753.4251353474323,737973
2015-01-08,752.1068725585938,757.5685109875125,742.4548188138803,753.3310239776382,623621
2015-01-09,755.21435546875,763.5009852807198,745.3739574219001,757.0976830384975,544145
2015-01-12,781.0630493164062,790.244271353611,750.506047554072,757.9922862485583,896776
2015-01-13,777.3434448242188,799.6138160516011,772.2113657650452,795.7058884027435,3264664
2015-01-14,769.0098266601562,784.3118646319222,763.7835461731947,783.1818564867791,1238612
2015-01-15,781.9105834960938,799.4726379316656,776.8727047039154,791.4684949135041,1493767
2015-01-16,783.3230590820312,788.9730422429752,765.855205971033,783.1818439877682,1160723
2015-01-19,780.7806396484375,788.9259978358061,778.7560392892229,786.2893504310775,612731
2015-01-20,791.4212646484375,795.234991121598,774.612533193262,781.5808675321804,1318766
2015-01-21,793.3988037109375,809.3600162238844,790.4796689924639,795.7058914591998,1462665
2015-01-22,796.883056640625,802.1092796678381,788.7376411072788,789.5851615871953,553285
2015-01-23,807.33544921875,813.5504648857293,801.3559069802408,803.2392346112167,1179588
2015-01-27,812.8912963867188,819.2475272012109,801.7326030577831,807.0058974844112,840924
2015-01-28,818.0704956054688,828.6642142535972,808.1359531681443,809.7838649578532,925540
2015-01-29,824.944580078125,827.6754281527905,812.6088069951296,813.1267106025045,687051
2015-01-30,819.4359130859375,833.18418263026,815.7163292958154,825.8392159219973,888368
2015-02-02,823.5321044921875,826.6395836870594,806.158395049795,814.6333696583182,666544
2015-02-03,811.1021118164062,837.8924591042529,807.2413131278273,825.4624851324743,1013403
2015-02-04,812.9383544921875,821.4133287698245,801.5913170931599,814.1625059484822,907333
2015-02-05,814.9159545898438,831.8187754604273,801.3559715641347,811.6201309700148,704581
2015-02-06,795.9884033203125,817.6466708475222,791.4684285486838,813.4091837226333,465226
2015-02-09,777.013916015625,789.8205208451529,772.6351563081347,789.8205208451529,573650
2015-02-10,791.7508544921875,802.2504280954361,768.1151178051974,768.1151178051974,1050019
2015-02-11,805.5933837890625,812.8442065699852,794.7642500502265,794.7642500502265,787344
2015-02-12,819.200439453125,823.9087584827141,797.2125551001855,807.8534020867348,507508
2015-02-13,824.2854614257812,826.4513343480073,813.5505275866288,821.9784308797099,700753
2015-02-16,812.5616455078125,828.0048960031183,805.1224791434339,821.6015942136212,420397
2015-02-18,814.39794921875,819.1062684198172,802.8625671761354,811.5258860010189,503192
2015-02-19,807.4767456054688,819.7183755680006,793.3047162591498,817.3642159598214,621565
2015-02-20,825.6509399414062,829.9826285965705,801.0264621313936,807.10014862977,1207981
2015-02-23,816.9403686523438,827.2515981319464,807.8533480181776,824.8974387747126,596633
2015-02-24,813.73876953125,816.422488284909,804.8400354131563,815.0099926304368,505014
2015-02-25,808.4655151367188,822.260914010496,805.1226198474772,814.5392586761027,617078
2015-02-26,795.9884033203125,809.8308727565355,790.1030045357446,806.2525617904378,1152143
2015-02-27,814.068359375,817.1758384363992,788.6905083368113,795.6588434832437,1063550
2015-03-02,889.4013671875,894.4863741718442,860.6806242555585,871.0389249851112,1263167
2015-03-03,883.8456420898438,889.8723135524192,871.9807008989843,889.8723135524192,617171
2015-03-04,855.2190551757812,906.3984585502402,850.4165354204089,903.9030840218352,996972
2015-03-05,859.9274291992188,864.3061315654501,841.0470807237366,856.7257491570415,739059
2015-03-09,842.9774780273438,856.9140913142379,838.5516465003614,855.0307636410198,1121892
2015-03-10,844.4369506835938,860.2568898677767,836.7152965953042,845.6140303472174,949910
2015-03-11,838.2691650390625,852.2057784289474,833.4666449521063,845.708274918489,661190
2015-03-12,839.7758178710938,849.8516326562318,836.9508262943971,840.9058259966926,678466
2015-03-13,824.1441650390625,844.9549119227677,814.7745987820725,842.7890966887661,789147
2015-03-16,826.0745239257812,836.9507287333336,815.7162226853326,824.1911964275179,637728
2015-03-17,850.463623046875,855.7839886510549,829.4174041395152,830.641555496918,578263
2015-03-18,850.5108032226562,867.1782649097607,843.7308119885425,854.4658028987726,1120286
2015-03-19,829.7470703125,865.3890217210757,823.955815022787,865.3890217210757,1142631
2015-03-20,834.6436157226562,842.6948865130615,823.2495076937972,836.1973838514062,751604
2015-03-23,836.527099609375,841.8475236153536,830.1237966069976,836.1975402353847,955973
2015-03-24,833.231201171875,844.1545358773219,827.3458023460732,833.3724737335334,704010
2015-03-25,820.2362670898438,837.9395355873395,813.8329645449537,835.7266485781271,715430
2015-03-26,810.1604614257812,827.6283716303807,803.2863268914874,814.068389350037,2107203
2015-03-27,829.3704223632812,835.7266532471326,801.2617798889779,810.7725616290493,1088061
2015-03-30,836.150390625,838.0807899383655,824.9916400045452,834.3612063982139,411951
2015-03-31,834.3141479492188,841.94160193273,826.31000544632,839.022467068571,583298
2015-04-01,871.2743530273438,874.4760326508394,829.1349017460968,832.5248681330754,954252
2015-04-06,861.5752563476562,872.9222929979645,858.1852323755292,871.9806292514727,573759
2015-04-07,854.0418701171875,866.8014012479181,847.6856403959235,861.6693227928687,738125
2015-04-08,849.333740234375,861.7637148307541,847.5445558890214,861.7637148307541,456811
2015-04-09,888.8365478515625,892.556074149881,848.4391449310431,855.030792005979,1086130
2015-04-10,890.1077270507812,895.9460542375442,881.0206481857342,893.0739910776056,761095
2015-04-13,894.34521484375,899.1948065163432,885.6348244912313,892.6973031554357,847695
2015-04-15,891.3318481445312,910.5888841279898,883.5160501893345,898.2059823105575,862700
2015-04-16,879.9376831054688,903.0555161587218,873.8168688666452,899.2888612425228,3431738
2015-04-17,824.8975219726562,881.397352244756,822.2138030245713,881.397352244756,2706290
2015-04-20,794.52880859375,829.8412000868055,781.580931712963,823.6733138676043,1937207
2015-04-21,788.926025390625,809.8309760343394,784.6885377253291,799.4726728525048,1671993
2015-04-22,796.883056640625,802.2976239383308,772.1643798467503,790.9976574039881,1350387
2015-04-23,808.6537475585938,819.1533213900947,800.5554622759379,804.9341642408435,1373721
2015-04-24,782.098876953125,813.0325680335355,776.1193346649618,813.0325680335355,1042505
2015-04-27,775.0364379882812,785.347668876727,763.2656395938459,785.347668876727,1087851
2015-04-28,779.4151611328125,786.5717832284483,759.0751879840705,770.4222830795362,1528666
2015-04-29,784.5001220703125,792.8809532356838,770.3280927740245,780.4509790534587,1119768
2015-04-30,775.74267578125,786.6660110336769,772.2114363089441,781.6751465998038,1960263
2015-05-04,792.5984497070312,799.9434160166196,778.9443243012149,779.6976438631679,868300
2015-05-05,787.748779296875,796.6004413201744,783.0875323534843,790.8562581009379,672307
2015-05-06,756.1089477539062,790.055915712423,752.3893643077784,788.1725881421908,985312
2015-05-07,748.81103515625,753.3310097196489,740.147717049555,750.2235307994744,1753181
2015-05-08,763.1714477539062,768.1151827657635,753.3310494258614,756.2031125568778,1407570
2015-05-11,771.8348388671875,774.9893899433367,758.9811036383103,768.7744311912267,1423467
2015-05-12,753.5664672851562,774.8951756658219,747.8694127043806,774.8951756658219,1358401
2015-05-13,769.5277099609375,771.5993819265199,748.7640335567194,758.1335428875346,1074443
2015-05-14,769.0098266601562,772.1643776521872,753.6135878161107,769.527730296588,680132
2015-05-15,784.7354736328125,792.2217120409733,770.2809578656363,772.1172136977656,1234559
2015-05-18,796.9771728515625,802.580084228631,779.2739040465849,781.3455760021311,995778
2015-05-19,796.3651123046875,808.6067420912867,793.069288900603,796.6475999586893,816702
2015-05-20,801.8739013671875,806.0643173154422,797.8247579970893,799.4255981595759,750251
2015-05-21,798.7192993164062,805.8759216784207,789.1613881263912,805.8759216784207,503688
2015-05-22,802.8624877929688,811.3845906839557,798.7662734828941,801.0733611582232,760999
2015-05-25,804.2750244140625,812.4204392316072,797.5421627637803,802.1092091802276,516256
2015-05-26,803.192138671875,809.6425126234307,792.2217325627311,803.239210366309,552759
2015-05-27,810.1133422851562,814.5391735670873,795.3292093740482,799.4254813212532,307557
2015-05-28,805.4050903320312,818.4000401433333,800.5084267507084,813.5034340366115,1570880
2015-05-29,822.9672241210938,828.6642795480655,803.3806253721517,805.0285372917075,739227
2015-06-01,831.442138671875,833.37253814101,819.2475798674335,819.2475798674335,641892
2015-06-02,797.7305297851562,832.4778903316752,793.3517700230826,831.4891548135097,885470
2015-06-03,793.4458618164062,801.2617170102903,785.3475764638116,795.7058778320393,505601
2015-06-04,797.2597045898438,803.0038309625035,788.4080415987758,798.3425835094899,454498
2015-06-05,785.7714233398438,798.3426129428846,781.5810076472965,790.9976462936494,979963
2015-06-08,764.3485107421875,780.0743075487113,761.8060070112602,779.697619042427,1318893
2015-06-09,761.9944458007812,770.6577652487592,743.9144872733932,760.6760933398224,1076855
2015-06-10,771.7876586914062,782.2401617787303,763.6893726738538,763.6893726738538,997303
2015-06-11,748.7169189453125,777.8143554753319,746.7394478110632,776.8726916067177,1251145
2015-06-12,763.5010375976562,766.5143734106525,738.2644579286875,743.9144410250805,1006880
2015-06-15,748.1989135742188,762.7476298609292,746.2214427088611,762.7476298609292,626249
2015-06-16,773.6239013671875,777.1080690030478,741.0894278162965,748.6698100874773,854175
2015-06-17,770.4694213867188,779.6977161945841,764.1602617051993,778.7560522861367,1319469
2015-06-18,777.3905029296875,782.5225818991556,765.5255625838702,772.1642805743774,721061
2015-06-19,786.0068359375,788.4551389852189,775.695605169013,778.2851807856622,497932
2015-06-22,790.2913818359375,815.0100577646755,784.3589111079604,785.159302386289,1357595
2015-06-23,784.9708251953125,798.0599734128041,780.8275394641182,793.5399992175965,1202887
2015-06-24,795.2350463867188,804.6516839993501,785.5829928337715,785.5829928337715,905000
2015-06-25,816.5639038085938,833.7963423153831,792.6456168819514,795.2351927018806,1929219
2015-06-26,818.6825561523438,833.0900012451699,801.3559187040385,813.9742370060216,1457184
2015-06-29,809.454345703125,813.5976902637562,792.0335618259496,809.3602022936325,696937
2015-06-30,821.7900390625,823.7675101231839,805.1225777131672,810.7254890179038,738228
2015-07-01,824.4736938476562,834.3140916378524,811.7141613903259,821.6957742598122,832607
2015-07-02,819.0120239257812,831.8657567478539,817.364112408828,831.8657567478539,688412
2015-07-03,841.3765258789062,848.0152435473302,807.947464134417,807.947464134417,1092421
2015-07-06,846.8382568359375,848.6745127690258,825.839165268722,832.242467712032,940588
2015-07-07,846.5086669921875,858.7973678330371,842.7890835642195,843.7307473447382,698569
2015-07-08,840.3407592773438,843.7307258108532,822.9199797823652,830.5003615271532,719187
2015-07-09,840.9058837890625,845.0492280428147,824.1913491448789,839.8229472870622,1043039
2015-07-10,842.7421264648438,851.264173342433,835.2558868968341,845.5200464900302,528685
2015-07-13,870.0504150390625,873.5816548391497,842.8363039898817,851.4525520919368,3460092
2015-07-14,870.1443481445312,879.32556940581,865.7185171698169,878.5722499254441,1362690
2015-07-15,873.0635986328125,877.6306449865199,864.4473520360785,867.6019027165243,728864
2015-07-16,877.9132080078125,882.5273839264992,870.0974094395849,875.747392617764,1581760
2015-07-17,881.256103515625,883.9869517091475,871.1332169847346,878.8548721590317,941362
2015-07-20,892.179443359375,894.5806747281989,876.1240859025944,881.3973805743096,757943
2015-07-21,883.6101684570312,895.7576539818131,878.3839460706372,891.7555829916184,378818
2015-07-22,901.0780639648438,903.9971985954708,878.5722773849731,882.3860040716289,668776
2015-07-23,894.3922119140625,908.6113689230087,889.8722374410269,898.4413545154363,714586
2015-07-24,900.08935546875,910.1180983211037,890.2960860502096,893.6389811761278,1061478
2015-07-27,883.5631713867188,897.4056413579897,874.8998525460554,894.3923055688981,568643
2015-07-28,894.4393310546875,896.6993471483919,876.4535755929281,886.1527011687658,1002593
2015-07-29,897.9705810546875,903.0555885892417,889.4485351181861,893.6389505434728,900217
2015-07-30,916.8980712890625,925.3259739569899,900.6072987288948,903.0556016664096,1155545
2015-07-31,920.6646728515625,931.5879495157462,913.5551229337345,918.1221691957936,994608
2015-08-03,917.039306640625,928.4805452745683,910.2122438077238,920.9472345624015,826349
2015-08-04,896.7463989257812,916.2388505086018,885.211017714342,916.2388505086018,1183219
2015-08-05,897.0761108398438,906.3514769911594,893.2623261777582,902.1139895662657,496812
2015-08-06,896.0872192382812,902.39637798302,891.1434844529748,897.1230838685311,516457
2015-08-07,895.4725952148438,907.4348903626951,890.7916720190728,898.26224097533,452556
2015-08-10,893.0612182617188,905.9218815941265,885.7325182801378,895.0470364601678,547548
2015-08-11,899.0187377929688,901.1464249014798,888.4748430350203,893.7231263592396,535103
2015-08-12,864.7393188476562,901.902908132096,856.9850699813494,895.4253061382916,458811
2015-08-13,874.99951171875,883.0374409824792,860.5312505874791,862.2806591638781,590548
2015-08-14,906.8675537109375,911.1229280505613,877.789162390175,884.1722238996106,935467
2015-08-17,900.0116577148438,912.2576907633099,893.2503177352252,907.7659068135905,595833
2015-08-18,915.5673828125,918.6879789174662,898.6404273297121,902.1393019940946,594739
2015-08-19,905.4017944335938,917.1750079165434,902.2811982340328,913.2505841831581,593595
2015-08-20,881.4298095703125,909.2316104494076,868.1435973729173,896.4654879937997,591055
2015-08-21,856.0394897460938,874.6685849106326,844.7390949908696,865.259467680393,1314813
2015-08-24,818.5447998046875,832.162019575532,803.8874005962548,832.162019575532,1626974
2015-08-25,830.3181762695312,835.944738940458,818.5449611063952,827.4339893358606,1189117
2015-08-26,807.1026611328125,829.2306306409116,802.3271970597096,829.2306306409116,1089934
2015-08-27,811.8308715820312,823.6513560255669,807.244546704823,817.0318847371869,1888490
2015-08-28,801.57080078125,833.1078335972802,785.1166615711031,822.7058061630349,1779090
2015-08-31,811.4052734375,817.9774739333536,792.4452290822547,795.2821451768212,810239
2015-09-01,786.2986450195312,806.5826083797731,770.4119250700953,806.5826083797731,965840
2015-09-02,779.962890625,793.3437030737712,765.2582184527306,790.554056999052,1244494
2015-09-03,803.2255859375,808.5211399073191,775.4237833029259,784.8801709041811,916326
2015-09-04,795.093017578125,797.2207046803176,772.5868277739293,796.7006149321119,943412
2015-09-07,775.6129150390625,812.8710471945545,768.4733540131408,803.792938272711,1228245
2015-09-08,794.6674194335938,800.8613987881845,771.9720917481158,776.8421539008391,2536360
2015-09-09,811.3106689453125,823.3675614004368,795.3766235017491,806.6297462134123,2014128
2015-09-10,819.7742309570312,827.4338815161839,790.1284224003842,799.5375392250669,1364608
2015-09-11,821.4763793945312,837.7413771553537,815.2824572330981,826.9610725057878,1412833
2015-09-14,828.615966796875,832.1621121611983,820.8144469953637,820.8144469953637,1144929
2015-09-15,830.8855590820312,838.6870792231113,823.7459399306671,828.2850523683379,1937337
2015-09-16,850.2238159179688,858.1672048680952,836.6539223218151,837.8359708133689,1151193
2015-09-18,868.7109985351562,879.916793832928,855.8030074355721,856.0866874968059,2094161
2015-09-21,863.8409423828125,874.6212465240613,855.8030135264863,855.8030135264863,683274
2015-09-22,839.7744750976562,870.9332832570815,827.9067204034471,869.0420057690096,808319
2015-09-23,856.3231201171875,858.5454057103543,825.5425917284842,827.4338691436698,955777
2015-09-24,876.5125732421875,881.4298485279176,847.6232634938771,858.6399779275177,2909599
2015-09-28,870.8387451171875,886.6308660168336,866.3469610693604,876.6071183864609,1690643
2015-09-29,890.1770629882812,905.9219721251492,852.3042405196023,863.1790867403114,3261855
2015-09-30,891.2173461914062,906.0165595713065,888.474970438088,904.8345110081892,2038714
2015-10-01,905.543701171875,910.8865835340962,890.5553491235246,898.3568693043254,1251550
2015-10-05,907.5294799804688,917.1750063494364,900.6735993446779,913.4869922998525,1399766
2015-10-06,900.4371948242188,911.5957201036226,895.283452290565,911.5957201036226,1149797
2015-10-07,896.79638671875,902.7539563614586,890.03510503114,900.9572198474349,1390453
2015-10-08,893.4395141601562,901.7611239399482,885.3070436811528,899.3024861813317,1367019
2015-10-09,888.9478149414062,905.1655447717801,883.4631209972563,902.8959883796824,3827106
2015-10-12,893.250244140625,905.9218251153407,888.9003294451151,892.6828840384985,1028185
2015-10-13,894.5269775390625,898.0258524200841,885.5906799036935,896.4655254123882,819594
2015-10-14,898.2622680664062,909.704473808086,894.5269834756236,895.5198926156523,1071537
2015-10-15,905.7328491210938,913.4870989788495,900.3426963103846,902.0448923580287,1103270
2015-10-16,912.0213012695312,913.4870297842318,898.4040802231312,905.9219198067227,744451
2015-10-19,909.7518310546875,920.4375383630288,906.9621849437435,912.068657747411,811801
2015-10-20,904.6925659179688,917.3640900088936,901.2882319296974,908.2859814745831,702126
2015-10-21,905.4017944335938,915.1418616031594,900.1535111365313,905.9218841806528,737124
2015-10-23,907.6240844726562,913.72346611331,905.1181763498645,910.6501400953351,329508
2015-10-26,905.8746948242188,912.4468959900854,904.0306876313192,911.5957979880667,774154
2015-10-27,902.1392211914062,907.4821023492833,899.3023054014961,903.2739990508102,529820
2015-10-28,873.9593505859375,911.1229421850732,868.9947471126925,897.4111802113487,1653036
2015-10-29,864.78662109375,873.5810497648212,859.1127886972902,870.0349045170337,1155093
2015-10-30,862.3280029296875,872.1153409475007,853.297106654485,864.3138212263656,905083
2015-11-02,863.9827880859375,867.0087856356979,855.0464911714673,862.3279204246357,777036
2015-11-03,862.2806396484375,870.9332569822119,859.1127730383708,865.2121542968341,1077484
2015-11-04,864.0300903320312,869.42024245673,859.8219865804155,865.5903595541771,539364
2015-11-05,858.119873046875,863.1790171417027,852.2569014050025,861.4768789791481,1329817
2015-11-06,870.8860473632812,873.7702341034055,859.2073737814645,861.4769299439421,1027490
2015-11-09,873.202880859375,875.2832400214296,851.0749101096399,853.911826476672,1281696
2015-11-10,845.16455078125,868.0017474640666,842.5640444711538,864.3137336101398,1005017
2015-11-13,843.7461547851562,847.055890332086,832.1620803709022,840.5782881342636,780686
2015-11-16,862.8008422851562,867.6708473510938,841.0511504377645,841.0511504377645,641386
2015-11-17,856.985107421875,866.5360356011555,852.0205040409483,865.5431264684117,370477
2015-11-18,852.0678100585938,863.3682050082223,848.6162631464447,855.8030947781393,720317
2015-11-19,864.4556274414062,867.4816250612588,851.6895051870869,859.5855651241728,654116
2015-11-20,871.7371215820312,880.8625592657111,860.5313246718165,864.4557488547325,1277692
2015-11-23,869.7039184570312,879.396715070997,868.1435915249741,872.8245146039401,561734
2015-11-24,869.5620727539062,877.5527314751113,862.4697823594414,868.805573321938,758435
2015-11-26,865.779541015625,873.864740737958,863.8409931327699,872.7300204182827,1010152
2015-11-27,873.1554565429688,876.1342414870381,861.0985633114957,870.9332287205203,1152436
2015-11-30,884.40869140625,887.9548369211107,872.1626573514887,875.0941722741009,1180438
2015-12-01,891.4064331054688,893.6286611866143,882.7538150451899,888.9004672120819,856641
2015-12-02,891.3590087890625,893.6285647387732,884.3613170923308,893.1557453923506,795995
2015-12-03,895.2362670898438,897.8840441970086,882.2810039345013,888.5695250665785,766241
2015-12-04,891.6900634765625,893.5813409609108,884.0303550346268,888.9949584310411,1331500
2015-12-07,900.9573364257812,902.5176634802356,889.8460808991448,891.7373584355936,884329
2015-12-08,892.8721923828125,905.3073083329098,890.3189560053661,897.3167064150765,768665
2015-12-09,877.410888671875,897.4111712658962,874.0538826621092,891.7373387816018,620237
2015-12-10,879.53857421875,881.7608599012934,869.4675562081709,877.6472967275004,978676
2015-12-11,866.346923828125,886.6308279036638,857.7888473626957,877.5527194104383,1189304
2015-12-14,864.644775390625,871.8789349770472,854.621027641547,862.1388673119602,1665452
2015-12-15,868.23828125,873.6757043120682,856.9378861253898,865.2594959638953,1122718
2015-12-16,882.0444946289062,890.2242924448585,869.0892329365334,871.2169200047887,822684
2015-12-17,897.45849609375,900.0590028067812,878.8767282109633,887.0091988448306,799986
2015-12-18,884.2195434570312,896.9383967894222,879.2549397847652,894.2906197076559,1605306
2015-12-21,898.971435546875,900.9572536909046,883.0846595258196,885.1178057776822,497381
2015-12-22,883.8884887695312,898.3567490796895,879.7276554763855,898.3567490796895,491307
2015-12-23,888.5693969726562,893.250262202857,885.2596616365203,885.2596616365203,460487
2015-12-24,894.0068359375,897.8366610685301,883.0373925605437,892.0209600685624,528850
2015-12-28,905.543701171875,907.3404379973687,893.1558558504582,895.0471334700462,918653
2015-12-29,906.6312255859375,909.7045517743644,900.2481635022816,903.0850799839064,748840
2015-12-30,915.8984375,917.1750844954175,907.8132373978675,909.7045149757797,647879
2015-12-31,916.2766723632812,919.1135885947272,910.8865199800923,916.3239427570303,1943876
2016-01-01,911.453857421875,919.4445161513921,909.089760621261,915.3782811977773,500233
2016-01-04,883.415771484375,909.5626494663012,881.2880842012803,909.5153790701191,1210344
2016-01-05,884.40869140625,894.9052590433527,881.5245045976058,889.6569752248014,780609
2016-01-06,892.6356201171875,900.0588604736072,876.1342140405493,885.259650150087,1030625
2016-01-07,875.1886596679688,886.1107756438842,870.6968756232116,883.3211297989616,1976106
2016-01-08,895.567138671875,897.1274656475232,881.335287472335,883.7466546660764,744102
2016-01-11,885.8271484375,890.9808914557055,877.5528089137977,888.8532041496106,1193326
2016-01-12,863.6045532226562,890.6025268908294,855.897574637537,888.9003887536785,4267340
2016-01-13,885.49609375,893.3921537366302,864.1246246931642,864.171895084295,3876447
2016-01-14,867.150634765625,879.3493963350321,863.3680801973998,870.9331893338501,1625707
2016-01-15,871.453369140625,881.4298463023181,865.8268070952354,869.7985013459345,1139012
2016-01-18,850.2238159179688,879.3968073198446,845.3538107630937,866.7252244035028,1123421
2016-01-19,847.7178344726562,856.2758532683408,839.7271758169924,848.4743338984194,1086798
2016-01-20,826.1573486328125,907.8132347325484,819.6796883171546,836.3702359801115,1179428
2016-01-21,825.9208984375,847.52872055529,821.0981062341408,832.162091033367,1192113
2016-01-22,849.18359375,856.1813435559815,832.9185957783845,839.6326655040606,1018517
2016-01-25,857.883544921875,861.3824200824915,850.696655294109,855.8031279844371,666497
2016-01-27,858.87646484375,868.0964434093723,832.2094383720455,858.4981862259672,1054242
2016-01-28,857.836181640625,867.8126585199826,851.0748417553526,857.6943127467831,1679264
2016-01-29,878.3092651367188,884.1722369680773,851.0748805040316,857.221532418783,1369077
2016-02-01,876.70166015625,888.522144505877,873.770203124426,878.2619871772843,916513
2016-02-02,858.87646484375,881.3353869907789,854.6683605190744,876.6071928545623,688338
2016-02-03,856.4177856445312,865.448624465386,842.564154407181,846.3467095335881,773012
2016-02-04,863.5572509765625,868.3327147497415,854.4318146608923,862.4224730212516,812359
2016-02-05,862.2806396484375,867.5289806932684,859.5855923961244,864.2665155813269,1654488
2016-02-08,834.95166015625,861.1458623861109,830.7908269964356,861.0985342797015,1754784
2016-02-09,821.1454467773438,830.7437038932748,812.7292959043704,825.5426903799987,2083698
2016-02-10,789.7030029296875,819.8689061865283,782.7525802720863,818.9232673097273,2329955
2016-02-11,767.0548706054688,787.9061928323347,755.5653370737227,784.8801373857194,5158251
2016-02-12,767.8113403320312,786.6295154965146,756.510946524875,770.6955267722163,3788481
2016-02-15,778.9226684570312,786.771458725393,772.8232868309224,780.1519873178477,2167942
2016-02-16,789.4192504882812,793.3436745543604,774.9509885421627,786.7242030231887,2242516
2016-02-17,786.345947265625,789.9866913438692,769.1826373557753,784.8802186417246,1141968
2016-02-18,801.6179809570312,804.1238890174526,788.2844399344308,791.7833148574057,1064050
2016-02-19,795.7550048828125,802.5636153985135,789.7028938205874,797.2680037897644,1035996
2016-02-22,798.6864013671875,808.9466156154673,794.5256258298592,799.0646799238557,613082
2016-02-23,794.005615234375,799.584849339439,785.5894071059705,796.2278432539599,1908481
2016-02-24,777.2205200195312,792.4452809703839,774.3836037392077,790.2230529710142,1034245
2016-02-25,763.8397216796875,779.1590814016638,761.0028053503294,777.3150742441388,1480299
2016-02-26,771.97216796875,777.7878693492479,768.9934405462483,770.6955787472791,1045114
2016-02-29,784.8801879882812,793.8164860094213,758.4023021284356,773.0597032294216,3045853
2016-03-01,814.0057983398438,820.43613009009,788.6626921963986,791.4996083553784,1330369
2016-03-02,834.6207275390625,847.7651290915029,823.6513412590061,827.3393554261536,2349698
2016-03-03,847.0559692382812,849.2781973684879,836.1811228567683,836.8903519686061,1973901
2016-03-04,866.1105346679688,871.2169491724164,833.0604495578071,849.9400777775322,1327247
2016-03-08,870.9805297851562,877.1271814529657,854.8574011845744,866.2050658020688,1879422
2016-03-09,883.652099609375,886.4890157249487,862.6589088106888,863.3681378395822,1631962
2016-03-10,876.8436279296875,884.4087387665033,869.0421073792212,883.2266901982509,1128913
2016-03-11,876.323486328125,882.4228681233869,868.1436876322109,870.9806040284061,1436095
2016-03-14,871.0276489257812,881.3351322503519,868.1907332640312,878.4982165886018,1238350
2016-03-15,868.4746704101562,881.2880642143082,866.9616137461659,871.7844061087967,1027959
2016-03-16,865.8741455078125,876.607122245619,859.869304808167,871.6897891965924,1558572
2016-03-17,862.9425659179688,877.5526950678737,852.3514011581915,876.1342370478287,2374275
2016-03-18,878.4983520507812,883.9357745742387,854.1481555326891,861.9969451970213,1678210
2016-03-21,881.5244140625,885.5906489584837,872.6353871312932,879.4439973640042,1120071
2016-03-22,877.552734375,886.0634828764817,872.5408606897911,881.713567840385,1462833
2016-03-23,877.6000366210938,883.6994181453139,874.7158499565707,878.4984049834098,1426779
2016-03-28,865.0703125,887.9547816755485,862.0915850831707,876.607116734008,4743485
2016-03-29,877.6000366210938,879.9168631184746,863.1790455812692,868.0018378708147,1120607
2016-03-30,895.2362670898438,897.2220854909143,884.6451009439721,887.9548367572312,1817471
2016-03-31,915.0000610351562,917.269617195514,885.6852588361244,894.7634257603445,2973760
2016-04-01,909.0426025390625,916.3240331280012,899.0661243513388,914.1018049477551,933728
2016-04-04,909.0426025390625,917.2696719650787,904.0307282459951,909.0426025390625,1501960
2016-04-05,899.5860595703125,911.5956822807298,894.9524646952661,907.6239883041155,1278350
2016-04-06,903.4633178710938,906.9621352002573,895.567199389555,899.491623432431,1055612
2016-04-07,888.5221557617188,906.8203003970683,886.5363374527085,903.0850157518257,865013
2016-04-08,886.0635375976562,895.3307861059292,884.1722600360818,888.900453940018,1035958
2016-04-11,908.569580078125,909.7043579724665,885.5905730158158,887.9546695801934,921823
2016-04-12,916.2766723632812,918.0260809524561,905.4963675969034,908.7588328065079,1045525
2016-04-13,932.778076171875,940.390456485017,921.0521327096329,921.9977714495811,2933470
2016-04-18,934.5747680664062,939.6339700253897,924.0782009947658,932.7780890659933,1475787
2016-04-20,930.3667602539062,935.1895530232179,920.6266916343059,934.291184571533,1424974
2016-04-21,919.2554931640625,939.7758675329817,912.0686610678321,939.0193680045177,3279337
2016-04-22,928.1444091796875,935.2366996217127,918.0260632722902,921.7140773890262,1648861
2016-04-25,928.9482421875,933.3454856474958,921.1940502839545,928.9955703007648,904348
2016-04-26,965.87548828125,969.2797648562996,921.9978251072118,928.6172966720841,3199405
2016-04-27,983.4642944335938,985.3555719228891,964.55151954064,966.3482562423541,3437073
2016-04-28,978.736083984375,991.5967476049195,973.0622516134512,983.1805398344994,1892339
2016-04-29,991.833251953125,996.2304955471714,971.312935760143,975.9938017391571,922119
2016-05-02,988.2399291992188,997.6489896099193,983.8426854472274,986.3013233773895,1190614
2016-05-03,981.384033203125,999.7766624463135,976.4194292988043,988.1925866695649,993373
2016-05-04,985.3556518554688,990.0365178474223,973.1568879730598,980.6274577486766,1490442
2016-05-05,981.1476440429688,987.5307063393565,970.461878765614,985.3556907905186,1012279
2016-05-06,985.5446166992188,987.5305503363605,969.5160867496897,981.4311114004771,858079
2016-05-09,997.5543212890625,1001.6204985752606,982.4241015798627,985.355558561637,2193370
2016-05-10,997.3651733398438,997.6489111471138,990.3202106149905,997.6489111471138,1037333
2016-05-11,996.4668579101562,1002.1880186655202,979.7763104653939,979.7763104653939,1502284
2016-05-12,1008.1454467773438,1013.1573783186002,989.3745407048568,995.2847828834999,1085566
2016-05-13,1007.294189453125,1010.8876623029852,997.6487219173521,1002.3769149122211,1078609
2016-05-16,1022.0464477539062,1026.018084487832,1000.5331653372259,1005.2140311618116,806795
2016-05-17,1025.498046875,1040.0136961668964,1018.4530833265983,1024.126916659894,1890354
2016-05-18,1024.1268310546875,1026.963747484202,1008.3819217839978,1021.2899146251732,692837
2016-05-19,1013.8192138671875,1022.3299620554037,1007.0578741641115,1019.398505210789,778327
2016-05-20,1012.2589111328125,1017.885530719,1001.4313940750766,1010.8877811768242,687097
2016-05-23,998.87841796875,1021.2426856448224,993.2045845589519,1014.0558530792986,1038361
2016-05-24,986.9158325195312,998.9727257023668,982.660458455001,998.9727257023668,1287874
2016-05-25,1036.5618896484375,1039.1623960873776,997.8852435242266,997.8852435242266,1011656
2016-05-26,1043.8905029296875,1048.7132368381854,1028.8548256807446,1035.5216241716464,1356124
2016-05-27,1044.07958984375,1051.4082892371132,1039.3987247920727,1041.3845428311356,1377065
2016-05-30,1040.4864501953125,1053.0161646852566,1037.271255088366,1046.065626941406,927569
2016-05-31,1042.897705078125,1046.8694572134145,1035.4744637445574,1041.242837213693,1043245
2016-06-01,1043.7489013671875,1047.5787849593405,1036.9403476860623,1043.0396722156356,692901
2016-06-02,1060.8175048828125,1063.748961669347,1039.3987659466175,1044.9307290724726,1139626
2016-06-03,1062.8507080078125,1070.9359661111641,1058.2643828071577,1068.5718690557312,771905
2016-06-06,1060.770263671875,1068.5717833289225,1054.9073496185276,1063.7962614862963,453741
2016-06-07,1049.564697265625,1067.579050063798,1044.410895709911,1065.2622808021863,886165
2016-06-08,1053.063232421875,1058.737064617504,1033.7721798698537,1052.4958722891943,644739
2016-06-09,1061.0068359375,1063.8437526111297,1043.3706475295485,1054.2454947784622,862716
2016-06-10,1049.564697265625,1065.0258710638814,1047.9098290974903,1053.5363346953714,1033099
2016-06-13,1048.193115234375,1059.020747035614,1040.2025148170428,1040.2025148170428,986935
2016-06-14,1056.0419921875,1059.0207771059381,1039.7770531222889,1043.3704108330448,615029
2016-06-15,1062.4722900390625,1064.4107798989999,1049.6588408975892,1058.216916359748,894254
2016-06-16,1040.4390869140625,1058.0752735737237,1027.2001437495119,1058.0752735737237,938648
2016-06-17,1039.44580078125,1047.4837280912186,1026.49059940835,1046.8218273100354,1499517
2016-06-20,1043.5595703125,1052.4958093121431,1029.3276625662784,1030.6042516470268,655632
2016-06-21,1031.36083984375,1043.6541425695,1029.3276936137636,1043.039454346331,789073
2016-06-22,1031.5972900390625,1037.3656630731887,1026.6798994949322,1031.360880361972,1351762
2016-06-23,1047.6448974609375,1054.9564303159223,1031.8347711598283,1033.9237474290908,1304906
2016-06-24,1040.52294921875,1044.5110358998993,992.9976507202905,999.0273048813875,1757436
2016-06-27,1025.330322265625,1044.5113016212808,1020.2026981478804,1036.7249910105845,651019
2016-06-28,1029.9830322265625,1035.6329582483509,1022.3865865468974,1025.5201667547842,705465
2016-06-29,1045.7457275390625,1052.962327599012,1025.0453671364521,1035.0157018793263,933583
2016-06-30,1055.5260009765625,1061.3657912052927,1045.460734615994,1054.006735171438,1401180
2016-07-01,1066.683349609375,1071.5735845423458,1061.650774054496,1068.250139663393,936058
2016-07-04,1051.727783203125,1069.1996298214385,1048.784183958951,1067.3005185784164,466972
2016-07-05,1051.2530517578125,1057.330231186027,1040.95039599253,1044.5112297302467,607228
2016-07-07,1049.6387939453125,1059.9889732715847,1040.23817022856,1058.7545046141893,1663235
2016-07-08,1069.8643798828125,1073.4727379721137,1050.3035552968815,1054.0068457753616,1766200
2016-07-11,1067.7279052734375,1089.140433571362,1059.229427767092,1088.190877831544,5154128
2016-07-12,1068.4400634765625,1082.9683125438426,1066.3986113824415,1082.4460105261212,1973211
2016-07-13,1048.6893310546875,1072.7130205520318,1044.9860406676287,1067.0156863911907,1907181
2016-07-14,1057.900146484375,1067.3007725568489,1046.6479328743653,1051.1583231498503,790791
2016-07-15,1069.95947265625,1078.5528827039661,1056.950489246276,1058.4697552739735,1430265
2016-07-18,1073.8525390625,1086.9089296304987,1070.196772885972,1071.1463285636446,1161641
2016-07-19,1051.300537109375,1076.7960825480418,1048.4992784582134,1076.7960825480418,1961764
2016-07-20,1062.0780029296875,1065.4014477309875,1045.4607789231882,1048.2145135124906,1567746
2016-07-21,1079.3123779296875,1086.1966559149223,1055.2411670534796,1063.5971866466502,1213828
2016-07-22,1081.401611328125,1087.2414027437176,1073.9951455556688,1074.4223993052544,968326
2016-07-25,1098.0186767578125,1105.7100545088563,1075.704118493794,1077.7456863685456,1187107
2016-07-26,1098.11376953125,1108.7488641451946,1091.5619271757594,1097.9714288898845,1625281
2016-07-27,1118.861572265625,1122.0899690442393,1098.256143206889,1099.5855444223826,1811615
2016-07-28,1109.365966796875,1131.870390443179,1105.6151522474506,1120.1908090089844,1288868
2016-07-29,1116.3450927734375,1125.175890530968,1109.4132903517557,1118.3866605479782,810320
2016-08-01,1139.9891357421875,1144.2146122189679,1113.828829985767,1113.828829985767,1229356
2016-08-02,1132.7249755859375,1150.7665332149636,1129.401530759538,1139.561730006651,687438
2016-08-03,1118.9566650390625,1133.010022425896,1114.778596011189,1123.4195312815702,938416
2016-08-04,1107.467041015625,1127.122800866204,1099.1109031193187,1123.7044229677442,974932
2016-08-05,1124.8436279296875,1128.4044617062118,1114.4934479034118,1115.6329842594344,792799
2016-08-08,1132.250244140625,1145.923869454802,1128.0721758623263,1130.3036085832452,684522
2016-08-09,1126.4105224609375,1136.4283821131833,1121.947656745403,1134.5292705895401,1083733
2016-08-10,1099.680419921875,1129.9712695744931,1094.8377090919248,1129.9712695744931,835032
2016-08-11,1105.710205078125,1109.0811745335602,1087.6686448759524,1100.5351723325311,1279605
2016-08-12,1114.5885009765625,1120.4756998139515,1102.8139873892262,1115.9177861954477,801836
2016-08-16,1099.9178466796875,1122.3748626728716,1095.4549811542201,1111.9297497376756,1259489
2016-08-17,1095.3599853515625,1103.1938195994398,1091.039460704377,1101.0573193500188,834678
2016-08-18,1134.33935546875,1136.618312611388,1098.683604098536,1099.7755005577014,1343587
2016-08-19,1128.2144775390625,1143.0275212992476,1124.7961006578728,1139.3717555247456,603632
2016-08-22,1126.88525390625,1142.6004474818492,1124.2739756688434,1131.8704214503896,545457
2016-08-23,1129.2117919921875,1134.7192623922622,1119.6688250652242,1124.9387905856895,382690
2016-08-24,1123.0869140625,1132.5824703006103,1119.5260804732086,1127.8822163277664,336179
2016-08-25,1122.422607421875,1138.4700095370836,1118.7193161981397,1123.799417123447,855844
2016-08-26,1104.8555908203125,1125.2235143994808,1100.8673872976885,1122.4223714248615,926062
2016-08-29,1097.25927734375,1108.2741017051344,1090.1850169167171,1102.6241750122265,455774
2016-08-30,1101.5794677734375,1110.9800917321431,1098.96818978005,1101.484535392552,1611563
2016-08-31,1126.36279296875,1139.086861040041,1101.674347662159,1109.0809276191553,2488483
2016-09-01,1124.4638671875,1136.2859057636913,1121.09301383932,1131.6330594293395,656421
2016-09-02,1132.0128173828125,1134.244250029157,1121.9475504436757,1124.9385580799685,641723
2016-09-06,1165.057373046875,1170.8022316597046,1136.0009904801693,1136.0009904801693,1525293
2016-09-07,1155.65673828125,1192.6894082493968,1152.238245246455,1176.4045058373035,1397324
2016-09-08,1158.078125,1163.1582248847033,1140.4164119114444,1158.2681056902372,857870
2016-09-09,1156.2265625,1162.0663534456655,1139.4668806151064,1156.5588838243332,731533
2016-09-12,1135.4788818359375,1142.3631614455412,1125.318565140426,1137.5678582489945,1029013
2016-09-14,1129.6864013671875,1140.2265626605974,1122.3748686387123,1125.2235358179983,1892851
2016-09-15,1121.5677490234375,1134.529207635598,1116.6775139388967,1133.4846036255033,1007709
2016-09-16,1110.64794921875,1135.7636534147084,1103.2888918710128,1127.5974968307014,2514415
2016-09-19,1144.3094482421875,1146.1136270928637,1106.3272236492178,1114.0186009467839,1267795
2016-09-20,1124.5589599609375,1146.1613540201345,1122.4698676911867,1144.5945637959642,948837
2016-09-21,1125.2237548828125,1132.345424217514,1122.375087148932,1125.6036004298473,1050601
2016-09-22,1158.078125,1164.1553047489015,1137.5677447709495,1137.5677447709495,1207430
2016-09-23,1159.2176513671875,1168.6181601193805,1148.202712455925,1158.4579604379412,1080432
2016-09-26,1141.03369140625,1153.0455948392776,1135.8585430156027,1148.012902993798,835969
2016-09-27,1147.633056640625,1153.5677800800545,1132.8200101183222,1141.2710794785833,933054
2016-09-28,1160.40478515625,1163.4433175434226,1139.5619644802966,1146.0189906937642,802709
2016-09-29,1137.42529296875,1169.7577115130553,1130.1611685477208,1164.155309597569,1750323
2016-09-30,1135.6209716796875,1146.0186750309624,1121.947463791102,1129.9711622335394,752725
2016-10-03,1170.707275390625,1177.4490978490219,1133.6746021518252,1140.416424610222,1151991
2016-10-04,1162.541259765625,1174.6005725529155,1153.757868257044,1172.6065284740237,1229639
2016-10-05,1154.5648193359375,1170.8021989120593,1148.772552645487,1167.0989084337177,278544
2016-10-06,1160.4996337890625,1172.4164894250991,1144.7370308323398,1153.710286697178,570718
2016-10-07,1159.26513671875,1166.0544836456174,1147.2058248245762,1161.306704803412,488607
2016-10-10,1159.455078125,1169.9001912238573,1154.897164225927,1169.8526670720182,506484
2016-10-13,1154.9918212890625,1182.7663199537506,1148.4873892287285,1175.8820425069475,2865576
2016-10-14,1157.1761474609375,1165.7221492813994,1144.8319226091594,1162.2562475828095,1309888
2016-10-17,1148.012939453125,1159.4076088273496,1139.4669374224566,1159.4076088273496,794646
2016-10-18,1149.6746826171875,1157.840839298813,1144.2147367777914,1151.811183163038,1291073
2016-10-19,1150.19677734375,1155.6091980525991,1141.365863647678,1155.32428499948,520312
2016-10-20,1145.9239501953125,1159.1702068286543,1141.4135602854733,1149.152347084931,1014093
2016-10-21,1162.541259765625,1164.440371443156,1141.4610505974842,1148.9625649062473,1005741
2016-10-24,1154.9918212890625,1162.303468262845,1151.2411233899572,1159.4072775926231,653636
2016-10-25,1148.2977294921875,1158.268064126137,1144.0721371712166,1154.6597061793034,1022585
2016-10-26,1141.2711181640625,1155.6093872972328,1137.9001487711744,1141.6034395054216,501178
2016-10-27,1119.57373046875,1139.8941303724455,1112.0246928633471,1137.2828521134359,1173549
2016-10-28,1139.27685546875,1141.3658314241407,1112.8791634185466,1118.5764970196653,788007
2016-11-01,1152.9979248046875,1159.4074253131755,1126.4103671398482,1136.6180901718847,1707549
2016-11-02,1167.4312744140625,1174.0781646865044,1139.4669038471734,1143.5025157982989,2223984
2016-11-03,1168.8082275390625,1171.751827261338,1155.609379073783,1155.609379073783,530638
2016-11-04,1157.6982421875,1171.7517126589682,1145.8763203008184,1171.7517126589682,795944
2016-11-07,1154.3748779296875,1166.909083366584,1148.630135194606,1163.9179595741105,578154
2016-11-08,1149.9119873046875,1156.46394501437,1142.3155414760852,1156.46394501437,698079
2016-11-09,1138.707275390625,1146.636159095217,1091.9891761332578,1096.7369551599243,2434361
2016-11-10,1152.9031982421875,1166.766689745561,1142.4580844377513,1148.677605382849,1440450
2016-11-11,1132.20263671875,1167.146330405754,1128.1196170411588,1148.9623168369399,1474968
2016-11-15,1037.959228515625,1139.4192236699053,1025.5200730344764,1138.422259813097,3708003
2016-11-16,1039.90576171875,1060.0362925869608,1021.721750139247,1044.6060152265864,2615803
2016-11-17,1044.8436279296875,1056.2858208807108,1035.0157492727756,1041.3777263207107,2056516
2016-11-18,1046.0782470703125,1072.998132794635,1041.710313252072,1050.4937050470721,1120978
2016-11-21,1005.6743774414062,1052.107672449533,993.1876973160147,1052.107672449533,1829643
2016-11-22,1017.4965209960938,1022.4341645830813,1003.9178272630255,1017.686385783067,1431659
2016-11-23,1011.229248046875,1023.6685198527406,1006.5289939214151,1023.6209957049863,890424
2016-11-24,991.7161254882812,1014.0306873459848,984.4044760979988,1007.6685937794342,2066988
2016-11-25,1019.2055053710938,1027.3242523175961,992.1906942456872,992.1906942456872,1085823
2016-11-28,997.3658447265625,1019.5379479930206,993.3302328461288,1009.3777479767195,1181510
2016-11-29,1006.4816284179688,1015.8348458205242,989.9119259977128,997.0335945300704,1316715
2016-11-30,1031.834716796875,1041.2827495755153,1004.2976017047878,1010.32725717175,1847669
2016-12-01,1026.184814453125,1034.0661732497138,1017.5438806323572,1029.3183946764827,1099195
2016-12-02,1003.2056274414062,1022.576587490748,999.0275590523224,1022.576587490748,1630301
2016-12-05,1029.0809326171875,1033.781186705642,999.2174538788087,1002.2559855847211,871979
2016-12-06,1028.083984375,1036.8673752352063,1018.9208639373809,1035.0157878513255,525242
2016-12-07,1021.8644409179688,1033.5439070654024,1004.2027271958876,1031.21754184891,998392
2016-12-08,1042.8970947265625,1050.7783376632278,1026.4697343884382,1027.3243577198405,1091448
2016-12-09,1056.7130126953125,1060.6061677911844,1037.247121303395,1049.2590238082362,1068419
2016-12-12,1030.552978515625,1052.8675403008815,1028.3214296070387,1052.8675403008815,412094
2016-12-13,1034.825927734375,1038.8140156157697,1021.7220117025303,1026.7071795105583,784710
2016-12-14,1017.7811889648438,1034.018567216974,1014.6951331366226,1034.018567216974,791234
2016-12-15,1026.5172119140625,1037.7694235141753,1003.727875645456,1006.5290185301156,1327125
2016-12-16,1028.083984375,1038.956467473824,1015.2649814979422,1027.5142740963113,2265499
2016-12-19,1030.1729736328125,1039.0512959998541,1019.9177259913,1026.4696833226797,769000
2016-12-20,1017.8289184570312,1033.9713675844375,1013.4134606602547,1032.0247317658077,1103786
2016-12-21,1031.4549560546875,1044.463823749912,1009.42530853666,1020.7724536329473,1544748
2016-12-22,1007.288818359375,1026.089953266478,996.3214027291367,1024.570687200132,899704
2016-12-23,1008.42822265625,1015.4549585013403,984.689328525924,998.0306333921948,838333
2016-12-26,1007.0038452148438,1010.8020681105149,995.8940896100308,1007.4786230768026,705664
2016-12-27,1009.7099609375,1013.365726948446,998.0779044128655,1006.5289727438861,1193147
2016-12-28,1027.5142822265625,1042.5173098553032,1006.7189875456113,1013.9357041746686,1267710
2016-12-29,1049.8763427734375,1053.057331367372,1020.0602689101887,1021.8169238728777,1340234
2016-12-30,1052.012939453125,1059.656794425822,1042.1375355239586,1046.885314729079,909854
2017-01-02,1032.5941162109375,1058.4220962114168,1027.7514061835166,1053.959115666507,512397
2017-01-03,1045.0810546875,1057.7101927622052,1027.4668647452281,1033.1166751976878,957645
2017-01-04,1044.65380859375,1051.5380879595014,1037.864461622943,1038.8140173975296,795470
2017-01-05,1070.671630859375,1072.855539533942,1048.3570707639317,1051.1582138576946,2264164
2017-01-06,1086.3392333984375,1096.7368218378504,1073.2828426622725,1074.8970409700837,1139667
2017-01-09,1100.7725830078125,1104.760671081974,1080.6894542565112,1088.2859008073524,713170
2017-01-10,1102.1492919921875,1112.0246947895148,1084.440170316827,1110.9802066666148,2779939
2017-01-11,1171.5616455078125,1176.64174435109,1125.2232898234838,1125.2232898234838,5867928
2017-01-12,1158.36328125,1172.7015523512919,1147.3958640917203,1171.846928847223,1447717
2017-01-13,1154.327392578125,1174.1256054437342,1142.3154899707338,1162.0662945995907,1059113
2017-01-16,1156.084228515625,1163.5857427907674,1141.3661130807238,1150.7667390248857,793088
2017-01-17,1152.855712890625,1160.926937465719,1146.92098893835,1158.458115484088,935711
2017-01-18,1165.864501953125,1170.8021450888823,1151.4787103212245,1151.4787103212245,1190967
2017-01-19,1158.790283203125,1168.001043103381,1149.9119605301814,1166.1493399282356,962484
2017-01-20,1158.6954345703125,1178.1138038061554,1148.0129321003956,1158.3631132315402,1007939
2017-01-23,1169.140380859375,1172.7012145066624,1150.8614348032995,1151.146347860104,1971140
2017-01-24,1188.416748046875,1193.5442572416841,1171.894451995304,1172.701551337999,1981467
2017-01-25,1201.5677490234375,1204.9861261989377,1188.321378088611,1196.3926011561373,1643736
2017-01-27,1190.12548828125,1204.986056606304,1187.7041910483647,1201.9475250508033,1004052
2017-01-30,1177.1641845703125,1193.306631876839,1170.8497317363401,1187.8942106155587,764826
2017-01-31,1188.8912353515625,1191.5974458566923,1174.1731223135118,1181.2947899125686,1283594
2017-02-01,1241.7816162109375,1249.1406737721188,1183.146544675074,1197.3898818902635,2248341
2017-02-02,1219.2296142578125,1240.0249088984622,1208.0248097555243,1239.1702855190385,1664084
2017-02-03,1237.4609375,1248.3808280113933,1207.8348461297658,1213.532180309623,1485304
2017-02-06,1250.612548828125,1268.1318074784272,1241.306855354679,1243.9181338799997,1129942
2017-02-07,1257.44921875,1262.861640232339,1237.3660911864688,1253.4136067585425,1535174
2017-02-08,1252.701416015625,1262.9091402696845,1234.5174003247173,1258.826004203034,841206
2017-02-09,1238.220458984375,1256.2144906084322,1231.336181125758,1251.5142369182563,907386
2017-02-10,1255.7874755859375,1260.0604764480447,1245.0574492782862,1245.0574492782862,962807
2017-02-13,1272.0723876953125,1273.6391778702837,1252.036784489426,1261.1999047758677,1283959
2017-02-14,1263.288818359375,1275.110739447716,1256.3570159775243,1275.110739447716,728131
2017-02-15,1250.0426025390625,1264.3334627337113,1246.8616140053473,1261.9595733932424,606906
2017-02-16,1252.9388427734375,1263.0990431819416,1242.9685071545507,1250.0426513000662,754405
2017-02-17,1270.5531005859375,1296.9506805338142,1260.3927846498748,1267.6569092223135,1855056
2017-02-20,1269.0335693359375,1274.6359707089043,1260.297703946348,1268.6063156694827,344125
2017-02-21,1264.048583984375,1279.431456876012,1258.161384625119,1272.1198079612154,1661851
2017-02-22,1259.6331787109375,1272.1197436193847,1255.265129696698,1266.707322414871,1723289
2017-02-23,1273.1168212890625,1280.001100203361,1262.0070658199782,1265.1880542737279,2590362
2017-02-27,1252.7489013671875,1279.9061716380684,1251.0871788656686,1272.4046583058423,1919392
2017-02-28,1246.3868408203125,1257.2117994360362,1243.0159874917206,1257.2117994360362,704053
2017-03-01,1259.30078125,1267.514461617606,1248.713327435107,1253.8883598745608,807113
2017-03-02,1240.547119140625,1267.6569833901397,1237.8884324683238,1267.6569833901397,633250
2017-03-03,1233.662841796875,1242.0189791531484,1222.6006095214786,1241.7340660497814,700768
2017-03-06,1253.1285400390625,1261.9119297672112,1238.0781062279348,1240.8793649320123,625628
2017-03-07,1263.6212158203125,1268.9387044233306,1244.440237530389,1248.7606463085972,1288272
2017-03-08,1260.3927001953125,1275.2532696699573,1256.4995451159873,1264.8081572601511,1492895
2017-03-09,1259.395751953125,1270.410574721621,1256.1672394401453,1262.9090616241986,1446736
2017-03-10,1268.369140625,1273.3543084994385,1256.547217459217,1269.5560853570091,1614891
2017-03-14,1285.8883056640625,1305.6391109437275,1277.437352512368,1290.4462194709276,930423
2017-03-15,1280.3336181640625,1294.7194125976637,1277.6749313087698,1294.7194125976637,1142957
2017-03-16,1307.11083984375,1313.235427250069,1284.986147452029,1290.8259377188401,1144936
2017-03-17,1313.7578125,1325.4848020107531,1299.5144772450221,1310.8616212997974,1757368
2017-03-20,1310.0072021484375,1320.927094212301,1304.4047995592443,1315.039894421162,951223
2017-03-21,1320.1197509765625,1325.579695999483,1306.3987181100715,1311.3363611570817,906658
2017-03-22,1307.1583251953125,1314.612314096751,1300.416503053487,1308.8200476344095,1449840
2017-03-23,1314.0902099609375,1319.7400202411397,1302.7904734879676,1309.5322960501808,1541378
2017-03-24,1319.4554443359375,1333.7461910522575,1310.3871391456562,1315.1349186353145,1602574
2017-03-27,1331.3720703125,1342.6242825681982,1312.2860232580472,1313.42544377284,1263226
2017-03-28,1333.4136962890625,1347.277187413702,1330.327640022059,1347.277187413702,1115494
2017-03-29,1327.763916015625,1357.7698559890562,1314.4226107157529,1331.3721584931634,1609722
2017-03-30,1350.55322265625,1357.2950454637999,1330.327638321031,1330.327638321031,1430611
2017-03-31,1353.25927734375,1358.8141547940445,1330.8971950979449,1348.3690424930421,1086863
2017-04-03,1332.65380859375,1355.9179216341076,1329.7577334566658,1353.828945603668,783296
2017-04-05,1330.280029296875,1336.9744434362078,1322.7786318968497,1336.9744434362078,1461758
2017-04-06,1349.9359130859375,1354.066457287155,1326.2444283144762,1328.4284528364162,782824
2017-04-07,1340.9622802734375,1354.3035819063127,1332.7961258542668,1349.3184153471484,562553
2017-04-10,1353.44921875,1358.8142317363634,1337.9715301023577,1341.2474509626927,725902
2017-04-11,1352.64208984375,1365.6509565225022,1346.9447556639939,1357.8171220253375,797974
2017-04-12,1365.2237548828125,1367.3127311300223,1343.6213619608275,1353.1169192891725,418338
2017-04-13,1365.1761474609375,1371.490715881637,1356.0604361642606,1362.612393503689,582737
2017-04-17,1362.8499755859375,1369.4968662524427,1353.117028538555,1365.4612540620644,534509
2017-04-18,1359.5263671875,1372.0604560045083,1356.487835326577,1360.1436015721576,2004482
2017-04-19,1349.8883056640625,1370.9209867559375,1340.3453408102823,1367.360153024104,3107388
2017-04-20,1355.5858154296875,1370.3514542508801,1329.4256231015186,1343.6214357216766,2637171
2017-04-21,1362.6123046875,1371.5855588655438,1357.9120507680582,1364.5114159135453,1735248
2017-04-24,1361.235595703125,1370.4937636121945,1359.2414360388168,1366.4106278103504,666961
2017-04-25,1379.8944091796875,1386.3514348302263,1361.662984620921,1364.511651952764,1439089
2017-04-26,1390.766845703125,1395.8469457585766,1381.0338993126315,1387.3009440498506,1186077
2017-04-27,1396.464111328125,1408.6183547226644,1385.069442944929,1388.2504313527256,1135148
2017-04-28,1372.0604248046875,1405.9121077658767,1368.1198614875666,1396.5114834106046,614095
2017-05-02,1372.8677978515625,1381.6036646928392,1367.5027844934368,1380.6541089095451,955073
2017-05-03,1365.8883056640625,1378.2325293606652,1356.9150509573242,1376.760787621297,635349
2017-05-04,1348.6064453125,1373.0575039055625,1338.968432043791,1373.0575039055625,1452308
2017-05-05,1337.02197265625,1357.8171501124698,1332.8913125604336,1357.8171501124698,1878351
2017-05-08,1352.9742431640625,1362.4223907199057,1331.0870566219749,1335.5499214769645,1600519
2017-05-09,1349.2236328125,1359.7636772398794,1344.1435333181719,1359.7636772398794,781989
2017-05-10,1359.6689453125,1362.6125450496052,1347.7045656604323,1353.4968327391045,420102
2017-05-11,1354.3511962890625,1365.460950424717,1348.3689496544494,1365.460950424717,839412
2017-05-12,1340.5352783203125,1352.9270267445409,1333.650999398533,1352.9270267445409,602647
2017-05-15,1344.7606201171875,1350.8377992561207,1332.6063777518723,1342.8615088808053,949033
2017-05-16,1364.4639892578125,1367.3601804494824,1339.3007637148185,1346.2325665501762,744209
2017-05-17,1353.5440673828125,1375.2415069150165,1348.3690354077137,1365.4610372649945,579645
2017-05-18,1335.6451416015625,1350.2683238468344,1317.983427214772,1350.2683238468344,640858
2017-05-19,1319.1700439453125,1341.959377078073,1313.2353217753227,1334.1255438136866,1247834
2017-05-22,1319.2177734375,1333.1761957890708,1305.8289454078606,1320.2147373697205,936813
2017-05-23,1323.63330078125,1328.333671679902,1308.9627095958592,1319.2179589087573,791125
2017-05-24,1342.2918701171875,1351.170192437189,1321.7814908553912,1333.1286347315477,1007226
2017-05-25,1387.87060546875,1397.746008056006,1346.517523758924,1348.3691110322884,1464760
2017-05-26,1403.1585693359375,1409.9005082942413,1379.5147224768014,1384.4523663071056,766520
2017-05-29,1415.5025634765625,1428.7963425989763,1399.1227284864456,1404.392808717853,655977
2017-05-30,1399.502685546875,1418.6362566351431,1396.7964749064895,1409.1406993618155,594316
2017-05-31,1406.0072021484375,1412.4167036865383,1397.8410455935195,1400.4998481521307,536696
2017-06-01,1410.6600341796875,1424.3336605030306,1396.1319003900985,1396.1319003900985,560468
2017-06-02,1438.149658203125,1443.2771663472126,1408.2860613423204,1418.731174234083,638560
2017-06-05,1429.318603515625,1442.6123822561788,1426.8022579286526,1442.2800609701753,447987
2017-06-06,1434.77880859375,1446.173478152403,1420.0606937471562,1433.5443396932,456242
2017-06-07,1440.4285888671875,1444.1794037320883,1426.2327763728454,1436.3929768168648,392417
2017-06-08,1447.2177734375,1459.1821516967655,1440.5234755116592,1444.1792416585795,1261815
2017-06-09,1449.8289794921875,1460.4165478689363,1436.6301331527343,1443.3245466585065,724205
2017-06-12,1429.8411865234375,1447.3604448708015,1426.3277604753043,1443.3248326741796,325151
2017-06-13,1416.879638671875,1437.4375438872569,1412.1792681514617,1437.4375438872569,671410
2017-06-14,1424.4285888671875,1429.651145607587,1410.2327764560384,1421.484989159658,1032366
2017-06-15,1415.7877197265625,1425.5206668272983,1412.4167502193263,1422.2447456315929,424499
2017-06-16,1423.2894287109375,1436.6781443488546,1412.0372139486215,1417.592093042667,1375090
2017-06-19,1435.1109619140625,1444.7489753031646,1423.8587502248408,1427.2771275096911,692751
2017-06-20,1438.529296875,1444.7014086483655,1427.704455110219,1435.8230864338047,472248
2017-06-21,1418.9686279296875,1435.7283102898573,1413.936051945128,1432.215000340022,859762
2017-06-22,1415.4552001953125,1430.4581104195563,1412.2742118439346,1422.2919547389479,905839
2017-06-23,1416.16748046875,1427.1823040775198,1410.375213528261,1418.3513891643083,596334
2017-06-27,1414.98046875,1426.2326807652694,1410.0902336460886,1419.5857907750185,1285379
2017-06-28,1415.4552001953125,1423.3839669554814,1389.342418946963,1411.0872672417368,972763
2017-06-29,1404.915283203125,1433.6393451911297,1399.787658872339,1419.6333976102017,806219
2017-06-30,1404.3453369140625,1408.6658616549068,1388.5353274556678,1394.5649828855649,806197
2017-07-03,1415.739990234375,1420.1554473148626,1398.4581232782882,1408.0961365821881,1167857
2017-07-04,1422.2447509765625,1425.2832832300107,1402.5414677473668,1402.5414677473668,812900
2017-07-05,1439.8587646484375,1443.1822096033675,1423.3839964115102,1429.0813306199618,498116
2017-07-06,1442.8975830078125,1446.6482821067284,1430.1735119222913,1446.6482821067284,803617
2017-07-07,1449.3070068359375,1452.725384398818,1435.3010593374472,1438.1022024721178,840805
2017-07-10,1481.6392822265625,1486.0072154672118,1449.496843469064,1461.271357879233,240968
2017-07-11,1481.9716796875,1491.752150719884,1472.4287135159252,1486.0548159622015,2874052
2017-07-12,1497.44921875,1501.4373060049857,1483.2058843928346,1493.2711508227212,1550156
2017-07-13,1500.203125,1505.0458360533685,1482.5414115575334,1501.2476131232654,712568
2017-07-14,1495.075439453125,1503.0517304612365,1489.5205618285231,1502.1971071545531,971789
2017-07-17,1501.295166015625,1504.808475928203,1481.3069710982784,1496.499863109543,762299
2017-07-18,1496.5770263671875,1507.8245152282664,1491.2392804016774,1501.7718894543184,789508
2017-07-19,1500.818603515625,1509.826041882935,1496.1003273222648,1502.200657833021,704416
2017-07-20,1486.9498291015625,1506.9187562263737,1482.0409650487682,1505.0601154816457,747783
2017-07-21,1493.2884521484375,1495.43309132437,1478.5142711586805,1486.9498286465239,665760
2017-07-24,1481.70751953125,1492.3354224050186,1476.9416542384508,1492.3354224050186,980822
2017-07-25,1470.2694091796875,1483.9951241796466,1467.0285975839272,1481.230899102259,1159201
2017-07-26,1506.203857421875,1510.7791341489585,1464.6932450310746,1471.508454932287,1175988
2017-07-27,1531.4630126953125,1549.7640041094248,1510.779205135113,1512.6855511352835,1980176
2017-07-28,1552.0992431640625,1560.677800229751,1519.4054788261922,1521.7407061524234,923109
2017-07-31,1568.6844482421875,1573.4980183831829,1540.8041382855815,1557.7706640486874,1287974
2017-08-01,1587.7001953125,1595.6115776333354,1561.0590569109886,1577.119998444896,1150244
2017-08-02,1581.0755615234375,1590.3212921916045,1571.3055392140989,1587.5094786539773,509282
2017-08-03,1568.16015625,1582.2671630404443,1561.3450624563486,1577.5012980915271,462668
2017-08-04,1586.7470703125,1592.6568128134463,1558.6761715839193,1558.6761715839193,557065
2017-08-07,1573.2119140625,1596.1357694700682,1570.5429833285632,1591.7987861159497,386830
2017-08-08,1561.9168701171875,1583.1725569853213,1555.6259519489086,1576.5480515570046,717420
2017-08-09,1560.5823974609375,1567.9694877527818,1555.3399462860802,1561.2972771665998,530640
2017-08-10,1553.1002197265625,1561.8693654074402,1533.6554658753398,1553.6721002963354,709628
2017-08-11,1549.23974609375,1557.0081294841323,1524.1236602663776,1533.6553904744223,1142387
2017-08-14,1548.6202392578125,1563.6804202954543,1536.8009862809777,1552.2423434630584,900057
2017-08-16,1570.0665283203125,1576.5481513001985,1528.3176204865074,1551.7656531540044,952709
2017-08-17,1552.2423095703125,1572.7355301142252,1541.6621120021887,1572.7355301142252,619082
2017-08-18,1545.14111328125,1548.9061000289014,1519.6437359423128,1548.9061000289014,620278
2017-08-21,1540.4227294921875,1564.633344879947,1536.22874538221,1544.1401271431703,484815
2017-08-22,1550.145263671875,1564.1091547433803,1535.561670538519,1543.6636408672448,694864
2017-08-23,1583.125,1586.9852806937304,1551.7655861973014,1551.7655861973014,1091055
2017-08-24,1589.6064453125,1605.143210578871,1578.1683701777338,1584.2687001870993,1400606
2017-08-28,1582.79150390625,1591.7989423979282,1576.2145868015646,1588.9394233397284,745075
2017-08-29,1566.3492431640625,1581.6000112197787,1561.392673733479,1567.9695907283317,514823
2017-08-30,1578.263916015625,1587.795646112702,1569.923652180683,1573.6886390273773,379651
2017-08-31,1579.169189453125,1590.2736769201927,1570.8289266447866,1584.649933584319,1845805
2017-09-01,1613.0069580078125,1616.3907685919655,1576.5480919160418,1583.2203027040784,616709
2017-09-04,1591.274658203125,1610.433529066757,1580.837460133105,1603.713612706632,423495
2017-09-05,1605.8582763671875,1609.5279692940248,1587.0331088596927,1592.4661486366592,530479
2017-09-06,1605.9058837890625,1614.4844406119653,1594.8013952974802,1597.5179150205747,1155788
2017-09-07,1624.1114501953125,1634.8346461298747,1608.622389400945,1610.862322614229,854744
2017-09-08,1616.486083984375,1632.7853187111928,1609.051288180643,1632.6900246837856,741404
2017-09-11,1707.37109375,1719.5240491974878,1621.1089393972436,1630.8789624040476,3433596
2017-09-12,1660.33203125,1719.2857565832928,1655.661460393724,1719.2857565832928,2108188
2017-09-13,1663.048583984375,1682.3503371442453,1655.0896127423648,1664.0017569799243,1217425
2017-09-14,1647.7979736328125,1667.0997286384898,1638.5998300753292,1667.0997286384898,989267
2017-09-15,1619.7744140625,1646.8922540471742,1611.9584424877305,1644.2233232706526,2777536
2017-09-18,1663.858642578125,1670.8168515055977,1626.2083118603011,1626.2083118603011,1469531
2017-09-19,1664.6689453125,1675.6781400438585,1659.6647870444508,1667.7667575736732,858627
2017-09-20,1645.5579833984375,1674.2484690478154,1641.9835844465847,1663.2869789288004,1195102
2017-09-21,1649.13232421875,1653.7551900960314,1631.2126248968073,1648.0361519746618,883253
2017-09-22,1627.63818359375,1640.5537242224316,1614.6750541277759,1639.457552006951,1247158
2017-09-25,1622.0142822265625,1633.4523570606805,1596.7552003012186,1615.8663635448697,1728603
2017-09-26,1614.10302734375,1626.589569180613,1603.2845380976084,1613.817028929409,616105
2017-09-27,1589.844970703125,1624.7787868826247,1584.6979292241722,1619.4410409777745,1037854
2017-09-28,1602.0455322265625,1615.6282475823432,1564.3474932413237,1585.0314173148836,2385207
2017-09-29,1603.4276123046875,1616.1048600487266,1590.845774946225,1602.2838512190558,1007099
2017-10-03,1613.674072265625,1621.8237473939419,1589.7971600785552,1613.721777453978,1236296
2017-10-04,1618.20166015625,1633.4048384224127,1603.9040659991738,1615.6281397496239,671976
2017-10-05,1609.7183837890625,1626.1129105542966,1604.1899346206806,1615.5803038358501,628607
2017-10-06,1603.713623046875,1618.154217722848,1598.47117138164,1612.721061639127,709562
2017-10-09,1619.9176025390625,1633.6909066044643,1595.6116897030836,1603.7136606484098,842338
2017-10-10,1644.3663330078125,1648.3220240092155,1628.352980954423,1628.781978593102,846533
2017-10-11,1636.836181640625,1660.2842119836378,1627.1138644887294,1647.2733784758693,1073174
2017-10-12,1661.3804931640625,1668.0527039799824,1619.7268807548974,1649.8947122892941,2435199
2017-10-13,1668.3863525390625,1675.6781493265821,1659.0453268661004,1669.959111274273,1974411
2017-10-16,1635.6448974609375,1664.6689692920636,1618.201784705105,1658.5210498729787,2888889
2017-10-17,1627.7335205078125,1653.7551905081805,1620.7277220782146,1640.4107682216593,1641325
2017-10-18,1628.3052978515625,1640.410547037621,1625.1597807664982,1636.5025614514682,979869
2017-10-19,1611.672607421875,1633.595587287583,1601.4259972672508,1632.7854134764154,129154
2017-10-23,1616.104736328125,1627.3045184878745,1603.1416074821323,1611.8154580541784,1745367
2017-10-24,1586.937744140625,1621.2995608302558,1577.310720152885,1615.1516415483668,1531714
2017-10-25,1517.832763671875,1591.703673858437,1506.4899812885317,1591.703673858437,3573873
2017-10-26,1541.8525390625,1547.9528692070464,1498.7691683084838,1533.6075697826607,2084712
2017-10-27,1551.14599609375,1569.7805740383403,1540.8993867545364,1551.7178765999981,1531589
2017-10-30,1544.85498046875,1564.9669054242981,1542.3290490083593,1558.4376943183133,1549643
2017-10-31,1550.955322265625,1565.1099166945057,1542.9963517457056,1547.9528043312284,1539175
2017-11-01,1565.6343994140625,1568.4462132973438,1549.096754340052,1564.1569346830395,1051035
2017-11-02,1551.2889404296875,1572.497038079187,1548.1911284134685,1567.4928802068332,1016358
2017-11-03,1596.088134765625,1600.5204123372318,1550.4311263319023,1558.9143890171274,1960324
2017-11-06,1570.8291015625,1588.1768035939308,1567.7789945088834,1575.7855546131586,1032097
2017-11-07,1576.8341064453125,1595.5638624082007,1565.5866187461565,1575.5949350303786,1135418
2017-11-08,1595.9927978515625,1610.7669784571533,1577.1199270524503,1588.9392948077468,2240615
2017-11-09,1588.7012939453125,1602.998890710982,1575.404575494896,1599.1384930425952,1278030
2017-11-10,1582.5531005859375,1594.9443489763344,1573.3549583176266,1587.0329669238945,1515793
2017-11-13,1581.50439453125,1594.181640365487,1570.1617303527457,1587.03284377192,716930
2017-11-14,1561.0113525390625,1585.317263680638,1543.2347694345037,1581.5045717368614,1448013
2017-11-15,1522.5509033203125,1563.918635743206,1518.4523291384605,1555.8166650567412,1725981
2017-11-16,1528.7943115234375,1541.3761495163149,1517.9281152455155,1524.1237402057013,903458
2017-11-17,1555.4830322265625,1559.962898756848,1540.0415599108194,1555.6260314464919,578398
2017-11-20,1572.0682373046875,1581.313968638744,1553.5289530919583,1558.6761104379182,3072448
2017-11-21,1571.40087890625,1586.842350280815,1566.0631337358557,1580.360727774832,1109357
2017-11-22,1551.14599609375,1585.8892203633702,1545.0933710572249,1579.3123036562135,751919
2017-11-23,1566.3968505859375,1577.4536342866875,1551.289081572326,1551.289081572326,887882
2017-11-24,1597.8038330078125,1604.047045902109,1567.0163007518797,1568.9226466165414,1091064
2017-11-27,1582.8389892578125,1593.419185810587,1571.5439129872273,1593.419185810587,746259
2017-11-28,1599.6624755859375,1612.7686034210674,1583.2202424836837,1583.4108305287293,1333326
2017-11-29,1593.8482666015625,1610.814676310234,1587.9862293388799,1600.3774784273585,1121016
2017-11-30,1584.1258544921875,1601.3306740496703,1576.548175522711,1584.1735596848523,1743816
2017-12-01,1583.3155517578125,1602.6650090351661,1574.4034080148997,1583.0772585221512,901780
2017-12-04,1572.8306884765625,1596.3264253675147,1571.0196365697038,1587.0329889457603,863386
2017-12-05,1587.414306640625,1595.2779837378996,1569.018021556261,1573.9268856817478,1217660
2017-12-06,1576.26220703125,1595.6116662520642,1572.7355133308877,1586.0799358682407,789146
2017-12-07,1574.975341796875,1586.079830225226,1572.306527279643,1585.8892421718963,825254
2017-12-08,1592.7996826171875,1606.8589834353045,1577.5012104395555,1581.3139021868412,1131333
2017-12-11,1591.89404296875,1617.8204157581158,1585.2695378306369,1599.4241321777158,841915
2017-12-12,1572.9736328125,1595.61148997311,1569.0656470577026,1595.5161959506258,1677983
2017-12-13,1570.2572021484375,1582.1241592956467,1562.8224063077434,1570.8290826698467,1539500
2017-12-14,1573.069091796875,1577.3107816063543,1555.5783899115265,1570.829158440071,1909251
2017-12-15,1598.518798828125,1606.0011834792158,1570.352490618627,1587.0330178330887,3543562
2017-12-18,1599.9962158203125,1615.5329826629206,1553.8626181589166,1588.9394320057952,1133385
2017-12-19,1591.8465576171875,1605.5245664016513,1587.032987599636,1602.283755048041,880090
2017-12-20,1583.125,1602.1884592898932,1577.5965502642823,1598.4710614575397,1297298
2017-12-21,1578.6451416015625,1588.7488689043562,1571.925341485041,1579.8843130946616,610601
2017-12-22,1574.4989013671875,1583.9353379648394,1569.6854472099235,1574.6419005975115,832376
2017-12-26,1586.2703857421875,1590.2737819671056,1569.780563427205,1574.4511341792156,772183
2017-12-27,1573.783935546875,1591.703634699375,1571.6392962716404,1589.4159962016327,624678
2017-12-28,1573.1644287109375,1580.265637813085,1569.5424408991576,1571.782374317018,940604
2017-12-29,1571.687255859375,1584.0785070108402,1568.0651512888267,1574.6420694015876,702219
2018-01-01,1547.81005859375,1578.4068907146484,1542.3293134690641,1574.641903648909,771099
2018-01-02,1566.9686279296875,1569.8758519749929,1549.9545140069756,1550.1452184098514,1392045
2018-01-03,1553.9100341796875,1572.7351979122739,1547.9527038845652,1571.7820250650543,1120860
2018-01-04,1569.494384765625,1575.1181278271758,1554.6249116406195,1561.297121561824,747232
2018-01-05,1618.6783447265625,1623.2536216757546,1566.5398280822683,1567.969587584625,1134406
2018-01-08,1639.362060546875,1643.270046086351,1620.489190970132,1630.8787986390641,1489032
2018-01-09,1644.27099609375,1648.941450329552,1626.827885074666,1644.22329090599,576106
2018-01-10,1652.897216796875,1660.9515981707182,1631.0219437724354,1644.1756608885905,1223879
2018-01-11,1620.6800537109375,1669.9590499091885,1606.096460671794,1658.5209742248792,4145545
2018-01-12,1625.3984375,1639.8866221561161,1608.9562014367395,1629.9260097493036,2057925
2018-01-15,1603.6182861328125,1630.2118362306999,1596.5647826282861,1627.1616128036505,997313
2018-01-16,1586.6517333984375,1612.7686965543626,1582.2671609221288,1612.5304033072357,829183
2018-01-17,1579.836669921875,1600.1393030034992,1568.3510041565798,1586.1752941547115,600044
2018-01-18,1601.4259033203125,1627.0662797994592,1588.939360530579,1600.3774363112432,2327815
2018-01-19,1605.1431884765625,1613.0068650234339,1592.5613525432143,1604.1900155617902,497099
2018-01-22,1604.3807373046875,1616.3908101149743,1598.0898188137576,1605.1433222417018,820236
2018-01-23,1642.6505126953125,1648.9891358234918,1601.3304902794603,1610.8622193882666,1763797
2018-01-24,1636.8841552734375,1657.3773762236112,1625.1600800021497,1644.2235413511485,968956
2018-01-25,1649.179931640625,1654.0887960209404,1623.920846319951,1642.3171323593012,2169317
2018-01-29,1660.90380859375,1669.0534835792853,1643.2701096215924,1649.1797351679124,1232573
2018-01-30,1654.7559814453125,1665.050179710924,1640.6489749448062,1663.2868329868916,653937
2018-01-31,1671.0076904296875,1678.5377809746199,1644.3188443948839,1653.7552810851591,1237098
2018-02-01,1711.3743896484375,1732.6778989498707,1652.6589570339358,1671.8654159555615,3720115
2018-02-02,1678.82373046875,1696.1714333437062,1652.9926478695054,1691.786860608137,2192706
2018-02-05,1632.7852783203125,1657.6154804371179,1604.2377947477207,1640.4106619902263,1600927
2018-02-06,1604.0469970703125,1622.2049874200804,1567.4928394990623,1573.2595821057546,1846944
2018-02-07,1583.935302734375,1636.7411125383646,1580.932784380887,1624.206863763728,1423804
2018-02-08,1592.6090087890625,1606.0487241854105,1584.459449835271,1601.3305645992218,801569
2018-02-09,1572.59228515625,1581.8381320949677,1559.0095713367598,1572.7352843620147,1206481
2018-02-12,1608.7655029296875,1620.3941674722478,1568.1602383556076,1572.5925162609901,864259
2018-02-14,1615.10400390625,1629.449304636129,1600.6635254977512,1622.3005068679095,884974
2018-02-15,1607.192626953125,1623.8731539314128,1590.8456872435784,1616.5813574386511,872147
2018-02-16,1581.21875,1617.296325624044,1572.7354868305129,1614.6750998126597,1088167
2018-02-19,1554.100830078125,1580.1702040198065,1540.3275271351806,1580.1702040198065,1151645
2018-02-20,1546.7137451171875,1571.8299461749796,1542.519877096586,1555.6260055462742,859058
2018-02-21,1519.5960693359375,1559.391042454818,1515.5450840483868,1559.391042454818,1425276
2018-02-22,1547.4764404296875,1554.6252382758364,1511.9230392665213,1518.4046625220155,2073919
2018-02-23,1566.53955078125,1570.685829333306,1543.18681637654,1547.476094124344,616552
2018-02-26,1612.1015625,1620.3941211666724,1570.8291245192213,1570.8291245192213,1023854
2018-02-27,1606.286865234375,1624.111267618768,1600.0436527823422,1620.5368693757343,529068
2018-02-28,1602.0455322265625,1609.5279170640092,1583.268070521976,1595.5163203965387,913679
2018-03-01,1620.7276611328125,1628.924925529745,1595.1349897665111,1596.3264559972897,760617
2018-03-05,1610.099853515625,1618.2495295537785,1598.1376016694965,1608.9560924086456,789108
2018-03-06,1630.2117919921875,1650.8955990880734,1620.4417689606328,1625.1599286634903,1674469
2018-03-07,1624.4449462890625,1633.6906770564985,1607.2401285691749,1621.3471343040605,1138136
2018-03-08,1614.8179931640625,1637.7894382251022,1603.665799721598,1631.7368132010163,1112679
2018-03-09,1618.058837890625,1628.2100370389935,1606.09647045626,1622.3004111077473,1281268
2018-03-12,1654.041259765625,1657.3773654800743,1625.1600694674532,1625.1600694674532,858788
2018-03-13,1648.5125732421875,1669.0057911229087,1635.454150715654,1653.6597303063083,797998
2018-03-14,1652.1822509765625,1655.2324741207835,1630.5452723210958,1643.270107481174,685008
2018-03-15,1660.18896484375,1668.0526415826396,1643.2701451934117,1651.8487016358367,604484
2018-03-16,1643.9375,1671.2459309408084,1639.4576332415159,1659.4742671357437,2412430
2018-03-19,1638.3138427734375,1651.8011480009789,1632.8330978768045,1649.9425071429027,1392321
2018-03-20,1636.2645263671875,1656.6147475498651,1622.3958120597983,1630.9743694406664,779431
2018-03-21,1650.3714599609375,1662.1432404191657,1636.2645683848486,1636.2645683848486,1456002
2018-03-22,1671.0076904296875,1680.3488330835228,1653.8505751215994,1656.4242122302935,1549193
2018-03-23,1667.5760498046875,1674.5342587719274,1644.2233128968767,1649.9423505069528,1854651
2018-03-26,1677.3460693359375,1690.070904724375,1666.3368754149296,1669.6729806814026,1796664
2018-03-27,1704.4638671875,1711.8986629334256,1676.440674808525,1689.0225115356516,852040
2018-03-28,1712.6136474609375,1722.3836710515732,1689.165614114238,1689.165614114238,2380088
2018-04-02,1720.0958251953125,1725.1476882042482,1703.7965915622394,1717.236306440243,663945
2018-04-03,1744.0205078125,1754.981996786142,1710.9454528423764,1710.9454528423764,1152587
2018-04-04,1715.0916748046875,1753.31388572556,1708.6577575779058,1744.3064481497122,732382
2018-04-05,1750.9310302734375,1755.3633078283688,1727.1494113552008,1746.8800451750603,613812
2018-04-06,1738.7305908203125,1752.8374817291206,1729.0558613791459,1751.8367198688038,498517
2018-04-09,1772.9969482421875,1781.6707986559875,1740.68436256381,1744.2111722260727,1148635
2018-04-10,1761.4158935546875,1782.4334034904336,1758.6040799143582,1777.6675387752184,610933
2018-04-11,1768.8509521484375,1772.9972317965623,1751.9798350888377,1763.370206910742,470440
2018-04-12,1770.8048095703125,1777.191021997493,1759.7956151047847,1765.2763597422133,403510
2018-04-13,1774.140869140625,1784.2444792011013,1756.5547582939555,1770.0421788891097,408479
2018-04-16,1777.3341064453125,1785.0547846861448,1765.896030131745,1771.7580675132742,636242
2018-04-17,1779.430908203125,1790.3923971882873,1768.7554176461801,1777.3339742432638,405779
2018-04-18,1757.269775390625,1785.483673816685,1750.0256836311694,1783.3867396916764,576214
2018-04-19,1747.118408203125,1781.4326362894403,1717.951337600582,1766.2295734428483,2259972
2018-04-20,1727.959716796875,1757.6510801692589,1716.7599336124993,1757.6510801692589,1819822
2018-04-23,1786.6275634765625,1797.1124668815257,1724.099435532335,1729.437181267672,1620444
2018-04-24,1789.4869384765625,1799.4952545571316,1768.7077214057326,1790.916697916644,1109545
2018-04-25,1761.225341796875,1789.677531462128,1758.8901145799512,1786.2461320672946,809675
2018-04-26,1793.7762451171875,1811.0286526957275,1757.6509660899587,1763.3700039405767,2077102
2018-04-27,1796.445068359375,1807.5972620347143,1776.7144342205706,1794.777015644844,567026
2018-04-30,1809.1224365234375,1814.0788898078765,1791.9653217408127,1792.9184947842919,466913
2018-05-02,1780.8131103515625,1810.5043553497712,1774.5220756522792,1806.2627821654908,1320018
2018-05-03,1790.201904296875,1795.7779431105491,1764.418527945702,1775.7613099867053,1200445
2018-05-04,1802.5931396484375,1809.1223514182948,1782.7195058976233,1790.5354779448191,752654
2018-05-07,1801.306396484375,1811.0764198132526,1792.9184274750048,1804.8330900711971,2126759
2018-05-08,1782.0521240234375,1804.3563943239394,1756.6977468246278,1803.4985153981277,1401495
2018-05-09,1791.107421875,1801.4970311987713,1773.1401334854572,1782.052278067387,1375815
2018-05-10,1797.064697265625,1821.4659028625076,1768.1359199061794,1791.1073659990948,2716101
2018-05-11,1805.5479736328125,1809.0270783890594,1785.8649277115885,1801.5446935337043,542317
2018-05-14,1825.3262939453125,1828.5194002226424,1797.6842769612842,1797.6842769612842,497437
2018-05-15,1827.184814453125,1860.1169859575357,1815.8897384241297,1829.1388655149942,1198159
2018-05-16,1835.429931640625,1848.3930613542177,1811.0287257643104,1822.0855094507829,506000
2018-05-17,1824.7066650390625,1843.6748305500034,1816.3664014912727,1830.0921156293173,503632
2018-05-18,1839.6240234375,1853.9216194745788,1816.7478697781735,1825.326427400421,952766
2018-05-21,1834.810302734375,1855.8278137304453,1822.8956403452478,1845.2476167997254,845801
2018-05-22,1814.793701171875,1840.8630760115066,1806.2628492960064,1834.5720410784143,545822
2018-05-23,1766.8489990234375,1809.789369076992,1762.035429255966,1806.2626758294198,1220570
2018-05-24,1783.1007080078125,1790.821502492649,1750.0256510144945,1766.849177956565,864810
2018-05-25,1825.278564453125,1829.37725483784,1771.662583947913,1786.2461771869803,674128
2018-05-28,1824.802001953125,1834.858023637307,1806.2151284669287,1829.1389856415544,811547
2018-05-29,1789.3917236328125,1827.2803504715564,1782.4335141748645,1818.7493822890992,855287
2018-05-30,1796.588134765625,1803.5939331578327,1771.1860506349585,1781.1943672964344,848282
2018-05-31,1863.882080078125,1901.5801184415102,1781.2420282393846,1795.7779163628097,3896725
2018-06-01,1825.7073974609375,1856.780810756157,1815.7943760218066,1856.780810756157,1082637
2018-06-04,1813.1256103515625,1871.0785745354724,1803.4032924203332,1841.4825067307934,964088
2018-06-05,1810.4566650390625,1826.8036038654957,1804.2610410675486,1808.1690267633726,708586
2018-06-06,1829.9014892578125,1838.1940474414641,1793.2519192513425,1813.8881370397232,508953
2018-06-07,1811.45751953125,1850.8236096303776,1806.3580674259845,1835.8111353923562,754249
2018-06-08,1800.2578125,1810.0278358256614,1791.9652538774305,1806.2628489881547,1889091
2018-06-11,1815.6041259765625,1838.8138671609222,1806.5489817332657,1809.980381544109,794575
2018-06-12,1863.21484375,1866.7415371607112,1818.654007865456,1820.5603537856502,1275739
2018-06-13,1861.4925537109375,1883.8349598413804,1853.9335777634576,1873.5009954743407,1169830
2018-06-14,1878.66796875,1886.0356225381563,1850.536725264022,1856.2777905957614,917199
2018-06-15,1882.4473876953125,1893.0205626812294,1863.1191818412708,1878.2851388428442,2274265
2018-06-18,1883.0216064453125,1903.163224750435,1876.3715855885384,1877.4240909094433,792509
2018-06-19,1848.14453125,1877.758811861315,1834.0310796134804,1877.328278701786,905231
2018-06-20,1882.4952392578125,1889.7672315732868,1844.3171335987395,1855.3208415294193,489671
2018-06-21,1875.89306640625,1890.4849405519758,1862.0667143464543,1884.313342142397,779490
2018-06-22,1868.9559326171875,1879.0027967116355,1844.2215334213104,1875.893053063354,956565
2018-06-25,1884.93505859375,1891.5851954189015,1862.4971103301993,1866.802908941289,566785
2018-06-26,1897.7091064453125,1907.85163137966,1872.4005078358873,1876.467095595595,662063
2018-06-27,1884.2655029296875,1908.9042418914441,1874.5535106192585,1903.1631765022971,555455
2018-06-28,1882.6866455078125,1904.119979186751,1864.171733392255,1884.0262507631721,1393387
2018-06-29,1848.8143310546875,1893.5946866876643,1846.2787873465693,1884.9830888199588,1324639
2018-07-02,1864.697998046875,1872.5919625883564,1845.2740143329886,1854.364034108028,708738
2018-07-03,1866.8028564453125,1871.3957548888907,1851.493350703065,1860.1049476830792,926035
2018-07-04,1891.01123046875,1900.0533613961834,1861.3490604054077,1869.6735581861474,1514361
2018-07-05,1879.6724853515625,1905.07674481727,1875.5102365673874,1894.7427810476308,490611
2018-07-06,1874.840576171875,1886.3704788685957,1868.0470056132924,1876.802036729107,590699
2018-07-09,1873.7879638671875,1884.982993810026,1860.2963677793234,1883.7390496820371,853596
2018-07-10,1851.58935546875,1884.983244428472,1840.968407248924,1884.983244428472,3301425
2018-07-11,1832.165283203125,1862.592858056031,1820.9701362119865,1859.1482423673224,1739970
2018-07-12,1854.507568359375,1868.7166810530111,1840.202677806052,1840.202677806052,844316
2018-07-13,1840.72900390625,1864.6979975006348,1835.5620219383402,1852.928767284966,954344
2018-07-16,1839.772216796875,1866.3246437978441,1835.7056288778076,1846.661448432974,659528
2018-07-17,1822.7880859375,1844.3649680063795,1810.3491121227034,1841.0637856434025,1131560
2018-07-18,1818.0330810546875,1847.908531096412,1811.740932818276,1834.7959605953909,773027
2018-07-19,1813.90234375,1830.8574188999603,1806.9378041010195,1820.2424529431814,593314
2018-07-20,1827.6395263671875,1838.5905718511142,1803.5757918000422,1813.662367466567,817518
2018-07-23,1863.7589111328125,1865.9203200430927,1828.0716250058435,1831.1936600984704,1072520
2018-07-24,1870.7235107421875,1877.8321681715302,1863.6148533128448,1873.2211154433235,573920
2018-07-25,1887.678466796875,1893.0098715818424,1863.6147347849287,1873.1729180912673,1065275
2018-07-26,1883.16357421875,1909.7249124753325,1871.1557465497651,1887.6305095644007,2959597
2018-07-27,1903.5289306640625,1910.4934707499795,1878.7928055313223,1891.4730247132081,858768
2018-07-30,1892.625732421875,1911.2139435967417,1887.6305229816483,1900.118663846158,1792695
2018-07-31,1916.593505859375,1922.9336157218168,1885.9495047163016,1892.529771143714,460626
2018-08-01,1922.54931640625,1941.425645616768,1914.2398759150715,1926.0556256613654,884802
2018-08-02,1943.394775390625,1952.232489045622,1916.977556323702,1920.2916696283423,1278375
2018-08-03,1936.478271484375,1957.756164933868,1924.566483338172,1953.0490731748112,1234257
2018-08-06,1921.0604248046875,1945.9405509093153,1914.7682759512945,1943.250867763274,749860
2018-08-07,1915.77685546875,1930.0900918725067,1902.0879322766398,1925.86343045241,531559
2018-08-08,1921.8768310546875,1935.4216370259298,1905.9784205343803,1917.40989577057,886494
2018-08-09,1906.8909912109375,1931.8191929664674,1893.970499099519,1928.9373145085365,593894
2018-08-10,1901.5595703125,1919.3311550817757,1884.9887682979052,1903.000509618117,648603
2018-08-13,1915.392578125,1917.409869665347,1885.7092054875131,1892.4335887979628,930525
2018-08-14,1918.94677734375,1921.2523035608099,1901.2712326982034,1915.392507487736,322251
2018-08-16,1906.0745849609375,1916.3533563378387,1896.4203613719935,1909.2927767545339,812823
2018-08-17,1912.0303955078125,1916.449252537065,1904.057151210729,1912.6067477700733,462694
2018-08-20,1912.55859375,1921.252307346316,1908.620049972727,1913.5672981169307,671269
2018-08-21,1898.1492919921875,1916.4492679981975,1889.8399691776833,1916.4492679981975,688170
2018-08-23,1880.137451171875,1898.101230509414,1875.1903203176337,1898.101230509414,1012394
2018-08-24,1852.2314453125,1881.6265838071263,1845.891335796238,1881.6265838071263,939358
2018-08-27,1874.517822265625,1886.4776882419908,1854.0084773293027,1856.458120927721,1305157
2018-08-28,1857.5150146484375,1891.136934174643,1854.1047444766282,1883.0195718163752,686872
2018-08-29,1830.5211181640625,1862.9422491524774,1825.285635542391,1858.811510002456,1139011
2018-08-30,1801.7984619140625,1832.346303129326,1793.4890222627896,1825.2857243787753,2124825
2018-08-31,1831.52978515625,1840.3676160512741,1788.6858825291233,1797.3315178367293,1952492
2018-09-03,1822.307861328125,1843.2975198837821,1810.4921124223727,1830.9534969380106,937981
2018-09-04,1782.5379638671875,1824.037086312329,1770.4340971279992,1820.3866598250454,1290572
2018-09-05,1781.8175048828125,1791.2796496129529,1753.1428359233746,1782.7301701420693,804386
2018-09-06,1805.9771728515625,1810.780303630423,1778.1190143341714,1796.3709112938416,1003340
2018-09-07,1801.9906005859375,1811.692901574225,1792.4324169777801,1798.38825240237,763150
2018-09-10,1757.1295166015625,1798.292327679252,1746.6105888777636,1798.292327679252,1157745
2018-09-11,1754.583740234375,1781.9135084997097,1747.8593568882811,1761.8844758430605,1430413
2018-09-12,1756.3609619140625,1764.7184805578738,1733.7382843273485,1753.142887463836,1149898
2018-09-14,1799.060791015625,1807.706426800007,1763.7097000139097,1772.3553357982917,1512590
2018-09-17,1803.1434326171875,1806.841819987228,1776.197821145292,1784.6513785030465,1009490
2018-09-18,1788.8302001953125,1814.9112264129487,1782.9704035057239,1793.7293706320525,823718
2018-09-19,1733.593994140625,1801.5582938254195,1728.406589510483,1793.1047368530446,1471601
2018-09-21,1693.0555419921875,1761.884430345837,1662.8438959301122,1748.3396248369754,4403405
2018-09-24,1608.2803955078125,1704.4391754290987,1593.5348062554017,1699.3478094787288,4685534
2018-09-25,1629.9425048828125,1649.9235767487908,1584.072603831889,1609.1449241996056,4503074
2018-09-26,1634.793701171875,1645.0723545252306,1613.3716901752555,1637.8676580820545,2914677
2018-09-27,1615.7734375,1647.3299880197867,1610.2979144925312,1637.8678424123068,2809983
2018-09-28,1623.50634765625,1652.277055288991,1602.6606888677866,1626.4361871924393,1801534
2018-10-01,1577.97265625,1604.1497202890368,1552.0357487617798,1594.6394974239013,5213931
2018-10-03,1574.17822265625,1593.8710612026694,1542.7657905146143,1575.235005365022,5112718
2018-10-04,1526.915283203125,1563.130842574215,1490.2673717011405,1551.2191719866728,3065332
2018-10-05,1544.0623779296875,1573.93782695209,1510.1042678777171,1510.1042678777171,4352946
2018-10-08,1537.0020751953125,1565.244511779817,1519.8068410262745,1542.765832977295,2426418
2018-10-09,1544.5909423828125,1555.3019483258495,1527.4917485421304,1544.6869815532546,1065187
2018-10-10,1573.4576416015625,1601.219762308758,1541.0365072646682,1548.5294385503266,2264070
2018-10-11,1529.8453369140625,1546.6082175841645,1519.134331084837,1546.6082175841645,2131052
2018-10-12,1587.626953125,1594.159258516818,1542.7657542500813,1548.4334725659312,2169080
2018-10-15,1562.8907470703125,1602.0362646673605,1526.0027948513628,1602.0362646673605,4301735
2018-10-16,1556.742919921875,1629.1740455272297,1551.4113973165397,1574.466427369541,7490737
2018-10-17,1540.7484130859375,1587.4829020014436,1537.0019473863947,1571.8246477568675,3532784
2018-10-19,1514.619384765625,1549.6342824750534,1508.1832356972097,1527.3957609927156,4071551
2018-10-22,1392.3795166015625,1537.3861033015708,1365.5300627999543,1527.3955679577398,6528861
2018-10-23,1415.146484375,1439.0180215602445,1368.8923102292044,1378.4985720553743,7242862
2018-10-24,1461.4488525390625,1468.50943265451,1421.7750552282853,1431.3332403640597,2177827
2018-10-25,1432.3896484375,1462.937607331614,1417.499942908495,1442.9565362322778,4971095
2018-10-26,1388.8734130859375,1439.0180540449446,1381.4765209544446,1437.577114738491,2263193
2018-10-29,1357.1727294921875,1388.1048459354856,1320.8610125683686,1388.1048459354856,4620039
2018-10-30,1310.5823974609375,1354.482968762778,1296.4611216835556,1354.482968762778,5974755
2018-10-31,1368.98828125,1379.651207893488,1280.6587550607576,1301.6484126533405,6474213
2018-11-01,1406.3087158203125,1434.166876357934,1342.9554631584372,1346.797968060178,5635786
2018-11-02,1481.093505859375,1493.6776854888901,1416.923629495949,1426.5298913908366,5732745
2018-11-05,1427.9227294921875,1474.5611771472738,1421.9188159044543,1474.5611771472738,2926342
2018-11-06,1417.35595703125,1452.0826195042137,1385.847486314605,1431.3331159076042,2830304
2018-11-07,1425.473388671875,1442.044192331171,1416.923791157187,1427.4906804471727,140435
2018-11-09,1436.0401611328125,1460.440090597423,1417.884302104298,1418.9409674945412,1913755
2018-11-12,1434.2149658203125,1459.1912478774645,1419.9976506668174,1442.764562746511,1434191
2018-11-13,1427.058349609375,1437.3850816305562,1405.9245724497482,1426.6259974454704,1678410
2018-11-14,1453.955810546875,1468.7974382131722,1433.734582428489,1439.0180264508385,1888029
2018-11-15,1452.611083984375,1472.880275475351,1439.0181983773525,1455.3488454884439,1362884
2018-11-16,1441.995849609375,1465.9154635219893,1428.2108881987665,1459.1910806617966,1222318
2018-11-19,1477.3948974609375,1480.613088780862,1425.9053607732478,1443.821061401778,2054251
2018-11-20,1496.511474609375,1508.0870670114032,1468.1730022321667,1474.5611897971048,2718989
2018-11-21,1485.800537109375,1507.174470641626,1477.8274097905419,1497.1359734837417,984774
2018-11-22,1468.6533203125,1502.3712759722225,1462.0730543943275,1487.0493352184094,1038896
2018-11-26,1501.218505859375,1505.9735583644583,1471.7273301574405,1477.443008806091,1365620
2018-11-27,1526.0029296875,1531.0941786321066,1487.8180349151723,1492.5250098935564,1707401
2018-11-28,1549.8262939453125,1556.2144817831988,1529.509025869243,1533.1594524234476,2408350
2018-11-29,1595.1678466796875,1605.1582651190872,1555.2537820808093,1564.8600438601843,2975979
2018-11-30,1567.5499267578125,1608.520541597042,1559.0963690404321,1598.9623575279109,1391187
2018-12-03,1591.0853271484375,1596.4167325525198,1571.8728018783431,1583.5923953875215,1509308
2018-12-04,1571.3443603515625,1593.5828810943644,1567.5499336374621,1587.915162867879,1311350
2018-12-05,1540.460205078125,1565.820761103386,1529.124885877584,1565.820761103386,1669427
2018-12-06,1507.65478515625,1531.5264407098857,1498.5769142160955,1531.4302842760246,1605950
2018-12-07,1505.109130859375,1517.7893494045215,1470.7667452636713,1510.104340040448,1502809
2018-12-10,1493.245361328125,1511.0650243826515,1476.5305591289423,1479.3643595354629,1485061
2018-12-11,1491.660400390625,1503.1398364990537,1416.9236356198141,1418.6047314586851,2294146
2018-12-12,1519.902587890625,1527.1072837324728,1493.7736045430959,1503.3798656655595,1279021
2018-12-13,1546.7042236328125,1563.8994560930114,1514.8594415992607,1528.8365997371177,1283289
2018-12-14,1540.7001953125,1549.9702609207777,1527.443625075441,1546.608069465418,692049
2018-12-17,1569.038818359375,1574.9466930854026,1541.805088381867,1549.394058998654,791402
2018-12-18,1574.9947509765625,1579.6056864304878,1545.647573328179,1563.803432166861,983139
2018-12-19,1549.1539306640625,1587.6269412493666,1546.0318953814924,1576.3876611376925,1390871
2018-12-20,1549.345947265625,1557.895543920753,1530.565775364917,1542.8617203986819,1156454
2018-12-21,1513.610595703125,1561.930020019466,1510.29636517324,1549.3458410818234,1119348
2018-12-24,1500.8345947265625,1528.836877032959,1494.6865624688621,1515.8684209601063,757749
2018-12-26,1495.1666259765625,1503.331948807041,1460.4400821027991,1498.2886611764513,1712424
2018-12-27,1502.41943359375,1530.709829347594,1498.2886938720255,1514.9075746658207,1880388
2018-12-28,1520.911376953125,1537.482178312633,1509.1437064224597,1516.6845983709559,1333919
2018-12-31,1536.32958984375,1540.8444862582553,1523.1689400204589,1528.644579937225,933039
2019-01-01,1532.775146484375,1541.8050562478986,1499.105268418136,1537.0019252315499,4043870
2019-01-02,1514.5233154296875,1535.0807405392604,1506.5021097313486,1525.0902041317727,1164974
2019-01-03,1498.6729736328125,1517.7894592623873,1494.3982337702148,1511.065075582111,958038
2019-01-04,1487.2413330078125,1509.1436557576078,1479.5563239396643,1499.3453161012917,1868151
2019-01-07,1497.7603759765625,1546.6081952110294,1489.4509358227956,1499.5375110089547,3991996
2019-01-08,1515.6280517578125,1525.4744707281927,1489.9312998107223,1501.602932091816,1479592
2019-01-09,1538.6829833984375,1546.608149381292,1487.0493262374162,1517.789363989094,6447772
2019-01-10,1504.24462890625,1544.5428521320812,1492.8131533780438,1544.5428521320812,4377060
2019-01-11,1455.4927978515625,1512.0256257820488,1448.9125318910042,1508.1831210151313,3180775
2019-01-14,1425.6173095703125,1449.5848855234592,1413.081091189535,1449.5848855234592,3615252
2019-01-15,1436.3282470703125,1445.1660784670516,1427.4905329375138,1432.2936639366305,1725819
2019-01-16,1466.5880126953125,1471.679378599963,1437.048756238427,1437.0968344553162,2188162
2019-01-17,1463.0335693359375,1475.5217087984242,1450.545429873451,1466.5878390466119,1467807
2019-01-18,1457.174072265625,1472.063780062183,1453.4276062059582,1463.1299084786667,1589082
2019-01-21,1448.2401123046875,1458.1346095938572,1438.0574974986355,1451.7944997911416,1606142
2019-01-22,1442.476318359375,1446.895175548792,1416.9236841854965,1442.8605923027903,2666389
2019-01-23,1436.1361083984375,1449.5848746309312,1427.6825512895816,1438.2014780940717,1441440
2019-01-24,1431.6212158203125,1440.9392426840952,1420.2857802056233,1433.4463117165637,1088512
2019-01-25,1426.433837890625,1452.851057836103,1420.045650341931,1437.384999793538,1738412
2019-01-28,1386.8560791015625,1434.1669222170656,1380.804204046171,1414.2339274019043,2246761
2019-01-29,1404.2913818359375,1408.2780040040166,1373.9356174807263,1389.065480074903,1388542
2019-01-30,1417.980224609375,1431.3329514346053,1400.592914893728,1408.1818848675437,3193022
2019-01-31,1446.2708740234375,1460.6321893213149,1415.0984823605809,1421.7268268303492,2469714
2019-02-01,1455.4927978515625,1474.9454782340827,1437.9613698525013,1448.5282579615246,1547424
2019-02-04,1445.40625,1451.9384378681468,1411.4960978891486,1448.7203635181684,2054061
2019-02-05,1481.0455322265625,1495.8392000421145,1439.0662116871597,1445.5983998785825,1710784
2019-02-06,1465.963623046875,1482.966659459475,1447.663647485298,1482.966659459475,1541770
2019-02-07,1455.3006591796875,1469.6620916661602,1447.663727562292,1464.954999689778,1602553
2019-02-08,1440.0267333984375,1469.2777539046945,1432.197606516867,1453.3313826436424,2194466
2019-02-11,1451.5062255859375,1458.2306091591352,1423.6480650684045,1443.725176618312,1387113
2019-02-12,1438.24951171875,1462.7935582388413,1427.7307016466773,1452.5628656708052,1136862
2019-02-14,1457.750244140625,1470.5266193803493,1417.9323354484222,1433.1582371156535,1756930
2019-02-15,1450.065185546875,1462.0249343087792,1439.6903761345727,1455.877020708533,1169312
2019-02-18,1457.2698974609375,1464.8588676440752,1440.9392525981584,1450.0652011979466,1040787
2019-02-19,1422.2071533203125,1461.0164770055505,1413.1772431797754,1452.4668799867022,1352025
2019-02-20,1422.495361328125,1434.7913066535843,1416.0590952602565,1421.7268134423084,1688403
2019-02-21,1413.609619140625,1435.5599057184636,1397.711207639558,1421.1984727798808,2297058
2019-02-22,1405.203857421875,1428.4028831239766,1400.6888445495565,1415.962822464475,1314113
2019-02-25,1432.4857177734375,1436.1361441759148,1403.522932155221,1407.3654368888022,1055629
2019-02-26,1419.901611328125,1430.2283433313014,1404.243474090978,1421.7268246233357,850891
2019-02-27,1418.556640625,1435.127442317898,1400.7850562007325,1423.6960845264118,1553126
2019-02-28,1415.8189697265625,1430.3724808115173,1412.6008952540874,1429.1716980035828,2400890
2019-03-01,1454.484130859375,1459.6715358809406,1416.8755910329512,1423.3598179939227,2243654
2019-03-05,1480.9013671875,1486.0887722629259,1450.5456018855969,1450.5456018855969,1768341
2019-03-06,1474.4171142578125,1480.3249888992643,1462.3132474704123,1476.9627971658786,1694922
2019-03-07,1470.9588623046875,1484.1193942814457,1460.2959349841974,1474.4651713721119,2128646
2019-03-08,1458.2305908203125,1471.295083859722,1448.5762504774866,1468.79747915959,966595
2019-03-11,1454.96435546875,1464.9548909648381,1443.2447632466053,1461.0163471697854,2472505
2019-03-12,1507.2706298828125,1522.5925713131624,1451.2660738872935,1465.9156238636504,7399042
2019-03-13,1571.920654296875,1575.4269633693568,1506.1658380057238,1512.890221385959,7407679
2019-03-14,1616.445556640625,1634.0250618839264,1570.6237367314636,1584.072502672895,6598388
2019-03-15,1636.1865234375,1650.355759439674,1618.7511350057662,1619.6157220112284,3884063
2019-03-18,1648.2425537109375,1666.1581393215783,1635.562216952156,1640.7496221142055,2427808
2019-03-19,1657.272216796875,1666.686400141288,1650.5478336262763,1661.883269305146,1738526
2019-03-20,1645.9368896484375,1661.8832604870288,1640.7494849201416,1660.9226343248977,1592600
2019-03-22,1631.7196044921875,1663.3723074543338,1627.5889822801018,1647.4738972834289,2081172
2019-03-25,1617.262451171875,1633.0166286505275,1609.049049417031,1615.8694726811723,1689972
2019-03-26,1647.1378173828125,1652.2771443499491,1602.9009318160045,1614.8127207280606,2216791
2019-03-27,1733.2098388671875,1742.0475530909323,1652.3731198673997,1661.8833427963057,5562677
2019-03-28,1749.3963623046875,1762.17273776475,1707.176887408034,1741.1350003763796,4070284
2019-04-01,1674.4195556640625,1728.1665449967104,1670.577050839167,1726.2452925842629,2594605
2019-04-02,1704.6793212890625,1709.9146873306488,1662.6519237774244,1685.5628358824085,2760486
2019-04-03,1703.7666015625,1746.4184282125584,1692.575282901419,1713.75713747591,2494990
2019-04-04,1667.7911376953125,1712.5562934745628,1655.399036729794,1703.7665406232102,2164515
2019-04-05,1698.3389892578125,1704.9673332793532,1676.436782954207,1679.1745440841657,1183378
2019-04-08,1682.056396484375,1727.7821779845615,1677.3013439253016,1699.2516281022508,1816648
2019-04-09,1697.5224609375,1702.6138264822391,1662.1234104557152,1688.7807863494565,1675803
2019-04-10,1678.646240234375,1708.905966146366,1673.6029525823765,1696.5139817268953,1891510
2019-04-11,1672.1141357421875,1683.8818075174124,1659.7701116593332,1680.0393024479513,965883
2019-04-12,1668.4156494140625,1675.7643461137277,1658.136878602657,1674.851798119268,1029735
2019-04-15,1680.039306640625,1695.4093269568268,1664.5732471502367,1674.8519013311172,973597
2019-04-16,1743.6805419921875,1748.3395552663471,1683.977604605443,1684.84219157457,2593532
2019-04-18,1694.8328857421875,1751.9420675782283,1683.3053711097332,1744.4972143781015,1857583
2019-04-22,1624.4188232421875,1690.7020277387642,1616.6857358120133,1689.7414015866398,2184388
2019-04-23,1586.330078125,1648.434586433818,1580.2301251070107,1624.4189310370548,2161145
2019-04-24,1632.343994140625,1637.8675945327443,1595.696082868821,1601.363800637,3467827
2019-04-25,1617.1661376953125,1656.1195772086683,1607.12764075992,1648.4345675696488,3070975
2019-04-26,1631.9598388671875,1636.1866177099212,1596.0804728166938,1617.6945628789122,1639196
2019-04-30,1543.2459716796875,1613.7559573617245,1513.1783250768979,1613.7559573617245,5059803
2019-05-02,1499.82568359375,1553.9088665150553,1490.4115002380736,1538.106612950816,4071588
2019-05-03,1495.3106689453125,1516.8287185510726,1485.8966028617488,1503.3799522054646,2042908
2019-05-06,1468.0770263671875,1482.534497939427,1461.6888385268041,1482.534497939427,2018992
2019-05-07,1456.1173095703125,1481.2856702922682,1436.616549884622,1479.17233945813,3333379
2019-05-08,1430.13232421875,1465.8675736765217,1423.7441362278887,1456.1173110874633,2652472
2019-05-09,1418.41259765625,1430.372346393794,1411.015705896121,1427.4904679255728,3040828
2019-05-10,1383.2056884765625,1433.7346031307616,1373.6954656462237,1420.3339145497887,2304082
2019-05-13,1338.4404296875,1389.065379676069,1332.6285947134347,1377.5378661517864,2608583
2019-05-14,1376.2891845703125,1385.2230556210197,1331.9082986258973,1338.4406040461938,5582146
2019-05-15,1324.7034912109375,1394.8292017681517,1318.9397341788379,1379.4591830158856,3321014
2019-05-16,1304.722412109375,1327.5853617719483,1295.0201112829318,1327.5853617719483,4571270
2019-05-17,1319.4681396484375,1337.1916458068977,1311.254738883919,1314.1366174309167,3070835
2019-05-20,1435.7999267578125,1446.3668146154082,1344.8766364212593,1344.8766364212593,4545248
2019-05-21,1390.74658203125,1454.3880678261526,1386.1836075780304,1440.8432618493841,3331988
2019-05-22,1459.09521484375,1476.3384088924597,1327.8736943212903,1389.9780867326806,18578611
2019-05-23,1535.8011474609375,1575.426978474394,1482.3903538386182,1486.0887412804193,12378857
2019-05-24,1583.9765625,1592.7182374554413,1531.2381607382229,1545.359318953633,6065381
2019-05-27,1549.298095703125,1583.016054339121,1543.726416429598,1583.016054339121,2426340
2019-05-28,1555.8782958984375,1567.742006378723,1533.8318535753704,1551.4113604789447,2044030
2019-05-29,1545.3114013671875,1565.196317332855,1538.9712917305937,1553.3326068986933,1628713
2019-05-30,1524.4178466796875,1557.7515312417327,1518.3178933365286,1545.263389769712,4997347
2019-05-31,1542.1412353515625,1547.5207185791273,1493.821808206043,1536.0412824793075,3138032
2019-06-03,1597.185302734375,1601.3640035860838,1527.107545476422,1537.0980822089332,3064055
2019-06-04,1573.5057373046875,1607.0795765522234,1565.8207275986817,1597.5213926359556,2614383
2019-06-06,1462.697509765625,1570.335605329405,1450.5455648588866,1570.335605329405,6402947
2019-06-07,1491.083740234375,1498.576670492407,1423.6959151768979,1469.7578883675528,6289576
2019-06-10,1490.5556640625,1522.6885634904365,1475.665957988675,1502.4193741588565,3211040
2019-06-11,1527.971923828125,1532.4869370710699,1501.458665660798,1502.4192918064543,3468327
2019-06-12,1508.0390625,1539.4995715072005,1499.7296221643933,1534.1200880763154,3504083
2019-06-13,1430.228271484375,1464.9549315103425,1383.301705819602,1460.1518005873577,10175722
2019-06-14,1370.62158203125,1436.1362454533771,1355.683796920454,1434.2149929510983,10500760
2019-06-17,1344.54052734375,1392.8119954397175,1341.2262964892425,1371.293944417781,7360154
2019-06-18,1353.5223388671875,1387.9607652713107,1344.9727420886943,1354.9632781917444,6611201
2019-06-19,1326.9610595703125,1382.3411868608564,1316.1540141553128,1368.7003408870578,5716245
2019-06-20,1379.0750732421875,1384.3585178171543,1294.9242340100514,1325.6642751734948,7571159
2019-06-21,1391.6112060546875,1407.3174214004637,1363.2727323814358,1388.1048968762252,4913512
2019-06-24,1404.0032958984375,1426.5299338061632,1391.9954681727963,1424.6086813700606,4102227
2019-06-25,1392.57177734375,1402.994548034181,1384.7907286711857,1397.7591822134393,2445906
2019-06-26,1378.3065185546875,1395.4055945549476,1371.0537438396948,1392.9079898879365,2478755
2019-06-27,1393.0999755859375,1406.6448979153088,1378.6905835452724,1382.3410097678138,4007859
2019-06-28,1354.96337890625,1400.5931275755495,1344.8768028846152,1400.5931275755495,4108364
2019-07-01,1377.15380859375,1385.3672101756679,1360.5830052993842,1371.6782857151047,3446607
2019-07-02,1360.775146484375,1394.829299769449,1354.5790368811643,1390.0261685718958,3100554
2019-07-03,1412.6968994140625,1421.2464962474542,1367.355388615767,1373.6954982317402,5366734
2019-07-04,1434.31103515625,1453.90783417372,1408.566321929646,1415.00247092031,4799912
2019-07-05,1472.207763671875,1479.3643821213655,1425.9535876222399,1439.690472240715,5145552
2019-07-08,1418.3646240234375,1484.1194423494242,1412.9370623886423,1455.5888903159591,3857205
2019-07-09,1433.350341796875,1449.9211438882608,1399.7284245100052,1418.3645964018012,3733488
2019-07-10,1428.69140625,1460.8723859839888,1410.7757030348553,1441.900017334846,3222571
2019-07-11,1480.5650634765625,1494.7342992827453,1436.1361037453112,1444.7817391524736,4337246
2019-07-12,1450.065185546875,1500.9783719224856,1434.8392843948805,1488.9705449471057,10637123
2019-07-15,1417.0196533203125,1469.758054005046,1410.1992309015734,1469.7099757905164,5656516
2019-07-16,1415.1944580078125,1426.529893969849,1402.5623174043487,1426.529893969849,3863867
2019-07-17,1442.1400146484375,1449.1526324828599,1399.6323073057608,1424.4165090009633,5290039
2019-07-18,1413.513427734375,1443.8212323788437,1410.535509856243,1437.1449269457435,2404071
2019-07-19,1366.1546630859375,1430.0842705165403,1351.7932300987914,1421.7268689358077,4698852
2019-07-22,1362.5521240234375,1372.5426592119366,1327.5853094956572,1363.0803980357173,4578591
2019-07-23,1360.967041015625,1376.3851369829938,1349.1033320127603,1369.5645977924883,2946083
2019-07-24,1308.372802734375,1370.1890713931573,1300.063363170243,1351.7930573586061,4148585
2019-07-25,1336.85546875,1363.4647674663354,1313.1760095722982,1314.1366357680351,6816446
2019-07-26,1359.7664794921875,1366.010550221046,1331.9563959976972,1345.357085502514,3106622
2019-07-29,1375.905029296875,1379.4592995279631,1346.8940460932808,1354.4830169459804,3185949
2019-07-30,1284.6453857421875,1390.6023787754962,1265.7690586117374,1379.5072172011837,8804120
2019-07-31,1357.2208251953125,1363.8010918039156,1260.3416876712395,1265.7692496418213,7730088
2019-08-01,1343.5799560546875,1378.4986975181232,1311.2548586148002,1335.366554540202,9532030
2019-08-02,1328.449951171875,1356.884462291714,1312.6475803500095,1341.0341305198108,4625690
2019-08-05,1333.5411376953125,1349.3914687325655,1296.8452666843355,1311.2546585363837,6796784
2019-08-06,1361.3033447265625,1373.695445978739,1323.5027277602849,1333.5412244984002,3140739
2019-08-07,1370.189208984375,1404.4836359859269,1359.7183595536949,1361.2073771258538,6078493
2019-08-08,1365.5538330078125,1380.9567651579805,1325.863303002881,1380.9567651579805,5079904
2019-08-09,1364.9261474609375,1385.785331663928,1357.1039681202908,1385.785331663928,4666041
2019-08-13,1326.34619140625,1368.547529474299,1305.824980172208,1366.4712421726838,3477027
2019-08-14,1352.8065185546875,1360.4839366169035,1329.8710469655653,1341.3629489385585,2823062
2019-08-16,1389.74462890625,1395.4423061899429,1327.843024921226,1332.6715450118486,3127077
2019-08-19,1393.028076171875,1407.8999419483196,1381.4879600600518,1392.5452241524047,2484182
2019-08-20,1356.66943359375,1402.15407487995,1340.493889295351,1401.2367031031154,3395591
2019-08-21,1320.310546875,1364.3949608974892,1311.281237468899,1364.0569880524301,2929477
2019-08-22,1289.842529296875,1319.1032888165344,1284.4346106492226,1319.1032888165344,4436240
2019-08-23,1265.5552978515625,1297.5684142354812,1236.1978678996102,1293.6572652457894,7921907
2019-08-26,1302.251953125,1308.4324828196684,1223.7884965499861,1299.8860252802576,7080111
2019-08-27,1338.5623779296875,1353.6273377332764,1308.7704311677455,1313.357525466249,4755041
2019-08-28,1319.0068359375,1358.2627286355053,1307.2735083060513,1331.7058676063716,8031108
2019-08-29,1304.2315673828125,1333.63720664667,1292.111935186998,1310.4603109482484,4555489
2019-08-30,1347.8814697265625,1353.5791473756035,1284.5313056521939,1312.4401771423318,5254735
2019-09-03,1297.8580322265625,1340.349014400545,1289.7944262316703,1332.6717136385412,6169187
2019-09-04,1272.41162109375,1297.8578990023188,1252.083621757,1293.0777111519515,6069299
2019-09-05,1263.237548828125,1289.2150135008965,1258.7470010470352,1281.4893804611909,3820454
2019-09-06,1285.4486083984375,1294.0433978264314,1266.3277393697851,1275.7915681161508,2744448
2019-09-09,1289.2149658203125,1294.9608580275644,1263.140955275632,1284.3864453490753,3024923
2019-09-11,1325.091064453125,1332.6718189770647,1294.043650311063,1294.6230492642899,2958610
2019-09-12,1342.5701904296875,1363.5742556279222,1328.2295074228266,1331.7060187754282,3847286
2019-09-13,1350.6337890625,1358.4559690338426,1323.9803783272039,1341.3630528785457,3506741
2019-09-16,1328.760498046875,1347.157208150406,1318.1860853944834,1332.719979130558,2406553
2019-09-17,1286.897216796875,1337.4035866815518,1279.799315477382,1328.808796903888,3418892
2019-09-18,1284.772705078125,1302.7347770184474,1276.4676737383843,1294.043440477924,3466276
2019-09-19,1238.2740478515625,1287.573287941578,1234.3146847282314,1287.1869827355413,4668596
2019-09-20,1370.91357421875,1404.5201254602437,1227.8928145935422,1244.7926370515738,12418793
2019-09-23,1459.7100830078125,1495.0548295757824,1411.8593975845818,1411.8593975845818,8634884
2019-09-24,1464.2969970703125,1474.629982538383,1445.0311318726922,1453.384494905217,5167834
2019-09-25,1452.3223876953125,1468.8842362236203,1441.3616699776076,1457.247454920471,5158518
2019-09-26,1494.9100341796875,1501.4285372357035,1455.3161637653675,1455.3161637653675,7017228
2019-09-27,1430.0146484375,1492.0128032035047,1420.4058221137743,1486.7979775961307,4445539
2019-09-30,1336.099853515625,1425.186049993457,1299.9824993343036,1425.186049993457,9439585
2019-10-01,1253.5321044921875,1361.8357120691624,1147.304666175286,1349.088466624649,13839863
2019-10-03,1212.44140625,1264.5410913682374,1178.1589132815611,1250.5867153275587,13455663
2019-10-04,1221.905517578125,1248.607143224639,1212.2001436422045,1236.1013215391529,7423301
2019-10-07,1198.487060546875,1232.238370001147,1173.3304228459197,1231.2726659494217,5212929
2019-10-09,1263.768798828125,1273.7638135151092,1193.2240613203332,1198.4388874694848,6865376
2019-10-10,1186.3673095703125,1275.694925472025,1178.158825946912,1265.0721819593891,13975918
2019-10-11,1181.2491455078125,1210.9445450126652,1150.4914951258866,1193.561872131776,12987781
2019-10-14,1207.70947265625,1221.519087854013,1185.7880376696044,1197.4730332072056,4786662
2019-10-15,1228.6170654296875,1233.735344414042,1193.6102911150274,1213.8417452550818,4669980
2019-10-16,1230.789794921875,1240.929687308442,1221.6156065721239,1231.2243145849247,4118174
2019-10-17,1294.1400146484375,1298.8719882194541,1226.444182184912,1232.2384066676755,5237964
2019-10-18,1296.6025390625,1314.9991300981376,1271.928753949976,1286.3177675693648,5604223
2019-10-22,1295.0091552734375,1311.2812452435517,1274.7293698440997,1294.0434512053737,3577455
2019-10-23,1286.897216796875,1301.720750656507,1264.7343556008705,1293.0777464057455,3003881
2019-10-24,1238.998291015625,1301.624174821846,1228.3755465096453,1294.2365152932011,6833303
2019-10-25,1228.423828125,1243.8267598689292,1216.8835945217186,1243.8267598689292,4141541
2019-10-27,1232.8662109375,1239.9641127726381,1229.8725516874736,1238.0327044972914,303098
2019-10-29,1270.1905517578125,1280.5235376760404,1220.7947672820123,1231.272632380808,4248732
2019-10-30,1252.711181640625,1278.5437636405043,1238.4188331709654,1269.9007599940603,3333740
2019-10-31,1268.16259765625,1297.9063315750325,1245.75830932425,1259.2298345855143,7559742
2019-11-01,1332.5267333984375,1338.3209578009821,1271.0596459513506,1282.4550010965406,7803620
2019-11-04,1305.9217529296875,1346.0950214924578,1303.7005862588353,1327.7948573476522,3641707
2019-11-05,1274.825927734375,1313.647302337624,1269.9008605212803,1307.5633195025198,2656825
2019-11-06,1296.940673828125,1307.177114244348,1265.0724368688338,1275.9366085595013,3214840
2019-11-07,1334.5064697265625,1349.9094023950927,1303.7004865057054,1303.7004865057054,5563949
2019-11-08,1374.0037841796875,1404.0853713516813,1309.0601861230316,1320.165782816735,8506906
2019-11-11,1395.4908447265625,1405.0030071337421,1359.1320594954464,1367.437091701618,3521409
2019-11-13,1365.6986083984375,1412.29382840295,1360.2424748707476,1395.4423400315197,4578522
2019-11-14,1327.9395751953125,1351.6958705261195,1306.7906335666974,1351.6958705261195,5279888
2019-11-15,1312.391845703125,1340.5903577067293,1299.547934275984,1329.8710659874591,4476838
2019-11-18,1327.263671875,1332.5750441579164,1312.8746579317947,1314.7095192062884,2034198
2019-11-19,1344.984375,1360.6770665051158,1327.4086076677904,1334.603056004308,4880427
2019-11-20,1418.9090576171875,1428.0349140564547,1353.9171256176835,1353.9171256176835,7334715
2019-11-21,1396.5531005859375,1450.5359869395986,1388.2962828287916,1429.3387098058615,6229283
2019-11-22,1396.5531005859375,1410.7006901677364,1387.7168839070534,1400.222705679484,2062280
2019-11-25,1445.51416015625,1447.7353267423027,1396.5530093839507,1396.5530093839507,3029183
2019-11-26,1463.9107666015625,1469.3186856073878,1429.724820270613,1443.7275287433747,6748616
2019-11-27,1474.00244140625,1484.6735189512683,1456.2817946043697,1466.9045397904758,4156766
2019-11-28,1514.46533203125,1521.7564445486028,1467.8701129842182,1473.664337114419,5080043
2019-11-29,1515.2861328125,1527.357432892078,1498.8209502342295,1502.6354339058603,5852032
2019-12-02,1521.9498291015625,1541.7950976941981,1507.6573596950527,1537.401096402086,3906554
2019-12-03,1491.7230224609375,1525.812423118302,1480.3277852210917,1525.0398127125713,3594869
2019-12-04,1491.3367919921875,1500.7040740007078,1470.7672488436797,1485.6391145952202,3417501
2019-12-05,1457.9718017578125,1495.7791418034049,1455.2195685801373,1491.3369264080936,3222397
2019-12-06,1415.5771484375,1466.566365480398,1406.0649878587567,1464.9729303445974,2990724
2019-12-09,1400.2708740234375,1433.9256366257935,1395.780326609293,1407.030802380792,2831428
2019-12-10,1363.18798828125,1411.3766501349423,1360.2908757595908,1409.9280938741128,2751068
2019-12-11,1371.9276123046875,1382.8883307347976,1348.2678608361102,1370.0444184983332,3263070
2019-12-12,1394.62158203125,1401.2366314561957,1372.4586024850366,1375.4040471064693,2490582
2019-12-13,1434.4569091796875,1442.713608593411,1400.0295340668126,1400.0295340668126,3512530
2019-12-16,1442.1826171875,1455.3161701964527,1432.3806963794882,1452.901909794667,2909431
2019-12-17,1441.5546875,1456.7645259378664,1435.2292789643861,1448.6525885275792,2861481
2019-12-18,1449.32861328125,1452.4188189339768,1438.898962906666,1449.5217069281243,2573443
2019-12-19,1438.802490234375,1454.157208233482,1427.5036820989737,1441.796149217948,2656772
2019-12-20,1436.9193115234375,1456.764577145864,1431.6562715404332,1439.3819040344117,2875305
2019-12-23,1444.983154296875,1450.0047686799062,1428.6143983657091,1436.9677627676992,1584336
2019-12-24,1469.6566162109375,1479.4585354369678,1443.7274872573544,1443.7274872573544,4488835
2019-12-26,1463.4281005859375,1477.1410524383073,1453.0467809159832,1465.0697504965,2265163
2019-12-27,1472.6021728515625,1487.1842808598572,1460.2411134934935,1472.4089613055871,1755565
2019-12-30,1478.879150390625,1499.2554815061567,1465.987025382451,1472.6020743005831,2526529
2019-12-31,1458.213134765625,1482.1626426755593,1453.3846144518316,1478.8792252854203,1979911
2020-01-01,1433.3946533203125,1471.6847268597394,1430.0146889454666,1460.1446099334291,2135253
2020-01-02,1476.5615234375,1481.6798021634315,1435.132795246307,1440.5890468200723,2365906
2020-01-03,1476.416748046875,1485.2529644877864,1460.24120373272,1471.7331065535673,2622870
2020-01-06,1419.005615234375,1465.6973844687254,1415.191013343725,1463.0900305759167,3151046
2020-01-07,1411.5213623046875,1456.2817218908192,1392.738347615009,1437.4021603719389,3572603
2020-01-08,1408.575927734375,1430.7871212625225,1389.6964839657278,1391.5795597417693,3363919
2020-01-09,1455.9437255859375,1463.9589984212605,1432.332190978684,1438.899025631729,3496433
2020-01-10,1440.1063232421875,1469.463753173727,1433.2980617859937,1459.0341011310063,3189536
2020-01-13,1486.8463134765625,1493.944214902734,1436.3399428327953,1448.3630293843669,3732412
2020-01-14,1430.8353271484375,1530.6408100166118,1419.8262781873336,1492.9783547543734,15123110
2020-01-15,1352.4686279296875,1413.211441007896,1343.632411603511,1413.211441007896,13995235
2020-01-16,1338.900390625,1366.471289593282,1329.871080945437,1356.8142486774284,10544088
2020-01-17,1305.873291015625,1329.7744660591723,1271.8805558849867,1303.700456920757,10020063
2020-01-20,1286.2696533203125,1320.9867898053465,1277.6266479424055,1320.9867898053465,6047237
2020-01-21,1290.5185546875,1303.7004382510188,1274.729317400996,1286.3177657410051,4501887
2020-01-22,1281.8756103515625,1301.7690906828645,1277.6264888526928,1300.1756553853136,3038713
2020-01-23,1286.124755859375,1293.8503885892494,1274.8259472616535,1284.3864413416331,4358219
2020-01-24,1270.963134765625,1298.8720066640133,1262.802982323375,1288.2492616280995,4563516
2020-01-27,1227.60302734375,1267.0038025019037,1221.6157089671558,1266.5209504430234,6019701
2020-01-28,1211.7171630859375,1240.8331639227413,1197.7144542875744,1237.06689453125,6103759
2020-01-29,1215.09716796875,1232.9143612277264,1208.0958133351132,1225.3819400763005,3977924
2020-01-30,1189.2645263671875,1210.9928672874162,1179.6558183137595,1209.0614592056181,5301706
2020-01-31,1215.676513671875,1227.9892402476546,1199.5009709154588,1202.3015362231793,8391172
2020-02-03,1219.78076171875,1224.947254808392,1174.344456906193,1180.0903488489525,7697534
2020-02-04,1229.00341796875,1239.9641365648947,1213.1658462302562,1229.3413908466596,4632688
2020-02-05,1229.1480712890625,1244.4544557752754,1221.8086267436374,1236.101092782449,4360609
2020-02-06,1288.4906005859375,1293.4639999116318,1219.104789684825,1236.1011570170508,7628363
2020-02-07,1254.256591796875,1299.886112688774,1250.3454428526181,1298.872076182098,3850541
2020-02-10,1231.224365234375,1259.2781158114547,1224.995621094195,1259.2781158114547,3955195
2020-02-11,1248.3173828125,1264.9757779285922,1240.9780554975318,1245.758243464283,3456066
2020-02-12,1233.5904541015625,1258.215908914763,1208.771787736016,1216.7871790052063,8957173
2020-02-13,1188.5404052734375,1237.791317862465,1183.22903234717,1237.791317862465,6508945
2020-02-14,1135.66796875,1198.5352791576158,1131.032542132196,1191.5822571147057,11532869
2020-02-17,1132.7225341796875,1167.536212823945,1124.5623819962648,1135.6679787270136,9900428
2020-02-18,1101.57861328125,1132.481144300723,1070.4346562381875,1132.481144300723,11207411
2020-02-19,1102.9788818359375,1127.9423074436115,1077.7256978656426,1115.3881550491194,14324736
2020-02-20,1141.6552734375,1162.562789562724,1105.7794625170307,1105.7794625170307,15703698
2020-02-24,1130.115234375,1148.7050384867016,1107.22809412866,1129.8738083475753,7179792
2020-02-25,1114.277587890625,1142.234790702178,1099.743812754815,1140.4964762689954,6114855
2020-02-26,1096.07421875,1110.5597811123348,1086.6102708530846,1105.7312603248897,5870515
2020-02-27,1077.291259765625,1100.323279056328,1063.2402179067965,1099.9369738381845,6835782
2020-02-28,1066.1856689453125,1079.6571941155046,1047.8372908700042,1062.274520149423,10233947
2020-03-02,1042.236083984375,1097.9571598754703,1033.3516539799994,1091.2455639586228,5724823
2020-03-03,1070.0484619140625,1079.6088380786884,1036.2004864744931,1047.7889355310579,5233056
2020-03-04,1029.39208984375,1076.228731941754,1014.9548627835492,1076.228731941754,6863681
2020-03-05,1038.1319580078125,1057.3977085866206,1026.5435082440044,1038.1319580078125,6815347
2020-03-06,979.9964599609375,995.5925450320932,882.4603507308616,963.7726436793639,16835425
2020-03-09,872.1273193359375,936.6846715803966,856.6277808488784,917.4188636552565,14498980
2020-03-11,824.2767944335938,897.1391869020148,816.0200354490877,859.3801768858075,12305857
2020-03-12,757.7396850585938,803.4174735481612,743.5920975479683,748.6137702548532,16135734
2020-03-13,776.1846313476562,806.0731835282098,532.1994791737147,699.1697332450427,21139779
2020-03-16,641.3723754882812,732.6796826387474,632.5361597561498,721.3809333402197,16613929
2020-03-17,583.43017578125,683.1874009749496,565.3232232796623,647.0217693900647,19508083
2020-03-18,444.99639892578125,616.9399872408228,361.9458535233989,607.4278262569593,74866076
2020-03-19,428.8208923339844,455.8123336240424,378.3145798669886,400.52577409019403,29186013
2020-03-20,425.247802734375,462.4756836862905,391.35158321672526,428.82089019159986,28086017
2020-03-23,324.9111633300781,391.1101690426143,318.77893626694816,382.75683428935116,9515210
2020-03-24,301.6376647949219,347.6534567128656,227.4715910824157,342.87320989468424,37275347
2020-03-25,290.96661376953125,312.8881071382775,271.5076833710163,281.98557803820074,40292991
2020-03-26,420.9504089355469,436.4499773362112,300.96167518332203,305.50049621625305,42326717
2020-03-27,397.00091552734375,520.079871166949,378.89396574475643,463.0067890289914,43890479
2020-03-30,399.2220764160156,413.03166298353034,357.31052359645895,357.31052359645895,29380383
2020-03-31,339.2518310546875,385.3159273964813,319.40662402603056,384.3502233177934,38989984
2020-04-01,330.5122375488281,376.624609624669,309.0253207176771,373.1480688724049,33427621
2020-04-03,302.4585266113281,337.9964246105745,299.56141440038033,337.9964246105745,23013838
2020-04-07,370.6855163574219,378.07314666238193,332.6850549813297,332.6850549813297,45710645
2020-04-08,385.46075439453125,426.2617493142318,349.5848558800374,368.89893631539866,56093585
2020-04-09,381.8393859863281,410.4242325473449,370.8303654074834,410.4242325473449,32940091
2020-04-13,396.324951171875,407.3339718628535,358.51764208278905,374.69318553029535,31201235
2020-04-15,409.5550842285156,429.73829252245946,399.84974106313615,410.4242119596523,28311987
2020-04-16,420.4675598144531,426.84121277726297,399.0772198647147,409.5551152580752,23556832
2020-04-17,458.17828369140625,462.4756488942174,427.42060478612717,455.8122970560202,26188305
2020-04-20,441.03704833984375,464.5036448023962,437.4639315914459,463.0550887375238,16950369
2020-04-21,387.1025085449219,418.10161718350156,382.4188375943363,415.25277819587023,29550439
2020-04-22,401.63629150390625,406.078535840104,371.4097678064464,383.38449162549654,28908719
2020-04-23,395.8904113769531,412.8385067059761,393.0415724662743,405.595725886573,18750968
2020-04-24,369.7680969238281,386.18506675382633,366.96756090584205,378.79743622451724,19653294
2020-04-27,393.4278564453125,396.7595474803088,373.727498098644,380.68057961909227,26819351
2020-04-28,451.9977722167969,467.7870394473495,415.25274462605677,429.7383054851053,60610249
2020-04-29,454.9432067871094,472.22930425947266,427.80691571972676,437.9468087559731,47307868
2020-04-30,452.0943603515625,474.9815588963759,445.7690103992403,469.5736101399063,26654890
2020-05-04,408.5411071777344,428.82089325098434,401.73290507009483,428.77261983442816,17565171
2020-05-05,404.34033203125,423.8475378234964,401.6846456671041,418.1498893364282,18470026
2020-05-06,410.9070739746094,414.62504046762933,394.4901050966579,405.5957016905663,17184968
2020-05-07,438.7676696777344,445.6724481921551,401.25005898990344,405.5957274988194,26784490
2020-05-08,425.247802734375,461.31685645865673,420.51585857856634,447.12099452028076,29096376
2020-05-11,418.5361328125,443.01673657520524,414.093888251834,434.5668260683212,18434346
2020-05-12,430.8971862792969,434.56685011410235,410.4242473299856,415.05961527615574,26126553
2020-05-13,433.2148742675781,463.5379777512845,429.2554814800957,458.70945714970856,20820446
2020-05-14,413.32135009765625,426.8412073438413,410.4242378306166,423.94409507680166,16520436
2020-05-15,404.34033203125,416.2184810715948,402.795199525193,415.6390526979545,14848712
2020-05-18,363.8289794921875,404.3402738013288,361.22156692178106,404.1471212142813,25374856
2020-05-19,355.18597412109375,373.727505565434,348.6191976979888,371.89267357700334,28794743
2020-05-20,345.0460510253906,358.1313588034726,338.768974595809,351.5162800565698,29736164
2020-05-21,334.90618896484375,351.51631220926686,331.4296775856895,349.8746033583702,25554090
2020-05-22,326.7460021972656,341.56956666468545,318.68236672089506,330.2708164198367,27953815
2020-05-26,336.2581787109375,341.8109772744203,330.270801514976,333.07133750497724,19932807
2020-05-27,356.2965393066406,362.5736159535269,335.72702430427387,338.865562627717,34413192
2020-05-28,373.5826110839844,391.88268482792853,358.8556245797983,362.13901239801737,47047469
2020-05-29,380.1493835449219,386.281609997827,360.6904533354709,363.10471339795737,33013516
2020-06-01,396.03521728515625,402.5054164187777,387.2955783807194,388.5027083837399,22990598
2020-06-02,419.79156494140625,423.8475042941318,390.3858646471383,399.8014791933587,28744172
2020-06-03,417.5221862792969,436.7396925619625,411.48653546998287,429.7383376231582,27908796
2020-06-04,400.81549072265625,419.93645033925566,391.11017592331024,410.2794089584332,25795376
2020-06-05,407.8651123046875,412.6453296800842,397.0975180178022,402.89174233048834,26349793
2020-06-08,436.1119689941406,447.7969942716552,428.7726120823253,439.3953569762568,42805660
2020-06-09,447.9901123046875,461.6065455897034,436.8362420814332,444.17559890968533,40690351
2020-06-10,482.4657897949219,492.75053289701424,447.265862427715,448.08671683334563,42547635
2020-06-11,505.2080993652344,529.6886735543892,487.77712351009126,492.75049349339486,78669422
2020-06-12,510.3263244628906,516.3619748635259,466.7247623919423,473.1949914098029,57429819
2020-06-15,473.72613525390625,506.99465334257536,466.9179331259718,506.99465334257536,45035607
2020-06-16,465.2762145996094,497.3376018883655,440.6507605255253,492.5090814816823,50389388
2020-06-17,474.3055419921875,484.78343691125195,451.94949895311936,456.391743512233,40940232
2020-06-18,482.0794982910156,485.7008886643828,465.61422571086945,472.71215673685913,25255403
2020-06-19,467.0627746582031,492.9919352258796,455.95717768445655,485.7491545908275,41823242
2020-06-22,473.09844970703125,484.83174904973595,469.18735974978017,473.2432994330496,27934720
2020-06-23,502.5524597167969,506.0289710556853,480.1481118053401,481.8863674747843,45717057
2020-06-24,465.17962646484375,512.2576962499334,459.77167819534145,511.8231176635383,43255370
2020-06-25,458.8542785644531,474.11242040664916,445.18957199923057,463.53794915321185,37360999
2020-06-26,475.65753173828125,483.8177429841787,464.5519348434348,466.43506958354953,33898936
2020-06-29,463.5379333496094,470.29786154429115,456.29515314102173,465.46934140523274,19597701
2020-06-30,458.5162658691406,477.05779520390666,455.81230634867194,472.2292750095352,17436951
2020-07-01,475.56097412109375,477.63723194710974,458.8542762712872,464.02079886459364,20509324
2020-07-02,477.8303527832031,490.57765804843166,476.0920972792851,480.9206175356673,22971526
2020-07-03,470.4909973144531,482.85199664005984,467.73873503941536,482.70714693525724,15633495
2020-07-06,478.8926086425781,491.54333696151383,476.62319834394947,480.92059294073454,24848329
2020-07-07,508.2500915527344,511.82320876076597,475.5610290605304,479.95497123415225,42696302
2020-07-08,533.6480102539062,557.694063585249,513.7545313027748,515.6859393151913,81334991
2020-07-09,537.4625854492188,550.4030434936519,531.4269350445202,538.8145947166306,26574065
2020-07-10,520.7559814453125,535.4346968367882,514.1409313588381,533.3584092635356,26964951
2020-07-13,521.1422119140625,535.9657454409404,516.1688125012299,530.8475257863703,16507937
2020-07-14,493.2816162109375,516.6516659742259,487.72881793177527,516.6516659742259,22219927
2020-07-15,486.2803039550781,509.69862915968315,482.8520660743309,500.0898612564235,21841548
2020-07-16,500.8140563964844,504.09747347865806,473.4363723619006,490.5776178681194,21502321
2020-07-17,502.93865966796875,508.4431845656056,494.4404757788985,504.3872157493522,14445406
2020-07-20,510.61602783203125,523.073633931785,503.7595525007862,506.94636414852124,19937276
2020-07-21,505.5461120605469,521.238804173219,502.8421522848977,517.3277142350566,13311222
2020-07-22,495.93731689453125,510.4228780477659,490.57767105621423,509.8917525938605,15202237
2020-07-23,496.2753601074219,503.13183563431545,492.60566684824823,497.8204630892315,11300182
2020-07-24,504.33892822265625,518.2933632045584,482.85201361671255,488.4530851862872,31277822
2020-07-27,489.2739562988281,505.8840484548453,487.6805504933861,504.6286449647271,12280255
2020-07-28,508.8778381347656,510.8575199492121,493.8611201965977,494.4405486086892,16991267
2020-07-29,531.6201171875,545.3814008749149,513.9960170264249,515.6859992336513,37044099
2020-07-30,502.021240234375,527.2261519782211,497.82045108135026,526.3087213178194,13848662
2020-07-31,505.78753662109375,510.3746312252946,498.0619036034923,507.1878193939144,11161107
2020-08-03,485.79742431640625,504.04925495485054,483.81774274624354,504.04925495485054,13508456
2020-08-04,475.7058410644531,490.57767816990184,466.67650192048245,490.57767816990184,21481518
2020-08-05,475.85064697265625,488.6462249988109,473.33981067333457,482.0794495737671,15082924
2020-08-06,477.92694091796875,484.7351723306369,469.0907545241585,480.7274768418335,16624606
2020-08-07,491.5433654785156,495.7441545536848,475.12639649396795,478.98921272562626,16540870
2020-08-10,491.8813781738281,499.80013393327863,489.1773890720319,494.44048808712034,9409531
2020-08-11,504.0975341796875,506.8980996130013,491.881383354772,493.4747892065523,11701319
2020-08-12,502.79388427734375,512.2577730649081,494.7784927584802,500.71759679871707,12644367
2020-08-13,500.9590148925781,509.457199405026,498.64130141559133,506.0289615493223,8109014
2020-08-14,489.80511474609375,505.5460792554481,482.9968833887373,502.1661150197383,9318623
2020-08-17,495.5510559082031,497.144432222587,485.26628421816366,492.5090645796288,7173558
2020-08-18,503.7112121582031,506.7532035121194,489.12910448573314,494.87505540874275,10993530
2020-08-19,504.2424011230469,511.82315445663573,501.34528892800927,505.0632260015481,10895768
2020-08-20,495.79248046875,502.6972290279936,493.5713434818341,497.916982215042,7658596
2020-08-21,495.93731689453125,503.5181292631969,494.92333940218464,502.166119978802,6411009
2020-08-24,511.0022888183594,517.0862121542782,498.3032577996155,500.23466577558304,14887687
2020-08-25,518.1002197265625,527.6607133411461,512.0162960363263,516.6516636602255,18377629
2020-08-26,548.1819458007812,552.5758875861163,519.9833748140547,522.8804870604603,26850404
2020-08-27,585.07177734375,598.4950872666263,552.382718703526,552.7690239017561,48561125
2020-08-28,642.8209228515625,665.3700887859079,575.0767603367317,579.4224285508632,55986681
2020-08-31,608.5867309570312,687.5813139449059,599.4608154933993,680.8213852965712,57316603
2020-09-01,605.9310302734375,639.7789461253499,568.5099975755397,616.215743249785,47295290
2020-09-02,618.5817260742188,628.7698921555611,593.0388418067731,610.324968119838,19765424
2020-09-03,610.1800537109375,626.0176230145582,603.5650048347071,621.9133809816822,14985734
2020-09-04,595.0186157226562,619.9820435894911,582.8507084739831,590.0934893570379,21613014
2020-09-07,587.8240356445312,603.5167256193341,577.0564124850627,600.1850350363047,13889593
2020-09-08,579.8087768554688,591.8800783477802,578.4567675115691,588.1138087054184,13303702
2020-09-09,583.8646240234375,588.7897498661815,568.4616921342429,569.7653689780276,17123149
2020-09-10,599.171142578125,606.2690443963265,589.0795225751375,592.9423391166139,15925284
2020-09-11,589.4174194335938,601.0541999176165,582.5609445334558,596.8050786932046,11346718
2020-09-14,588.4517822265625,598.7365546862401,583.1404095640233,595.9359891601405,9287409
2020-09-15,611.677001953125,617.0849213490638,580.5813180717247,588.4517711400661,13446734
2020-09-16,600.3299560546875,619.0163061503288,592.6043235286303,619.0163061503288,17940987
2020-09-17,596.1773071289062,603.3718133106711,589.2725592842808,593.6665004475681,9390779
2020-09-18,592.1697387695312,603.2270619961597,579.4224334453539,601.5853533130182,10335095
2020-09-21,541.3735961914062,596.2256262254598,534.8550947047222,591.8799585676703,15649376
2020-09-22,525.343017578125,558.1769561767578,518.5830890431123,544.6570991067325,26363293
2020-09-23,509.9399719238281,534.8551226764494,501.2969095640562,532.1028899260031,20046261
2020-09-24,473.4364013671875,501.2003922683739,468.366455202623,499.41386338714307,20946967
2020-09-25,497.1927185058594,503.42152156632403,474.3538525400209,482.75546029421685,19311510
2020-09-28,536.0623168945312,543.98110222257,498.4481897346721,504.96669234353755,24396893
2020-09-29,517.8588256835938,542.5808271651085,510.8091975139502,539.8285940459281,21321940
2020-09-30,509.3123474121094,521.190495622165,502.40753977121886,517.8588048098339,18784941
2020-10-01,571.8899536132812,576.5735947069895,518.5830779465928,521.4801901138921,49858446
2020-10-05,580.9192504882812,609.0695466863759,571.6967887420549,572.8556453724789,43964114
2020-10-06,601.4404296875,606.8000750124661,585.4097671234424,594.8253809712103,25112823
2020-10-07,597.8673706054688,604.3375997109556,585.3132176021269,599.6539585133916,19071775
2020-10-08,596.5154418945312,616.6020756399181,592.9905983082394,598.7365495642118,20977726
2020-10-09,601.6819458007812,611.2907136729626,593.9080393505087,596.8534251556551,18622149
2020-10-12,593.3768920898438,610.3249871438279,589.5623491318147,606.6553233765964,11751051
2020-10-13,587.3411865234375,599.4607599749878,581.7883885051432,590.6245447691182,11579298
2020-10-14,601.295654296875,604.9653179228317,577.0081737015486,579.4224338425593,14624404
2020-10-15,577.4910278320312,610.8078178992638,573.000480376645,601.2956564858132,14728367
2020-10-16,587.437744140625,592.8457220229454,580.7744217613763,584.0577800673856,11569890
2020-10-19,605.593017578125,609.0213142868996,585.4098372517694,586.7135142101058,14576825
2020-10-20,603.806396484375,607.3312394888293,595.4530337159513,600.6678586377949,9607553
2020-10-21,606.5587158203125,625.5830981963734,578.9878758179165,609.3592812602337,26626983
2020-10-22,587.8723754882812,609.2144126890009,584.878716331549,599.7022508061152,15976059
2020-10-23,587.29296875,596.5154310657134,583.6232460367357,595.8394264110648,12435551
2020-10-26,595.5014038085938,611.5803402765224,592.5076860000629,595.8393766367349,17438151
2020-10-27,592.9423217773438,602.019963961119,574.690490575841,595.4531288791193,15012129
2020-10-28,572.5176391601562,594.8254387307825,565.9991366325789,593.4251560290712,14933120
2020-10-29,568.510009765625,579.2293015915275,551.4170355784048,564.9368928430242,16511146
2020-10-30,565.6128540039062,581.3538176775608,556.7283652676309,571.696777516804,16811219
2020-11-02,606.8001098632812,613.2220653050457,569.7653835117748,569.7653835117748,33145934
2020-11-03,624.4241943359375,627.7076115732326,609.8903606563517,609.8903606563517,19566145
2020-11-04,654.795654296875,657.6444931849551,625.7762578323801,627.321360818169,33533745
2020-11-05,689.8990478515625,702.0668962035006,655.0370937065776,671.1160909034048,23471764
2020-11-06,713.3173217773438,721.3809270369413,682.7527649466098,690.2369713516115,29896664
2020-11-09,748.8552856445312,753.7320797533375,709.840814890275,720.4635604089,28036644
2020-11-10,806.5559692382812,840.162455676982,756.1462101092837,757.1119140813263,59758713
2020-11-11,760.926513671875,810.273966770345,726.6922935050833,810.2256933564983,51561819
2020-11-12,742.819580078125,775.3154865654948,735.6733464060144,762.9062128820837,28387177
2020-11-13,742.1918334960938,748.1309369616037,716.3109768261766,733.9833490970071,25472191
2020-11-14,744.0267333984375,758.0777162228504,731.4725801361483,749.9657782304572,3253864
2020-11-17,757.2568969726562,766.5276327972867,745.7649945545885,751.2212463207092,14873173
2020-11-18,799.8926391601562,805.3971639394889,748.4206259629543,753.2491461304572,25491255
2020-11-19,789.9459838867188,816.8891528796651,776.6192785875239,788.0145756131571,29797661
2020-11-20,783.18603515625,801.437866457367,761.7473920725938,790.0425107775282,25424060
2020-11-23,820.6069946289062,850.6886985618759,803.9486002101377,807.3285642951053,39219488
2020-11-24,824.4215698242188,831.4229242763212,807.6182955624136,822.7798611298288,19828772
2020-11-25,825.7252197265625,844.8944801026022,816.2613320133379,833.9819774013173,24215222
2020-11-26,821.379638671875,831.2781060367772,806.3629511895989,827.6084421191453,16934720
2020-11-27,828.2361450195312,832.8715129115864,819.4482023435658,826.6427096776214,10212987
2020-12-01,864.7879638671875,869.1336320273241,828.6706093595155,833.4025827106452,14690547
2020-12-02,866.5261840820312,874.6863946390549,851.0749201414021,871.06500465297,14965085
2020-12-03,865.5122680664062,876.762743997948,859.9594696938742,869.2302051390814,9724314
2020-12-04,882.3155517578125,888.4477490577011,859.2834742024272,871.5479277441035,12658012
2020-12-07,903.0781860351562,920.7988321703269,881.8809698774647,883.6192254177757,15479752
2020-12-08,885.2609252929688,906.5546880685426,875.9901309339997,904.9129793750055,13141739
2020-12-09,896.6561889648438,906.3132292337166,887.1923012897277,898.1047450051747,7937423
2020-12-10,884.4400024414062,895.2076258326566,873.9621374094436,886.4680162469413,9145597
2020-12-11,892.0691528320312,901.3398885160967,883.7157888796316,885.309224204346,8417189
2020-12-14,889.6549072265625,902.9333386777053,886.5646423004617,895.207705833404,5936096
2020-12-15,894.96630859375,899.4568564056996,877.2939346823565,891.3449180815012,7646858
2020-12-16,890.18603515625,905.5890274705218,883.6192590088269,900.0362288483352,6068477
2020-12-17,903.7059326171875,915.4875350464615,882.6535939161032,882.6535939161032,14078222
2020-12-18,874.1553344726562,905.3475640924759,857.1106340892491,903.7058553878752,14605713
2020-12-21,813.798828125,874.9278837082924,786.7591142797106,874.1553322439495,18106992
2020-12-22,811.867431640625,828.0912483921734,785.7451480715608,813.7988398001403,21961153
2020-12-23,826.0150146484375,832.3886973535997,804.1901246063417,813.0746145050535,12353093
2020-12-24,823.5524291992188,840.1625511951346,819.9793123080549,832.4369185404668,10293688
2020-12-28,837.2171020507812,841.1281914972632,823.7455193423255,825.6769273595407,5449095
2020-12-29,881.5912475585938,886.1783417791148,843.5424845526703,844.9910406223086,20727636
2020-12-30,868.2162475585938,891.0551727910524,857.5452291864887,887.5303292970282,11462263
2020-12-31,864.2568969726562,875.7970727679107,859.524923301027,872.9965072982687,6435333
2021-01-01,869.278564453125,872.9965016410974,862.4220300153612,864.305164788476,4632855
2021-01-04,867.0573120117188,882.6534551738793,857.0140257862555,878.7906391774947,6991890
2021-01-05,890.0411987304688,895.5456648936917,852.7167120498289,861.1183494269218,11907501
2021-01-06,890.7171630859375,904.6233258592533,878.2113420036674,893.2280291393452,9768197
2021-01-07,919.3985595703125,928.6693541235658,899.1670472620391,902.93331675897,12154311
2021-01-08,907.5686645507812,942.5271633400947,900.1327314942472,931.9044186713027,10838196
2021-01-11,897.235595703125,918.3362642415118,894.435089365635,910.5623585450099,8419415
2021-01-12,895.8353881835938,909.2103657385165,875.458997303763,888.4477286026927,8805330
2021-01-13,910.41748046875,920.7987988617907,894.3868170385808,900.8087135165796,9473962
2021-01-14,936.4432373046875,947.0659819480611,918.6259856371948,920.3159677395497,14887258
2021-01-15,932.7735595703125,949.2870751440762,920.7505324355,940.5957387490644,9195430
2021-01-18,900.8087768554688,927.0759402852648,892.3105925245674,926.1102361808009,10668611
2021-01-19,907.665283203125,919.3502789278646,904.1404397544256,909.7415115981693,6309233
2021-01-20,915.19775390625,921.1367985390268,896.4147980594208,904.7681617958506,7004445
2021-01-21,894.0970458984375,933.8357900118965,886.7577189021964,926.4964630156555,8216362
2021-01-22,862.6633911132812,901.9675565992957,859.4765796288792,898.104740511076,11366492
2021-01-25,820.0276489257812,881.060100061207,810.4188814732397,874.9279026864668,11829328
2021-01-27,792.022216796875,831.2780518876251,778.3574806259991,818.9170515767335,15810173
2021-01-28,775.0740966796875,800.4238296185509,761.9405443338369,773.8186931225241,13789865
2021-01-29,817.0822143554688,831.3263498116801,787.6765717027768,789.0767954924092,19305853
2021-02-01,937.312255859375,947.7419059573674,826.6426037475059,829.5397156765275,38067807
2021-02-02,942.1891479492188,964.7383131738718,916.7428117310969,948.7076500652585,20556081
2021-02-03,1012.5890502929688,1043.7330065671065,938.8575091439402,946.3899891055845,34995822
2021-02-04,996.7514038085938,1006.263564599693,981.1552606845376,999.4070897996198,13666242
2021-02-05,989.9432373046875,1047.7889357685792,981.4450531163269,1009.1607722379403,19524257
2021-02-08,999.6002197265625,1018.8177535358939,992.7437446776293,1000.5177092870365,7162284
2021-02-09,990.6193237304688,1015.5344190517424,985.0181927359005,1008.1950913885099,7984133
2021-02-10,987.7221069335938,1002.8353402016173,969.1805770776916,999.5037083273783,7815034
2021-02-11,986.85302734375,1000.4694313559073,980.4793450220957,989.8466864283832,5760021
2021-02-12,992.1644287109375,1023.1635071439172,977.2925618024013,988.687858540966,13959383
2021-02-15,1021.3284912109375,1026.5433162058616,1002.1109587042683,1009.0640979920955,9121286
2021-02-16,1021.9563598632812,1058.8945415450867,1005.3945110357247,1031.3719748017807,13883441
2021-02-17,997.765380859375,1047.7888979810193,991.0054524853039,1042.9603777138257,13855321
2021-02-18,1010.1748046875,1019.2041143003034,997.9586244425074,1009.1607682453127,8911120
2021-02-19,1029.343994140625,1037.6973579419623,992.5506925663542,999.5037147327148,14557527
2021-02-22,987.8186645507812,1030.5027350344255,983.0866912812156,1028.4264478169457,9412265
2021-02-23,1012.3475341796875,1017.803667385486,983.08665629366,997.7170952366737,7160332
2021-02-24,1033.3033447265625,1039.0975690895152,1005.5393529874142,1011.38190970691,6833820
2021-02-25,1071.6900634765625,1081.1056779112519,1041.9946641056192,1042.9603681502028,12716781
2021-02-26,1026.4951171875,1045.7609845484808,1015.196426467376,1033.3033781879594,12247085
2021-03-01,1031.3236083984375,1058.9910534196124,1026.6882996197037,1038.1318692058176,6358886
2021-03-02,1036.53857421875,1049.0445142754008,1023.6464467911151,1038.1320097174043,4917345
2021-03-03,1062.032958984375,1066.1372009263468,1040.2080724697055,1042.960305254035,5695638
2021-03-04,1054.5003662109375,1077.7255930351446,1035.8140186181329,1041.0288434515107,6128220
2021-03-05,1004.2357177734375,1046.823245032405,990.2812227897266,1046.823245032405,13926140
2021-03-08,983.3281860351562,1019.2523308978483,979.7067957109413,1017.8521071260051,10522267
2021-03-09,989.653564453125,1000.0830975351383,970.5325769770732,990.4260569682023,9915907
2021-03-10,1004.1873779296875,1023.6463389881565,997.6206608249495,1007.3742485913784,8832614
2021-03-12,987.5773315429688,1020.1698452513338,980.8174027738263,1015.9207235911124,5735382
2021-03-15,1003.0284423828125,1007.8086298348829,954.3086657759047,992.5505779857132,8019663
2021-03-16,999.2139282226562,1013.8927004371485,992.743758274579,1009.1607270398201,5161126
2021-03-17,974.34716796875,1003.3665645189595,968.2149115403801,996.6066357878404,4712570
2021-03-18,968.4080200195312,995.3511279406316,954.1156117134184,989.8466619496497,5797610
2021-03-19,977.1959228515625,983.8592452342224,947.4521918383127,956.0469812057082,6838935
2021-03-22,934.9464721679688,977.1476952757038,928.0899375155294,971.4983497213811,12692489
2021-03-23,956.0952758789062,960.2961238306339,936.7329216072594,943.492849907518,7530882
2021-03-24,925.8204956054688,951.2185006361038,922.247378789319,946.4382537430047,5028085
2021-03-25,924.9513549804688,936.7329565314086,896.9942101079814,925.820512228237,7614686
2021-03-26,920.0745849609375,943.01005742782,917.4188986752986,940.4026445589942,4891178
2021-03-30,928.0899047851562,944.8449061276657,922.2474068235025,932.8701518235638,5831461
2021-03-31,921.7161865234375,935.7671678121136,917.4187919726604,928.0898092909109,4453746
2021-04-01,959.2338256835938,962.8069424741341,926.2067352265929,930.9387086710784,7932671
2021-04-05,905.2026977539062,955.0330637539873,887.0474727993229,951.2185208414211,11223431
2021-04-06,895.4491577148438,921.4748958989267,889.8963589476716,915.2943658682697,6925347
2021-04-07,913.1215209960938,919.7849030163138,889.5583757785676,899.0705378058753,5714921
2021-04-08,902.8367919921875,925.096259840106,900.0362265089079,916.4531963057443,3946239
2021-04-09,891.9725952148438,907.472133878249,885.9852181429084,902.9333129233028,4980026
2021-04-12,815.4405517578125,859.4766343926301,812.157134296856,853.6824098911068,10674765
2021-04-13,847.3087768554688,850.785287939985,815.5370892909391,820.8484616901103,6778840
2021-04-15,828.9120483398438,853.4892282184866,812.3985326496675,837.7482639804892,6862663
2021-04-16,833.3543090820312,840.1142373293869,823.793815555441,834.4648333575302,5338683
2021-04-19,803.4658203125,807.8597622289537,783.1860339824971,801.4861386734276,8550122
2021-04-20,816.02001953125,835.1409502123587,811.2397721254966,816.02001953125,8240669
2021-04-22,807.0388793945312,811.14312157154,787.0487939440154,802.5000586104011,9717099
2021-04-23,820.8484497070312,830.4572168772755,794.5812875280267,801.534368537454,7695324
2021-04-26,830.0709228515625,841.0799728431849,822.2487434493405,827.6083892576703,4894557
2021-04-27,852.185546875,855.6137844486892,829.5397752160542,830.070900652784,5202133
2021-04-28,895.1111450195312,899.0705082136369,857.5452323240704,859.4766405049804,9935828
2021-04-29,907.230712890625,925.9653367424564,885.6471912626345,904.7198469087778,12187280
2021-04-30,902.885009765625,915.9702878030027,883.715749083787,896.1733548562853,7301455
2021-05-03,882.2672119140625,934.5118372967734,868.1679561145457,897.1390781205929,16854199
2021-05-04,878.9356079101562,902.4504791073543,874.9279123287994,898.1048106686352,7499852
2021-05-05,899.2153930664062,902.6919042371762,878.1147231919509,891.3448811028763,5975741
2021-05-06,893.2279663085938,906.4581234852936,888.4477195076461,905.2992668453825,3705397
2021-05-07,894.4351196289062,919.1571201945756,893.2762629588502,900.5673168843508,5419712
2021-05-10,912.9766845703125,917.3706264602914,899.215401072155,906.7961547206954,5087341
2021-05-11,916.3082885742188,924.1788003672724,891.2483149654281,892.2622924564481,5732298
2021-05-12,885.2127075195312,917.9500419091055,882.6535680179918,909.6932834496151,5074561
2021-05-14,860.29736328125,891.3447696805755,857.6416773477489,891.3447696805755,6169600
2021-05-17,923.6476440429688,926.9793347808785,866.3330737054745,866.3330737054745,10987165
2021-05-18,941.1268920898438,953.1016461659004,933.8358381306676,933.8358381306676,8715366
2021-05-19,933.8358154296875,945.0379588218885,928.234743733587,931.904407331591,4787294
2021-05-20,942.0443115234375,954.0190654568248,929.9730107607077,929.9730107607077,5835440
2021-05-21,981.1553344726562,985.0181507501077,948.128243512067,951.218508322408,12591860
2021-05-24,970.2911376953125,987.6738104781098,962.8552047720697,983.955873487437,5385688
2021-05-25,959.8132934570312,978.0167914993916,948.7076967132712,977.2925134508855,4583345
2021-05-26,964.2072143554688,973.3814027719015,953.1498912651782,964.5934606078645,2972854
2021-05-27,972.319091796875,978.5478946605486,953.1498901264107,961.1652218922858,4427518
2021-05-28,984.3904418945312,990.3295456328142,968.6012035784619,979.7068006284642,5388785
2021-05-31,978.2582397460938,985.4044735638419,969.5669029665135,980.1896479193338,2643491
2021-06-01,975.4093627929688,995.9788472459463,971.4982731833437,981.1553136722438,3766919
2021-06-02,992.7437744140625,994.6751825354906,969.0840249265678,974.298850431183,4177378
2021-06-03,971.2568969726562,1001.676576072471,930.9870242807118,995.6409254574284,14752885
2021-06-04,974.6851196289062,988.301582570568,969.5668997750473,977.4856850476458,4323154
2021-06-07,990.039794921875,997.2343611881113,974.8782877244554,983.0867725641363,3823401
2021-06-08,985.1630249023438,992.7437782313392,971.1119836114067,989.8466660380572,3141410
2021-06-09,969.13232421875,1000.1796752345869,963.0484002621796,984.0524641435559,4767864
2021-06-10,989.2189331054688,993.323175372174,971.4982871306892,977.2925115072142,2984339
2021-06-11,980.2861938476562,996.6066164732514,977.3890815904666,992.7438001303318,2679470
2021-06-14,989.1707153320312,992.7437731987808,959.6684091598136,977.2925082462705,3982216
2021-06-15,998.9725952148438,1013.9893416663775,989.8467382933685,989.8467382933685,6026006
2021-06-16,978.9342041015625,1003.0767463314413,975.699060179406,994.6751682771811,3325800
2021-06-17,950.301025390625,986.7563520036094,934.8014877183841,967.6354242704762,6126591
2021-06-18,961.2619018554688,965.5109646060865,927.0759525291941,959.8133456796419,4895262
2021-06-21,972.9951171875,975.3611039309598,934.8498066872298,943.4928698421264,3160990
2021-06-22,965.8006591796875,986.659903371485,961.8895693130697,981.058831308263,4141759
2021-06-23,965.2694702148438,982.8935691059036,962.3240846543064,974.3953852646213,3975716
2021-06-24,966.3318481445312,973.4297498269252,962.0344530359824,969.5669333593581,2285845
2021-06-25,978.1616821289062,985.0181574915485,952.8119501346384,962.80696374419,3499315
2021-06-28,974.2988891601562,986.5632840652236,966.669803200495,984.0524769843202,2819763
2021-06-29,983.2316284179688,986.9495655332865,965.7040758642726,974.395412547051,4543628
2021-06-30,981.4932861328125,992.3092422064724,977.4373762825619,986.4666855594306,2628556
2021-07-01,973.1400146484375,982.072777401693,965.7040814330234,976.3268263287866,3070067
2021-07-02,975.023193359375,979.3688619217697,970.6775247969804,973.4297579764028,1501210
2021-07-05,985.5492553710938,991.2952062507464,977.292497540921,977.292497540921,1993126
2021-07-06,995.689208984375,999.5036928324881,980.1896118115704,983.7627285888198,3019919
2021-07-07,1009.0642700195312,1011.0922251177916,978.2582846650648,989.4122145312043,3781022
2021-07-08,1009.59521484375,1024.61195942331,1000.6624527092866,1007.0844079827131,4139752
2021-07-09,1004.2838745117188,1012.637238078289,991.0054438920764,1004.3322068674898,3625932
2021-07-12,1013.3132934570312,1021.3768985914461,1005.3462351495845,1009.5470241349341,2010018
2021-07-13,1019.6870727539062,1023.5981039737732,1008.1951693729883,1018.8179154104431,2096758
2021-07-14,1016.5001831054688,1024.1292696052685,1012.5408195955908,1013.9893758468005,1566799
2021-07-15,1018.914306640625,1030.7925134583202,1013.9892396249198,1017.8520557758719,2748272
2021-07-16,1008.4848022460938,1022.6322724914895,1006.2636357430462,1017.8520845231964,1218164
2021-07-19,981.0104370117188,999.2139348033633,971.063697070944,988.8809486071775,2644846
2021-07-20,947.8867797851562,984.0524075324056,946.3899503255717,982.1209994705167,3752725
2021-07-22,958.123291015625,971.256842439792,954.1155956554954,965.6074973580644,2181872
2021-07-23,955.3710327148438,965.7040781393142,943.4928843421101,961.841261826757,3449852
2021-07-26,947.6454467773438,962.4690404722353,944.7483344001939,955.3710797830768,2335433
2021-07-27,942.333984375,959.9098095781912,930.0212579442939,955.0812894092869,3311920
2021-07-28,958.7027587890625,975.1680021377797,945.4243272268872,957.9784807038529,8820340
2021-07-29,958.0267333984375,969.035783632251,953.1499395185615,963.7244111222691,3459503
2021-07-30,947.3556518554688,965.7040283949733,946.3899478270738,955.0812840826286,3115750
2021-08-02,954.1156005859375,962.9518162126574,951.6530670489182,957.785264184427,2149603
2021-08-03,986.997802734375,989.8466414420266,952.8119150682471,953.1498879056393,4450926
2021-08-04,985.5492553710938,1012.0578433032463,982.0244709575521,993.7094663731302,5055711
2021-08-05,963.48291015625,977.7270444159734,952.184161361853,976.7613403983651,3955681
2021-08-06,994.1923217773438,998.5379900124074,963.9657967307248,970.5325724975527,7609448
2021-08-09,1007.0363159179688,1011.0922261185037,992.7921799721732,995.6409600078103,4274598
2021-08-10,998.1516723632812,1018.817762400099,996.0271706283817,1001.4350896766849,3469468
2021-08-11,1005.4909057617188,1009.4986007316737,985.018029171664,998.1515793171963,2155833
2021-08-12,999.8417358398438,1011.2370915953993,992.0195560541913,1010.5610279819456,2453701
2021-08-13,989.0258178710938,1007.9535935114114,986.5632254112727,999.8416559844769,2348979
2021-08-16,984.0524291992188,994.5786269450372,981.2518638710585,989.7983211563338,1132546
2021-08-17,970.6600341796875,985.0229180845604,963.963795575555,983.5672191908393,3082005
2021-08-18,960.421630859375,976.0946200818748,957.8498724530859,973.377327325679,2344486
2021-08-20,950.5228881835938,961.6832466274923,941.9827996556404,955.9089623687062,3465186
2021-08-23,959.402587890625,969.3984342846591,935.6261727745019,958.9173549290714,2914978
2021-08-24,975.3667602539062,979.2001124812872,957.8498622587022,960.9553650466769,2510063
2021-08-25,975.8519897460938,983.9554156822142,968.7190889582723,980.0735520191736,2105187
2021-08-26,971.9215698242188,982.7422879790804,968.6219621697442,970.4658710176922,1971408
2021-08-27,960.9553833007812,971.290809997157,957.8498804538151,967.5545398302468,2368969
2021-08-30,975.415283203125,982.1115218176247,962.0228652066653,965.9047289292647,2868604
2021-08-31,963.0904541015625,979.9765264712559,960.7613120762395,979.200165540329,3138652
2021-09-01,969.2528686523438,994.727599868488,963.6726894335693,964.6431553846605,3854558
2021-09-02,980.267578125,982.5967199690529,965.8076718101632,973.0861660321563,2136382
2021-09-03,974.105224609375,998.2698511345449,967.1178577270632,980.1706369668431,5363972
2021-09-06,962.6536254882812,978.5207186691448,961.7316710711207,976.2886590288067,3349749
2021-09-07,971.6790161132812,982.1115249005151,955.0840723400929,962.7507176767687,5483796
2021-09-08,970.0776977539062,991.6220527537969,963.0903906037046,983.2760696396458,6385224
2021-09-09,969.9806518554688,977.1621230959877,964.1578565466815,970.4658847978677,3193603
2021-09-13,966.8751831054688,974.3477825271349,963.3330180411833,974.3477825271349,2386618
2021-09-14,1005.9849853515625,1008.314127336791,968.136813103117,969.4954891332573,7838383
2021-09-15,1022.8224487304688,1030.634746312178,997.1536740449745,1005.4026338789232,6071710
2021-09-16,1097.54833984375,1151.4577668757534,1039.3689577108569,1039.3689577108569,27230283
2021-09-17,1096.62646484375,1112.6877228431997,1079.4977180494143,1103.9049590794386,5784278
2021-09-20,1057.75927734375,1098.9556265408562,1052.5673083881998,1082.0694959160567,2954179
2021-09-21,1103.95361328125,1109.3881990287089,1052.9555790921802,1058.7783749212615,6332732
2021-09-22,1107.6898193359375,1123.6539362554313,1094.879598175862,1111.183472937748,5587136
2021-09-23,1134.6202392578125,1140.2974411227274,1113.1243957172496,1116.035793439265,4879235
2021-09-24,1128.7003173828125,1154.2234973255825,1107.5441151574157,1137.5799848483857,4615559
2021-09-27,1116.715087890625,1143.1602842374477,1111.086456627963,1137.3860593936224,3083520
2021-09-28,1101.2362060546875,1125.7404706088896,1085.951367768403,1125.7404706088896,3684708
2021-09-29,1090.02734375,1103.3227987843254,1081.1961270055724,1093.8121847733507,5574048
2021-09-30,1079.0611572265625,1101.3818749811012,1074.305850185839,1091.774237993739,3180267
2021-10-01,1071.4429931640625,1079.1581501790395,1059.0695521435744,1071.3944224799097,1940798
2021-10-04,1086.727783203125,1091.7741585945978,1073.3353061383334,1074.7910050164594,1817348
2021-10-05,1134.08642578125,1142.3353859220435,1075.9070425272134,1083.816363296401,5270013
2021-10-06,1098.421875,1144.324962372056,1093.4239516044884,1143.6455651198514,3329243
2021-10-07,1132.2425537109375,1151.1181871379204,1106.3797314355731,1109.2425585444723,4002618
2021-10-08,1139.71533203125,1145.1499181191361,1124.1878755143805,1144.5676621927719,2344868
2021-10-11,1138.59912109375,1159.1729508585292,1135.4451069078948,1138.0168652447612,2535840
2021-10-12,1146.99365234375,1160.6771976193243,1125.7889964648732,1130.5927552061144,2354120
2021-10-13,1149.516845703125,1156.7467691912939,1140.5400362284488,1153.010499211065,1235622
2021-10-14,1174.2637939453125,1179.1161236723592,1127.4873827626143,1154.8544750371254,3315820
2021-10-18,1183.580078125,1193.333306901048,1160.7256793796585,1184.9387539519464,4512591
2021-10-19,1158.736328125,1203.3777612018425,1150.584390565778,1185.9093743456867,3879525
2021-10-20,1166.208984375,1178.04874105569,1137.8228529120638,1154.8545791758625,2850772
2021-10-21,1149.4197998046875,1175.1855975670535,1130.7867840267722,1169.4113730281713,2408608
2021-10-22,1161.0655517578125,1169.1203485180588,1142.0444417580268,1156.8440483302336,2618946
2021-10-25,1142.96630859375,1175.2343024470654,1122.5379523171207,1170.3334018592493,3612312
2021-10-26,1120.791015625,1157.7657402154819,1104.0989321975048,1145.1496843707196,3413917
2021-10-27,1108.8057861328125,1129.476637320024,1088.8626658561054,1121.8585042153813,4329232
2021-10-28,1141.2679443359375,1205.3186963139747,1134.7172992472745,1137.3860805796928,17223159
2021-10-29,1106.525146484375,1147.0906675625486,1090.4154366058683,1132.4851087155917,5112475
2021-11-01,1192.7996826171875,1198.525455449599,1112.202556064586,1123.799576850717,10563295
2021-11-02,1176.7384033203125,1203.4746661705854,1171.3522705147682,1183.9683264523753,3730392
2021-11-03,1143.1602783203125,1183.9684174725066,1139.5696018172875,1179.1160878927012,2922214
2021-11-04,1153.98095703125,1159.7067294302383,1150.0020706065543,1159.7067294302383,278458
2021-11-08,1029.81005859375,1096.6266215311941,1010.8374001891866,1096.6266215311941,29099645
2021-11-09,1036.7001953125,1052.8584762036926,1031.1200164002164,1049.0736355093027,7752739
2021-11-10,1001.7149047851562,1035.2931213796621,997.4449493832695,1035.2931213796621,6796906
2021-11-11,1002.782470703125,1007.3436130873356,990.3604596875009,1001.7148634316454,4527396
2021-11-12,1006.4216918945312,1012.6811494572312,998.1727318845777,1009.2845188648974,3479296
2021-11-15,1010.7402954101562,1019.9597220125532,1002.0546724707732,1011.2255283892298,3105993
2021-11-16,990.7486572265625,1015.107327530699,988.1768989083502,1011.2254639454956,2685826
2021-11-17,1003.4617309570312,1011.2254580824242,984.0524131435491,987.837253810193,3042496
2021-11-18,978.6663818359375,1011.2255020367747,972.6979926558523,1001.3267969076674,3244457
2021-11-22,977.162109375,995.6009609272472,959.3540250994922,993.7570520790081,6198324
2021-11-23,952.36669921875,980.1705712955451,945.233798457288,965.6135826129379,8136685
2021-11-24,941.7401123046875,964.3034439825744,937.4700387457502,959.7907539539824,6646771
2021-11-25,930.9679565429688,941.3519538598899,923.252740538537,939.4110219962613,5711537
2021-11-26,875.1661376953125,928.6873558297019,871.4783791179357,922.9130718721123,6746021
2021-11-29,869.0037231445312,910.2970363476978,862.5986125091711,899.5248882886245,11905868
2021-11-30,856.9214477539062,900.1071832296128,849.8370580504674,875.3603011030843,6964145
2021-12-01,906.0755615234375,911.0249141951564,863.8602925301067,864.6851648978795,14626216
2021-12-02,917.6240844726562,921.9426698780671,898.3118472431566,907.3856803536767,5703967
2021-12-03,923.0586547851562,929.560728860849,910.7822375860534,917.041754421831,4928235
2021-12-06,888.607177734375,923.8835915987257,887.0058852113817,923.8835915987257,4617346
2021-12-07,899.2823486328125,908.8414151039959,893.6050869551564,895.6431011083705,3434735
2021-12-08,917.3814086914062,920.972144388533,904.9594569465828,908.3560876160874,3774244
2021-12-09,918.448974609375,922.4278612066773,910.4911421822309,919.03123047104,3111606
2021-12-10,916.8477172851562,939.4110508939203,910.2970720439022,931.6473232005822,6605152
2021-12-13,910.830810546875,927.3772432390778,906.6093073341207,926.1156493436315,2681792
2021-12-14,918.1093139648438,921.1177939946339,896.9046563313153,904.4742790086996,2725729
2021-12-15,910.830810546875,922.767529951167,909.3266001625914,917.0418163541291,2266938
2021-12-16,900.883544921875,921.3118416716981,893.9447488004134,917.0903384101285,2457432
2021-12-17,856.9214477539062,901.5628821782321,854.2526663481042,898.6514842809935,4786306
2021-12-20,821.1112060546875,848.1872294049083,806.263089056922,848.1872294049083,4700733
2021-12-21,831.8833618164062,842.3158699967333,823.2947032633127,829.7968364873262,3568436
2021-12-22,846.003662109375,858.8623354938879,835.5711535143927,836.007875023016,3619713
2021-12-23,845.3728637695312,857.8918981941133,843.3349089713624,853.9130114995777,2642247
2021-12-24,835.7167358398438,852.8454234837286,821.7905145959639,852.0690626080421,3462247
2021-12-27,829.990966796875,836.3475066399546,787.5330833740592,818.1027594384866,12325932
2021-12-28,827.4678344726562,840.1809150090573,820.1407690002022,838.4825995585626,4660498
2021-12-29,844.3053588867188,849.0606656355334,828.7779040106411,828.826415460621,6067054
2021-12-30,859.2505493164062,867.0627881264021,834.6006912538016,838.4825549340519,12354342
2021-12-31,861.9193115234375,866.5290245417278,852.4572690122102,855.465689604816,3606043
2022-01-03,885.3560180664062,888.4615207555327,850.8074561352846,861.9678138509466,5594214
2022-01-04,877.6893920898438,890.8391933147393,869.6344776563852,887.9763070357121,4102750
2022-01-05,877.252685546875,884.9679015041389,865.8982223675563,878.2716629225424,5448165
2022-01-06,894.4784545898438,896.7105143700145,858.9108547586667,868.8096190365319,5209239
2022-01-07,895.01220703125,910.7337669980142,889.0438178481368,899.1366872479839,4207773
2022-01-10,893.6535034179688,902.3876965482276,890.887699286402,899.5248695193399,2569322
2022-01-11,890.8391723632812,907.4341153294928,887.0058202650812,899.6218767896393,3383081
2022-01-12,913.7422485351562,918.6430899783585,892.9257410323502,900.5924461092721,5506622
2022-01-13,899.7189331054688,921.9426264249382,898.6514442836767,920.0016945798332,2109207
2022-01-14,892.8771362304688,899.2822466869067,886.2779799807603,891.955181782284,2557488
2022-01-17,893.3138427734375,904.3771775013432,885.3074992613454,891.8581439530572,3048497
2022-01-18,873.0797119140625,899.961571229217,868.9066609606976,893.3139031928783,3088062
2022-01-19,866.8687133789062,877.1071173467249,858.0374968908445,870.5079607062736,3628266
2022-01-20,851.292724609375,871.9151255968476,846.2462899329914,868.567006295903,3565267
2022-01-21,828.875,847.1683199284901,820.1408058620335,844.2084104282437,4042974
2022-01-24,826.109130859375,843.6260292178733,806.9909400079569,833.6302418892253,4657809
2022-01-25,858.1344604492188,860.7062187423924,817.1322767297056,817.4719160970892,5165597
2022-01-27,861.8707885742188,867.2083513120522,835.6682078612188,848.38134737631,4323258
2022-01-28,876.864501953125,898.4088580045492,868.567029882875,870.5079617932278,5520247
2022-01-31,846.3433227539062,900.0586480834054,841.0543307658578,900.0586480834054,10148990
2022-02-01,895.0607299804688,899.6219317723165,853.0395663731027,853.0395663731027,11628936
2022-02-02,946.5439453125,952.803462567411,902.6303608582019,902.6303608582019,14380553
2022-02-03,930.0460205078125,950.7655041025233,926.261238838193,938.7802140673758,5623611
2022-02-04,927.8139038085938,946.1557328526692,917.0902675530261,929.7063241437028,5000045
2022-02-07,905.4931640625,931.0649751608901,900.737916860524,923.9320155091225,2587054
2022-02-08,910.0059204101562,912.9658296696728,886.0353999345323,910.2970483445687,3160992
2022-02-09,938.5861206054688,942.7106006880598,912.6261577326899,914.4700074065607,4101202
2022-02-10,943.6325073242188,948.8730469502758,931.8898934635668,937.4700724663426,4037566
2022-02-11,953.3858032226562,960.7613209836551,926.3582901180853,926.79501165595,7171664
2022-02-14,913.7907104492188,936.3055322278635,909.5206958291999,930.8709466269157,3652419
2022-02-15,941.060791015625,943.2928507294856,895.9826383086395,915.149339750931,3985559
2022-02-16,939.7991943359375,958.3835806446307,933.539677480501,937.567075396336,3683264
2022-02-17,927.5713500976562,951.0566381097314,923.0101482520503,951.0566381097314,3152042
2022-02-18,927.1345825195312,937.4700681439473,920.5839376334322,921.94261359912,2417043
2022-02-21,924.3202514648438,943.2928478230068,920.9721322881003,923.8835299665664,3535914
2022-02-22,911.3645629882812,921.7970721000095,895.7400846628027,897.6810165905661,2866135
2022-02-23,922.6219482421875,932.4236301951134,915.2949425018776,916.1198148285703,3507003
2022-02-24,849.78857421875,906.7063694201981,843.1893580511528,892.3434845068361,7305449
2022-02-25,899.67041015625,902.3391914091573,868.5669895825124,872.157725296568,4821342
2022-02-28,893.5079345703125,897.4868209274423,876.3306768975739,888.9467331541281,3299912
2022-03-02,879.581787109375,885.6957699596929,861.3370391576981,880.212613667754,4507940
2022-03-03,885.3074951171875,898.6514009082111,879.7273163318504,890.8876739025247,3731807
2022-03-04,875.2632446289062,895.6430291279125,864.6851423149777,869.5374719575982,3623960
2022-03-07,809.7567749023438,870.459405419383,801.1196046540038,852.0690646713692,6323502
2022-03-08,815.8707275390625,822.7610120194937,791.9002069764772,806.5542189762856,6163433
2022-03-09,849.497314453125,854.0100046479736,813.4930527229135,837.5120841036377,6967640
2022-03-10,877.59228515625,900.5923384038027,864.3939728554159,882.9298475067036,6312569
2022-03-11,875.11767578125,888.4615826756134,866.5775872153656,873.419360358331,3451877
2022-03-14,880.7948608398438,887.0058665304472,865.9467438483695,872.4488774736018,3718477
2022-03-15,870.1683349609375,894.7696235867093,861.0459311576006,889.820270836893,4390735
2022-03-16,901.2232666015625,908.356167945295,884.6282626091897,885.064984151826,5705364
2022-03-17,904.9110107421875,921.4574437786983,902.0966357200939,916.0713694609395,4492246
2022-03-21,886.423583984375,910.297021626117,884.0944421123589,910.297021626117,2363059
2022-03-22,900.3012084960938,904.474199932537,876.9129452544537,888.9467458564419,2764481
2022-03-23,903.8434448242188,916.5565843929224,900.6894304658347,905.4447373453379,2433056
2022-03-24,897.4868774414062,910.248528074448,888.1704282352395,894.7695846923192,2923793
2022-03-25,898.89404296875,905.7358157407899,888.9952789081735,902.5332901062753,1984601
2022-03-28,907.53125,915.0523610558511,893.071283760896,895.7885765539212,2654339
2022-03-29,901.7083740234375,916.6050012237905,894.1872636375356,912.1893934243809,3351562
2022-03-30,898.942626953125,917.0903526564327,895.6915896076246,911.60719616711,4849869
2022-03-31,907.7738037109375,910.7337127849505,896.7104690363062,902.5332642897887,2311242
2022-04-01,939.9932250976562,942.273855448925,901.7083936226571,901.9995215393516,5222165
2022-04-04,958.0440063476562,965.4195239413178,929.7548999563936,946.2043098041119,5033678
2022-04-05,944.5059814453125,964.6431498141696,939.4110352315053,964.6431498141696,3827808
2022-04-06,939.7021484375,949.8435292553679,932.61775899301,938.4405545746521,2406015
2022-04-07,943.8751220703125,957.7528319942988,931.6472752753391,932.1325082312117,3182285
2022-04-08,956.4912109375,960.7612847851167,939.653650498171,942.3224318447963,2659878
2022-04-11,951.4933471679688,969.3984556911876,947.9511227773919,954.5502793537365,2413145
2022-04-12,956.0059814453125,958.480716998133,937.4701055361137,948.1452309614732,1963842
2022-04-13,954.3562622070312,966.8267262757645,952.9975861508665,962.702245887637,2060127
2022-04-18,948.5819091796875,953.9679830973613,937.5670856359377,943.2928581593441,1575552
2022-04-19,935.3350219726562,959.7422630349927,922.9130703071434,950.959558492142,1747142
2022-04-20,943.8265991210938,953.7253631467896,924.368769674197,937.0333378216509,2421543
2022-04-21,960.0333862304688,963.3815054133373,947.2717360234981,947.2717360234981,1957820
2022-04-22,931.501708984375,958.8203488933297,928.8329276488926,951.0566213719262,1942893
2022-04-25,918.594482421875,930.1430502824394,903.5037495788539,917.0902721289119,2096910
2022-04-26,951.4933471679688,954.3076628676022,929.8033977680388,933.58823864475,2673266
2022-04-27,945.718994140625,950.8624514259241,938.5860936602853,941.4489206023372,1476543
2022-04-28,959.1599731445312,963.1389189759899,943.2928789660501,949.1156745152233,2003774
2022-04-29,949.6494750976562,979.685409095227,946.3984377500899,960.7613224410844,3476442
2022-05-02,988.0313720703125,995.698076861974,937.9068406800899,943.2929149218701,8962019
2022-05-04,949.4067993164062,998.6094333912282,942.3224099347741,995.2128026654077,4565643
2022-05-05,909.1324462890625,965.6135737029166,904.4742218001188,965.6135737029166,4679266
2022-05-06,888.364501953125,906.7062717873365,875.845468243117,891.8581554741546,3713381
2022-05-09,863.423583984375,885.8413241627584,854.9805182122743,885.8413241627584,3283626
2022-05-10,883.8518676757812,892.828677750995,861.7737672205257,861.7737672205257,3972560
2022-05-11,896.0796508789062,900.5923409354446,864.9762311230634,883.9973980013083,4209334
2022-05-12,844.2083740234375,889.4320646945977,830.7188732990459,888.9468317078575,4776857
2022-05-13,846.5859375,867.7421423388982,843.0922838154785,859.8328212495124,2932319
2022-05-16,859.73583984375,872.2548155112955,839.986821508573,850.807540934834,1971123
2022-05-17,877.1555786132812,878.271638089504,861.8707407128286,863.7146496128825,2038983
2022-05-18,876.476318359375,890.839202112781,872.497372552308,880.2125884541748,2665522
2022-05-19,840.6660766601562,864.5395138454558,834.6976877475628,861.7737097537879,2656251
2022-05-20,870.022705078125,873.4193358285695,855.1745882155473,861.7737446841885,2286465
2022-05-23,875.7484741210938,894.7695825517376,872.400354834452,873.4193322088545,2577890
2022-05-24,871.4298706054688,889.9172342357228,868.8581122660798,878.6598534389514,2149695
2022-05-25,866.9656982421875,896.2252691634409,863.2779396254347,880.988942508199,3664893
2022-05-26,871.0902099609375,880.01850851602,851.5353566767908,875.9425396938583,3909078
2022-05-27,898.0692138671875,899.6219356942476,878.4657898297152,881.522722032841,2509528
2022-05-30,908.5502319335938,918.4975078958803,904.5712860091547,908.3561268975776,2036338
2022-05-31,903.358154296875,912.1894294772719,898.6514184010723,898.6514184010723,1249259
2022-06-01,900.9320068359375,910.6366659680424,891.5670463129795,903.3581716189638,1144864
2022-06-02,915.100830078125,917.0902733218924,893.7990917772095,893.7990917772095,1735855
2022-06-03,897.0016479492188,925.6303929064555,894.769588154993,921.9426342160991,1398174
2022-06-06,901.3202514648438,906.3666862536046,891.3729754729034,892.8286743985532,1417254
2022-06-07,896.4193725585938,902.4847844936924,889.4320061628525,896.9531169623748,929573
2022-06-08,886.7147216796875,910.297031655382,879.7758666686166,901.5628383878998,1905868
2022-06-09,893.1197509765625,896.2252536858689,879.581739900041,881.1830323191867,1031195
2022-06-10,886.2295532226562,897.6810400492078,876.5734047831859,885.550215183678,882217
2022-06-13,839.8897705078125,873.7589967133679,834.697742121979,868.5670275600755,3353078
2022-06-14,819.2672729492188,844.2567682979452,815.4824324849417,838.4824847106647,3770890
2022-06-15,818.3938598632812,831.6892541862786,803.5457438345842,826.8369248152968,3911673
2022-06-16,785.689208984375,834.0184606531819,781.3706828953405,828.7779208331178,3141825
2022-06-17,783.0690307617188,797.5774499213243,773.2187772735009,786.0774516366937,2624540
2022-06-20,760.893798828125,790.5415210752465,746.7735314254576,790.5415210752465,3103978
2022-06-21,775.2566528320312,785.4951153615037,760.3115136597983,772.5393601854922,3425596
2022-06-22,754.682861328125,778.1680896712379,745.0267133863694,776.0331119909841,3066728
2022-06-23,761.7672729492188,770.8411060512976,740.6596381584882,757.9339205315202,3888446
2022-06-24,782.6807861328125,791.754619042824,769.0942628769423,770.5014503463798,4706175
2022-06-27,799.1786499023438,805.1955501877029,793.5014482135384,795.0056584767441,2569316
2022-06-28,792.4824829101562,799.1787217581593,788.0183631665154,794.8116249179509,1280737
2022-06-29,784.912841796875,793.2103137518642,764.9212670909623,781.2250830649399,3774208
2022-06-30,770.8895874023438,792.5795364661091,766.9107007844249,787.8242297185615,2686640
2022-07-01,783.3600463867188,786.0773389216695,759.8747609576138,769.5794194628196,2796110
2022-07-04,807.4276733398438,815.1914009681116,787.241993352856,788.794715185493,4711395
2022-07-05,799.71240234375,814.2208792010508,796.8010046827212,808.3980838789932,1836183
2022-07-06,811.84326171875,815.1913810230311,800.6829035261728,805.2926166926721,1660551
2022-07-07,835.5711669921875,837.9003089207217,815.433998914269,816.1618483628683,3868679
2022-07-08,823.537353515625,841.8791830408858,821.2082708542283,841.3939500823608,1342616
2022-07-11,832.9993896484375,834.6006820919781,818.1512730809832,820.043693450839,1503503
2022-07-12,822.0331420898438,835.7167470414472,820.0436988090632,824.896028387815,1221366
2022-07-13,794.8600463867188,830.864365132946,766.1827922289625,830.864365132946,10850036
2022-07-14,796.655517578125,805.2926289451391,789.6681509308216,798.7904952701133,2463571
2022-07-15,790.9782104492188,804.5162214381412,787.2419404721047,799.8094855726821,1365475
2022-07-18,825.9150390625,828.0015645585297,798.8875859118341,801.6048787390175,2536142
2022-07-19,842.4614868164062,846.0522227602362,815.1914166892241,816.1618826614731,2608372
2022-07-20,853.3306274414062,870.9446066707287,847.0225992879075,859.832760615366,3995680
2022-07-21,920.0987548828125,933.5882554476824,866.2378939916001,876.3307636894565,23581540
2022-07-22,914.6156616210938,927.7654636155803,910.9279027963269,921.9911792706276,4842122
2022-07-25,933.63671875,937.9553039047083,911.8012357310078,912.2379572378953,6043152
2022-07-26,933.2000122070312,941.2549267914515,923.7379694137436,930.6768244885037,2983144
2022-07-27,950.862548828125,954.6959012693108,927.0376210292342,932.326672430424,3405140
2022-07-28,987.6431884765625,989.8752482683066,959.8878273483391,965.0798556116231,7001490
2022-07-29,1012.6812133789062,1018.9406713367108,988.662181245578,992.0103006015804,5862550
2022-08-01,1009.43017578125,1016.9512868505033,994.2909307413177,1009.2845821965708,4299697
2022-08-02,1035.729736328125,1040.2424264759782,1001.5693838839845,1002.4912791070069,5074834
2022-08-03,1027.0440673828125,1038.3984705627508,1020.4934228255241,1032.1390131495923,2753893
2022-08-04,1019.1832885742188,1041.164365932727,1012.9724012951073,1029.761391073145,2142720
2022-08-05,1005.69384765625,1026.510293578911,1003.025066462828,1024.3267453297476,2382020
2022-08-08,1019.1832885742188,1026.4617831654414,1003.1706004735292,1005.6939067038847,2057991
2022-08-10,1031.702392578125,1035.9724667194478,1012.2446201370615,1014.525191569843,2727232
2022-08-11,1055.7681884765625,1062.4205935522168,1045.7897002829832,1047.4038991019188,3998702
2022-08-12,1056.990966796875,1064.426049338845,1052.1974522894116,1053.7626888277603,2463516
2022-08-16,1060.9041748046875,1073.0839297716989,1051.7572076046579,1061.4422808717068,3083931
2022-08-17,1064.9639892578125,1071.2250545565498,1058.507314182819,1059.4856019038752,1768441
2022-08-18,1081.1058349609375,1083.4047874304874,1058.0672286870802,1058.9965543386327,2407824
2022-08-19,1040.2135009765625,1080.9590936999643,1036.9851033585235,1080.9590936999643,3660413
2022-08-22,1034.245849609375,1044.1266522617464,1022.7999297275863,1032.0936641440494,2662510
2022-08-23,1047.795166015625,1055.4747011421912,1011.6473611866649,1012.5278440654832,3030759
2022-08-24,1077.975341796875,1081.0080100678372,1053.6159518941724,1053.6159518941724,3685015
2022-08-25,1066.2847900390625,1095.4378156194457,1059.192203155168,1084.9212212743607,3775014
2022-08-26,1046.5234375,1077.779686837086,1041.5341933014852,1074.1600695255902,3662548
2022-08-29,1036.202392578125,1039.8221290990973,1018.397602341648,1027.202192563622,1642550
2022-08-30,1083.40478515625,1085.7038570408724,1046.7679545161443,1048.52892033843,3200407
2022-09-01,1087.2691650390625,1096.6607047281323,1071.2252200511193,1073.8177067964114,3487969
2022-09-02,1076.850341796875,1095.1932388295268,1071.2251867068617,1092.698557065125,2428618
2022-09-05,1083.94287109375,1088.2962039903828,1072.7415236685465,1075.6274248804857,2419887
2022-09-06,1084.7254638671875,1094.4593788429083,1073.7685698304147,1090.7907999194124,2516672
2022-09-07,1066.2847900390625,1076.1166306598707,1062.4206008151089,1071.2251914295987,3165749
2022-09-08,1084.236328125,1090.790808082744,1073.5729680902584,1079.051355439701,2995969
2022-09-09,1112.4599609375,1124.5907531629146,1092.307256770384,1094.7040140376293,4751837
2022-09-12,1112.1663818359375,1120.139450718479,1103.5085593104318,1119.454697075515,1918731
2022-09-13,1138.5313720703125,1140.243375694242,1112.1176018725434,1120.1395139424262,3571187
2022-09-14,1189.353515625,1198.4026787091302,1117.4983170654655,1123.661459189738,9043198
2022-09-15,1169.885498046875,1193.5111734378424,1159.3200609503508,1192.5328855907621,4063705
2022-09-16,1200.7015380859375,1223.8870311895314,1159.27107258268,1169.8854715995626,16270762
2022-09-19,1199.13623046875,1228.7294354221906,1191.5545002740669,1199.380802410514,6074889
2022-09-20,1236.6536865234375,1248.0997263834088,1213.0769724746456,1214.2998323259305,5704241
2022-09-21,1197.6688232421875,1237.534050562685,1195.272065931981,1232.6426116276546,6121456
2022-09-22,1190.1361083984375,1211.6094785178134,1178.8368361840655,1192.5328658160795,5463724
2022-09-23,1157.6568603515625,1187.5924435640525,1150.515430964148,1183.728254468252,4197496
2022-09-26,1124.6396484375,1154.379621902702,1111.0414239226322,1144.5967437509842,5082576
2022-09-27,1139.8031005859375,1152.423037186132,1115.835049303204,1141.1237652420268,4493527
2022-09-28,1116.1285400390625,1134.8138125514045,1108.4000427765009,1130.1179834901307,4898528
2022-09-29,1117.4493408203125,1149.2926593641141,1112.6068635394156,1134.813950844003,4998273
2022-09-30,1159.4666748046875,1166.4126138524753,1104.2913373730935,1116.2264009917235,4392250
2022-10-03,1131.145263671875,1160.1515206956346,1128.0147904938879,1152.4230232263512,3397982
2022-10-04,1192.7774658203125,1195.467757418431,1150.613283202874,1159.17330192416,4446589
2022-10-06,1174.8258056640625,1208.1364325462355,1171.3039935796771,1198.4025170127425,2773277
2022-10-07,1187.054443359375,1191.4077763122543,1156.8253263801344,1174.9236507251935,3338767
2022-10-10,1184.0218505859375,1190.478526609912,1157.559116074006,1167.1952276587162,2547644
2022-10-11,1139.31396484375,1189.5490202326268,1136.7704404101169,1188.6196945768434,21664338
2022-10-12,1163.233154296875,1166.2168604296498,1130.9984996920518,1149.5371251211425,3412460
2022-10-13,1158.537353515625,1170.7659512939197,1141.6618885815785,1163.2331828304502,1982808
2022-10-14,1155.94482421875,1189.9403247871062,1153.5969096480353,1175.1682031003752,2918993
2022-10-17,1173.60302734375,1177.662945750598,1138.7270420765822,1152.4230717922799,3419791
2022-10-18,1196.6905517578125,1201.9733297635923,1176.9780286971154,1180.7933750023951,3451130
2022-10-19,1191.9459228515625,1204.9570794138933,1183.728281148042,1201.239657290328,3896969
2022-10-20,1134.764892578125,1187.6413962499646,1125.1287815749035,1187.6413962499646,11242103
2022-10-21,1117.4493408203125,1143.6185418419307,1114.3677100870561,1140.6836781759548,5309754
2022-10-24,1120.9710693359375,1134.8138658071337,1118.182972946167,1134.8138658071337,674170
2022-10-25,1112.75341796875,1128.014803289268,1097.443309329734,1120.9710594290525,3514202
2022-10-27,1117.69384765625,1128.552818703547,1110.5522987172692,1125.0310063935995,2590606
2022-10-28,1122.0960693359375,1135.7920980811016,1112.8023355445762,1120.1394938009141,2778938
2022-10-31,1117.840576171875,1134.4225065785802,1114.2208396676501,1129.9224065921492,2048520
2022-11-01,1126.156005859375,1134.7160239649952,1120.1395121068742,1121.6069437821236,2664189
2022-11-02,1113.4871826171875,1132.563795683881,1110.356709266512,1121.117875611826,1947283
2022-11-03,1123.074462890625,1125.9603643086625,1100.8184140833414,1108.840326764598,1742221
2022-11-04,1127.67236328125,1132.8573366834278,1117.3025358967989,1128.6996132974998,1571565
2022-11-07,1119.30810546875,1132.8573687673486,1114.5144709569963,1132.8573687673486,2601148
2022-11-09,1124.052734375,1147.4338377642569,1119.1612951479547,1130.9007492928633,3456108
2022-11-10,1102.872802734375,1132.6617399298752,1093.7258350639306,1118.1830317335175,2072769
2022-11-11,1115.248046875,1136.2322715679804,1106.0521180431049,1115.248046875,2198448
2022-11-14,1127.9168701171875,1134.8138468682682,1109.5251311474676,1120.8242835742608,2007506
2022-11-15,1127.819091796875,1142.3956042297943,1122.2428989789992,1132.7105309072574,1802234
2022-11-16,1119.259033203125,1132.857257326166,1111.334926012543,1126.0092428172861,2331206
2022-11-17,1121.60693359375,1127.721232185081,1112.8513057789219,1116.666532563997,1721557
2022-11-18,1104.14453125,1126.351616177925,1097.6388936026894,1126.351616177925,2082130
2022-11-21,1114.269775390625,1117.2536008714374,1092.7474443470835,1095.2421259405428,2602264
2022-11-22,1144.0098876953125,1147.7762722051,1113.780767871729,1118.183063396914,3927395
2022-11-23,1148.8521728515625,1157.31438560748,1135.7920555285582,1150.4663714914595,3265438
2022-11-24,1150.0262451171875,1161.1786302497087,1142.2487856306827,1154.3795779610318,3496170
2022-11-25,1161.325439453125,1167.8800394551265,1150.5154307665293,1154.379619861666,4715695
2022-11-28,1171.842041015625,1179.2770045618215,1153.1078053832396,1154.3796273168878,2846018
2022-11-29,1154.966552734375,1173.7985928833698,1152.8632100805078,1166.1190575377593,1875146
2022-11-30,1142.444580078125,1157.9992610996037,1137.7487507079304,1154.379643882509,2421938
2022-12-01,1148.412109375,1155.308966935694,1136.868265194403,1149.488202105757,2693170
2022-12-02,1153.1077880859375,1160.0047648797472,1141.7108306926136,1144.2543551018555,2299901
2022-12-05,1169.5430908203125,1171.9888103745163,1154.2328625270159,1156.3362052276113,3842074
2022-12-06,1158.3905029296875,1181.7716040798143,1153.4012592798852,1172.9180521587764,3130375
2022-12-07,1139.3629150390625,1163.1841991872182,1136.2323224137015,1158.292760166246,2752097
2022-12-08,1164.9940185546875,1168.369183162426,1137.797688997579,1139.7053024655056,3666432
2022-12-09,1176.3909912109375,1189.5978755197505,1163.4286788337693,1169.5429771248862,6171282
2022-12-12,1180.548828125,1193.413336856582,1169.2985181822303,1175.2172072679082,2790292
2022-12-13,1208.136474609375,1214.0062014276787,1183.2390977896964,1186.4674953077226,4161518
2022-12-14,1225.94140625,1229.707790475272,1206.2288827812333,1214.7889012113517,3913725
2022-12-15,1212.685546875,1245.8984897170549,1208.1854468274767,1225.5500554762116,3097282
2022-12-16,1202.853759765625,1221.6857990937979,1181.967220611192,1208.185380274995,1944616
2022-12-19,1196.984130859375,1214.7399595669328,1185.7826634725668,1207.158228829359,1382378
2022-12-20,1201.9732666015625,1207.5494590024825,1183.679214044717,1188.6196149447483,1245359
2022-12-21,1175.706298828125,1211.2670356581061,1165.0917809057867,1209.1636930523937,1495106
2022-12-22,1154.5263671875,1182.5543364476146,1144.7923319581605,1181.6248913887887,2126536
2022-12-23,1122.9276123046875,1154.0860544333484,1118.1829404222208,1134.8627949567572,2621761
2022-12-26,1169.7386474609375,1181.7716348887727,1116.2263538146437,1125.030943809676,2100374
2022-12-27,1176.244384765625,1183.679348618773,1159.2711142760286,1175.559631031483,1462244
2022-12-28,1187.7882080078125,1200.3591829015704,1168.0756840949268,1171.988835465429,2834356
2022-12-29,1204.4190673828125,1208.08764668925,1175.7063438950743,1179.8151049503247,3134405
2022-12-30,1193.60888671875,1211.1202617213164,1185.195635763631,1211.1202617213164,1767556
2023-01-02,1199.7232666015625,1204.3701338334347,1185.4402880465257,1193.6089676122572,2587946
2023-01-03,1214.0062255859375,1222.713011090329,1195.7612532318942,1199.9189764775963,2195814
2023-01-04,1196.5438232421875,1245.7517489518098,1179.9129301008704,1230.6860924574598,8001367
2023-01-05,1189.4512939453125,1205.739811016659,1177.6629966538485,1202.5603754095157,2364186
2023-01-06,1156.2384033203125,1191.261035775167,1150.564286171922,1187.6414185935423,3029739
2023-01-09,1192.1905517578125,1197.033029007677,1162.2549664406786,1164.3093471097147,2836421
2023-01-10,1200.897216796875,1204.4190289346498,1178.8367795037634,1188.6196573419688,2442613
2023-01-11,1186.9075927734375,1211.315823958457,1181.184633415936,1205.6418267555907,2675249
2023-01-12,1182.896728515625,1198.1579944569387,1171.3040418592375,1187.6414005068166,1862790
2023-01-13,1207.5985107421875,1210.4355693085142,1183.826068911805,1186.6631274781316,2184432
2023-01-16,1212.3431396484375,1222.859733355293,1205.8375019830082,1213.0768554884507,2398823
2023-01-17,1203.6363525390625,1213.0768535494549,1186.3695492477061,1213.0768535494549,1803413
2023-01-18,1196.4459228515625,1211.1202391580002,1191.55448408275,1205.2505126354251,1865108
2023-01-19,1174.4835205078125,1217.9683674658404,1157.5590930152255,1188.6197321052177,9691261
2023-01-20,1176.3421630859375,1201.3374651158776,1172.4779738936315,1182.3586571738779,4144033
2023-01-23,1178.5433349609375,1193.6579540214977,1174.4345737246151,1186.3696378262412,1848813
2023-01-24,1185.9783935546875,1193.3155523383223,1172.3312065651855,1180.1086665277796,2472106
2023-01-25,1131.04736328125,1184.7064204559072,1126.3515344908442,1183.7281327428966,3420414
2023-01-27,1092.1605224609375,1143.27605994808,1081.9863054694695,1137.7976721587966,4781085
2023-01-30,1065.4044189453125,1100.3782091933178,1032.0936702558247,1085.8995014066022,7991091
2023-01-31,1059.436767578125,1074.991568103689,1045.1537890113432,1073.2307216452623,6080048
2023-02-01,1019.2290649414062,1094.703988477809,968.5048691626727,1070.2467948120848,7563064
2023-02-02,1052.5399169921875,1057.5291611208957,1006.0712443249881,1012.4301153215522,4494575
2023-02-03,1079.589599609375,1106.4435531988936,1055.5725852357261,1085.8995084445376,9207051
2023-02-06,1104.6336669921875,1110.3566266021492,1076.5567361477558,1084.9211444068576,2865938
2023-02-07,1118.0850830078125,1123.2210936477636,1098.1279892085959,1109.3782982294413,3603258
2023-02-08,1120.48193359375,1126.2538556303634,1111.33496633754,1119.1612689173817,1675932
2023-02-09,1138.5313720703125,1142.8357427888473,1113.5850335501973,1125.1777199196836,2284751
2023-02-10,1135.98779296875,1141.6619102133498,1122.1939582974535,1134.8138953277512,2126093
2023-02-13,1132.221435546875,1144.596800910789,1123.6614167366447,1139.7053615906573,2112106
2023-02-14,1131.7322998046875,1136.7705062248633,1112.31330944722,1135.4986842244634,2433798
2023-02-15,1124.6396484375,1135.254047348134,1120.1395483716897,1129.9224265234075,2050158
2023-02-16,1123.416748046875,1130.9984783403083,1118.867685986836,1130.2647625054599,1918858
2023-02-17,1090.4974365234375,1119.063513864184,1084.9212434548867,1117.2047430346986,3146155
2023-02-20,1085.214599609375,1098.4214836352103,1079.834017228479,1092.9919391010792,1613608
2023-02-21,1077.82861328125,1088.002830564935,1072.2034582766055,1085.8994878531314,1767689
2023-02-22,1069.0240478515625,1073.1328090526943,1055.7681997190268,1072.937199250699,1983022
2023-02-23,1052.246337890625,1073.7198268361233,1043.4907098145134,1068.9750354517419,3193602
2023-02-24,1055.71923828125,1065.9912595490732,1046.3765425982738,1056.5997211310414,1862986
2023-02-27,1058.45849609375,1066.186994025984,1043.8821026019552,1056.5019203853315,2047252
2023-02-28,1054.30078125,1066.2359648199342,1044.8603989163653,1058.996610756188,1360243
2023-03-01,1076.556884765625,1082.5245365634967,1046.8658705266625,1053.6650431655767,4006038
2023-03-02,1078.1221923828125,1086.3886770970385,1069.6599784431003,1076.0676923246872,3831094
2023-03-03,1101.943359375,1108.5956445069235,1080.7634054365287,1084.9211284264406,3365349
2023-03-06,1096.269287109375,1115.2480943534038,1092.4050980591799,1107.4217919368887,3623590
2023-03-08,1148.75439453125,1153.4012613603097,1081.5460736347002,1085.5570295400155,7227479
2023-03-09,1144.401123046875,1156.9720974680192,1137.0639645030283,1148.7544560149313,3086720
2023-03-10,1119.94384765625,1137.0149208771575,1113.2914432851842,1130.0201396825564,3255900
2023-03-13,1037.0828857421875,1095.1932056659696,1032.0936417843661,1094.7040617599105,12242080
2023-03-14,1040.898193359375,1058.898712316486,1029.3543498379956,1037.0828471501127,5410127
2023-03-15,1021.6749267578125,1062.9587470735994,1017.419398350616,1056.3553038631508,4117107
2023-03-16,995.7012939453125,1019.3269080870963,980.146554016115,1017.419294677534,9261210
2023-03-17,998.3427124023438,1016.0496979201106,984.4021110777643,1015.4627491167397,5324960
2023-03-20,980.5379028320312,997.8536097670379,968.7006436981874,997.8536097670379,5439347
2023-03-21,1000.6416625976562,1007.5874821648371,974.3746587825286,985.4782015423057,6200518
2023-03-22,1008.7615356445312,1021.3325105736458,1001.9135207268919,1005.6799050476129,2992139
2023-03-23,996.1415405273438,1023.4846364448646,992.2283893737869,1005.8266135163765,3703523
2023-03-24,987.6304321289062,1002.6960283555268,982.8368577563241,996.8752637395305,2709449
2023-03-27,990.8588256835938,998.7829931001236,982.2010020890011,991.9838805958638,2116764
2023-03-28,1013.6529541015625,1015.854101708559,985.3315096162157,995.6035317822,4396283
2023-03-29,1034.1480712890625,1040.8493192355,1002.7450549166299,1008.6147820673614,5803091
2023-03-31,1044.762451171875,1052.6377160534328,1037.3764496303188,1039.9199741308541,3097113
2023-04-03,1055.327880859375,1057.6757952778255,1040.8981369495943,1049.7027264538674,1534155
2023-04-05,1044.0286865234375,1065.551018002458,1037.0828670664603,1065.3554082115165,2979782
2023-04-06,1058.5074462890625,1069.708794325177,1041.1428370731376,1044.028738442471,3458673
2023-04-10,1046.0831298828125,1059.4856241750579,1039.919869342647,1058.5073364334373,1602094
2023-04-11,1050.876708984375,1054.692055295588,1032.1425931147753,1054.0073016022488,1932390
2023-04-12,1051.414794921875,1053.7137473282578,1034.5882928199505,1050.1919351929591,3005913
2023-04-13,1085.214599609375,1090.3016479106313,986.0651048190822,1049.7027081275078,6082307
2023-04-17,1099.9378662109375,1112.0196966807378,1081.008021127659,1083.3559357362597,5360050
2023-04-18,1121.998291015625,1124.5418153874155,1102.5793022545931,1105.4652034691426,4455007
2023-04-19,1096.07373046875,1121.020070631113,1094.2639218311474,1118.1830119835695,2207739
2023-04-20,1101.7476806640625,1106.981615968327,1088.24738057709,1094.6550940620982,2530597
2023-04-21,1092.111572265625,1111.090379654153,1084.2852697895228,1101.7476833053463,1894300
2023-04-24,1078.0731201171875,1116.2263430614437,1068.2902424391732,1106.198893441479,7711772
2023-04-25,1097.3944091796875,1103.1173692883085,1088.9321952895516,1095.6334432601557,5268567
2023-04-26,1113.095947265625,1115.0525229370921,1090.937703902279,1093.481228391206,2688362
2023-04-27,1119.89501953125,1123.5146368187727,1105.4652737019546,1115.2481522302905,2990958
2023-04-28,1127.770263671875,1132.4171308869545,1110.3566924453007,1123.8081501731624,2239678
2023-05-02,1125.9114990234375,1136.6237031042706,1125.0310160833917,1133.7866444840797,2000569
2023-05-03,1121.2646484375,1134.7161064382947,1115.5416883720518,1117.6938738842173,1816420
2023-05-04,1109.96533203125,1126.009276095919,1104.486944146214,1121.2646040728048,2752160
2023-05-05,1049.9964599609375,1129.8735721540281,1042.2189994364167,1106.443624513419,8504838
2023-05-08,1101.8944091796875,1110.0142454631407,1063.3988091980339,1063.3988091980339,6764292
2023-05-09,1115.8350830078125,1124.9332076599514,1106.5413485562326,1110.3566950045458,4181498
2023-05-10,1147.0914306640625,1150.2708660778294,1125.0309925636586,1129.9224316617615,6466598
2023-05-11,1161.6678466796875,1173.9454068273849,1143.8630557774331,1149.4882108518143,6086958
2023-05-12,1182.4075927734375,1187.6414087054163,1150.515433853631,1166.6082206599744,3983609
2023-05-15,1193.0709228515625,1196.103591118589,1170.032197613866,1182.3585998920396,3323300
2023-05-16,1193.8045654296875,1199.4785626152843,1182.407489484119,1193.0708496317309,2888698
2023-05-17,1209.310546875,1220.9032339868074,1187.641447163449,1190.6252728670352,4661849
2023-05-18,1212.000732421875,1220.9031271735369,1203.9787011202413,1220.9031271735369,2489971
2023-05-19,1220.9031982421875,1223.8380616995005,1195.0763759338536,1216.011759146666,2366675
2023-05-22,1219.0933837890625,1223.8380558048857,1205.7397312386265,1219.9249045473161,2106351
2023-05-23,1232.8382568359375,1239.392856849126,1217.9683298141977,1218.9466176293095,2142459
2023-05-24,1244.1375732421875,1248.1974917036835,1220.5608599410793,1227.7512517546259,2782379
2023-05-25,1235.9688720703125,1244.2843186506384,1222.566257106552,1241.398297891408,2589092
2023-05-26,1240.517822265625,1244.8221928058056,1228.631602285163,1229.16958889274,1981580
2023-05-29,1257.0509033203125,1266.882743810509,1244.3821236501678,1244.5777334488191,2985334
2023-05-30,1265.1707763671875,1268.0078350483575,1248.6866497916385,1257.0509393520979,1818000
2023-05-31,1258.6650390625,1269.2305948980954,1249.5180721657007,1261.0129536281763,2764078
2023-06-01,1262.1380615234375,1269.81759706702,1224.3272131967453,1252.2084162140104,3244947
2023-06-02,1274.0556640625,1278.7535096095298,1257.044566373674,1268.3194198325446,1912458
2023-06-05,1287.5064697265625,1292.1053168049323,1268.5667098527463,1280.781084465939,3040374
2023-06-06,1291.6602783203125,1301.4516016664425,1285.7261575929604,1287.704197835411,2902701
2023-06-07,1296.8031005859375,1298.3361300255556,1288.890939824022,1295.5668254668883,2679118
2023-06-08,1289.5338134765625,1309.3637144696613,1285.726110295915,1301.9954423995864,3215312
2023-06-09,1316.435302734375,1321.7265363257009,1284.1437710886246,1284.7371590253158,4233651
2023-06-12,1317.81982421875,1322.270414804737,1304.1219195612114,1322.270414804737,1904622
2023-06-13,1321.578125,1328.1551328924909,1317.7209224162089,1321.3308699719364,3756073
2023-06-14,1308.7208251953125,1321.5780862779038,1303.726225482771,1320.3913104699686,2858453
2023-06-15,1282.85791015625,1305.456994636269,1274.3523616902678,1300.5613935760202,5952095
2023-06-16,1299.5723876953125,1304.12185592633,1280.3359953931886,1282.8579241641921,3508045
2023-06-19,1287.11083984375,1302.7867849837573,1276.429373994093,1295.6163889381073,2679485
2023-06-20,1284.1436767578125,1300.9570178656381,1271.0885394596255,1280.7809843902496,2102065
2023-06-21,1272.4732666015625,1293.143811326315,1270.297470622113,1283.5008651233081,1490552
2023-06-22,1258.725830078125,1274.896405259865,1255.1160033054355,1272.473233582452,3185099
2023-06-23,1294.33056640625,1303.5285016980897,1248.1433756775336,1258.7258425358925,4636121
2023-06-26,1300.6109619140625,1312.0340719043643,1291.5614036365537,1300.363706883147,2236596
2023-06-27,1301.5009765625,1306.4460771546749,1283.1052265056085,1304.2702811861159,2638788
2023-06-28,1319.40234375,1332.16060675628,1301.797737263667,1310.4516633423427,5550351
2023-06-30,1359.5565185546875,1367.073047245779,1322.3693865592927,1327.1661099474895,4590286
2023-07-03,1365.19384765625,1371.7708553553216,1352.583841595846,1364.7982154769843,2890340
2023-07-04,1352.336669921875,1378.6940809087776,1348.3312107761717,1373.748980188158,2262047
2023-07-05,1384.18310546875,1397.5842551555422,1356.2926666898716,1356.2926666898716,5288351
2023-07-06,1374.9356689453125,1381.3642994747634,1358.3202040148801,1379.9302686486512,3337234
2023-07-07,1342.19921875,1378.6445870590276,1338.1442602890631,1369.3478942515133,2922616
2023-07-10,1351.990478515625,1357.3312112087958,1330.380413447603,1346.303612932988,1941110
2023-07-11,1365.7872314453125,1368.4576580998175,1354.9575098592366,1356.935550019615,2110648
2023-07-12,1356.3916015625,1369.5951168096324,1336.1661883068484,1356.8861116247897,4921224
2023-07-13,1361.1884765625,1376.221534504397,1351.3971529615283,1368.8038834021454,5174896
2023-07-14,1361.8807373046875,1368.7543790085253,1351.9905358718286,1361.0894728980597,3885754
2023-07-17,1375.232421875,1389.3259580215074,1354.5618780474574,1364.847711030205,4003275
2023-07-18,1374.9852294921875,1393.7271125786297,1367.3203235194744,1382.6501354649006,4106331
2023-07-19,1403.9635009765625,1427.5516057069879,1394.5183109332104,1414.2987125067311,8850582
2023-07-20,1409.5020751953125,1417.7603692096902,1402.628312791491,1410.3427181674351,4491531
2023-07-21,1391.8974609375,1414.6449240113056,1385.2215750354048,1406.436129340061,2138540
2023-07-24,1419.9361572265625,1423.5956041581308,1389.8700417552807,1393.0348578901535,2738185
2023-07-25,1399.908447265625,1430.123059504978,1395.9029883128906,1421.2218786366898,2982900
2023-07-26,1412.02392578125,1414.1998424042702,1395.7050943935576,1405.842550255609,1537232
2023-07-27,1400.056884765625,1417.4636150678061,1389.7216726040167,1417.4636150678061,3362598
2023-07-28,1386.556640625,1406.3370420504002,1382.2544274609734,1399.6611565693277,1565680
2023-07-31,1402.1832275390625,1404.3096448708895,1380.672040659165,1393.8754346670348,1721385
2023-08-01,1379.2874755859375,1407.5734277000363,1374.0951198039265,1405.1503766270973,1578914
2023-08-02,1366.083984375,1378.8423675424913,1354.0673662668978,1374.7379100678734,1913777
2023-08-03,1349.5179443359375,1365.4411440109782,1339.182732445956,1361.1389306649571,3631489
2023-08-04,1394.1226806640625,1399.3645353802167,1351.2981836367646,1355.0070089368764,4063355
2023-08-07,1399.710693359375,1402.0843657400053,1383.9852496589417,1394.5183378461184,2792582
2023-08-08,1388.5347900390625,1405.348132573788,1386.903003377044,1399.710766015909,1846797
2023-08-09,1392.9853515625,1394.9633918193135,1376.7160187422073,1389.5732804114953,1218020
2023-08-10,1414.4964599609375,1418.2547845299302,1384.7269799128273,1387.0511529381304,3730443
2023-08-11,1381.9083251953125,1416.0295184100116,1377.457734776004,1416.0295184100116,3074690
2023-08-14,1373.6500244140625,1382.155573025142,1363.9082006929425,1379.6830228050612,1783022
2023-08-16,1365.5400390625,1372.8094335693297,1351.9905116343878,1368.8038537688315,2051360
2023-08-17,1359.2103271484375,1375.9741690016917,1354.9574925659067,1365.9850904652694,3329471
2023-08-18,1356.6387939453125,1361.880648655518,1345.9079502351651,1353.9684880242585,1720129
2023-08-21,1382.452392578125,1384.62818858247,1351.1992597375518,1359.9026852149261,1763990
2023-08-22,1385.7655029296875,1389.177573898159,1378.7928631054324,1387.5951659233606,1224910
2023-08-23,1385.6171875,1392.5403283369021,1376.8643835879154,1385.7655646639325,1681561
2023-08-24,1409.5020751953125,1419.2438994181414,1386.8534898669607,1392.7876107007648,3559546
2023-08-25,1385.7655029296875,1405.8425380242984,1373.7983841621626,1402.3809677600561,1862535
2023-08-28,1393.974365234375,1395.75464974926,1378.4962968804966,1384.628173356219,1072295
2023-08-29,1384.7764892578125,1398.1776389047843,1377.1609622032695,1393.9743035644813,1831565
2023-08-30,1377.1610107421875,1395.4085043006414,1371.6225222445787,1389.7216386397943,1500390
2023-08-31,1363.01806640625,1386.507293633824,1348.2816428627423,1377.160981309489,4106180
2023-09-01,1400.9964599609375,1407.9689791732662,1361.0894026548788,1366.8257674818935,2792033
2023-09-04,1406.1888427734375,1411.8262091167924,1399.4634577234756,1408.2162615639452,998692
2023-09-05,1408.117431640625,1414.101051810711,1400.7986584206021,1409.3537068220478,1469938
2023-09-06,1393.1832275390625,1406.1393670706618,1381.1171095387213,1406.1393670706618,4046484
2023-09-07,1423.7933349609375,1427.353783232822,1382.6501222780614,1393.1832106602988,2278316
2023-09-08,1432.9417724609375,1443.9198716143394,1418.3537257342562,1429.1340691562434,2862657
2023-09-11,1434.27685546875,1436.0571398845693,1416.0294834915512,1433.1395789736314,2220230
2023-09-12,1413.4581298828125,1437.9363778742663,1409.4525501013038,1434.1780531229742,1943026
2023-09-13,1439.07373046875,1443.6231987374545,1400.5019469527929,1414.1998510554101,4302942
2023-09-14,1442.238525390625,1451.7330939713543,1434.5241205081632,1443.9198112273205,2407947
2023-09-15,1434.0791015625,1448.3210147171185,1430.5680320218514,1448.3210147171185,1647901
2023-09-18,1440.9034423828125,1446.6891859605319,1429.28245592919,1438.035259878047,1504046
2023-09-20,1424.6339111328125,1459.4474900248676,1406.6832934514282,1425.1779204631528,5683215
2023-09-21,1395.8040771484375,1427.7988523601282,1390.9083553496846,1415.2877242921902,2514377
2023-09-22,1436.9473876953125,1447.4309770489501,1397.4854599044527,1400.452520328878,4397398
2023-09-25,1426.9088134765625,1438.579299473655,1418.3537650806427,1435.5627397409326,2013653
2023-09-26,1407.4251708984375,1428.0955954222525,1396.1503170572666,1424.18901412689,2870137
2023-09-27,1420.6778564453125,1423.1999059605191,1402.7272384405749,1409.3536247350519,3697690
2023-09-28,1397.4854736328125,1429.48025137784,1393.9744038040851,1421.2219572613953,5876746
2023-09-29,1413.161376953125,1424.1394761596123,1383.935904790584,1399.5129717096524,2593595
2023-10-03,1419.6395263671875,1422.6065867731115,1404.408592137444,1416.2768337611406,1442499
2023-10-04,1385.9139404296875,1412.815239362513,1370.9796400554403,1409.2052917837711,3978667
2023-10-05,1386.457763671875,1399.859033938356,1378.9907345668898,1393.2325270185138,1647175
2023-10-06,1419.046142578125,1422.2109587283587,1385.7160914828626,1389.5237948689244,2167139
2023-10-09,1412.86474609375,1429.1340788376544,1394.5183745059467,1404.5074536099546,1613546
2023-10-10,1404.9525146484375,1420.5789593822658,1396.5458440180269,1418.2547863539737,1874201
2023-10-11,1405.5953369140625,1416.1779245657551,1399.0184497437515,1415.2382830200004,1855211
2023-10-12,1408.6119384765625,1428.1450862981612,1405.3976230122487,1417.562619061497,2069952
2023-10-13,1447.628662109375,1450.200210935661,1404.4085323289935,1405.5953081488242,4480890
2023-10-16,1430.5186767578125,1446.7880088830343,1428.5900151518194,1446.7880088830343,1913782
2023-10-17,1420.23291015625,1442.436363837098,1409.8976980644513,1438.9254148050022,1373704
2023-10-18,1404.754638671875,1428.1449875798278,1400.056793317994,1421.221847058319,3067244
2023-10-19,1434.42529296875,1448.6177074069528,1407.4251163928996,1435.5626902417057,13948984
2023-10-20,1452.9693603515625,1455.639786977932,1427.2548385375699,1432.1010610254355,5135316
2023-10-23,1419.243896484375,1453.612346242446,1414.3482950986054,1452.8705811397538,3319090
2023-10-25,1397.188720703125,1431.0626609155431,1394.5679138838277,1429.0846206111682,4045910
2023-10-26,1399.1173095703125,1413.6064781912457,1378.347887456072,1397.1392693689563,4194418
2023-10-27,1425.4747314453125,1428.6395475022296,1397.1886597428932,1404.4085548308522,2424655
2023-10-30,1438.6781005859375,1444.859476159271,1412.3206909952448,1424.1889320960454,2255111
2023-10-31,1425.4747314453125,1443.9693591922846,1420.7768859273924,1440.0132787561413,1454345
2023-11-01,1416.8702392578125,1429.7275011761774,1411.4801277455742,1428.0462152173136,2658439
2023-11-02,1445.1561279296875,1463.700254882984,1423.298807773401,1431.1120907423883,4524652
2023-11-03,1434.326416015625,1458.8046637635214,1432.1011207658162,1454.848583319417,3052041
2023-11-06,1454.1068115234375,1455.738718845096,1440.0132750063765,1446.9364157515995,2090640
2023-11-07,1470.0794677734375,1474.084926650494,1448.1726489043854,1453.4145036086697,2830149
2023-11-08,1472.6014404296875,1479.524581180587,1464.9860338956955,1477.5465409660442,3210977
2023-11-09,1490.7994384765625,1499.6512408979547,1468.5464860043378,1472.6014443088334,3207721
2023-11-10,1482.3433837890625,1492.8763513384035,1476.7553960418106,1483.4806603274467,2247500
2023-11-13,1493.0247802734375,1499.3545333199963,1479.7225076728548,1485.5082513500226,2026629
2023-11-15,1477.5465087890625,1521.6074019004714,1473.887182763846,1521.6074019004714,6293703
2023-11-16,1482.195068359375,1490.0577302408626,1476.6070803793878,1483.5302214126468,2728834
2023-11-17,1481.9971923828125,1492.4314032355373,1469.2389290584358,1474.1840297981162,4182376
2023-11-20,1488.2774658203125,1492.8763126118563,1474.332186097598,1482.4422231978278,2125867
2023-11-21,1485.5577392578125,1490.8983513927096,1477.6949567614422,1488.9698104251074,1661103
2023-11-22,1454.2552490234375,1488.9698320545313,1442.9308958966144,1483.5302212433057,3914008
2023-11-23,1469.78271484375,1479.821292788783,1454.3045264657424,1458.8046161159266,3832098
2023-11-24,1459.991455078125,1475.519143423798,1457.8156591028055,1475.074011931122,2813844
2023-11-28,1461.32666015625,1470.4750958503005,1451.8814701476938,1463.7497110480838,4305915
2023-11-29,1467.2608642578125,1473.1949850463232,1455.0958683493673,1467.705875024952,3477076
2023-11-30,1450.0023193359375,1483.5301242909102,1434.1286194440193,1483.5301242909102,45549217
2023-12-01,1445.0079345703125,1476.6070799859838,1442.1397519970126,1462.7607979231548,4063279
2023-12-04,1498.019287109375,1500.887469485059,1457.2715874082567,1473.6399180110466,4254987
2023-12-05,1490.0576171875,1508.750120705065,1470.178337874847,1503.1127545834136,3457904
2023-12-06,1485.112548828125,1504.6456956823065,1476.9531330535935,1500.3434824199155,3405245
2023-12-07,1488.22802734375,1498.3159842877753,1479.6236005814928,1488.4752823740448,1931490
2023-12-08,1492.3818359375,1504.2500771719704,1477.6455329886937,1493.4203553375135,2568088
2023-12-11,1505.1402587890625,1521.0634587159052,1493.4203944093986,1496.1896990618914,2194782
2023-12-12,1480.5631103515625,1512.1128761276316,1473.590470257308,1512.1128761276316,1621785
2023-12-13,1490.3543701171875,1496.041235529182,1478.5850071185403,1485.5081476200987,2562565
2023-12-14,1534.6624755859375,1537.431780220565,1498.958873314463,1506.2776463659832,3427500
2023-12-15,1553.5528564453125,1560.6737530340781,1530.063628540015,1535.8987506777557,3478643
2023-12-18,1539.261474609375,1552.7616237002846,1534.959261135568,1552.7616237002846,1352458
2023-12-19,1549.3494873046875,1568.6353792715877,1525.2667512645899,1539.2614098378517,2297704
2023-12-20,1539.063720703125,1563.6408471270863,1532.486712601784,1560.673786696105,3218717
2023-12-21,1552.7615966796875,1556.7176771807822,1510.7777406538178,1525.1679110385526,2400593
2023-12-22,1545.195556640625,1573.6298850226235,1540.7944654091484,1557.014419484357,2214206
2023-12-26,1553.5528564453125,1565.3715986151376,1539.9043304651836,1545.788951901039,1129332
2023-12-27,1579.91015625,1582.4322058701039,1550.0912959546322,1555.8770395613456,1887827
2023-12-28,1592.8663330078125,1600.9267500498702,1574.519962290882,1582.432122905409,3143161
2023-12-29,1581.3936767578125,1601.1247006419112,1569.624433882731,1597.267498017727,1779207
2024-01-01,1581.2947998046875,1593.7070506426287,1574.3222803742467,1581.3936776710066,1341121
2024-01-02,1558.300048828125,1580.7013782882034,1552.761560401989,1576.5969207182122,1227193
2024-01-03,1583.569580078125,1587.32778407428,1540.8933380022188,1558.2011900016018,2620296
2024-01-04,1630.4490966796875,1636.8282278860995,1575.5089830952004,1575.5089830952004,4271262
2024-01-05,1625.1578369140625,1635.8393026599474,1611.1137992944705,1635.8393026599474,2294140
2024-01-08,1609.234619140625,1631.9327034177397,1604.190640655709,1615.069862016506,1791003
2024-01-09,1607.256591796875,1625.8502185638756,1603.2016334031132,1614.0313555526716,1619091
2024-01-10,1622.141357421875,1624.7127855616532,1602.2125780611038,1602.2125780611038,1629958
2024-01-11,1639.64697265625,1649.8833066951913,1624.5150373425956,1625.8995689188819,1914421
2024-01-12,1655.61962890625,1659.4273321027183,1629.3117186861155,1639.646930323671,2161848
2024-01-15,1670.306640625,1675.8946285664556,1649.7350941345935,1666.3011814928043,2930339
2024-01-16,1648.7459716796875,1673.1747193492258,1644.7898913620302,1670.306536972926,1316138
2024-01-17,1625.8502197265625,1658.636261260174,1613.9324788396702,1631.8832183879367,6683398
2024-01-18,1595.1905517578125,1621.5973402735747,1577.5859455939753,1616.9983726385842,3557256
2024-01-19,1543.959228515625,1613.8335215749175,1533.178885457314,1604.8828415254504,10982524
2024-01-23,1425.8702392578125,1530.9042470067538,1412.3702113879992,1518.1458634868268,10097057
2024-01-24,1474.4805908203125,1479.3763127495938,1426.1669831179665,1443.9198456075003,9155544
2024-01-25,1495.3984375,1526.9975823813645,1472.2553422974531,1473.6399946263227,8118578
2024-01-29,1510.0360107421875,1520.8657330742576,1498.7116576059602,1506.2776858865839,3058020
2024-01-30,1503.211669921875,1527.4920408708115,1493.4698461101839,1513.200748757873,1721705
2024-01-31,1517.206298828125,1531.0030806231398,1490.601634586027,1502.5192540869923,3867886
2024-02-01,1524.2283935546875,1530.5581465163216,1506.8216634576909,1520.8657009753824,2240634
2024-02-02,1516.9095458984375,1547.668046203909,1512.7557098593668,1533.9701422581754,3554450
2024-02-05,1520.9151611328125,1532.981158085098,1505.0908395009662,1515.9205613257639,2624023
2024-02-06,1494.8050537109375,1533.4262174807673,1487.6346577440554,1532.9812067127525,3312270
2024-02-07,1498.7115478515625,1505.684187678572,1475.815708948747,1505.684187678572,4066189
2024-02-08,1461.0794677734375,1524.0305016639518,1453.8595726241902,1505.9808845208283,2931291
2024-02-09,1469.93115234375,1475.0246301042623,1446.5903016737273,1463.9970316278122,2388841
2024-02-12,1431.260498046875,1480.5631271323714,1426.3153974218503,1471.8597017403297,2821957
2024-02-13,1447.8265380859375,1460.0409120867787,1414.941619998293,1436.4528070180304,4601482
2024-02-14,1465.2332763671875,1478.0905376515434,1420.1833625750046,1434.128642552031,4208176
2024-02-15,1460.733154296875,1476.4585976657058,1444.2660666003533,1474.6289346694246,1906763
2024-02-16,1477.2498779296875,1489.9587619088327,1454.8485488004599,1469.6343508174823,1844045
2024-02-19,1467.3101806640625,1486.2994388208178,1460.782672219237,1483.431256415215,1209609
2024-02-20,1487.6839599609375,1491.442284566829,1458.8541211370234,1472.650902997353,2390096
2024-02-21,1500.5908203125,1510.03601102268,1486.0027731221167,1503.3106257208767,5259113
2024-02-22,1472.79931640625,1503.3105625595688,1447.4309265170584,1500.5907572654644,4969478
2024-02-23,1464.0465087890625,1488.376379210535,1458.8541532411266,1481.9971270993608,2557861
2024-02-26,1450.39794921875,1469.6838408039976,1447.8265211533817,1464.7387403975238,2077787
2024-02-27,1476.656494140625,1480.9092080909957,1442.485801728157,1450.3979624506974,2843312
2024-02-28,1433.287841796875,1486.9421807682531,1426.6614555983965,1478.5850094416658,2661887
2024-02-29,1458.705810546875,1467.705869563292,1424.1889839428172,1435.0682053479359,4216252
2024-03-01,1509.8875732421875,1511.9644913246643,1461.6233436408565,1463.7497610207706,3549401
2024-03-04,1514.486572265625,1522.0524796706559,1503.65672941196,1513.1512985070938,2985524
2024-03-05,1525.5140380859375,1530.0141279306729,1507.2666651366164,1512.8546529689816,2694157
2024-03-06,1537.481201171875,1547.5691576139661,1519.6788398764274,1525.513961717055,5167456
2024-03-07,1546.5802001953125,1554.2451060635865,1529.074592504284,1539.3603050854565,2285176
2024-03-11,1524.1295166015625,1551.5253258561556,1519.7283045938057,1548.9043983708616,1694488
2024-03-12,1516.21728515625,1538.8657484523603,1511.7171954906964,1524.1294458130544,1918571
2024-03-13,1486.151123046875,1523.684388702428,1478.5850949035432,1518.1459001183537,4165036
2024-03-14,1460.535400390625,1490.3543798924904,1453.0682505086854,1455.3925442763023,3652530
2024-03-15,1468.052001953125,1473.1454797552096,1440.7055712846475,1457.8156677805835,2985042
2024-03-18,1464.4420166015625,1475.2223598583464,1450.2002237180973,1470.92014656105,2365287
2024-03-19,1418.353759765625,1466.6673694973767,1415.139444308047,1459.8432271099011,3180412
2024-03-20,1425.7220458984375,1447.9254999797615,1407.0789194820488,1424.1890163735359,5480729
2024-03-21,1467.8046875,1470.573992036595,1442.9803074533463,1443.969327540703,3870591
2024-03-22,1495.497314453125,1503.6567305257677,1456.8266515154487,1461.5244971330308,5309042
2024-03-26,1502.0247802734375,1506.8710029181327,1485.705948594153,1495.4972717477222,9046136
2024-03-27,1516.7117919921875,1526.0084841602945,1497.8214118799935,1502.3215015360377,8408702
2024-03-28,1535.9482421875,1547.3219735366026,1516.7612277656237,1517.898625046533,3964429
2024-04-01,1525.464599609375,1555.4813349714898,1522.101907182402,1535.948188339357,2159432
2024-04-02,1542.2779541015625,1553.7010637149892,1520.1238799164437,1526.0085011660883,2335256
2024-04-03,1525.7119140625,1539.8054507891134,1521.162445651136,1536.9372682917333,3711781
2024-04-04,1527.4920654296875,1533.42618610846,1494.6071466681567,1531.0526344209463,6077155
2024-04-05,1535.3548583984375,1539.2614395803491,1511.3216211909962,1534.9592262044478,3286862
2024-04-08,1551.129638671875,1559.0417994156778,1532.9811441117758,1542.8713450415294,2372626
2024-04-09,1537.8768310546875,1557.6078554480334,1524.0800482801662,1557.6078554480334,1176425
2024-04-10,1535.7998046875,1547.668045628996,1531.0030814529769,1547.668045628996,2528578
2024-04-12,1538.5692138671875,1545.541733456659,1525.0690647318302,1529.025145314792,1749128
2024-04-15,1522.9920654296875,1540.7944271045405,1513.2007423625198,1527.9865444615816,1528341
2024-04-16,1474.5794677734375,1517.9480956827404,1471.6124074775212,1513.2007509172774,3981325
2024-04-18,1458.2113037109375,1491.7884888299736,1452.0299278988914,1486.2994995468746,3856849
2024-04-19,1465.77734375,1473.887260589242,1428.5407114099492,1449.903522243804,4311650
2024-04-22,1461.2772216796875,1484.519194410295,1453.8100715104094,1477.5960535969225,2887202
2024-04-23,1458.3101806640625,1469.486156417237,1454.9474880784173,1466.5190960293141,1206443
2024-04-24,1458.45849609375,1466.9640446997612,1446.6891329071807,1460.7826691532428,2964953
2024-04-25,1479.6729736328125,1483.0356661782819,1454.4035820689053,1459.8431927151078,3697957
2024-04-26,1430.5186767578125,1502.321510866528,1427.452738636736,1494.9038602203798,6135488
2024-04-29,1470.920166015625,1474.6289914468293,1434.1780445978288,1442.7330927384724,5463640
2024-04-30,1499.0577392578125,1520.1239159886907,1472.650950492622,1481.3543757922325,6293171
2024-05-02,1488.6729736328125,1504.596293478158,1483.5796168133281,1491.4422781441745,2554549
2024-05-03,1467.4090576171875,1501.2829956622031,1456.8760902543363,1500.541230595524,2119368
2024-05-06,1481.0576171875,1493.4203685830553,1465.7773047545916,1479.2773326945426,2600170
2024-05-07,1436.6011962890625,1486.1510792131496,1432.1011065366085,1481.0576015459746,1884596
2024-05-08,1426.6614990234375,1439.0242503148017,1415.6834000227047,1439.0242503148017,5278612
2024-05-09,1386.0621337890625,1440.6066149915164,1378.1499732006373,1429.6285163210744,3272042
2024-05-10,1394.666748046875,1408.8591626400014,1380.2270784234504,1386.6062099131498,1575172
2024-05-13,1389.1282958984375,1402.183313548131,1362.1279975906639,1399.8096410490964,3624862
2024-05-14,1405.3975830078125,1413.655876819671,1387.3974652120255,1391.5513014018243,1279355
2024-05-15,1401.5404052734375,1414.1504119596966,1391.9469582825566,1405.3976079352337,2516309
2024-05-16,1393.2821044921875,1409.3536815626387,1370.4357636949608,1404.6063366590608,5666243
2024-05-17,1396.842529296875,1401.540374823022,1379.6830545210528,1392.5403159610341,3673405
2024-05-21,1391.0567626953125,1405.2491769031553,1384.6281320820742,1404.4085339689611,3010012
2024-05-22,1389.5238037109375,1397.6338413337644,1376.5676639641022,1393.5293835881262,6739695
2024-05-23,1425.029541015625,1435.0681188531178,1391.1556036822553,1393.0842652530973,6444146
2024-05-24,1425.96923828125,1432.8428797315369,1412.1723353533455,1425.1779739038097,2155290
2024-05-27,1449.0133056640625,1459.3980165800447,1423.496659851358,1431.9527091592345,3253683
2024-05-28,1443.326416015625,1462.5629288285413,1433.1889602910514,1456.6288084044006,2381333
2024-05-29,1444.2166748046875,1455.4915286666767,1423.4472516436545,1437.0462787133786,4383563
2024-05-30,1430.914306640625,1461.4749306696906,1423.3482788477047,1441.9912832957566,3415942
2024-05-31,1445.799072265625,1453.7607327107955,1430.6671365118818,1440.0133285736056,3546505
2024-06-03,1512.904052734375,1518.0470298761302,1479.9697546656214,1498.316005738141,8265525
2024-06-04,1376.221435546875,1505.189677583863,1348.5783727188311,1493.3708152394477,7911282
2024-06-05,1484.4697265625,1499.1567721831673,1357.2817610710774,1385.1227020778344,11014467
2024-06-06,1464.837646484375,1493.2225958024542,1454.7496897527883,1483.5301505270138,3279775
2024-06-07,1475.7169189453125,1481.9477940863665,1447.3814679381335,1452.4255672094614,3964791
2024-06-10,1469.5355224609375,1489.2665463104556,1463.8486567658877,1482.0466511360462,2416022
2024-06-11,1464.788330078125,1474.6290322022305,1459.0024656615424,1468.694911348298,1737873
2024-06-12,1467.953125,1475.8652860240863,1456.8266485598788,1474.6290108640728,5419536
2024-06-13,1490.7005615234375,1493.420366827262,1464.9365393533933,1479.574085280519,2446832
2024-06-14,1485.8543701171875,1499.255641188343,1479.5246171308486,1493.914908333307,2706742
2024-06-18,1491.343505859375,1499.8985542886965,1482.6400802617998,1497.3765046183767,2811967
2024-06-19,1511.4205322265625,1532.981219607231,1496.6347294004145,1499.5522905263774,11002582
2024-06-20,1511.0743408203125,1523.832724300058,1496.3874164309511,1519.13487880895,3589441
2024-06-21,1510.382080078125,1520.9151683603757,1494.6566362357503,1506.2776224893614,5249389
2024-06-24,1474.03564453125,1492.3325171675403,1461.9695263547248,1490.6017319181617,4609137
2024-06-25,1479.1290283203125,1485.6565366995974,1465.925513673816,1478.3377639646458,3309896
2024-06-26,1481.4532470703125,1504.2995874677088,1465.2827924161159,1481.552124935324,5605220
2024-06-27,1486.25,1488.4257959934782,1468.6948926967227,1477.5960738645817,5166134
2024-06-28,1464.5,1491.0,1460.5,1491.0,6425323
2024-07-01,1456.9000244140625,1469.0,1452.949951171875,1468.949951171875,3166439
2024-07-02,1429.449951171875,1460.449951171875,1420.6500244140625,1457.4000244140625,4644571
2024-07-03,1455.5,1458.0,1421.9000244140625,1438.9000244140625,5907225
2024-07-04,1442.8499755859375,1457.8499755859375,1436.199951171875,1455.449951171875,3010077
2024-07-05,1434.25,1449.699951171875,1426.0,1437.0,4216309
2024-07-08,1438.050048828125,1441.699951171875,1422.800048828125,1428.0,2772277
2024-07-09,1434.25,1449.5999755859375,1426.0,1441.0,3126274
2024-07-10,1425.949951171875,1433.5,1415.050048828125,1433.5,3979121
2024-07-11,1429.75,1435.8499755859375,1415.699951171875,1427.949951171875,2416195
2024-07-12,1434.550048828125,1450.949951171875,1427.3499755859375,1432.0,3340305
2024-07-15,1444.050048828125,1449.0,1433.0,1438.5,4284427
2024-07-16,1445.9000244140625,1450.0,1435.75,1445.050048828125,2284985
2024-07-18,1456.9000244140625,1460.8499755859375,1438.0,1440.699951171875,3634938
2024-07-19,1432.449951171875,1452.0,1429.0,1451.550048828125,2981749
2024-07-22,1423.4000244140625,1429.949951171875,1409.5999755859375,1428.0,2883674
2024-07-23,1413.199951171875,1427.0,1395.6500244140625,1422.5,3054925
2024-07-24,1396.6500244140625,1412.5,1386.4000244140625,1409.800048828125,5553500
2024-07-25,1379.0999755859375,1396.550048828125,1374.0,1389.0,3631639
2024-07-26,1403.9000244140625,1409.0,1359.050048828125,1365.0,3607419
2024-07-29,1411.5,1444.949951171875,1406.449951171875,1415.0,5955870
2024-07-30,1429.699951171875,1432.699951171875,1407.199951171875,1411.5,2158067
2024-07-31,1427.800048828125,1435.0,1414.050048828125,1435.0,3926481
2024-08-01,1419.8499755859375,1440.0,1416.800048828125,1432.0,4074181
2024-08-02,1404.300048828125,1413.949951171875,1392.699951171875,1413.949951171875,3268026
2024-08-05,1389.449951171875,1396.199951171875,1369.0,1388.0,3532894
2024-08-06,1381.0,1407.300048828125,1376.25,1395.0,2425599
2024-08-07,1345.1500244140625,1399.5,1329.199951171875,1391.0,8728852
2024-08-08,1347.300048828125,1355.800048828125,1334.0,1347.949951171875,3669342
2024-08-09,1349.800048828125,1367.0,1338.050048828125,1367.0,5082087
2024-08-12,1350.8499755859375,1357.5999755859375,1336.6500244140625,1349.800048828125,4436342
2024-08-13,1350.5999755859375,1371.6500244140625,1343.5,1355.0,3905817
2024-08-14,1338.0999755859375,1356.949951171875,1335.949951171875,1356.949951171875,4868357
2024-08-16,1364.1500244140625,1367.9000244140625,1338.550048828125,1347.0999755859375,5456176
2024-08-19,1347.5999755859375,1375.800048828125,1345.550048828125,1370.050048828125,5895105
2024-08-20,1381.300048828125,1391.6500244140625,1357.199951171875,1363.9000244140625,5507239
2024-08-21,1384.0,1387.3499755859375,1366.4000244140625,1380.0,5441231
2024-08-22,1381.9000244140625,1395.949951171875,1379.5999755859375,1384.050048828125,3510879
2024-08-23,1388.550048828125,1390.300048828125,1373.800048828125,1382.0,2252945
2024-08-26,1384.5,1395.550048828125,1379.800048828125,1395.300048828125,2541300
2024-08-27,1383.199951171875,1387.1500244140625,1377.550048828125,1385.9000244140625,1167406
2024-08-28,1415.75,1421.949951171875,1382.550048828125,1389.050048828125,6532773
2024-08-29,1417.449951171875,1423.050048828125,1405.25,1414.199951171875,3316387
2024-08-30,1425.25,1430.0,1415.550048828125,1422.1500244140625,2792988
2024-09-02,1449.050048828125,1451.25,1425.25,1425.25,4024426
2024-09-03,1436.699951171875,1451.9000244140625,1433.9000244140625,1450.0,2351018
2024-09-04,1434.4000244140625,1439.25,1417.0,1417.0,2919356
2024-09-05,1422.9000244140625,1444.0,1418.9000244140625,1443.0,3427784
2024-09-06,1409.3499755859375,1438.199951171875,1401.5,1426.449951171875,2608515
2024-09-09,1428.0999755859375,1431.0,1400.0999755859375,1409.3499755859375,1802343
2024-09-10,1435.550048828125,1438.5,1420.5999755859375,1428.9000244140625,2414043
2024-09-11,1421.199951171875,1438.949951171875,1417.800048828125,1435.4000244140625,2622902
2024-09-12,1443.3499755859375,1446.5,1420.1500244140625,1425.1500244140625,2437399
2024-09-13,1464.050048828125,1470.949951171875,1442.3499755859375,1450.0,2999055
2024-09-16,1470.199951171875,1473.949951171875,1461.0999755859375,1469.949951171875,1495683
2024-09-17,1466.3499755859375,1483.5,1462.25,1478.0,1866702
2024-09-18,1480.25,1488.75,1461.1500244140625,1470.0,3966006
2024-09-19,1484.75,1498.0,1474.9000244140625,1494.949951171875,3861906
2024-09-20,1480.199951171875,1491.949951171875,1473.199951171875,1488.0,5335400
2024-09-23,1465.0999755859375,1490.8499755859375,1453.050048828125,1490.199951171875,4610747
2024-09-24,1448.300048828125,1474.0999755859375,1446.0,1470.0999755859375,3893140
2024-09-25,1439.5,1456.0,1432.25,1450.0,3012173
2024-09-26,1452.699951171875,1457.300048828125,1437.300048828125,1445.0,3388674
2024-09-27,1462.699951171875,1481.0,1454.0,1457.0,4708951
2024-09-30,1447.5999755859375,1474.800048828125,1437.0,1467.0,2888962
2024-10-01,1409.699951171875,1450.300048828125,1404.6500244140625,1450.0,3377999
2024-10-03,1387.75,1412.699951171875,1382.050048828125,1404.0,2081630
2024-10-04,1382.8499755859375,1410.949951171875,1380.8499755859375,1384.050048828125,2178195
2024-10-07,1350.8499755859375,1394.050048828125,1338.199951171875,1388.0,3878973
2024-10-08,1359.550048828125,1371.0,1343.550048828125,1357.8499755859375,2429248
2024-10-09,1341.550048828125,1371.5,1335.550048828125,1369.0,5269772
2024-10-10,1356.4000244140625,1362.0,1344.300048828125,1350.0,1673393
2024-10-11,1347.5999755859375,1371.300048828125,1339.0,1360.0999755859375,2755874
2024-10-14,1370.449951171875,1371.5,1348.300048828125,1354.5999755859375,1381439
2024-10-15,1360.9000244140625,1374.449951171875,1349.449951171875,1371.0,2775029
2024-10-16,1346.300048828125,1358.3499755859375,1341.0999755859375,1355.0,2126519
2024-10-17,1347.3499755859375,1354.25,1337.0,1348.0,1353852
2024-10-18,1347.25,1354.949951171875,1331.0,1345.0,3676670
2024-10-21,1308.25,1353.949951171875,1299.5999755859375,1352.050048828125,5862686
2024-10-22,1274.3499755859375,1312.199951171875,1271.25,1309.0999755859375,4183194
2024-10-23,1274.300048828125,1284.9000244140625,1266.5,1274.3499755859375,4860497
2024-10-24,1280.050048828125,1285.949951171875,1258.1500244140625,1276.0,2441333
2024-10-25,1041.5999755859375,1166.75,1025.5,1163.0,56935420
2024-10-28,1054.800048828125,1084.6500244140625,1031.0,1051.4000244140625,11099823
2024-10-29,1038.1500244140625,1058.800048828125,1018.0999755859375,1058.800048828125,7951124
2024-10-30,1056.4000244140625,1069.4000244140625,1030.25,1037.6500244140625,8907271
2024-10-31,1055.5999755859375,1066.9000244140625,1044.0,1054.0,4509824
2024-11-01,1062.5,1069.9000244140625,1058.550048828125,1061.449951171875,441083
2024-11-04,1063.800048828125,1070.5,1054.0999755859375,1067.0,5143749
2024-11-05,1090.0999755859375,1092.4000244140625,1062.0,1063.699951171875,4840541
2024-11-06,1077.6500244140625,1098.5999755859375,1068.25,1092.300048828125,7153974
2024-11-07,1056.800048828125,1086.0,1051.0,1086.0,4901367
2024-11-08,1053.800048828125,1061.449951171875,1048.050048828125,1061.449951171875,2107903
2024-11-11,1060.800048828125,1067.5,1040.0,1053.0,4918839
2024-11-12,1059.550048828125,1065.449951171875,1051.550048828125,1061.300048828125,2186055
2024-11-13,1036.699951171875,1067.800048828125,1032.199951171875,1053.800048828125,4850346
2024-11-14,1017.1500244140625,1045.0,1015.0,1043.0,2612235
2024-11-18,1004.5999755859375,1017.9500122070312,1000.0499877929688,1015.5,5427908
2024-11-19,1000.2000122070312,1032.0,998.0999755859375,1010.5,5718490
2024-11-21,981.4500122070312,1003.0,966.4000244140625,1000.4000244140625,6606440
2024-11-22,998.2000122070312,1002.4500122070312,981.4000244140625,986.0,4026863
2024-11-25,1003.5,1022.0499877929688,997.0499877929688,1020.0,6491357
2024-11-26,1009.5999755859375,1017.7000122070312,998.0999755859375,1011.7000122070312,2390208
2024-11-27,1001.9500122070312,1012.0,994.5,1012.0,4798242
2024-11-28,993.5999755859375,1013.4000244140625,991.3499755859375,1005.9500122070312,4822835
2024-11-29,995.8499755859375,999.5,987.2999877929688,998.0999755859375,4815934
2024-12-02,990.9500122070312,993.1500244140625,979.0,990.0499877929688,4969967
2024-12-03,998.3499755859375,1011.5,991.4000244140625,993.0,4665094
2024-12-04,998.8499755859375,1005.9500122070312,990.5,1005.0,4256690
2024-12-05,998.2000122070312,1006.0,990.5499877929688,1006.0,5254145
2024-12-06,990.3499755859375,1003.0499877929688,986.2999877929688,1000.0,6258019
2024-12-09,982.5999755859375,994.0,977.7999877929688,992.7999877929688,3565285
2024-12-10,984.2999877929688,988.4000244140625,979.0999755859375,983.0,3843321
2024-12-11,984.8499755859375,999.9000244140625,981.25,985.5,4679888
2024-12-12,997.9500122070312,1005.5,986.0,986.0,5771673
2024-12-13,986.6500244140625,997.6500244140625,965.5499877929688,991.0,5674567
2024-12-16,999.3499755859375,1007.9500122070312,985.5499877929688,987.9000244140625,3058066
2024-12-17,975.6500244140625,1002.0,972.0,1002.0,3294161
2024-12-18,965.2000122070312,979.2999877929688,960.5,976.7999877929688,2958191
2024-12-19,964.4000244140625,966.8499755859375,948.0,959.0,3665813
2024-12-20,929.4500122070312,966.8499755859375,926.4500122070312,960.0,4466131
2024-12-23,945.7000122070312,948.7999877929688,930.0499877929688,938.9500122070312,2502370
2024-12-24,935.2999877929688,946.0,929.7999877929688,941.0,5603093
2024-12-26,931.9500122070312,945.0,928.25,940.0,5262262
2024-12-27,953.4000244140625,971.0999755859375,933.0499877929688,933.0499877929688,6300341
2024-12-30,963.5,973.5,948.8499755859375,953.2999877929688,8165774
2024-12-31,960.1500244140625,961.4500122070312,949.0499877929688,958.0,2295670
2025-01-01,969.4000244140625,979.2999877929688,953.5,958.5999755859375,4024591
2025-01-02,991.3499755859375,998.0,968.7999877929688,975.5,3956740
2025-01-03,997.9000244140625,1025.4000244140625,990.6500244140625,993.0,5896120
2025-01-06,970.0499877929688,1004.9500122070312,963.2000122070312,1004.9500122070312,3370654
2025-01-07,983.5999755859375,994.5499877929688,970.1500244140625,970.1500244140625,3581533
2025-01-08,981.0499877929688,986.0,967.0999755859375,985.9000244140625,3781895
2025-01-09,980.9000244140625,985.3499755859375,970.4000244140625,981.0499877929688,3134034
2025-01-10,937.5999755859375,975.0,933.0499877929688,971.75,5611356
2025-01-13,941.7000122070312,973.5,934.5,936.9000244140625,8752532
2025-01-14,962.0999755859375,979.2999877929688,945.0999755859375,945.0999755859375,5735697
2025-01-15,962.4500122070312,983.0,954.6500244140625,971.25,3633812
2025-01-16,975.3499755859375,990.6500244140625,967.0,967.0,3948431
2025-01-17,970.9500122070312,975.5999755859375,959.0,972.8499755859375,3066978
2025-01-20,970.7000122070312,980.4500122070312,948.0999755859375,966.2000122070312,4485164
2025-01-21,960.4500122070312,978.5,958.0,971.5499877929688,3369291
2025-01-22,970.9500122070312,977.5499877929688,949.1500244140625,964.4500122070312,2639472
2025-01-23,970.9500122070312,988.5499877929688,962.5,965.9500122070312,3359986
2025-01-24,950.7999877929688,973.0,948.25,970.8499755859375,2938649
2025-01-27,926.4500122070312,947.0,923.7000122070312,947.0,3907787
2025-01-28,934.1500244140625,948.9500122070312,925.7000122070312,937.3499755859375,5708478
2025-01-29,948.2999877929688,953.0,931.9500122070312,935.7000122070312,2571504
2025-01-30,957.0499877929688,967.4000244140625,946.0999755859375,948.2999877929688,4509409
2025-01-31,991.2000122070312,999.2999877929688,953.0999755859375,957.5499877929688,5365839
2025-02-01,1009.4000244140625,1023.0,972.4000244140625,977.0,6054296
2025-02-03,1012.7000122070312,1023.9500122070312,990.0999755859375,994.0,3655089
2025-02-04,1047.1500244140625,1053.9000244140625,1014.7000122070312,1022.4500122070312,9861468
2025-02-05,1061.199951171875,1078.699951171875,1052.4000244140625,1052.4000244140625,5000442
2025-02-06,1065.550048828125,1076.75,1058.050048828125,1062.0999755859375,3889634
2025-02-07,1079.0999755859375,1086.550048828125,1061.5,1061.5,3975043
2025-02-10,1068.0,1082.0,1062.699951171875,1076.0,4457091
2025-02-11,1054.1500244140625,1074.9000244140625,1047.6500244140625,1063.5,4109028
2025-02-12,1039.6500244140625,1063.949951171875,1020.25,1060.449951171875,4798340
2025-02-13,1047.25,1056.949951171875,1025.4000244140625,1039.5,4539780
2025-02-14,1024.4000244140625,1058.0999755859375,1018.2000122070312,1049.5999755859375,4036016
2025-02-17,1048.25,1050.949951171875,1013.0999755859375,1024.4000244140625,2795714
2025-02-18,1024.0999755859375,1051.5,1021.3499755859375,1045.0,2620716
2025-02-19,1035.800048828125,1042.050048828125,1015.9000244140625,1024.0999755859375,2464555
2025-02-20,1047.6500244140625,1049.9000244140625,1025.5999755859375,1029.949951171875,1819683
2025-02-21,1043.75,1055.800048828125,1038.949951171875,1041.550048828125,2589619
2025-02-24,1029.1500244140625,1038.75,1021.0999755859375,1030.0999755859375,3074297
2025-02-25,1034.25,1041.699951171875,1026.3499755859375,1028.199951171875,3628538
2025-02-27,1046.699951171875,1063.300048828125,1040.699951171875,1046.9000244140625,5951737
2025-02-28,990.0999755859375,1040.6500244140625,970.0999755859375,1040.0,55666745
2025-03-03,984.0,986.2999877929688,947.0,978.9500122070312,6158061
2025-03-04,987.5999755859375,1003.5999755859375,966.9500122070312,978.0,3271190
2025-03-05,971.8499755859375,995.25,970.6500244140625,984.25,3944062
2025-03-06,971.7000122070312,984.0999755859375,962.2000122070312,976.0,3928358
2025-03-07,936.75,976.5999755859375,932.2999877929688,971.0,7737031
2025-03-10,900.5,913.3499755859375,881.0999755859375,895.0,16014401
2025-03-11,655.9500122070312,810.4500122070312,649.0,810.4500122070312,101075220
2025-03-12,684.7000122070312,697.6500244140625,606.0,630.0,108682122
2025-03-13,672.3499755859375,706.9000244140625,667.6500244140625,690.0,31592987
2025-03-17,677.4000244140625,709.9000244140625,675.0,705.0,22353102
2025-03-18,677.4000244140625,677.4000244140625,677.4000244140625,677.4000244140625,0
2025-03-19,692.7000122070312,700.7999877929688,682.5499877929688,685.0,11120576
2025-03-20,684.0999755859375,701.0,681.0,697.5,8918567
2025-03-21,686.9000244140625,693.8499755859375,672.2999877929688,685.0,14265415
2025-03-24,669.4500122070312,693.75,665.1500244140625,692.0,14649992
2025-03-25,637.0499877929688,672.8499755859375,633.5999755859375,670.2000122070312,18615476
2025-03-26,655.2999877929688,662.5,637.4000244140625,637.4000244140625,23506399
2025-03-27,673.5499877929688,676.75,640.5,655.2999877929688,21589495
2025-03-28,649.8499755859375,673.9500122070312,643.5,672.0,8807815
2025-04-01,682.7000122070312,689.7999877929688,646.8499755859375,649.0,14019630
2025-04-02,702.4500122070312,708.4000244140625,675.0,682.7000122070312,14993840
2025-04-03,709.4000244140625,714.7000122070312,693.5,694.9500122070312,6972769
2025-04-04,682.0,704.9000244140625,675.6500244140625,701.0,9627949
2025-04-07,675.9000244140625,678.6500244140625,637.0,637.0,9382614
2025-04-08,679.6500244140625,695.9000244140625,673.0,684.9000244140625,5639989
2025-04-09,678.5499877929688,683.2999877929688,670.25,679.6500244140625,4243562
2025-04-11,689.5,694.0,675.5,684.9500122070312,5019467
2025-04-15,735.9000244140625,741.0,693.0499877929688,705.0,12452925
2025-04-16,788.25,794.4000244140625,733.0,747.0,31252589
2025-04-17,794.7000122070312,801.0,777.2999877929688,788.25,13986710
2025-04-21,828.2000122070312,841.9000244140625,798.3499755859375,802.0,15639685
2025-04-22,787.5,808.0,775.4000244140625,790.0,25698945
2025-04-23,794.2000122070312,805.0,782.0,797.4500122070312,10657940
2025-04-24,819.75,837.5,793.2999877929688,795.0,22577201
2025-04-25,822.3499755859375,829.0,807.3499755859375,822.0,11724192
2025-04-28,830.5499877929688,841.7999877929688,821.0499877929688,828.0,6929801
2025-04-29,836.9500122070312,852.0,828.5499877929688,841.9500122070312,8769289
2025-04-30,838.4000244140625,843.0999755859375,810.0499877929688,820.0,20241775
2025-05-02,856.4500122070312,863.5,833.0999755859375,835.0,7845964
2025-05-05,846.75,862.0,840.5499877929688,855.0,7875811
2025-05-06,831.7999877929688,851.25,821.9000244140625,846.75,10040705
2025-05-07,833.7999877929688,842.0,816.0999755859375,827.0,9432595
2025-05-08,826.7999877929688,844.25,816.0,835.0,13290700
2025-05-09,818.2000122070312,826.4500122070312,805.5,805.5,5074137
2025-05-12,788.5,838.0,786.0,835.0,14573162
2025-05-13,770.0999755859375,804.0,769.0499877929688,794.0,10848937
2025-05-14,781.3499755859375,786.4000244140625,764.5499877929688,775.0,9164606
2025-05-15,780.5,782.6500244140625,757.8499755859375,778.0,7350633
2025-05-16,780.2000122070312,785.5,750.0,750.0,27168178
2025-05-19,784.0499877929688,791.9500122070312,770.2999877929688,779.9000244140625,7193105
2025-05-20,782.25,799.7000122070312,780.0499877929688,785.0,6637953
2025-05-21,769.9500122070312,786.7000122070312,761.0,783.0,8134620
2025-05-22,785.0,796.7000122070312,725.7999877929688,750.0,43477564
2025-05-23,793.4000244140625,799.2000122070312,777.2999877929688,781.0999755859375,9260373
2025-05-26,800.0999755859375,802.0,790.75,793.3499755859375,5381797
2025-05-27,820.7000122070312,827.5999755859375,798.0,798.5999755859375,10346628
2025-05-28,805.1500244140625,820.7000122070312,802.9000244140625,820.5,5308859
2025-05-29,824.1500244140625,827.0,803.0499877929688,805.1500244140625,8791159
2025-05-30,816.9500122070312,823.8499755859375,811.0,821.0999755859375,5630146
2025-06-02,812.7000122070312,824.7999877929688,809.5499877929688,815.0,4094000
2025-06-03,800.8499755859375,818.4500122070312,798.1500244140625,818.4500122070312,3241313
2025-06-04,814.3499755859375,815.4500122070312,803.0,807.7999877929688,3877545
2025-06-05,803.2000122070312,818.5,800.2999877929688,817.0,3366237
2025-06-06,822.8499755859375,845.8499755859375,805.0,807.0,10916786
2025-06-09,836.6500244140625,840.0,821.5,831.25,6894267
2025-06-10,845.0499877929688,857.3499755859375,836.0,838.0,10162134
2025-06-11,836.2999877929688,851.4000244140625,834.4500122070312,845.25,2359273
2025-06-12,829.9000244140625,843.1500244140625,826.0,837.0,2742462
2025-06-13,816.8499755859375,826.7999877929688,813.0499877929688,819.0,3164561
2025-06-16,821.25,824.7999877929688,810.25,817.0499877929688,2286257
2025-06-17,809.1500244140625,820.9500122070312,806.0499877929688,820.0,2343961
2025-06-18,850.5,855.5,815.5499877929688,818.0499877929688,20826809
2025-06-19,837.5,849.5999755859375,835.4500122070312,847.0,4363823
2025-06-20,840.25,847.75,829.0,835.5,20961217
2025-06-23,839.9000244140625,845.0,826.5,835.2000122070312,3191499
2025-06-24,831.9500122070312,852.0,823.7999877929688,851.0,5482589
2025-06-25,829.7999877929688,838.7999877929688,828.0,834.0,4946637
2025-06-26,836.0999755859375,840.5,824.5,834.9000244140625,4451922
2025-06-27,857.7000122070312,881.0,831.5,836.0,12647856
2025-06-30,872.0999755859375,875.75,857.7000122070312,864.75,4353159
2025-07-01,879.0999755859375,892.7999877929688,866.0499877929688,870.0999755859375,5729474
2025-07-02,857.6500244140625,875.5,847.7000122070312,875.5,10183147
2025-07-03,862.4000244140625,866.0,845.5499877929688,849.0,3855070
2025-07-04,856.25,863.9000244140625,849.4000244140625,857.0999755859375,2658812
2025-07-07,854.4500122070312,866.9500122070312,845.2000122070312,847.0,3295065
2025-07-08,850.2999877929688,862.9000244140625,848.4500122070312,855.0,2344400
2025-07-09,840.75,854.9000244140625,839.5499877929688,851.75,2406142
2025-07-10,852.8499755859375,855.7000122070312,840.9500122070312,845.0,2560806
2025-07-11,858.8499755859375,867.7000122070312,849.5999755859375,852.0,3849544
2025-07-14,867.5999755859375,873.5,857.4500122070312,858.7999877929688,3605770
2025-07-15,881.0,886.75,869.6500244140625,871.0,3532750
2025-07-16,879.75,888.9500122070312,876.0,876.0,2863446
2025-07-17,865.0999755859375,890.9000244140625,862.75,879.75,4185118
2025-07-18,870.0499877929688,876.4500122070312,861.25,866.0,2622714
2025-07-21,858.7999877929688,870.0499877929688,830.5999755859375,870.0499877929688,6765856
2025-07-22,843.2000122070312,884.6500244140625,841.0999755859375,880.0,7686762
2025-07-23,851.1500244140625,854.0,841.7999877929688,849.0,2623940
2025-07-24,847.9000244140625,860.7999877929688,845.0,855.25,2006984
2025-07-25,823.7000122070312,848.4000244140625,821.4000244140625,846.4000244140625,2805230
2025-07-28,802.0499877929688,828.75,798.0,825.0,5922408
2025-07-29,808.2000122070312,818.8499755859375,790.0,800.0,16766666
2025-07-30,801.9000244140625,814.7999877929688,795.5499877929688,811.0,3218643
2025-07-31,798.9000244140625,806.0,789.0999755859375,795.5999755859375,4480429
2025-08-01,783.7000122070312,798.6500244140625,779.7000122070312,792.5,4739250
2025-08-04,804.0499877929688,805.5999755859375,781.0,783.0,2980888
2025-08-05,819.1500244140625,848.7000122070312,810.0499877929688,820.0,18982770
2025-08-06,803.3499755859375,822.0,795.4000244140625,822.0,5249912
2025-08-07,807.3499755859375,810.0,789.0999755859375,801.8499755859375,2553303
2025-08-08,782.4500122070312,808.5,779.0,806.5999755859375,2490574
2025-08-11,783.25,790.0999755859375,777.8499755859375,784.5,1629229
2025-08-12,783.0499877929688,791.3499755859375,780.7999877929688,784.0499877929688,1462522
2025-08-13,773.4500122070312,787.7999877929688,766.7000122070312,787.0,4114205
2025-08-14,769.75,779.7999877929688,765.7000122070312,773.4500122070312,1859573
2025-08-18,788.6500244140625,795.9000244140625,777.5,777.5,3029689
2025-08-19,785.5,790.7000122070312,780.8499755859375,787.25,2807872
2025-08-20,778.2000122070312,790.2000122070312,777.0,786.4500122070312,2332155
2025-08-21,767.4500122070312,781.8499755859375,766.5,781.0,3324022
2025-08-22,760.0999755859375,772.7000122070312,758.75,767.4500122070312,2483587
2025-08-25,770.8499755859375,775.0,761.5,767.9500122070312,2790762
2025-08-26,756.4000244140625,773.0,754.1500244140625,770.8499755859375,3306397
2025-08-27,756.4000244140625,756.4000244140625,756.4000244140625,756.4000244140625,0
2025-08-28,746.5999755859375,762.4000244140625,744.8499755859375,756.4000244140625,3085661
2025-08-29,739.5,750.3499755859375,738.0,743.0,2538543
2025-09-01,752.8499755859375,754.0,741.5,742.4000244140625,1436082
2025-09-02,751.2000122070312,758.75,747.5,753.0,1330606
2025-09-03,768.0999755859375,769.0,749.2000122070312,750.0,1933362
2025-09-04,754.8499755859375,773.4000244140625,752.8499755859375,771.7999877929688,1401421
2025-09-05,757.0499877929688,759.5,750.0,756.3499755859375,2873689
2025-09-08,750.75,760.5,746.5,759.5,2330647
2025-09-09,746.1500244140625,755.0999755859375,745.0999755859375,753.6500244140625,1347461
2025-09-10,751.25,755.8499755859375,746.0999755859375,750.2000122070312,1350420
2025-09-11,748.5999755859375,754.2999877929688,747.5,751.5,975314
2025-09-12,740.5,754.3499755859375,739.25,753.0,1853165
2025-09-15,739.9000244140625,744.4000244140625,738.0999755859375,741.0,1499071
2025-09-16,742.25,748.9500122070312,734.5999755859375,740.7000122070312,2892657
2025-09-17,739.0499877929688,745.9000244140625,737.0499877929688,745.0,2280605
2025-09-18,735.4500122070312,743.0,732.5,742.4500122070312,2280312
2025-09-19,744.4000244140625,746.9500122070312,736.1500244140625,738.0,8190278
2025-09-22,734.2999877929688,748.2999877929688,733.4000244140625,744.4000244140625,1884250
2025-09-23,755.25,757.0,729.0499877929688,735.0,4501893
2025-09-24,740.75,758.9500122070312,738.9000244140625,755.25,2993982
2025-09-25,740.75,745.5999755859375,735.4000244140625,740.9500122070312,3037406
2025-09-26,712.75,742.6500244140625,710.5999755859375,742.0,5779485
2025-09-29,723.4000244140625,734.8499755859375,712.5499877929688,717.75,41100690
2025-09-30,735.5499877929688,737.7000122070312,722.5499877929688,730.0,3965781
2025-10-01,743.1500244140625,745.4500122070312,726.0,732.2000122070312,4127017
2025-10-02,743.1500244140625,743.1500244140625,743.1500244140625,743.1500244140625,0
2025-10-03,747.4000244140625,758.9500122070312,741.75,743.2000122070312,4112610
2025-10-06,739.2999877929688,755.5999755859375,734.0999755859375,742.0,5118217
