Price,Close,High,Low,Open,Volume
Ticker,MARUTI.NS,MARUTI.NS,MARUTI.NS,MARUTI.NS,MARUTI.NS
Date,,,,,
2006-04-21,781.9405517578125,792.0602510269576,763.6472999935673,763.7337719430014,2712753
2006-04-24,777.1401977539062,787.0869003406285,774.2427011603323,785.3570390211986,1070896
2006-04-25,751.0626220703125,780.1675639482715,744.0567038652999,780.1675639482715,728663
2006-04-26,798.7634887695312,803.4341355918564,755.9494197992099,765.2906606526805,2714610
2006-04-27,777.5726318359375,814.7646487090691,771.5181174612417,803.4340786386086,2868782
2006-04-28,795.6929931640625,799.9744106073452,736.9209426383654,743.8403881091482,1680507
2006-05-02,814.9376831054688,825.1438543940357,802.6556571044707,803.520587769454,1123515
2006-05-03,833.3175659179688,837.1232296541071,808.7102748054899,815.1972556194377,1450104
2006-05-04,828.3009643554688,836.4312818338378,818.2244998737424,829.4685997662991,805189
2006-05-05,813.640380859375,830.1605373476124,808.8400256738345,828.603672529489,684786
2006-05-08,812.6456298828125,823.327555719031,810.2238344773053,819.9543048673451,322648
2006-05-09,835.3500366210938,843.2641734257936,802.0069696076138,813.8997664068638,1157505
2006-05-10,824.2356567382812,841.145040044173,817.4892083635143,838.9827134630826,479457
2006-05-11,810.6130981445312,825.7493860582746,804.7315796848562,822.5491317697036,467409
2006-05-12,806.8074951171875,819.9544547387472,795.9526233895908,804.7316927292718,652088
2006-05-15,766.1123657226562,812.5591547616224,752.4897072297048,806.1154105035457,854223
2006-05-16,763.1283569335938,774.1129875384652,744.7053433191268,761.139026853463,1458313
2006-05-17,789.29248046875,792.1900299177607,762.0039281078018,773.9399609183374,1679574
2006-05-18,709.6756591796875,789.6385151872379,683.3817440485134,789.249285803126,1112635
2006-05-19,677.71630859375,738.9966685332956,665.5208091945613,717.8923424110098,1480598
2006-05-22,647.4869995117188,696.269104469264,566.5295197855502,694.4527714001608,876824
2006-05-23,696.874755859375,709.2432557365433,570.8543277879495,619.8093899332899,881671
2006-05-24,659.6825561523438,704.4427131400128,648.7843992980339,702.3236226857437,859547
2006-05-25,685.8468017578125,704.9185129297621,618.6416765313035,654.6227721484242,1258490
2006-05-26,684.7655639648438,701.4587139228998,674.6458654252305,690.2146161658127,1109850
2006-05-29,684.4197387695312,702.0643483938875,681.2194842172173,701.4588862692032,550832
2006-05-30,665.0018920898438,695.3177528281905,653.23885666784,687.619849124042,601594
2006-05-31,635.7241821289062,653.2390320447026,611.2034133632674,653.2390320447026,1168220
2006-06-01,591.2666625976562,653.8876724515545,580.498316573962,639.5298425591718,3005035
2006-06-02,665.7371215820312,708.7241847814029,596.8021392833821,596.8021392833821,3803522
2006-06-05,636.6323852539062,683.2954183704836,632.5671994218179,683.2954183704836,1940278
2006-06-06,632.1779174804688,649.9954701293505,610.6411203078129,614.100843369047,2297473
2006-06-07,618.8578491210938,648.5681943460768,605.4514247166536,631.3993429187959,1406858
2006-06-08,621.1067504882812,634.8591705304135,583.8282562779688,613.2359017793776,1674681
2006-06-09,666.0400390625,672.9162503797606,612.3710864638439,612.3710864638439,1043767
2006-06-12,649.26025390625,682.8627906314921,641.9515789011031,665.9966419078517,1587384
2006-06-13,607.4407958984375,641.9515505726779,599.483423216606,641.9515505726779,1341620
2006-06-14,588.8014526367188,674.6458069139047,577.8600604209421,622.7499756128351,2307842
2006-06-15,618.9010620117188,626.2097359243187,594.4235373121381,605.1919335226625,1518714
2006-06-16,629.2371215820312,665.9966785129403,592.6937973389511,626.209863952427,1847341
2006-06-19,653.7578735351562,661.4990141550876,619.5066376188787,661.4990141550876,1169757
2006-06-20,651.2496948242188,662.4505599030018,633.3456156501288,635.724175490399,1198553
2006-06-21,654.9686279296875,659.3365164418333,631.3992715598176,644.3732291946084,838123
2006-06-22,671.6187133789062,681.4356560703542,659.3366864266189,659.3366864266189,890186
2006-06-23,668.6779174804688,672.0511683997198,654.7525540264967,665.8668926448199,1019407
2006-06-26,636.3726806640625,672.0510674495094,628.8045380126041,670.3212062720332,762543
2006-06-27,623.8746337890625,644.3735062231236,616.7821900079657,644.3735062231236,1382890
2006-06-28,625.5613403320312,635.2053420149844,610.2520512063849,621.8853836138686,1055693
2006-06-29,634.556396484375,647.6168282651374,627.4207185769461,635.2050944759594,947474
2006-06-30,689.09033203125,693.6744544011004,645.4545655820714,647.6168924349427,1636581
2006-07-03,686.5819702148438,704.9185113757369,681.9978481224153,693.6744124212772,1094227
2006-07-04,680.224609375,697.9989207770747,618.382077980253,618.382077980253,940202
2006-07-05,700.2911376953125,704.9184956607861,665.9966155322765,680.7004369141579,1094257
2006-07-06,695.1448974609375,697.869397817759,686.1063600044381,696.26929694746,1131350
2006-07-07,675.597412109375,707.4269070919216,670.3213554602908,697.8693797262814,1210676
2006-07-10,697.3505249023438,700.594015715843,662.5370568374516,673.7811583242491,1062258
2006-07-11,681.3057861328125,696.2690736797457,677.2406021009203,696.2690736797457,926551
2006-07-12,709.1566772460938,718.930383256055,664.35322632,677.2407144157754,1597987
2006-07-13,698.777587890625,708.3782982894292,688.7875952971854,708.3782982894292,1604466
2006-07-14,687.6199951171875,691.4257118041223,676.8083599738355,691.4257118041223,997337
2006-07-17,653.2389526367188,687.6199501439145,650.9036290402574,683.2952963694245,826808
2006-07-18,647.8764038085938,661.6720605975913,636.5890674507544,655.6175450104238,957927
2006-07-19,626.0369262695312,660.7639203255409,622.706963679476,653.1525395545656,1284445
2006-07-20,637.281005859375,652.6767636130724,631.3994869501317,631.3994869501317,1305863
2006-07-21,615.1820068359375,640.0487663389719,609.7761895526692,640.0487663389719,884555
2006-07-24,625.474609375,630.5344324697061,597.6670683629176,606.4028466537776,1133179
2006-07-25,642.6867065429688,644.3733318624548,630.534441513731,630.534441513731,840108
2006-07-26,660.8502807617188,665.564163563517,635.7240548657375,644.373361734659,866875
2006-07-27,675.2946166992188,687.6198786754773,665.564146717962,665.564146717962,2385235
2006-07-28,665.0018920898438,684.6790638729532,654.9687179234979,679.3597721865106,1211521
2006-07-31,681.4356689453125,686.3225487897786,666.4291415784807,678.4949360757437,726013
2006-08-01,677.71630859375,681.3057914222732,665.9965104294911,678.9704684248708,847471
2006-08-02,675.2081909179688,683.2952720722242,668.8076824428448,677.6732223653008,1262720
2006-08-03,683.7708740234375,693.5445792273592,674.6458667683314,674.6458667683314,1199518
2006-08-04,677.802978515625,689.7822478476667,673.8675015143953,679.8355445871674,519905
2006-08-07,664.4397583007812,678.2786491675878,661.7584415206301,674.6459297568152,575417
2006-08-08,679.2301025390625,680.70049536174,660.8070882545989,664.3100472087067,487462
2006-08-09,689.3929443359375,697.1340839905943,670.3212346063407,678.9705408593256,1170671
2006-08-10,686.3224487304688,696.225914913107,657.2608009403937,683.2951915527036,794581
2006-08-11,688.5713500976562,702.3237701618808,686.3225512604095,686.3225512604095,988320
2006-08-14,693.8906860351562,699.7289685290638,689.6957930634144,691.9445918705204,772472
2006-08-16,704.8753662109375,709.2432561938942,697.9991557908203,697.9991557908203,792319
2006-08-17,709.0269165039062,716.1625945291056,701.069543784236,704.9184958227308,1247581
2006-08-18,727.1041259765625,730.8665539841475,704.9186289906274,704.9186289906274,1514621
2006-08-21,727.666259765625,730.0015834462613,721.3522755855236,727.1040864293884,826652
2006-08-22,723.644287109375,751.6247739769709,718.411414171528,734.3261600764653,963155
2006-08-23,717.4340209960938,728.5516320263728,713.959764235822,726.4671097779805,737354
2006-08-24,721.4730224609375,724.3826919247548,709.7474033470476,713.9599193790748,763270
2006-08-25,723.8613891601562,729.072774098637,716.5654290411036,724.7299533165697,573169
2006-08-28,722.0806884765625,731.9823396695563,719.6487197838974,727.7698253097404,570244
2006-08-29,742.796142578125,745.1412766095441,725.2511344709671,725.2511344709671,1277777
2006-08-30,748.9629516601562,753.4794964199621,742.6224431574266,742.7961666122183,1223041
2006-08-31,748.1378173828125,753.0452267438227,740.0601802244838,751.3080981930872,923910
2006-09-01,759.8633422851562,762.5993406235527,741.3195184763124,747.0086031824744,1497536
2006-09-04,784.2266235351562,785.9637519044772,763.5113359232327,764.3364825012503,1165720
2006-09-05,776.8004150390625,786.0506454978937,704.405606076013,704.405606076013,624743
2006-09-06,775.1935424804688,786.0071772890891,769.5478752243085,778.624381646418,839297
2006-09-07,792.9556274414062,794.7361732926419,768.679249578129,773.0220701972145,1306584
2006-09-08,817.1452026367188,826.2217092834746,795.6916559297374,798.9922423561596,2030119
2006-09-11,796.77734375,823.3988575543807,791.3488175266721,823.3988575543807,1906593
2006-09-12,801.2505493164062,809.2413513051341,783.8792636943704,800.0345381176811,1491409
2006-09-13,830.434326171875,839.7279750099385,805.1591256338597,805.1591256338597,2502607
2006-09-14,824.3109741210938,836.4274572350345,822.2698691326098,830.4343420995059,986750
2006-09-15,824.9188232421875,830.2170434918928,817.7531688154984,823.3988359395564,908304
2006-09-18,818.447998046875,830.0867790057455,814.8000179692477,829.0010738048416,467025
2006-09-19,795.7352294921875,829.0012326181251,788.743244248539,818.6218783065012,811395
2006-09-20,806.1578979492188,809.5018489742424,790.3934362302153,802.9007821405778,1142500
2006-09-21,821.0104370117188,824.441276734857,803.7259855536565,803.7259855536565,1061635
2006-09-22,813.7578125,820.7931612483771,806.0275699878243,820.7931612483771,756629
2006-09-25,804.3772583007812,818.9691787974172,799.0790380579682,812.1075006350003,685127
2006-09-26,821.9657592773438,823.2251880462576,799.5568121619137,811.2390119624653,1056678
2006-09-27,837.0787353515625,839.4672868661843,824.2674135913181,828.9576814070285,1260301
2006-09-28,819.273193359375,837.2959007669626,812.9761028193744,837.2959007669626,803248
2006-09-29,852.3220825195312,857.9677501087433,819.9246468024897,820.793211046984,1410011
2006-10-03,841.4650268554688,860.4866049561206,838.7290813015641,853.0169206688483,1011405
2006-10-04,822.5302734375,855.5357120759635,819.9245809134108,846.6763468914701,1118291
2006-10-05,822.964599609375,840.2924664253767,821.2708887753984,829.4788312685521,1015034
2006-10-06,819.0560302734375,832.8662220845009,816.5371729200143,827.6982545570677,515728
2006-10-09,816.7108154296875,825.1358978311846,791.4790388407021,816.4502568013826,488355
2006-10-10,827.6112060546875,833.8214600088883,820.7929996962495,821.5747285201841,705229
2006-10-11,812.0206909179688,835.5587595076502,807.7647051373334,833.8216311095053,455134
2006-10-12,831.9976196289062,834.2558652113892,810.4571863208458,816.4503001548212,552377
2006-10-13,832.2582397460938,840.7701584334285,828.6970946639658,838.1644657936555,488305
2006-10-16,834.6468505859375,838.8593661141118,828.1760361352002,834.038844990903,404183
2006-10-17,834.12548828125,840.6831894583283,820.7930509342158,833.9083472624843,896685
2006-10-18,824.6583862304688,840.0754025740307,816.7110016707171,836.427421907047,843258
2006-10-19,818.578369140625,828.6102753942222,810.3704265647896,828.6102753942222,389092
2006-10-20,814.1921997070312,828.6103459470482,810.3704955645661,826.004653035265,436535
2006-10-23,822.3131713867188,833.8216472471613,813.4972233903306,820.7931840089244,989550
2006-10-26,825.2228393554688,830.0868307665869,819.1428898512854,825.1360041391614,784612
2006-10-27,839.5542602539062,841.4651123826827,829.5657704579415,830.0869408637676,539565
2006-10-30,834.3427734375,848.5872479345197,827.6982889231643,836.4273487829504,834111
2006-10-31,840.770263671875,845.5473674427379,827.4812401482482,834.6903134180494,709200
2006-11-01,835.1678466796875,849.9768548142023,830.5210496887667,840.7700960420616,819500
2006-11-02,853.2775268554688,858.9231943908177,837.9039292720045,837.9039292720045,972611
2006-11-03,846.6328735351562,858.1413480920588,836.5140803610783,855.5356557395526,717513
2006-11-06,829.30517578125,848.5873136751289,820.358974172118,846.8501850903283,938098
2006-11-07,819.8380126953125,837.0355783523911,816.4505901056447,829.4790569690326,838439
2006-11-08,813.9749145507812,823.3988143751059,808.6766414268853,820.7931219245518,821116
2006-11-09,791.8699951171875,824.0937058693299,779.6666786577728,818.4480385452706,2350650
2006-11-10,788.091796875,797.5157513434569,781.7078704713339,792.999206378142,1100256
2006-11-13,796.8643188476562,799.7739880153775,788.6563757006037,790.393504281442,564776
2006-11-14,788.3088989257812,799.8608459612466,784.3135245463419,799.0791169242907,464172
2006-11-15,786.311279296875,797.2552216897975,780.5353582958235,785.1821562676661,988790
2006-11-16,775.9752807617188,793.6939587087645,772.8484178207447,788.6562969300834,883141
2006-11-17,772.2838134765625,780.7957313047885,766.1603939807712,779.9705847828853,795670
2006-11-20,755.9984130859375,770.4165597406118,751.3949797323621,770.4165597406118,542274
2006-11-21,768.7227783203125,779.1021317031178,757.3880254683597,766.1605031820202,545872
2006-11-22,778.8848876953125,780.8391569981443,769.1135411811533,773.0220797868169,366355
2006-11-23,786.8324584960938,790.3935510925353,777.8427857500673,781.707907673936,576748
2006-11-24,792.0870361328125,796.3864390007391,781.7076846068327,786.9190691708783,473948
2006-11-27,790.4368896484375,799.0356969779921,786.9192150183306,792.3043240018418,387116
2006-11-28,792.6517333984375,800.816258760177,760.8623022493656,786.0506661366163,553548
2006-11-29,800.5990600585938,810.1532663625205,796.7339387239603,796.7339387239603,674146
2006-11-30,804.4208374023438,813.8447387321057,799.0791458202106,803.4219672648857,589456
2006-12-01,826.8296508789062,830.781607147746,806.4618110158725,808.112104101429,1048272
2006-12-04,835.2548828125,845.7644896689281,828.6103446923312,828.6103446923312,504719
2006-12-05,825.005615234375,843.3757677347022,822.5302286763779,838.1643829701211,337939
2006-12-06,817.5361328125,834.690277431939,812.1510236458316,828.6103274402391,352806
2006-12-07,821.4446411132812,828.6102961903995,817.3189609173647,819.7509302197351,265603
2006-12-08,809.9795532226562,827.7417021344273,807.851560279846,827.7417021344273,229473
2006-12-11,787.1797485351562,816.3635383778264,773.0221622339124,812.9326990776808,423967
2006-12-12,768.9401245117188,803.2484215150118,746.965453742583,792.1308067595764,703897
2006-12-13,768.462158203125,785.1820186669963,746.9651947495761,768.9398578995026,887313
2006-12-14,785.0084838867188,791.0884346074813,773.0223059255223,781.707949812326,502948
2006-12-15,786.8324584960938,796.4735014855548,783.0107541867259,796.4735014855548,324115
2006-12-18,801.16357421875,802.9875376854362,764.4232691322494,792.9990501966504,592458
2006-12-19,790.2197265625,811.2389915500053,781.7078077034312,799.079092319063,776508
2006-12-20,801.3807983398438,813.7578384679194,777.3649764650985,794.73626085538,701150
2006-12-21,804.3338623046875,838.1644483078917,786.9191607947666,792.9991101607307,963565
2006-12-22,803.899658203125,816.3635874203981,797.428843718947,812.9761655255259,763074
2006-12-26,808.2857055664062,812.9759727683241,803.3349327579799,806.8960242540311,373040
2006-12-27,806.1578979492188,816.2332216454339,801.8584944792221,809.5018489742424,464272
2006-12-28,802.0322265625,811.1521509249127,799.079086992347,806.8961650172721,424440
2006-12-29,807.06982421875,811.9337622863325,803.4218441615888,804.2904083174391,322399
2007-01-02,841.2911376953125,844.2442767409419,813.0628053968757,815.5816624071444,557118
2007-01-03,846.459228515625,855.4488997722426,842.5072720175147,848.1529393042299,759731
2007-01-04,840.2055053710938,849.0214526575768,834.6901442495462,846.4591778244604,434685
2007-01-05,812.0640869140625,842.5072506787831,807.7646836404828,842.2032744223781,1052426
2007-01-08,779.92724609375,816.0594961691885,777.364971061404,812.0207043842945,1095284
2007-01-09,769.9387817382812,786.9192020406515,764.3365317834143,786.0506377999885,821394
2007-01-10,764.7708129882812,780.6655279707961,757.561740401999,773.0221732647022,550933
2007-01-11,786.7454223632812,790.2630966839764,766.0736055154542,771.284990586988,401987
2007-01-12,801.1201782226562,803.4218945852978,793.8676882713105,794.4756938211547,538033
2007-01-15,787.5271606445312,807.7646956424454,784.74774463758,800.8161821315426,911131
2007-01-16,790.9580688476562,792.999173664502,784.0529723407575,792.999173664502,544718
2007-01-17,789.3077392578125,807.76472903413,786.9191876397009,807.76472903413,363570
2007-01-18,797.9066772460938,803.4220397734076,783.4450593249877,788.6564455289233,587949
2007-01-19,792.3911743164062,802.5533868959265,786.0506657368111,800.8162583528616,643196
2007-01-22,815.407958984375,819.9245028654601,776.1923220375069,794.7361441969238,2386230
2007-01-23,798.1671752929688,818.0572659852318,790.4803494185855,816.4504432329883,957460
2007-01-24,811.3693237304688,813.3235933131716,793.9980385508876,800.0345177404278,1033601
2007-01-25,823.4423217773438,830.3474181269105,805.4196136956143,815.5818259635658,1186227
2007-01-29,813.71435546875,824.96227254295,805.3761602934327,824.96227254295,444476
2007-01-31,803.3350219726562,817.7531659883003,799.0790363348235,815.5817555634775,609536
2007-02-01,816.66748046875,828.6102380932598,799.0790556035629,816.3635042071247,602355
2007-02-02,820.44580078125,825.1360691161456,816.4504262833441,819.7509599572172,445276
2007-02-05,836.6444702148438,838.164457573137,812.2378372668586,820.793173478357,669844
2007-02-06,827.3074340820312,844.9826950643242,812.9761242002953,838.2513222410845,550278
2007-02-07,826.5257568359375,833.734882850487,819.4904072948686,827.9154915071689,213359
2007-02-08,836.0364990234375,839.0330562555123,818.2743497040503,826.8297392800597,602126
2007-02-09,817.9269409179688,836.4273482995743,814.8000779016003,836.4273482995743,400531
2007-02-12,792.1305541992188,823.9199828665066,788.2654328880906,814.8869469509534,433138
2007-02-13,773.8037109375,802.5531589546156,764.7706238739601,792.1303906565038,620657
2007-02-14,744.40283203125,820.7930532512428,730.5492243923042,820.7930532512428,984466
2007-02-15,774.9762573242188,778.2333724432615,752.17645149092,757.3878356813883,621597
2007-02-19,793.9110107421875,801.6846700959782,764.4232487314092,781.7076956515497,591776
2007-02-20,775.4107666015625,798.2105791171504,772.1536505279071,798.2105791171504,599075
2007-02-21,780.1009521484375,790.6105576920332,769.1135938877181,777.3649537317987,442431
2007-02-22,764.3365478515625,794.7362969138405,751.3949191884392,794.7362969138405,835805
2007-02-23,750.0052490234375,779.1021521413126,738.2796313490699,771.2850736917342,881152
2007-02-26,762.8599853515625,781.7078405541823,735.022511187752,755.6509125357095,875100
2007-02-27,770.4599609375,776.4964934973699,752.1766928061771,761.7309002205742,450104
2007-02-28,731.0704956054688,759.993672778328,716.9997450040112,738.2795678418044,1075465
2007-03-01,730.3756103515625,755.9982526155871,716.5654192481462,736.54239457264,1235538
2007-03-02,723.6008911132812,740.8853417448685,718.736952278873,733.0682631098113,640139
2007-03-05,671.3132934570312,716.5654672115107,661.8459224426317,716.5654672115107,988480
2007-03-06,687.6856689453125,709.6169138343167,681.8228609056777,686.1656816757775,1131567
2007-03-07,673.0068359375,696.5883712053004,655.8092782734241,692.2455509359407,765263
2007-03-08,688.2069091796875,693.1143187317813,657.6334879066472,683.5601113307167,1021395
2007-03-09,683.7337646484375,707.879839364031,678.3486558813598,687.9028623022241,985053
2007-03-12,692.33251953125,700.8444913095926,684.4286063233067,685.9920113189165,685011
2007-03-13,696.1976928710938,702.017084190139,687.3383265509157,694.8514288303263,746586
2007-03-14,687.6856689453125,703.4501295459545,667.0572702873382,687.0342458297976,1165193
2007-03-15,691.5073852539062,707.8797986556704,687.0342585725587,698.4124279960772,991159
2007-03-16,677.5670166015625,698.4125606438159,668.8813732506235,693.1143394049271,596137
2007-03-19,685.1669311523438,690.421787610708,662.0197242197648,682.6915440869826,953061
2007-03-20,685.86181640625,695.937141017989,679.217278347666,687.9029212932883,2145321
2007-03-21,687.5988159179688,692.2456128163878,681.822843238224,691.3770486848742,1459637
2007-03-22,722.037353515625,728.2910258788919,686.5999474743758,686.5999474743758,1346218
2007-03-23,730.1585083007812,737.4109980897699,710.4855081712977,723.5139710350746,1248363
2007-03-26,713.69921875,732.9813547278764,708.0101338026749,727.1185463367422,991767
2007-03-28,691.9415283203125,720.6475577731509,673.3542376087489,673.3542376087489,609221
2007-03-29,705.6651611328125,719.6056092243056,689.7269725003316,719.6056092243056,1329498
2007-03-30,712.3963623046875,720.908280800708,686.1657130512763,705.2741253134637,893379
2007-04-02,650.7716674804688,690.5084760053021,643.909989721275,690.5084760053021,1764472
2007-04-03,657.0255126953125,665.1465681568833,647.0804402922555,647.0804402922555,798112
2007-04-04,647.9056396484375,667.0574745052733,645.8210638354225,664.451781245487,639319
2007-04-05,656.5477294921875,663.4962434044722,643.6061011253755,647.9489223205535,607163
2007-04-09,685.6880493164062,691.2902992624693,654.897436430701,654.897436430701,637121
2007-04-10,682.8218383789062,695.7199968913724,681.82296823936,686.1657896931139,568648
2007-04-11,679.173828125,686.1657597579169,675.1784007540797,686.1657597579169,416519
2007-04-12,659.1968383789062,675.7429764938051,651.9008775817607,668.7944625966966,582216
2007-04-13,670.4881591796875,674.8743978812155,655.765985071194,660.1088061643807,564293
2007-04-16,675.742919921875,682.691433237267,673.2240626398656,674.9611909687136,442878
2007-04-17,661.9329223632812,681.3887865496163,660.2392641569908,678.4791169518179,452478
2007-04-18,663.8002319335938,672.5727097045705,661.1945391683981,664.4516551248927,438847
2007-04-19,670.4447631835938,677.4801123761644,647.9489279905367,663.5830844299867,406231
2007-04-20,676.2640991210938,687.7291577436009,670.5315963163173,675.8298169991273,594583
2007-04-23,666.1019897460938,693.7223241684088,663.5831320449283,693.7223241684088,543379
2007-04-24,691.377197265625,703.5370977200455,661.8460104477465,668.7945249931297,2359485
2007-04-25,687.0343017578125,707.8798431512228,680.0857879600092,694.8513797803414,1363916
2007-04-26,692.68017578125,729.5941663401253,682.3008195979842,729.5941663401253,1699840
2007-04-27,691.290283203125,703.5370174875419,685.514309940793,689.8137134280297,924946
2007-04-30,700.1495971679688,702.4513135582248,680.0857848730634,693.5485302951994,422751
2007-05-03,707.3153076171875,716.2180915803843,704.4056384539109,710.0513063330113,369317
2007-05-04,701.3221435546875,713.9597415154179,697.4570224292952,713.0911773529905,221444
2007-05-07,699.1509399414062,715.6970815270291,695.8069351192108,712.2228238497134,391280
2007-05-08,695.5028686523438,707.7930747984333,679.6515700536485,704.4056527968164,490355
2007-05-09,696.8489379882812,707.4020125717199,687.121009868283,695.7198153075991,904909
2007-05-10,690.4217529296875,737.1504996132687,686.2526020625643,737.1504996132687,597803
2007-05-11,690.9428100585938,700.4970161059156,652.5088448227764,690.5085279655337,543745
2007-05-14,698.0650634765625,712.2226494421515,694.9382005248989,712.2226494421515,211565
2007-05-15,700.5405883789062,702.5817464747087,687.0344229054188,695.8069019168516,248635
2007-05-16,697.0662231445312,703.5370373623686,688.0766044278605,700.9313446313969,321379
2007-05-17,709.443359375,712.2227759324506,697.4571817972657,697.4571817972657,345832
2007-05-18,703.6237182617188,716.5653438590163,693.9826784767927,707.8797033273918,328877
2007-05-21,713.0911865234375,716.565443217827,695.0684799212921,703.6238158260462,406615
2007-05-22,721.4295043945312,733.0682875104254,691.3772000690742,714.8284367548343,757248
2007-05-23,708.0535278320312,729.5939088232711,704.6226887296175,729.5939088232711,303632
2007-05-24,703.884521484375,710.4855888800334,699.6719528721163,699.6719528721163,178315
2007-05-25,703.7974243164062,711.7882240110034,690.5084052333711,699.1940455507721,205959
2007-05-28,717.3905029296875,722.3847463232112,705.2740235723763,711.7014188840016,482536
2007-05-29,712.1792602539062,723.5140130002387,707.9666918758443,717.8683454318095,342543
2007-05-30,698.8466796875,717.433973325072,696.5884341485565,716.5654091927172,290268
2007-05-31,709.703857421875,712.2227150583618,699.1942507585137,701.7999436184833,585384
2007-06-01,704.6228637695312,720.8650285200318,701.9303353566143,712.2228022077235,483876
2007-06-04,700.5405883789062,760.86239502547,698.3257598178972,760.86239502547,303317
2007-06-05,694.677734375,729.4203072671027,691.377200552842,729.4203072671027,624277
2007-06-06,674.5270385742188,715.4798680057726,671.0962518754845,715.4798680057726,349165
2007-06-07,660.9340209960938,680.9544176995935,642.9981468247157,672.2687746166904,407125
2007-06-08,640.6095581054688,658.3717077902642,634.9204728162046,652.7694577216478,846437
2007-06-11,636.9614868164062,650.380813296726,632.4015251103814,642.8242947241525,561196
2007-06-12,625.0623779296875,642.6508066431887,622.7606611150812,638.3948199715269,559380
2007-06-13,626.4085083007812,637.5261193988798,621.0668172940979,626.2347848591177,902649
2007-06-14,633.3135375976562,636.6574881926714,629.4484167325058,633.1832317768859,434677
2007-06-15,642.8243408203125,648.8174549831689,633.400440490597,638.3078494074977,691507
2007-06-18,645.212890625,651.3363106060722,641.1306813215537,643.6060680704903,250702
2007-06-19,652.6826171875,654.8106102055983,638.8290067778304,644.5180920207796,250612
2007-06-20,666.9705200195312,670.8790592103954,652.6826272636702,652.6826272636702,339009
2007-06-21,659.2836303710938,670.5315471071523,656.6345202241025,669.6629829269617,378134
2007-06-22,661.2813720703125,663.3659474803427,651.4231890150664,654.1157169911468,229035
2007-06-25,654.2893676757812,667.9258355184752,652.2916807209036,667.9258355184752,193269
2007-06-26,657.763671875,660.021970650211,648.9477768675762,650.55459946615,187249
2007-06-27,652.5523071289062,660.1088266683586,648.0357624491108,660.1088266683586,270304
2007-06-28,650.2940673828125,659.1534333736207,641.8255659087813,649.6860618025988,581068
2007-06-29,646.3421020507812,658.3716956003017,642.82437445944,658.3716956003017,921224
2007-07-02,669.3154907226562,683.2125166645786,647.0802704207592,647.0802704207592,1033530
2007-07-03,680.52001953125,681.8228657715779,670.5315316887364,674.8743524898293,658340
2007-07-04,687.3817749023438,693.9828420571546,674.2230051900705,686.1657637361103,387120
2007-07-05,699.2376098632812,703.6238485412978,687.9028574734122,687.9462750815208,735535
2007-07-06,692.24560546875,702.5815397292338,660.3692915779509,660.3692915779509,255773
2007-07-09,691.1165771484375,699.1942139869379,686.1657503722745,696.5885212640053,205177
2007-07-10,706.7940673828125,711.3540291078629,682.8217183762981,691.1164952926097,370646
2007-07-11,700.3232421875,707.7060372373769,690.682201621663,703.5369400470946,233135
2007-07-12,719.47509765625,721.5596728365215,698.325581655809,700.3232686126823,719373
2007-07-13,722.037353515625,728.7253079456057,715.6968459441944,720.9082307447588,680882
2007-07-16,718.8671875,732.6339089828792,712.4832087674816,723.5139848046691,705306
2007-07-17,716.4351806640625,730.5493493376094,710.4855369207024,720.7780017943846,406536
2007-07-18,712.787353515625,717.4341515730507,701.973716778548,716.4787519952685,155871
2007-07-19,718.3460083007812,721.2557301675888,705.5781040062985,715.6968981033531,519599
2007-07-20,718.2157592773438,733.9367501160693,713.0912092843704,724.7299907872497,420611
2007-07-23,720.9517211914062,728.9859402373608,707.966675482111,713.0912255922793,435111
2007-07-24,711.831787109375,727.683083928658,708.0969716120796,721.7768579081732,271106
2007-07-25,703.4501342773438,718.1288367712406,701.7998411684265,711.8317466122418,449106
2007-07-26,729.0728759765625,744.6635623524093,703.5370650045483,705.274193560115,3219244
2007-07-27,721.12548828125,733.936811319068,701.7999331903042,725.2511685815642,1257326
2007-07-30,734.6749267578125,746.9651300445375,700.4969504429297,746.9651300445375,774050
2007-07-31,733.5459594726562,742.5790492809799,712.2227167861028,736.5425168714819,675190
2007-08-01,713.2649536132812,724.3391475043995,700.1496019815182,700.1496019815182,699305
2007-08-02,722.9060668945312,739.1482301454423,713.0913007631118,716.7392814792298,478688
2007-08-03,738.8441772460938,743.4909746323649,719.8660171722972,726.1196901783376,850182
2007-08-06,716.4785766601562,735.673822851698,711.7883091227468,733.9366945805015,801444
2007-08-07,716.4351806640625,735.6738994765709,713.0912295988957,735.6738994765709,563428
2007-08-08,726.6407470703125,730.4624505375194,716.6522593400134,722.6453731833724,589163
2007-08-09,718.1723022460938,754.7823052296764,709.6169659063816,733.0681997857846,817999
2007-08-10,703.1461181640625,708.7483677025366,690.9428020923626,703.5369826459003,579132
2007-08-13,723.2532958984375,726.9012755153681,706.1859910904462,707.8797015925506,299829
2007-08-14,715.3060913085938,732.1996769001626,709.7473118089401,732.1996769001626,379821
2007-08-16,689.162353515625,720.864950423213,677.480153093662,720.864950423213,475593
2007-08-17,676.3074340820312,689.4661479303163,621.0233098400442,689.4661479303163,1119851
2007-08-20,680.7371826171875,708.6615424777332,677.6537903511448,694.851350677831,597448
2007-08-21,666.623046875,687.0343062907166,660.9773793770358,686.1657420602605,278620
2007-08-22,669.0693969726562,689.3389431002975,654.3914681649212,668.3704581390717,450403
2007-08-23,677.937255859375,702.4878326217389,664.1330156396855,694.5809780648642,829540
2007-08-24,690.2562866210938,701.4831946624436,669.3314758547054,689.3389260917977,922178
2007-08-27,728.17431640625,740.8864494192525,700.9152759983435,702.4442279871214,603244
2007-08-28,727.34423828125,732.1495155311561,712.3168151255127,728.6547684403154,288653
2007-08-29,728.2615966796875,732.1495134724373,707.9483792712936,716.4231516078743,586956
2007-08-30,731.057373046875,742.4153005635877,726.0336743375597,738.2652885863273,1011839
2007-08-31,758.09814453125,762.6413271407135,720.7917027077958,720.7917027077958,1241719
2007-09-03,770.2860107421875,787.1918294790001,764.738067406985,765.9612502924691,992405
2007-09-04,780.4644775390625,785.2697553685969,760.1075839445219,777.5376478276831,1012942
2007-09-05,763.3838500976562,786.3181288559549,758.4474982918161,780.6391645919953,667304
2007-09-06,769.4124755859375,771.4656186995662,733.6349823774979,733.6349823774979,496609
2007-09-07,762.9909057617188,775.7467689489325,760.1077491026616,773.1257077451303,502100
2007-09-10,764.12646484375,769.6307344227116,731.2758620256499,731.2758620256499,355967
2007-09-11,752.3753662109375,770.4169656059074,747.8758581174877,767.9706533706445,408315
2007-09-12,750.9774780273438,759.932767724392,746.6527177036472,759.932767724392,214247
2007-09-13,779.0665283203125,781.0759972902773,702.0510157583705,702.0510157583705,861760
2007-09-14,757.2680053710938,790.5117761935637,754.4285233780669,781.9496565412505,744012
2007-09-17,764.4323120117188,769.6307593795241,754.1664916324714,755.7391172807654,645185
2007-09-18,764.8255004882812,772.3391861728393,758.3601963778557,765.3496912753475,563911
2007-09-19,807.1555786132812,816.0235215102603,776.7076130863184,776.7076130863184,1674682
2007-09-20,795.1860961914062,812.5287585792231,792.6087093565969,812.5287585792231,623469
2007-09-21,813.7520141601562,817.1593611341186,795.2298408925053,795.2298408925053,979596
2007-09-24,856.8682861328125,874.7351909620085,813.7518660451057,813.7518660451057,2204029
2007-09-25,865.9547729492188,874.560567392011,830.2646318849548,856.2131429012695,1440152
2007-09-26,840.4430541992188,873.6868273133701,834.3709200842685,866.6973326948631,1119400
2007-09-27,856.3441162109375,860.4067277305394,835.76874994239,847.650922110563,1830731
2007-09-28,872.5946044921875,898.1499408440237,848.5682198878969,856.4314003038465,1945086
2007-10-01,865.0811157226562,882.4237795650492,855.1210636131603,881.3753446073732,1104268
2007-10-03,890.5053100585938,904.0037290516776,838.9577865918711,860.5815358427421,1751448
2007-10-04,910.6001586914062,915.6238582956045,883.2974434511985,891.1606254403783,1633283
2007-10-05,904.134765625,920.6037405107353,891.1605379468997,913.0027079946178,1133901
2007-10-08,895.747314453125,918.244747613006,874.6040850513391,918.244747613006,1127200
2007-10-09,965.4676513671875,973.8986437567387,882.4236774750154,894.4805447793539,1828168
2007-10-10,961.9730224609375,991.6346506275859,940.0871225332885,965.4240431220109,1689843
2007-10-11,977.9616088867188,990.8048729169493,947.2952137961759,967.1715948096534,1250799
2007-10-12,958.2161254882812,978.4419989316385,947.0766173050348,978.4419989316385,921226
2007-10-15,1014.0883178710938,1028.6789527422295,956.6871325769679,956.6871325769679,1226522
2007-10-16,1035.0567626953125,1039.6873456346802,981.2376743691743,1014.3504271276165,1098885
2007-10-17,1025.7081298828125,1069.3924625013308,939.6937216174308,939.6937216174308,1412586
2007-10-18,995.43505859375,1057.1610538535424,982.8976740373845,1026.5820151057126,1083966
2007-10-19,940.6112670898438,1030.9505111793665,915.6238438270983,1013.4767737017501,826778
2007-10-22,926.2390747070312,956.5996907564991,895.5289626102032,926.0206530088336,1130497
2007-10-23,963.589111328125,975.7769984939804,926.9816161825673,926.9816161825673,741072
2007-10-24,977.175048828125,995.1293568827708,950.5713259775721,971.5398111094304,653913
2007-10-25,1017.1461791992188,1035.2315608265253,952.3186581576042,969.7923950045328,1281290
2007-10-26,1032.8721923828125,1047.5501690212338,987.2657973261004,996.0900101135559,469878
2007-10-29,1039.556396484375,1090.361313974576,1027.0627370858263,1043.5317147687363,1028027
2007-10-30,950.0471801757812,1051.0453670141417,943.5818756236683,1039.5563626612545,2016331
2007-10-31,938.2085571289062,986.3050585538185,913.0027140567233,952.3186204036637,1649288
2007-11-01,879.4094848632812,961.0555313508959,871.1094598197963,961.0555313508959,1160090
2007-11-02,892.2090454101562,902.5185398468658,846.6025799725198,873.6868730366562,1188175
2007-11-05,869.0126342773438,905.5764070976402,847.7383277881725,896.5337696594718,756240
2007-11-06,849.2236938476562,894.4806660439612,841.1857634465259,882.4237971050749,703916
2007-11-07,873.1187744140625,884.0835850603272,838.7392244103986,869.3182586336943,635218
2007-11-08,868.881591796875,882.4237382753581,839.8315033833545,864.950000883767,413996
2007-11-12,869.7552490234375,874.5605266423515,836.161979367907,849.2236082880777,248565
2007-11-13,876.3515625,891.1605649054632,857.0867786002543,871.8957810057175,310098
2007-11-14,907.1054077148438,913.8764810688433,882.4237532309098,882.4237532309098,552730
2007-11-15,906.1443481445312,930.9133492943367,895.5290314656922,906.4501172152738,400610
2007-11-16,914.7064208984375,926.0207297939821,879.8026732927469,891.1606025408162,439601
2007-11-19,920.6912841796875,930.8260307386257,918.2449182355987,918.2449182355987,174857
2007-11-20,879.802490234375,914.4878089068663,869.9298413765082,908.6341507882324,247351
2007-11-21,833.7157592773438,887.6659276141276,826.507842050162,887.6659276141276,587625
2007-11-22,843.3262329101562,856.2131139621374,821.484061635612,833.4972558366113,311782
2007-11-23,827.7745971679688,860.5815269463335,820.391932794525,847.4762245055264,375340
2007-11-26,831.4876708984375,850.7961262847615,828.4734410173817,830.0897401362637,851961
2007-11-27,819.0376586914062,832.6234770590958,813.4023684596203,831.7497903045742,577041
2007-11-28,845.2921142578125,849.442127221869,826.5078450520833,833.4973405704942,320472
2007-11-29,865.0372924804688,880.2394643614721,856.2130769967669,856.2130769967669,544149
2007-11-30,886.0493774414062,893.6067353098331,870.6287860422775,873.6866894553713,397029
2007-12-03,902.3873901367188,916.4974532883226,892.4710662860072,899.8974040867229,275465
2007-12-04,898.1062622070312,904.2657965250067,850.4903871165881,891.1604951260936,249538
2007-12-05,903.74169921875,912.1290716508109,884.1710924431233,884.1710924431233,321097
2007-12-06,909.3334350585938,930.3019222007482,904.2660080054101,908.6344428266923,475761
2007-12-07,909.9010620117188,922.613247427961,877.4436298575118,917.3711267039384,416819
2007-12-10,913.57080078125,926.0208400938085,904.0475914856061,926.0208400938085,434314
2007-12-11,941.4848022460938,947.9501054011923,908.6342024122027,917.3710697430894,716830
2007-12-12,937.7281494140625,959.3081721936284,924.4044248002622,943.5818087150443,908702
2007-12-13,906.0132446289062,952.1439520110993,899.8974368059531,941.8344047347742,425272
2007-12-14,910.6873779296875,916.4536892469384,892.1215341782859,913.0026691865762,380200
2007-12-17,884.8701171875,912.1291602272306,879.5843218953682,910.3817863570634,391237
2007-12-18,884.8701171875,884.8701171875,884.8701171875,884.8701171875,0
2007-12-19,871.9395141601562,910.3817372293415,856.2131501773077,906.7122949605027,338361
2007-12-20,868.0952758789062,898.1501263395822,857.1741897123258,878.0553277930741,451958
2007-12-24,865.1682739257812,884.6078034333284,858.2224538411095,873.6867194403244,622849
2007-12-26,867.6582641601562,879.8025309524029,863.8140745704247,869.0561949137359,915101
2007-12-27,869.4931030273438,886.6173427605038,866.9157163348217,872.8131021602287,485165
2007-12-28,861.9794921875,882.4237874041401,854.9026494801495,866.6974228761454,622902
2007-12-31,868.881591796875,882.3363909186461,860.6689138925813,873.6868695795625,471363
2008-01-01,866.3041381835938,873.6868023283909,861.4551870957933,873.6868023283909,183163
2008-01-02,871.1094360351562,882.3800173798772,854.9899034888643,878.0552569417582,351365
2008-01-03,850.2720336914062,872.813143242147,847.4325514936716,872.813143242147,455664
2008-01-04,842.3651123046875,858.3972430455754,837.8656041533911,851.8445923353038,798963
2008-01-07,842.015625,847.4761673151751,831.7498054474709,831.7498054474709,683162
2008-01-08,821.0907592773438,847.4761085807521,817.7707604449319,843.1076750313667,644368
2008-01-09,807.94189453125,921.7396039258921,797.2392308837692,825.5467054530651,601337
2008-01-10,794.3560791015625,822.7945748460376,790.730257414948,813.402441392791,510754
2008-01-11,786.0560302734375,809.9076694197048,775.8338839748628,809.9076694197048,857643
2008-01-14,754.3848876953125,794.1813112750513,733.8969213102783,786.0560345970954,698561
2008-01-15,761.2869873046875,770.0238554820552,744.3811687117256,763.55860502617,1000759
2008-01-16,740.6242065429688,758.3600354157983,722.5388816691996,758.3600354157983,558884
2008-01-17,755.5643310546875,781.8623356284143,735.7753571065364,747.0022111129015,602636
2008-01-18,735.644287109375,756.2196006264688,729.6158268467618,751.3706495416419,444882
2008-01-21,701.745361328125,729.0917519027322,659.6773138096012,719.9180390267841,614102
2008-01-22,705.1089477539062,733.8969395601067,611.5807829667556,681.4757295915276,949563
2008-01-23,721.79638671875,750.4969773875521,685.8441527930482,729.5284937352806,777635
2008-01-24,689.1204223632812,742.6337356688292,664.8756151105636,742.6337356688292,1045605
2008-01-25,728.392578125,738.265226704568,693.7072071046473,719.0441202104846,563334
2008-01-28,755.4769287109375,763.602204662939,677.1508917650972,677.1508917650972,358055
2008-01-29,753.9915771484375,769.7179368108615,713.1904000258063,760.1073836838247,739339
2008-01-30,753.9915771484375,753.9915771484375,753.9915771484375,753.9915771484375,0
2008-01-31,742.8084716796875,755.564276661857,720.7915553246497,736.517916531733,702863
2008-02-01,791.3418579101562,802.0445217350521,721.6653321929772,727.9122144495901,425624
2008-02-04,784.002685546875,807.1991085133536,778.6295447029928,803.7917092850571,773011
2008-02-05,762.3790893554688,803.7918654949073,759.2338381685591,796.8023710123429,296903
2008-02-06,727.1259765625,751.3707898392911,722.5391199966206,747.0897023808888,400676
2008-02-07,698.9495239257812,738.2654346466064,690.2126548767089,738.2654346466064,549229
2008-02-08,703.9730834960938,711.1809990267705,681.562997515929,700.6967582548771,588532
2008-02-11,710.61328125,742.633930279967,677.10740701997,703.9732815565687,467655
2008-02-12,705.6769409179688,722.5390879275758,695.6732149484066,712.4043409144616,313845
2008-02-13,714.0206298828125,720.7480297802365,700.8279788224439,709.4337735880621,394845
2008-02-14,724.461181640625,738.2654238715618,716.4232515676694,717.3842858187943,245041
2008-02-15,709.8269653320312,724.2864735292834,703.3179869614875,720.7917257679841,658133
2008-02-18,704.3663330078125,725.1600688965924,699.8231508267114,725.1600688965924,212449
2008-02-19,707.1622314453125,715.5496047494912,703.4490619456967,710.3074831029747,394126
2008-02-20,672.4767456054688,705.9389396281668,666.6230333369942,705.9389396281668,750169
2008-02-21,666.7540893554688,690.212558133955,659.1530036830488,678.8546299621304,631746
2008-02-22,669.5498657226562,676.9325299345874,655.3524550557161,668.3704098590317,599096
2008-02-25,699.4299926757812,703.7547532210332,671.209918264505,677.1073044646812,623552
2008-02-26,710.5694580078125,712.9284230137889,691.0862531910625,708.8220844219944,349139
2008-02-27,727.69384765625,733.897003378368,712.0548306587737,712.0548306587737,678206
2008-02-28,731.4068603515625,736.5179063429171,713.5399562288937,725.1599789615909,517893
2008-02-29,758.534912109375,764.4759718540901,720.7916306052849,725.1600647301655,1698908
2008-03-03,762.4228515625,794.1813472539042,740.4496059380459,751.1085961812738,1827854
2008-03-04,790.2933959960938,799.4234338566276,764.4759613383052,764.4759613383052,1388510
2008-03-05,821.4404296875,825.1972726724472,788.0655796194254,792.4340140962515,1504357
2008-03-07,810.6502075195312,819.6054964624749,763.2090289552051,804.8838964572441,1553921
2008-03-10,781.9934692382812,819.5183332209303,771.4655524883598,802.9182816951333,1362924
2008-03-11,757.1806640625,779.3286024544773,744.3811314923931,773.2127950361125,846194
2008-03-12,749.0990600585938,773.125446301922,743.5947907314535,765.349612696565,965824
2008-03-13,734.20263671875,764.3885564966185,704.1915182810594,742.6337351599261,797094
2008-03-14,727.5189208984375,742.458942038461,703.3177888048757,733.8968231007398,652894
2008-03-17,704.672119140625,725.0727391106558,698.9494809306282,707.6863494422611,361660
2008-03-18,710.61328125,720.6606814831996,703.4490907007372,707.6864512079686,446490
2008-03-19,718.563720703125,730.6205879011246,700.3473188928248,725.1600453906528,649083
2008-03-24,707.8612060546875,754.4723853835764,690.2127182890088,754.4723853835764,505100
2008-03-25,737.2606201171875,754.8217576326043,712.9284629034842,720.7916444796255,747210
2008-03-26,738.78955078125,747.8759150040673,729.5721655313105,742.6337941045061,699173
2008-03-27,732.4116821289062,741.3232987423758,726.0337787329573,734.1153821665071,557454
2008-03-28,731.9749145507812,747.0023407252314,718.1706714340821,729.3101800238444,519840
2008-03-31,722.5390625,733.896992140266,708.5600721735187,733.896992140266,685949
2008-04-01,712.7100219726562,747.0022295882576,705.5457793980326,733.8969273147794,454500
2008-04-02,708.2544555664062,741.7603338882326,703.7549457561499,724.2865922183096,243586
2008-04-03,687.5042114257812,716.1611297670552,677.1073164621174,715.4184639407283,760056
2008-04-04,668.02099609375,691.960038974373,665.0068188874995,690.387413187282,475666
2008-04-07,663.6961059570312,672.6513944022687,644.8244417258521,670.9913683846177,917326
2008-04-08,650.5909423828125,668.3704486741606,646.6156245047167,668.3704486741606,550601
2008-04-09,640.9804077148438,650.8967325789206,633.5103421502574,650.8967325789206,786701
2008-04-10,644.6934814453125,654.2603088055065,637.7913347120215,643.0334552712983,685402
2008-04-11,645.78564453125,653.4304043269732,638.2282320886616,650.8966911787171,300751
2008-04-15,660.7694091796875,663.9147140977626,635.6945838252262,645.7857104460637,241386
2008-04-16,660.5945434570312,668.3703770166182,656.4008576389115,668.3703770166182,393856
2008-04-17,664.43896484375,669.6810868543516,657.8863123304981,664.8758083446335,282042
2008-04-21,671.2535400390625,684.5335897133,633.4229132637428,655.2650826866305,354947
2008-04-22,662.1234741210938,671.8651025956029,658.4103054786602,668.3703556380185,283323
2008-04-23,668.4141235351562,672.6515368139329,658.9783160846488,662.1235674596132,446646
2008-04-24,652.6876831054688,678.8546122210678,634.7771045333557,677.8061774444079,2313324
2008-04-25,644.7371215820312,658.7597826835834,639.5386749660252,639.5386749660252,856302
2008-04-28,631.1076049804688,654.3913782885348,629.2292104560464,644.7371503287053,1017479
2008-04-29,638.7960815429688,643.6450322868341,629.0544530577347,629.0544530577347,782363
2008-04-30,648.3629150390625,654.3913749368141,637.7913267074423,642.0724131073653,927579
2008-05-02,688.3778686523438,691.8726159417059,656.2261509297231,656.2261509297231,1868089
2008-05-05,685.320068359375,707.5990856965025,681.7379198509748,692.8337548369426,1035578
2008-05-06,669.8556518554688,688.4651692421984,661.8613966437964,688.4651692421984,814237
2008-05-07,677.6751098632812,679.5535042720263,663.1718786548091,672.7387586803848,438190
2008-05-08,673.2193603515625,676.2335905092648,665.3125053912211,671.7778091113473,593476
2008-05-09,668.2830810546875,673.4378013829887,662.2546205662536,669.2441152424146,1618381
2008-05-12,673.044677734375,677.0199957641728,666.6231003911289,668.2831268206455,545987
2008-05-13,673.3067626953125,686.7178339232382,671.8651581259163,679.7283394303809,420798
2008-05-14,696.3719482421875,698.5124912444548,670.1613481954913,677.1071678729862,966247
2008-05-15,717.995849609375,722.4516845828401,698.9494867602801,700.827934836194,1156629
2008-05-16,717.38427734375,726.8638120070194,712.9284955766421,726.8638120070194,453991
2008-05-20,711.7490234375,729.5285297484286,707.6863581990744,725.1600954385577,1200269
2008-05-21,710.525634765625,712.9282729403628,690.2124211064787,703.3177202414118,582101
2008-05-22,703.9295654296875,710.3074693106497,690.2563437369413,703.317973917679,528468
2008-05-23,689.863037109375,710.1325803932897,685.1451606503651,703.3178344020928,585070
2008-05-26,665.531005859375,681.6505400664813,660.0704626540962,681.475792018789,610536
2008-05-27,668.1519165039062,682.1745776398806,659.8955663671122,682.1745776398806,327631
2008-05-28,679.1603393554688,690.2124975129753,656.357137666611,670.9913899872975,268473
2008-05-29,666.623046875,694.4936778976596,661.5120002835951,694.4936778976596,569959
2008-05-30,666.6668090820312,683.6600307347471,661.3810137587267,683.6600307347471,335525
2008-06-02,687.8536987304688,700.6969070687984,660.5073089077451,668.8073346149191,1431271
2008-06-03,683.3978271484375,690.0378255129941,665.3561733579779,672.7388374995562,281241
2008-06-04,652.2508544921875,689.3388689426255,638.6650357377176,683.6599048765581,638245
2008-06-05,665.1378173828125,672.0836388097655,640.5435634730861,649.1493579924027,721143
2008-06-06,655.26513671875,675.3599342447917,648.4067162846725,668.3704394531251,413756
2008-06-09,645.2613525390625,656.138763477547,633.4229074849821,656.138763477547,420913
2008-06-10,647.8386840820312,653.6923956012986,627.3070467577862,646.0913106927338,476415
2008-06-11,641.0675659179688,666.62289989153,637.0049017509061,653.5176004179089,367127
2008-06-12,643.7324829101562,652.644099756696,613.3281901327987,629.0545539823577,391035
2008-06-13,630.9330444335938,648.2757088453685,627.3945696695627,648.2757088453685,406174
2008-06-16,626.4771728515625,643.7324889026811,622.5455818525735,640.4124893908802,627685
2008-06-17,659.7646484375,668.1956945744035,624.6860999558857,624.6860999558857,672708
2008-06-18,653.823486328125,664.0019587363671,643.9945099652512,659.6335247973121,329443
2008-06-19,652.6876831054688,665.7493108268387,641.548176920374,647.401888874918,293919
2008-06-20,636.3497924804688,655.2651340125427,621.1913470438906,652.6877471536375,493682
2008-06-23,601.0529174804688,635.1703804851459,595.2865519071042,635.1703804851459,459469
2008-06-24,591.223876953125,610.7070822156257,578.5990918416283,598.4754668350553,858990
2008-06-25,604.547607421875,611.4934283250437,557.4121926885009,579.2543632483952,358918
2008-06-26,590.52490234375,627.307093605116,581.9627294362858,604.5475641749545,1031938
2008-06-27,561.5623168945312,590.5250621532963,555.6649296692678,590.5250621532963,828051
2008-06-30,538.6715698242188,572.0900889284557,532.9489321198567,572.0900889284557,420913
2008-07-01,499.3121643066406,541.6859875242645,487.6047361492524,538.6717564446895,599023
2008-07-02,506.0394592285156,515.4752670103618,489.2646602132247,499.31205948546057,769380
2008-07-03,479.17352294921875,506.0393913104841,476.15929290697943,504.423038779563,595922
2008-07-04,479.47930908203125,501.27780558478366,467.42244180890503,478.7803703014579,402254
2008-07-07,500.75360107421875,518.5331057804225,479.65404393167984,484.8961646303867,578901
2008-07-08,497.3026123046875,503.24367277650873,472.22778669392875,492.6720822307218,546872
2008-07-09,511.4999084472656,530.2404995333058,502.3698714232351,502.41354509475934,816806
2008-07-10,494.113525390625,520.7172973021392,489.2645746463053,517.2225503403798,697500
2008-07-11,493.4146728515625,505.68996303383096,485.85725989640946,499.66155546713634,352958
2008-07-14,496.6909484863281,510.844685388,489.35195799639143,502.1078173407471,452879
2008-07-15,479.91619873046875,490.13834602389784,454.7540269259159,454.7540269259159,201590
2008-07-16,478.99871826171875,484.7650289707433,471.79080321263683,479.6539832661808,443597
2008-07-17,523.6004638671875,526.5710201772569,485.7698378774635,489.2645849125531,984968
2008-07-18,541.030517578125,544.3068428763373,514.0335757906129,528.5804814449183,772611
2008-07-21,565.4064331054688,576.6332871384506,537.3173811971926,546.1853235341871,477052
2008-07-22,513.55322265625,546.2728124093052,511.10690965124917,546.2728124093052,2570662
2008-07-23,531.20166015625,537.0990470083136,517.5284381986253,525.0858515689248,2110064
2008-07-24,540.9432373046875,554.6164045825165,532.9489812556079,532.9489812556079,981663
2008-07-25,536.793212890625,544.3068983432889,524.4741965186277,532.9489694854033,747765
2008-07-28,533.516845703125,545.1805427146126,531.2889017863527,537.3173618100749,645262
2008-07-29,494.8562316894531,527.7068344932239,488.56567597739183,525.9594608690742,687526
2008-07-30,513.5968017578125,519.8436841667001,486.64358332916294,486.64358332916294,769762
2008-07-31,502.93792724609375,523.1637486719873,498.0015745192945,517.2226879217935,1262228
2008-08-01,491.1430969238281,497.9141701887045,483.14884070666363,493.5457358242681,1437459
2008-08-04,500.3604431152344,503.2435989021559,486.03195820513713,491.1430580018535,519499
2008-08-05,536.4437255859375,544.306907231334,499.83622526212406,503.24362530537456,1055990
2008-08-06,569.3817138671875,589.6512588491549,547.8016386492172,562.6543146572502,2758125
2008-08-07,586.85546875,594.1070589514911,565.2753928553158,567.0227665581143,1381632
2008-08-08,593.3643188476562,597.6453515034551,547.4957690137988,547.4957690137988,714929
2008-08-11,628.3993530273438,634.0346446476661,595.8545134023614,603.6303487638135,1498366
2008-08-12,593.2769165039062,623.5501806386633,577.7689782707125,619.4438426667255,1840440
2008-08-13,584.8895874023438,602.4069955341175,574.8858637584472,593.2769586132581,1199346
2008-08-14,572.6099243164062,586.2539732432384,566.3600911374485,586.2539732432384,907149
2008-08-18,563.4552001953125,576.5711142077378,544.0014482143235,573.0500692354767,929834
2008-08-19,542.6812133789062,563.2352978612167,529.873419331645,563.2352978612167,1380725
2008-08-20,550.2514038085938,554.4767016956234,541.3607847689989,542.6811769269721,1028097
2008-08-21,544.485595703125,554.5645979509435,538.2797645190507,550.1632916179996,618137
2008-08-22,555.885009765625,558.0856630109363,530.9736257740786,536.9593918559482,774964
2008-08-25,550.779541015625,571.9938181975766,541.4927944582203,545.7620405426774,749154
2008-08-26,554.0805053710938,565.0397696840147,536.6953440892479,544.8817637196256,933639
2008-08-27,551.1756591796875,558.965950542956,545.7620304513902,554.5646438457674,797421
2008-08-28,553.9923706054688,560.4183204151329,538.1476688374033,541.3606437422354,512974
2008-08-29,571.8178100585938,582.1168796542304,558.9660145225342,558.9660145225342,1078145
2008-09-01,557.6455688476562,571.8177551839681,544.4416485118791,571.8177551839681,1055043
2008-09-02,585.5938110351562,589.7750520759935,554.7406642055129,554.7406642055129,747594
2008-09-04,605.3558349609375,610.4613408368322,567.8566634030269,579.2120580686886,1135093
2008-09-05,598.7977905273438,602.9790319900485,575.1187384372706,586.2540661392296,787166
2008-09-08,611.5176391601562,633.7442407399362,600.6023757054667,603.4632254137553,1293682
2008-09-09,623.2689819335938,627.9784119676658,595.4087449538647,607.3802767438596,634813
2008-09-10,612.3977661132812,623.1369641742946,605.8838113327156,614.4223562552787,621547
2008-09-11,598.0054321289062,618.0313746767052,594.1763173522771,604.7394518829842,694803
2008-09-12,619.1316528320312,626.6579285788125,600.338098938135,600.338098938135,1442723
2008-09-15,634.4044189453125,649.5008701289472,577.1434240664291,577.1434240664291,1213725
2008-09-16,612.5737915039062,633.8320672801618,602.1426640318882,616.1828409386521,978686
2008-09-17,616.4030151367188,629.386870150309,599.4579840172873,629.386870150309,1133346
2008-09-18,631.0593872070312,646.7280285885187,589.7751081460518,598.5777217004705,1114821
2008-09-19,652.317626953125,660.1519740298947,637.3091825028212,644.7914035681167,902217
2008-09-22,634.9324340820312,674.2801230248086,625.4256232495125,674.2801230248086,1035073
2008-09-23,616.9752197265625,639.8620154950472,611.825658442519,616.1829629976664,899105
2008-09-24,618.031494140625,630.3551534752487,609.4930017260056,614.4224439690987,563169
2008-09-25,620.8922729492188,626.7460319575538,600.9103848556754,600.9103848556754,817954
2008-09-26,602.1428833007812,618.8238498859021,590.8755465660196,616.1830653202438,273558
2008-09-29,583.481201171875,607.3803177750846,567.8125602413156,567.8125602413156,517925
2008-09-30,607.5565795898438,617.0633943204409,560.1104568810049,570.0574024206752,739026
2008-10-01,616.8431396484375,623.2250344218248,602.0987620685427,612.0897068781935,600343
2008-10-03,601.0864868164062,629.3869128499991,591.5796742627919,599.4580246865027,757319
2008-10-06,580.0922241210938,609.140848394229,575.1627820988323,585.3737921707547,565467
2008-10-07,591.6237182617188,606.2360910422567,544.9698598970687,581.4567089295188,1383819
2008-10-08,605.4876708984375,614.422343952395,552.3639266907276,573.0500657779501,2054049
2008-10-10,598.3136596679688,607.1162733051998,555.4449205092759,555.4449205092759,899350
2008-10-13,636.6050415039062,638.8936996038194,595.0566935740667,595.0566935740667,944838
2008-10-14,633.568115234375,659.3157600702284,625.8658283176667,644.3513169177666,945505
2008-10-15,600.0300903320312,627.6262584667081,588.2345683315256,620.5841686101392,868013
2008-10-16,597.5213012695312,602.9789315412663,566.140021229096,586.1659638459774,706468
2008-10-17,563.8074340820312,606.5001125410141,556.5892797621442,602.1868101337824,1058321
2008-10-20,577.759521484375,594.0003543031759,550.1633493706967,560.726485678614,587307
2008-10-21,596.3330078125,607.3802760001697,568.0765888233182,584.3174199921777,825521
2008-10-22,571.0255737304688,593.2961761244812,553.2882852532014,580.9725166797591,646436
2008-10-23,524.107666015625,567.7686105450786,516.9775163447372,552.804166546216,1010127
2008-10-24,473.8006286621094,511.871928596408,450.69377032048305,510.5515366911722,1557016
2008-10-27,453.99481201171875,473.93275399121103,418.12416035979913,462.5773605664725,719165
2008-10-29,477.849853515625,494.70687989976227,444.79605048834077,489.4253117869534,1216695
2008-10-31,495.7630920410156,514.0725132753088,481.2387830186824,493.8265067593291,887142
2008-11-03,530.0494384765625,544.8818219948739,497.7878357642992,497.7878357642992,720327
2008-11-04,542.02099609375,545.4980396195925,513.3244938773931,528.1568780450671,648039
2008-11-05,542.1089477539062,562.4870201304528,537.0474448341096,562.4870201304528,840170
2008-11-06,528.9050903320312,549.6352912288801,512.7083112882505,528.1568895625765,1095004
2008-11-07,527.6727294921875,536.7394115537018,501.74901941059454,523.7555553496558,995131
2008-11-10,523.9755859375,535.1989185216296,514.5567784352445,528.1568274884503,560670
2008-11-11,504.7419738769531,519.3542935260798,493.0785088104776,519.3542935260798,1035231
2008-11-12,492.2862243652344,501.61697440468873,480.71076460822144,499.9885121849855,838328
2008-11-14,471.9521484375,510.55158748318877,466.58252191921554,510.55158748318877,1225305
2008-11-17,482.2511291503906,491.8900010795234,457.8238782052564,469.17927040564064,636365
2008-11-18,451.7940979003906,500.6926008196347,445.0160753599178,479.7423932892604,714020
2008-11-19,454.4349670410156,482.38326767743644,443.7397959496889,455.09516311904133,707693
2008-11-20,454.4349670410156,454.4349670410156,454.4349670410156,454.4349670410156,0
2008-11-21,448.8892822265625,461.8731370247731,422.65747810939934,428.0710799915576,763903
2008-11-24,466.8465881347656,470.9398249262825,435.861404556748,453.37860014860684,468773
2008-11-25,471.07183837890625,505.26996710043846,460.112574862797,505.26996710043846,890097
2008-11-26,467.99090576171875,477.84978858447323,447.17270612179203,474.4608043300116,1145287
2008-11-27,467.99090576171875,467.99090576171875,467.99090576171875,467.99090576171875,0
2008-11-28,469.6634216308594,483.17546527543595,458.61615269050594,472.7003339631511,872073
2008-12-01,428.77532958984375,479.654454186153,424.3740226280581,475.781282569025,1306878
2008-12-02,404.92022705078125,419.0044088612432,381.1531702456267,381.1531702456267,1541283
2008-12-03,426.8386535644531,434.76100442119525,392.1563674087366,411.962244550592,1609225
2008-12-04,429.4355163574219,435.46531213750137,412.0943565572129,426.9267660707091,1548577
2008-12-05,431.90020751953125,436.87367856147836,420.0166798031449,431.32804303920875,1210630
2008-12-08,439.3384704589844,461.25697396357174,419.6206204561316,440.1307003469196,2471680
2008-12-10,454.038818359375,461.9611709416603,429.0394000279638,444.532006006011,1258399
2008-12-11,449.5494689941406,464.77797915673966,441.01092340440636,459.4964112117767,1335168
2008-12-12,446.33648681640625,451.5740523601124,418.74031621848735,422.52542910887706,956692
2008-12-15,447.83294677734375,461.2569319141585,445.06012899062483,453.3345800301367,1216799
2008-12-16,448.2730407714844,456.7675833097482,432.69240592860115,448.0529754593727,1443868
2008-12-17,448.7132568359375,457.7359363505395,444.1358867270535,457.7359363505395,1261891
2008-12-18,471.9521484375,477.8058542302684,420.7649289947659,420.7649289947659,1192349
2008-12-19,483.6156005859375,500.7806966768659,464.77798646206077,464.77798646206077,1641704
2008-12-22,465.0419921875,492.0220200948579,462.4892668833952,488.5449775274395,1211067
2008-12-23,451.6180419921875,463.89769767604815,447.34879624626444,463.89769767604815,1076243
2008-12-24,442.3753662109375,461.873178169474,436.3455969701243,461.873178169474,1403347
2008-12-26,449.1093444824219,456.327498184765,441.3630286056608,441.89119078007883,1064831
2008-12-29,439.4704284667969,457.0316511258692,426.04644442249315,457.0316511258692,2104976
2008-12-30,456.3714599609375,461.21289687999547,437.53384754875873,444.4439037968298,1067188
2008-12-31,457.9119567871094,463.89772311417266,445.72033193599304,457.82389841755827,1712863
2009-01-02,479.21429443359375,492.0660884920034,470.0595550174057,474.4608617123253,954847
2009-01-05,490.3496398925781,509.58338520014456,478.4661100772789,509.58338520014456,906567
2009-01-06,494.1787414550781,503.3774295452221,480.93076520769057,485.90426330656584,900915
2009-01-07,497.4797058105469,510.28749725370875,485.2880543090353,501.74895171597177,1151237
2009-01-09,515.7011108398438,524.6357853871089,484.231766330466,486.7845458373678,1868205
2009-01-12,509.97943115234375,525.2960013200493,494.3547909790201,510.6396272160053,1977203
2009-01-13,517.153564453125,523.755524850399,498.2279446476064,510.5516040558511,1241692
2009-01-14,524.4157104492188,531.6778667416335,508.7910711534174,513.1923779973051,1507556
2009-01-15,519.3102416992188,526.5723985012684,477.4097653688324,506.1503225670955,1128362
2009-01-16,519.0462036132812,526.3083608294447,512.1361187532784,519.4422782980998,1073629
2009-01-19,505.1819763183594,515.0408597945426,499.63628720439954,515.0408597945426,754466
2009-01-20,492.59423828125,499.9004505910458,489.5133235042628,499.9004505910458,451963
2009-01-21,475.1210632324219,494.4428105928097,471.95214386604596,489.4253101569737,893228
2009-01-22,457.207763671875,484.1437393138539,451.66207422185994,475.7372542220548,1104098
2009-01-23,453.5106201171875,462.13716987616573,442.15522816661934,457.7358634963927,866109
2009-01-27,473.2725830078125,481.5030059515093,451.0019256742437,451.0019256742437,768922
2009-01-28,458.219970703125,482.3391497996579,450.03355204215984,475.34106230369935,1180411
2009-01-29,479.25823974609375,488.5449850223127,458.7921660492131,463.1934722205853,2407565
2009-01-30,500.2525634765625,509.58336693696896,467.41882264974635,470.93986839475383,1711638
2009-02-02,499.10821533203125,518.2979031655562,488.5450784996073,493.82664691581925,1262111
2009-02-03,513.8525390625,523.0952828058083,501.7489460653105,501.7489460653105,1028765
2009-02-04,529.9174194335938,534.1426638597777,515.3931047813442,517.1536277694956,1544901
2009-02-05,507.9547119140625,531.5897572398808,502.981268397611,515.4809343871914,1405004
2009-02-06,508.5269470214844,516.4492984607867,503.5094470312161,509.6712759284512,688414
2009-02-09,523.9317016601562,527.1886802422046,505.35815013923326,525.9562925429746,543324
2009-02-10,535.551025390625,542.1529854978719,518.7380014147029,519.3541951034236,902011
2009-02-11,556.58935546875,558.0858108172678,525.5161341607395,528.156918754512,1444048
2009-02-12,540.3485717773438,552.8042951411102,534.6709273326576,550.1635102917099,990871
2009-02-13,553.50830078125,561.0785802806278,542.5050344102531,542.5050344102531,748940
2009-02-16,547.610595703125,564.247557661595,536.0791928485356,550.1633752550654,1571925
2009-02-17,530.4453735351562,543.3852238206597,524.2835451827146,543.3852238206597,939119
2009-02-18,543.0332641601562,549.2830984368709,521.9949957901673,531.6778709228686,662741
2009-02-19,556.1491088867188,561.0786046713481,544.0015130304458,544.0015130304458,1081568
2009-02-20,554.12451171875,559.7582057670907,541.4927830217944,543.1212450047161,1142555
2009-02-24,564.423583984375,570.2772896803057,540.4804647048414,543.1212487343439,1298015
2009-02-25,584.4053955078125,589.2468318040827,566.8881772360112,569.8810866190016,2076359
2009-02-26,608.04052734375,624.4574230074494,556.6772990762605,556.6772990762605,2256838
2009-02-27,596.2009887695312,607.3803184191453,580.1362194780104,607.3803184191453,2104027
2009-03-02,593.8243408203125,615.0386735777902,578.4197657529485,615.0386735777902,1926425
2009-03-03,590.8753662109375,605.2676162100149,580.0921658592295,580.0921658592295,1575564
2009-03-04,601.4824829101562,606.4119779949182,587.0462310895739,594.17632550488,1174421
2009-03-05,588.2345581054688,616.0067887491349,584.1413219567435,616.0067887491349,957093
2009-03-06,571.8618774414062,597.697529732148,566.2721849493055,597.697529732148,1699918
2009-03-09,573.8423461914062,596.200950321891,563.71934153723,594.0002971362005,811568
2009-03-12,607.1602172851562,613.8061791972681,573.974356316292,589.7310547036088,1840605
2009-03-13,627.7583618164062,633.3479995292809,605.9278387955286,613.5421204613048,1981774
2009-03-16,615.0825805664062,630.2230856026488,605.9278415974543,627.4942433489776,1590378
2009-03-17,624.7654418945312,629.3868136028035,609.1408042141819,623.8411782982537,1889619
2009-03-18,631.6754150390625,640.830153001261,624.1051902168874,629.5188180825813,1994396
2009-03-19,643.3829345703125,654.9143348353989,630.2670211587978,634.6683271724766,1334739
2009-03-20,625.82177734375,646.9920507065252,623.4450611059816,646.9920507065252,608120
2009-03-23,645.3195190429688,649.3687531430404,631.2353386466524,632.9078565594687,523613
2009-03-24,646.1558227539062,665.477569818757,631.7195690839179,649.6328657754533,3057474
2009-03-25,646.0238647460938,663.5410344186397,636.6490593192838,645.2316079931352,1355965
2009-03-26,677.9332275390625,703.3287432741662,646.2878246526267,655.7946354684027,2063956
2009-03-27,676.4808349609375,681.8944636540476,661.2523246330239,677.8012269615118,997416
2009-03-30,667.4140625,677.2289427896749,644.6592779058434,668.9985219381616,1086494
2009-03-31,686.4716796875,694.3940305377972,661.516295999816,669.8787774529075,1993954
2009-04-01,697.6072387695312,703.3289385196914,673.4440498484751,686.6039700192232,1232689
2009-04-02,699.4114990234375,731.8491552416682,686.6037097975887,705.6613855410551,1537827
2009-04-06,703.416748046875,707.730049691219,691.0490881477721,702.1404122074212,1075353
2009-04-08,719.4375610351562,721.8142773278325,677.8452139574244,691.0051313443275,1223929
2009-04-09,712.219482421875,730.1768366030506,702.7126699782084,721.8143532423164,995199
2009-04-13,724.2789306640625,738.5391733623228,713.8918588758568,717.6329691104096,922172
2009-04-15,745.2290649414062,752.4472170861953,710.370745039866,717.4128342100258,1421209
2009-04-16,752.7554931640625,769.1723346304467,743.8208192293105,749.9826485010326,1121764
2009-04-17,736.074462890625,762.3062372133284,726.5235961582315,749.1023185548989,777892
2009-04-20,736.2064819335938,751.7431146342948,729.07638723168,737.5268738211247,398411
2009-04-21,694.3060302734375,737.8349579088567,684.1830263455205,727.9760215989005,1276098
2009-04-22,663.8490600585938,729.560531805874,652.2736028360001,729.560531805874,2283728
2009-04-23,702.9767456054688,718.2933157406967,654.0342323472275,664.5973693434142,2416944
2009-04-24,706.849853515625,720.6699672500379,672.0795307088166,711.2511602000311,2607684
2009-04-27,712.4396362304688,723.398902846151,680.9702870446605,686.1638514779731,2957389
2009-04-28,706.98193359375,723.5748387582161,695.8466058860946,709.4906569819004,1269732
2009-04-29,716.5326538085938,721.726216647591,690.3888840729037,712.1313475812682,1808304
2009-04-30,716.5326538085938,716.5326538085938,716.5326538085938,716.5326538085938,0
2009-05-04,738.8473510742188,748.0460930322064,722.0343805878601,723.0026465931685,962631
2009-05-05,732.0692749023438,756.1443981008317,717.4569062186317,743.8207408558823,1814271
2009-05-06,711.7352905273438,737.5709929042896,701.5682828697779,728.4162535442173,2001503
2009-05-07,738.8914794921875,742.8526560004153,704.2091570182793,717.413078712372,1231223
2009-05-08,729.1204223632812,744.6570557632083,718.7773521121322,737.6589676989687,582400
2009-05-11,734.2259521484375,744.6570811207222,721.1540929192046,735.8984701622887,730642
2009-05-12,760.4579467773438,770.6689588938584,721.8584469826711,730.6170598308424,1490336
2009-05-13,738.5833129882812,767.5879367090772,730.6169581061171,754.912151125877,1105675
2009-05-14,732.993408203125,741.0477648066059,699.8075549164305,717.9849676134993,773571
2009-05-15,746.6375732421875,754.3838611881247,736.7786368896853,741.1799429642952,588323
2009-05-18,825.861083984375,839.7692004583296,808.0797966674493,813.3613639659293,22796
2009-05-19,880.17333984375,936.5980705346396,827.4456638181967,845.0508907079455,2296571
2009-05-20,917.100341796875,932.1088420362044,863.8885817734108,873.219331363758,1492589
2009-05-21,853.1932983398438,917.1002497244795,842.9822883518864,903.148129065442,1440592
2009-05-22,846.767333984375,858.1667281030508,839.7692461874362,846.8113363022156,1387314
2009-05-25,856.80224609375,867.4974415210637,843.2902577140325,847.2514332460921,553098
2009-05-26,843.202392578125,862.6561474742889,834.4877834751285,856.9344485369595,465220
2009-05-27,857.8146362304688,865.296857275065,832.9032522038375,854.0295233885797,584867
2009-05-28,883.6502685546875,905.6128520652857,849.7162067979459,857.8146213570581,1886752
2009-05-29,904.116455078125,913.2271390030902,865.2969491453711,888.1837453587787,1690981
2009-06-01,917.5845336914062,934.8376361829326,902.2679633592334,902.2679633592334,750208
2009-06-02,911.9946899414062,923.3940298836311,898.3065848391283,911.0703726687876,1394295
2009-06-03,919.78515625,935.9819874637639,900.2873447937756,906.6692399291995,812232
2009-06-04,949.7139282226562,954.8193792375057,906.6691296078035,906.6691296078035,956533
2009-06-05,956.9320068359375,979.5547859876172,941.9675652192014,950.682173298525,623638
2009-06-08,925.9028930664062,970.9282832690496,903.2802190216129,946.325021157751,751314
2009-06-09,959.4407958984375,978.6745919669922,884.7946994119254,905.7889106908265,560514
2009-06-10,976.5177612304688,985.0123034795569,959.4847281436255,968.2873403284294,671173
2009-06-11,966.0426025390625,977.9701846766129,944.828329294705,944.828329294705,481712
2009-06-12,955.1715087890625,981.3592822899607,927.4873340696216,927.4873340696216,854058
2009-06-15,937.874267578125,954.0271468198138,921.0612998796249,921.0612998796249,473583
2009-06-16,946.7650146484375,962.9177868261223,915.4716847506942,921.0613221043326,613585
2009-06-17,934.0012817382812,955.4356225902325,924.2743515334921,943.0239599318226,560998
2009-06-18,908.2096557617188,932.9890344704949,902.399952291944,928.675732327224,474395
2009-06-19,924.1864624023438,936.5981266119902,907.8136219053346,911.0705460934304,410019
2009-06-22,938.5345458984375,946.0608229213298,913.7552765088277,933.0769688733283,354924
2009-06-23,927.22314453125,939.1507271715564,911.9506336913606,926.0348133622697,806325
2009-06-24,932.989013671875,937.3903203620397,905.7889168359015,928.6757116247582,661162
2009-06-25,902.97216796875,940.9994166614902,888.9759905145534,940.1191552801417,584588
2009-06-26,932.4169311523438,936.290102982559,896.1941513732509,912.83111409486,441041
2009-06-29,940.0309448242188,950.5060744596171,914.0191837188237,932.2846033828085,279147
2009-06-30,940.955322265625,949.0097350674907,924.2744127503559,946.2809463872691,670630
2009-07-01,943.8602905273438,955.9638848334765,926.9152584987577,948.9217936008174,425206
2009-07-02,926.3869018554688,950.6820893138487,905.7887684295836,950.6820893138487,309181
2009-07-03,931.9766845703125,939.150835911597,915.6038452978961,924.0102765400547,272949
2009-07-06,913.359130859375,945.0485386124636,872.7791051996472,931.9766794050696,801787
2009-07-07,950.8143920898438,977.0901739249049,897.8666463093721,905.5248776640257,719619
2009-07-08,970.2680053710938,975.6816337868033,929.9960514171563,933.0769659272936,850417
2009-07-09,967.5393676757812,989.4138426165371,959.5729587906367,975.3296598034902,485334
2009-07-10,971.4563598632812,981.4913602842969,940.7792747119662,963.8861340908566,659226
2009-07-13,939.23876953125,963.7980803096528,915.8238413785815,959.4847786214268,319362
2009-07-14,955.743896484375,963.8863151281516,940.4273253285663,945.6649455771094,828890
2009-07-15,976.6057739257812,983.9119850810035,937.7862753610007,955.0834299377221,488421
2009-07-16,1005.2584228515625,1014.4131620285311,956.2279105328689,981.5793719608891,657947
2009-07-17,1039.98486328125,1050.724117610401,1010.5401603027266,1020.2230364031882,1156812
2009-07-20,1064.8961181640625,1073.830791937822,1042.2293894657987,1045.7504347004804,691039
2009-07-21,1091.568115234375,1099.0062805594139,1038.70837890277,1038.70837890277,591621
2009-07-22,1068.9014892578125,1100.2827230343448,1057.1939693468116,1092.4044262775965,542016
2009-07-23,1140.642822265625,1148.7411845699664,1073.9189618201985,1073.9189618201985,1811332
2009-07-24,1213.22021484375,1232.2778947066206,1141.7869842584394,1145.2200250402457,1721907
2009-07-27,1205.8701171875,1227.084395504241,1188.088772378654,1221.8028270874365,673482
2009-07-28,1222.727294921875,1248.2108226855942,1183.951732378085,1205.9582701546292,972544
2009-07-29,1230.6494140625,1249.0467901756506,1198.9159496529503,1227.9645739837488,675425
2009-07-30,1229.7691650390625,1247.2862799843433,1206.8383138333652,1215.6409273551255,954939
2009-07-31,1245.08544921875,1275.1904476464313,1234.1262399270088,1262.2945991835454,577930
2009-08-03,1295.656494140625,1306.3076332715614,1242.048565058068,1242.048565058068,705685
2009-08-04,1313.8338623046875,1334.3879392905005,1276.378706253471,1293.8518691207412,1168701
2009-08-05,1269.0726318359375,1333.5958260029333,1259.918000577546,1333.5958260029333,838345
2009-08-06,1201.292724609375,1270.921489341687,1181.4868425321454,1270.2172372196483,1287527
2009-08-07,1138.5299072265625,1192.7539780207376,1128.4949076181442,1188.3526718287792,1983765
2009-08-10,1099.05029296875,1173.2123077550423,1078.408100938759,1161.8128594076159,2630057
2009-08-11,1141.0830078125,1152.7024164515706,1073.9190134180344,1073.9190134180344,1467531
2009-08-12,1135.625244140625,1143.3715876705905,1105.432341702459,1119.692533821501,917422
2009-08-13,1208.6868896484375,1219.954278389605,1145.2200651023898,1170.747645339107,1546332
2009-08-14,1187.69287109375,1219.1622208373865,1181.3109749918935,1205.9582978680285,731351
2009-08-17,1122.861572265625,1170.7478203951016,1114.0150084710087,1166.3465127996312,784965
2009-08-18,1147.8411865234375,1164.259071516549,1117.6975354873618,1129.834428765112,770068
2009-08-19,1149.1212158203125,1173.9687719033395,1125.4653683744714,1154.5497395861414,785510
2009-08-20,1209.71728515625,1213.689359423454,1161.8759004154679,1165.141785046516,1169291
2009-08-21,1225.3406982421875,1226.9295710022411,1190.5188912872466,1205.7451755316988,883022
2009-08-24,1263.737548828125,1272.7409825059697,1231.3431170911574,1237.5660770192349,860804
2009-08-25,1251.4241943359375,1278.125363003659,1245.4660823191732,1260.4716977688017,777467
2009-08-26,1240.390625,1266.6504514321296,1227.8565660716588,1266.6504514321296,693776
2009-08-27,1249.7911376953125,1257.8235330936068,1221.280427845426,1233.9910872034122,1179483
2009-08-28,1254.64599609375,1268.4158332767238,1226.9297204277286,1257.8236342514485,543476
2009-08-31,1269.0777587890625,1287.8347766115403,1229.8425340201622,1245.598407441161,751627
2009-09-01,1359.7294921875,1377.8686777132862,1276.0511771784652,1277.2427781237188,2722272
2009-09-02,1332.23388671875,1385.7244706967995,1325.7902558243625,1363.7456359844473,1374367
2009-09-03,1330.5567626953125,1357.8316968771417,1318.8170322814708,1348.4310986434318,822449
2009-09-04,1365.157958984375,1372.925615060158,1329.3210388494736,1332.8517720203884,729249
2009-09-07,1372.21923828125,1398.832157479343,1361.8036414964392,1376.985748962155,634942
2009-09-08,1339.692626953125,1387.5781977073382,1335.5881279100206,1385.8128310435884,518411
2009-09-09,1335.5439453125,1361.097582506878,1328.9678903971687,1340.795867592703,598369
2009-09-10,1314.4036865234375,1365.5110713783026,1308.2249033950288,1342.9144003442937,549495
2009-09-11,1296.308837890625,1341.105021069575,1276.6691319648785,1341.105021069575,815499
2009-09-14,1301.4281005859375,1314.8448418061323,1283.9509305430681,1288.5409477232274,563346
2009-09-15,1324.0247802734375,1331.9689289550781,1292.248185546875,1306.0180217118361,600510
2009-09-16,1339.295166015625,1350.5051987486124,1319.743712993664,1324.0247046555023,671108
2009-09-17,1376.9417724609375,1391.5060469291907,1342.914395852947,1344.7680092353849,1076504
2009-09-18,1446.9825439453125,1456.427210635732,1359.5085567918454,1376.9857264192376,1661428
2009-09-22,1463.3564453125,1489.969367592789,1447.5123236324762,1455.1916250220775,619688
2009-09-23,1460.134521484375,1478.053033729987,1449.3658294324505,1465.077633655175,494508
2009-09-24,1443.363525390625,1461.7233790484875,1422.8853182525131,1452.0138638494939,663238
2009-09-25,1445.7469482421875,1477.6117927119576,1428.799364823078,1434.3603125190748,548328
2009-09-29,1446.18798828125,1472.3153860522004,1430.8292810495304,1454.6617243489366,683689
2009-09-30,1501.7972412109375,1533.4855901299472,1437.8909549946266,1449.3658367717476,798362
2009-10-01,1461.6793212890625,1513.801811604726,1454.3089375171396,1513.801811604726,704599
2009-10-05,1409.6893310546875,1453.7793164032134,1401.3479096715741,1453.7793164032134,766877
2009-10-06,1411.631103515625,1437.8467513800078,1392.1678959121737,1429.064096665185,895966
2009-10-07,1359.8616943359375,1425.0920033088773,1353.241570443205,1420.9434354358632,1441965
2009-10-08,1333.5137939453125,1376.985946420445,1328.4383649761346,1368.1591134305704,2200461
2009-10-09,1306.635986328125,1345.9594583067433,1298.7359070247617,1340.0013466963999,1152078
2009-10-12,1337.8387451171875,1350.4169800730374,1307.2537522536072,1314.3152174919792,1137216
2009-10-13,1337.8387451171875,1337.8387451171875,1337.8387451171875,1337.8387451171875,0
2009-10-14,1341.325439453125,1367.2763484427883,1334.6170683315015,1348.0338105747487,1068818
2009-10-15,1347.018798828125,1366.3936528079012,1334.7935497788553,1351.476284531626,601444
2009-10-16,1337.3973388671875,1371.6013094615482,1332.4101577338708,1349.6224784200654,662633
2009-10-20,1367.0556640625,1383.87082283645,1337.2651047972154,1348.2986452658392,832580
2009-10-21,1330.38037109375,1376.015167307774,1319.8765248829347,1368.159263535008,485369
2009-10-22,1316.1689453125,1336.7355077120415,1290.6593783650421,1324.9075308567083,1079433
2009-10-23,1340.6192626953125,1355.7131235888617,1319.611359820479,1324.0247757396112,821446
2009-10-26,1339.51611328125,1368.159143870905,1320.8031622767135,1343.444010949366,880439
2009-10-27,1305.5328369140625,1349.1814849701784,1293.4400105083741,1324.025009784277,572325
2009-10-28,1249.3499755859375,1306.2830489470548,1240.6996360685084,1301.9578791883403,804616
2009-10-29,1217.3524169921875,1248.0256546687422,1207.5104788928516,1235.75633804824,1393710
2009-10-30,1238.6695556640625,1276.2718438378556,1215.101846187592,1256.8528106472234,1057456
2009-11-03,1260.295166015625,1268.2833846426154,1232.2257960432394,1238.4045786881554,1116648
2009-11-04,1290.747802734375,1297.54442088687,1249.9677705711333,1266.4740125477158,581771
2009-11-05,1311.40234375,1318.5962331418593,1249.9676166125673,1287.8347461895444,786363
2009-11-06,1298.647705078125,1340.795829406064,1289.6884487234543,1326.6728976940844,754054
2009-11-09,1310.12255859375,1318.5522263757264,1277.3308556884633,1300.1923724497854,661927
2009-11-10,1275.962890625,1324.9076366333709,1269.7399302445729,1319.699783600383,895514
2009-11-11,1281.1705322265625,1290.4828834111363,1251.6448212564922,1266.9593537607693,1103314
2009-11-12,1256.1466064453125,1306.2388846680146,1249.879576446631,1288.7176423814135,1257254
2009-11-13,1304.9146728515625,1310.2990187625983,1226.9296345371588,1256.0581798175374,1197470
2009-11-16,1375.529052734375,1384.046965365745,1257.823294417211,1257.823294417211,1571350
2009-11-17,1373.7640380859375,1383.6059777551,1356.7723857275414,1371.6897540232378,1081025
2009-11-18,1376.3236083984375,1390.932056641051,1342.781650970738,1368.1587898140633,747709
2009-11-19,1368.6444091796875,1389.872874409261,1348.8281076989217,1368.1588903446407,906248
2009-11-20,1361.8037109375,1367.717645394457,1341.7667372523845,1351.6086766765163,711990
2009-11-23,1377.2064208984375,1383.252779084594,1362.9069965932638,1374.9555357071551,574180
2009-11-24,1411.9842529296875,1429.0641519106696,1375.661816400728,1375.661816400728,1145376
2009-11-25,1431.667724609375,1446.7175136565672,1412.2928748325246,1412.513545594217,745040
2009-11-26,1394.10986328125,1443.7166158667465,1377.2947052739357,1429.9467795395815,577689
2009-11-27,1383.3411865234375,1398.0378846131553,1287.6584056408196,1338.1478459091254,613056
2009-11-30,1374.646728515625,1493.7648969449926,1366.3936617339762,1493.7648969449926,338523
2009-12-01,1400.994873046875,1418.472045266922,1381.3993471330011,1381.3993471330011,956327
2009-12-02,1423.7239990234375,1445.526341388115,1409.6452433558163,1409.6452433558163,844833
2009-12-03,1450.2484130859375,1458.104314658013,1423.2383302898484,1432.5947501147148,745292
2009-12-04,1405.1875,1443.1870554779473,1397.287528331248,1439.6563226205087,685680
2009-12-07,1392.4327392578125,1424.297581027871,1385.8126152993761,1403.46627918854,326349
2009-12-08,1384.4444580078125,1405.0992669757948,1379.722124314669,1391.9914426641924,382303
2009-12-09,1422.0909423828125,1443.7166817015084,1368.159018121581,1388.4607325840302,1657099
2009-12-10,1403.422119140625,1437.228929002746,1396.8461723610292,1425.5333765327407,541050
2009-12-11,1405.0111083984375,1425.533494621314,1398.2585597687676,1405.2317792180384,529544
2009-12-14,1420.6343994140625,1434.3601659479755,1400.3768635547465,1407.8796705766283,497722
2009-12-15,1393.6246337890625,1429.0643930669535,1378.9721112222658,1429.0643930669535,639343
2009-12-16,1385.7686767578125,1404.3050270345789,1374.6028186239726,1404.3050270345789,444169
2009-12-17,1372.0867919921875,1389.3432908325974,1368.1588950384535,1389.3432908325974,311706
2009-12-18,1367.0999755859375,1376.985985716954,1354.12446607087,1359.3323192334035,635325
2009-12-21,1342.781982421875,1378.7513272262736,1337.0445409193328,1370.807177453523,480999
2009-12-22,1351.6085205078125,1359.3319977678573,1344.3263848054848,1348.7398003826531,230855
2009-12-23,1375.529052734375,1380.5162333112407,1354.0357429024573,1354.0357429024573,343060
2009-12-24,1382.23779296875,1389.343436234776,1369.1299682492017,1381.311040205412,477680
2009-12-29,1383.297119140625,1391.991527869443,1376.0149821051634,1390.1379145375738,366468
2009-12-30,1386.1656494140625,1388.460604069254,1372.7047312881527,1383.296929157721,501393
2009-12-31,1377.0743408203125,1390.3587689939106,1360.6564512490631,1390.3587689939106,664244
2010-01-04,1369.438720703125,1400.5533015301266,1364.7605646894187,1381.3991204044728,534231
2010-01-05,1338.0155029296875,1383.6502956959757,1332.851827004094,1380.0753851131794,1407407
2010-01-06,1290.1739501953125,1344.1500506537361,1288.7175013322797,1339.9131280975346,1571353
2010-01-07,1282.8035888671875,1310.7846043243783,1279.8906910911437,1295.7789893253787,901165
2010-01-08,1265.017578125,1292.0718425029402,1254.3812013848365,1287.8349196128058,1294429
2010-01-11,1284.083740234375,1290.7038660647636,1269.298792546507,1272.8295263227144,478942
2010-01-12,1271.946533203125,1290.4828810152455,1266.6504338282334,1284.0834276039182,767986
2010-01-13,1261.1336669921875,1279.4493440456174,1245.2895460866985,1268.4158036519848,612474
2010-01-14,1248.864501953125,1273.9327303570844,1245.4661926442725,1270.1813261623727,480493
2010-01-15,1247.62841796875,1273.6235006087481,1242.9502620632525,1244.5832042920526,723389
2010-01-18,1261.6632080078125,1277.2425880085248,1241.9352600746333,1243.700626471328,916180
2010-01-19,1252.79248046875,1279.890815320946,1247.3197792294445,1266.6505655072813,1009858
2010-01-20,1287.26123046875,1293.1310962439072,1254.2930291894827,1261.178002357994,1376326
2010-01-21,1282.318115234375,1306.3712342432457,1271.0639035880229,1275.4773199199255,1220211
2010-01-22,1274.991943359375,1286.0696626888987,1240.1701277130421,1271.0640454852532,650256
2010-01-25,1276.5364990234375,1301.9578202404437,1246.3487743589874,1246.3487743589874,851324
2010-01-27,1209.099365234375,1277.2424581170874,1191.8870446170404,1263.1195283797872,1180230
2010-01-28,1216.602294921875,1234.8737940209905,1202.2586929541544,1215.4547636646919,835498
2010-01-29,1226.444091796875,1234.87375919997,1175.7339866006862,1213.1597746910106,468949
2010-02-01,1234.829833984375,1253.1455135651292,1213.9102816111904,1226.047177718919,584347
2010-02-02,1212.409423828125,1251.865315582252,1200.4490246373084,1251.865315582252,573306
2010-02-03,1215.675537109375,1222.428085694211,1200.6257442127535,1204.8626670207275,594119
2010-02-04,1204.9949951171875,1222.5162351321956,1196.0357390643503,1209.275987098273,453970
2010-02-05,1199.4781494140625,1216.3815532206215,1165.3624242495289,1191.1809062864907,471270
2010-02-08,1202.2586669921875,1225.8704420291704,1189.1507355852118,1213.7776178278723,555655
2010-02-09,1194.0496826171875,1212.8067003629758,1185.002179939807,1196.035719790271,491001
2010-02-10,1177.4111328125,1208.0401965129543,1172.4239512216595,1196.0357266368144,433681
2010-02-11,1197.2275390625,1203.538746558771,1174.0571011474522,1174.0571011474522,289022
2010-02-15,1179.264892578125,1208.216948010652,1174.0570395415548,1203.980025057307,288768
2010-02-16,1198.1099853515625,1209.6731133875712,1177.4993547769752,1182.530605771835,322869
2010-02-17,1218.323486328125,1224.1933511557343,1205.1274155930016,1209.2318062718807,371999
2010-02-18,1200.14013671875,1226.9295481077688,1190.7395398542303,1226.9295481077688,323684
2010-02-19,1210.1585693359375,1218.9854006221224,1178.3819767056723,1195.1529561494233,399798
2010-02-22,1223.61962890625,1238.4045730246844,1216.6023403199542,1218.1028587128044,385247
2010-02-23,1179.0443115234375,1226.0472009777689,1163.1118335945428,1209.1437928917233,484780
2010-02-24,1205.2158203125,1225.9147009574067,1163.0676920051067,1169.555392822956,827260
2010-02-25,1235.668212890625,1242.7296783743923,1198.683765869511,1212.983190374375,794244
2010-02-26,1288.673583984375,1315.1982631976327,1213.6896724139228,1234.6975803889354,1711733
2010-03-02,1316.1689453125,1324.9075308567083,1290.968403695689,1299.309717135959,1321957
2010-03-03,1303.2816162109375,1324.819105715811,1289.291110421202,1320.4939369126735,809671
2010-03-04,1286.2017822265625,1314.3152191933416,1281.7441891893063,1303.723021322072,413804
2010-03-05,1286.1136474609375,1301.4281800002523,1277.8604730346594,1294.8963025275982,353414
2010-03-08,1304.7381591796875,1317.2281476797857,1291.3654875028956,1300.8101543937537,515595
2010-03-09,1323.5833740234375,1332.1012879103155,1298.4269044271268,1306.3710527206986,875543
2010-03-10,1306.239013671875,1341.502280306273,1297.5446036936116,1331.0865730407934,976355
2010-03-11,1292.4246826171875,1310.7403587943675,1284.3040403757452,1297.5884654738986,554034
2010-03-12,1291.8953857421875,1312.9915402753222,1288.7177470937615,1297.5445809779653,334671
2010-03-15,1276.447998046875,1292.95423652022,1258.8385134577097,1292.2480469467184,445078
2010-03-16,1287.6583251953125,1291.1890580773952,1267.9302690171423,1288.5410084158332,256298
2010-03-17,1265.3262939453125,1300.854290688458,1261.0453022230386,1293.1308131356002,648678
2010-03-18,1254.91064453125,1276.3598890866201,1243.700611150102,1274.594522711673,631915
2010-03-19,1261.6190185546875,1266.0324341268379,1254.2927056051562,1260.471487406167,286967
2010-03-22,1233.5057373046875,1256.7645285123917,1227.8124731064447,1253.4102888649543,470482
2010-03-23,1229.930908203125,1246.5252892755036,1225.164396924571,1240.1258354731237,313873
2010-03-25,1209.408447265625,1233.8587295990778,1200.449190945085,1226.929687804168,656336
2010-03-26,1232.97607421875,1247.2314302330815,1207.5548613095111,1211.041417041605,576501
2010-03-29,1259.9864501953125,1269.1223101211665,1233.2852757778712,1244.4071734703118,628028
2010-03-30,1242.509033203125,1276.3599125141818,1235.7564851451277,1235.7564851451277,354798
2010-03-31,1251.6005859375,1256.4995207408915,1190.7396230976203,1228.2978359251865,320921
2010-04-01,1229.7100830078125,1261.3542531840667,1223.619547569218,1257.823520494958,477130
2010-04-05,1233.4173583984375,1243.7006393152635,1223.6637736056211,1235.3151488443657,409185
2010-04-06,1215.1456298828125,1244.583087748837,1212.1444859936812,1244.583087748837,343707
2010-04-07,1238.3162841796875,1241.9352637537495,1207.5106189162254,1226.6648012773385,634823
2010-04-08,1221.721923828125,1246.3488092433713,1101.3239011586961,1101.3239011586961,410233
2010-04-09,1216.028564453125,1234.8738297257178,1209.4966870490814,1232.2257800551122,441989
2010-04-12,1210.6444091796875,1243.5243644394131,1203.5387650103623,1233.991341022726,401803
2010-04-13,1203.3621826171875,1215.2784071337908,1194.094007993163,1213.6895340984734,309664
2010-04-15,1195.9034423828125,1217.1320187575443,1191.6224499458551,1210.1587991672352,296630
2010-04-16,1192.6378173828125,1201.9500635395207,1187.209292377072,1192.2847224374202,220122
2010-04-19,1175.9989013671875,1193.9173061484678,1168.8490810597457,1193.9173061484678,239032
2010-04-20,1193.6966552734375,1205.7894802828177,1175.734072931315,1182.7955388348064,379984
2010-04-21,1215.8519287109375,1218.1028139669463,1191.622318011143,1191.622318011143,314739
2010-04-22,1217.529052734375,1235.5799888590757,1204.4212287388045,1213.6894023568018,483673
2010-04-23,1201.640869140625,1225.7822354486646,1196.080029091745,1218.1029339647437,268925
2010-04-26,1177.234375,1222.8691546648283,1171.3646187459212,1209.275813748722,1940724
2010-04-27,1132.7474365234375,1178.5145406254026,1129.8345387534464,1173.086017190102,2351290
2010-04-28,1121.3167724609375,1136.7196615727441,1107.7676045842359,1125.4212715895624,1214131
2010-04-29,1138.1318359375,1142.8099926437126,1122.773125407978,1123.7440554602542,815734
2010-04-30,1129.569580078125,1147.488091061385,1125.509259151943,1147.488091061385,441044
2010-05-03,1131.114501953125,1142.412891595233,1115.137955345488,1125.4212376155474,599874
2010-05-04,1116.903076171875,1145.2371830740967,1109.9740351563664,1136.895870601511,457051
2010-05-05,1132.0853271484375,1138.6612735743552,1089.0545232052207,1101.3237328992466,550720
2010-05-06,1128.5103759765625,1137.7785487945164,1116.8148245634304,1133.3651331669193,394583
2010-05-07,1128.951904296875,1136.8960537407154,1103.354089422278,1113.0636054091942,488321
2010-05-10,1143.4716796875,1147.3996837916904,1126.9213729969592,1139.720276837644,563998
2010-05-11,1119.3306884765625,1147.488307731553,1116.5943917541651,1147.488307731553,395084
2010-05-12,1116.8148193359375,1135.8366837016067,1113.946099191427,1121.0075641625297,589711
2010-05-13,1126.1273193359375,1134.7775504278716,1121.3166310340782,1125.4211296450203,662614
2010-05-14,1111.739501953125,1130.71719095034,1100.617715067431,1120.1249924402666,443386
2010-05-17,1095.8511962890625,1107.5909259862062,1091.9232991363222,1103.3540035129506,322917
2010-05-18,1096.68994140625,1105.516775359375,1090.9966766062596,1095.674941701191,462417
2010-05-19,1082.875732421875,1106.884671022113,1077.7561270478468,1089.8488431131577,496232
2010-05-20,1066.5904541015625,1093.9095697061737,1057.9842910382104,1093.4682280106172,485640
2010-05-21,1093.247314453125,1098.9405779620788,1032.739338325809,1038.0354374967105,744951
2010-05-24,1073.0338134765625,1111.2981072148157,1063.6332161984535,1107.6791277801221,263273
2010-05-25,1058.1165771484375,1068.9294472798813,1039.4478043103863,1060.2791080749569,457431
2010-05-26,1059.837890625,1080.404456466331,1045.2295453445001,1054.8066384618185,584220
2010-05-27,1092.8941650390625,1102.2505848904532,1051.2756329165404,1063.6331970314284,982229
2010-05-28,1081.46337890625,1098.764055271725,1073.5192303606623,1097.1751824628434,330714
2010-05-31,1091.7464599609375,1094.5269329938242,1080.9777703328514,1090.9962009519088,233634
2010-06-01,1109.53271484375,1144.8400406939886,1086.6271302981706,1090.1136856261187,1452405
2010-06-02,1128.289794921875,1135.1305896886613,1113.0635097958025,1113.0635097958025,785644
2010-06-03,1144.66357421875,1156.3149489249472,1136.0132360812268,1136.895919248345,686347
2010-06-04,1174.0126953125,1178.381933539346,1138.661194206559,1151.0187575545372,883335
2010-06-07,1161.1256103515625,1164.9653685967944,1130.540722669848,1131.6881462177623,464373
2010-06-08,1142.5009765625,1180.588778132122,1135.5719350033455,1165.0535753865838,608641
2010-06-09,1150.1361083984375,1162.9350136722499,1138.7054050640015,1143.648408999179,403149
2010-06-10,1188.22412109375,1191.4459366215237,1143.9575329709537,1161.6111986032215,910604
2010-06-11,1197.4921875,1203.9798874845833,1182.7954906373473,1188.9742730511243,733725
2010-06-14,1196.432861328125,1206.627895055461,1186.3261821174394,1203.979845541806,245161
2010-06-15,1185.355224609375,1200.3166609137807,1175.8222034821767,1196.0356691828233,316340
2010-06-16,1204.3770751953125,1209.1877633890338,1176.263636216999,1190.739662560051,616333
2010-06-17,1217.882080078125,1224.281532935937,1197.3596967754859,1208.3932361855068,428095
2010-06-18,1192.6378173828125,1220.7512649498071,1188.9746593545844,1213.424948893351,557649
2010-06-21,1214.7928466796875,1220.7509587342472,1199.2576427243494,1202.2146101200613,312694
2010-06-22,1208.4373779296875,1218.1027150690604,1200.4490525318276,1207.0691759832898,235521
2010-06-23,1242.2442626953125,1248.1141279160893,1200.4492319419246,1204.8626482358286,860773
2010-06-24,1224.2374267578125,1250.673853368768,1210.158672752976,1244.583317710938,1361910
2010-06-25,1232.9320068359375,1255.0873348635005,1214.5721521341418,1219.8682516347267,1336002
2010-06-28,1231.1224365234375,1239.110762864314,1218.4117764462642,1233.9911570243883,292395
2010-06-29,1226.0028076171875,1244.4950856096643,1218.3235067511973,1226.9296680921314,362725
2010-06-30,1256.7200927734375,1265.7234175025005,1209.2758750480136,1209.2758750480136,735102
2010-07-01,1236.5509033203125,1257.2057115312186,1218.1028030860114,1257.2057115312186,637323
2010-07-02,1249.7911376953125,1258.5297227382662,1218.9854731244006,1235.7564535656488,580326
2010-07-05,1232.314208984375,1249.7913824935588,1228.8717223538467,1249.7913824935588,196977
2010-07-06,1229.00390625,1232.225721412458,1222.5162064156548,1232.225721412458,261295
2010-07-07,1218.1029052734375,1244.406909660995,1211.2621099720832,1228.6951044497282,350245
2010-07-08,1238.7574462890625,1243.6122031909192,1225.0758586565578,1228.8713312210973,419025
2010-07-09,1257.1617431640625,1262.0165015192686,1231.3432555477389,1235.75667223429,615302
2010-07-12,1244.009765625,1266.6506152452992,1240.8763043623806,1266.6506152452992,271217
2010-07-13,1243.788818359375,1249.7911069430525,1227.856451981867,1249.040847807445,284452
2010-07-14,1230.1072998046875,1256.455372071132,1223.928517335197,1250.7621084668674,182512
2010-07-15,1213.91015625,1248.9968159198327,1210.1587523859298,1248.9968159198327,308916
2010-07-16,1212.8948974609375,1220.485951017302,1203.979819176739,1211.8357207784338,184121
2010-07-19,1203.3621826171875,1225.076170186446,1178.3822021974267,1178.3822021974267,220018
2010-07-20,1199.125244140625,1231.3431840825704,1192.593366273743,1231.3431840825704,141510
2010-07-21,1202.5677490234375,1218.0147067677028,1199.6548510347484,1208.3934372513895,293180
2010-07-22,1195.285888671875,1218.1032357038282,1187.4299839351993,1218.014988903305,514174
2010-07-23,1198.860107421875,1211.6590119886278,1188.356265045921,1204.8623954219047,736077
2010-07-26,1051.6728515625,1162.935111601439,994.6515386080541,1149.5183701119508,6485230
2010-07-27,1065.840087890625,1094.4390484447804,1043.3316636743011,1050.3931300951087,4499525
2010-07-28,1061.5146484375,1080.1392398401676,1059.2196939837484,1068.0465247669463,848412
2010-07-29,1057.233642578125,1071.9744066844228,1050.4810955715786,1063.6330948082993,1600687
2010-07-30,1057.984130859375,1070.6065445410327,1052.6439618013053,1058.3372257122492,553516
2010-08-02,1067.9586181640625,1075.5496735055567,1061.161891646538,1068.929548309585,660849
2010-08-03,1070.8712158203125,1080.4042374861324,1068.090849938078,1079.9187186260583,461037
2010-08-04,1071.224365234375,1077.756242801236,1064.8690889662732,1071.5774600824739,581630
2010-08-05,1081.948974609375,1095.365716673028,1074.6668379252817,1075.1081795424996,875377
2010-08-06,1078.109375,1090.5993649069496,1075.549571949374,1085.7004296247271,358993
2010-08-09,1087.5538330078125,1089.230952458561,1073.1219857791698,1073.9604916298429,365489
2010-08-10,1083.2728271484375,1092.717493154799,1078.6387409047795,1085.7002056570202,291160
2010-08-11,1072.636474609375,1090.0253965655263,1068.9734258940746,1083.0521784308016,668240
2010-08-12,1082.1695556640625,1088.0834897445184,1062.3091845364595,1067.163941923207,334170
2010-08-13,1102.6036376953125,1107.2377240618525,1079.080111065757,1085.7002344465284,683945
2010-08-16,1109.1356201171875,1122.5965389421572,1098.9405860385102,1102.4713188450598,537805
2010-08-17,1106.48779296875,1118.359841317851,1099.3379713985032,1112.1810576641612,311850
2010-08-18,1107.193603515625,1115.8439416093233,1104.2366364706413,1111.1656777475337,182885
2010-08-19,1104.810546875,1119.1099728842203,1103.3982751795525,1113.7698036999616,202683
2010-08-20,1094.2623291015625,1109.5327916891747,1092.7618107487656,1101.588642822665,152662
2010-08-23,1099.0286865234375,1105.7812336670536,1090.996292007566,1094.8801191276993,148100
2010-08-24,1093.6629638671875,1113.1316372419526,1086.5229128457306,1113.1316372419526,215635
2010-08-25,1082.13232421875,1101.6009941318605,1078.6287778334945,1096.6340547819548,198994
2010-08-26,1088.4739990234375,1095.1705702161953,1075.524443576915,1085.3253654445111,962065
2010-08-27,1080.9349365234375,1104.261959375335,1073.2628416555542,1080.314109653942,209560
2010-08-30,1095.702880859375,1106.745566242442,1083.8620203761132,1083.8620203761132,322578
2010-08-31,1115.348876953125,1121.5131872787153,1089.1836349092944,1094.815792474666,478908
2010-09-01,1128.875,1136.3254636106265,1119.3402082105677,1119.3402082105677,688890
2010-09-02,1132.37841796875,1145.9045177059456,1129.5401977258034,1131.7575911253437,480517
2010-09-03,1128.2984619140625,1138.8532763946948,1076.4558463399194,1132.644574732107,209238
2010-09-06,1155.306640625,1164.5753040394584,1132.9552446175078,1135.3057038617721,446653
2010-09-07,1166.7037353515625,1178.5445944772139,1156.991487277275,1157.4793571347238,441540
2010-09-08,1159.6968994140625,1185.7734708524458,1155.7055907736317,1170.5177373085378,372456
2010-09-09,1166.171630859375,1171.670723421623,1159.696798541841,1163.6881068351017,244342
2010-09-13,1178.0123291015625,1182.3140502407814,1165.5949272235648,1175.2183920247826,235561
2010-09-14,1194.288330078125,1213.269243127588,1179.7865959233925,1179.7865959233925,1528650
2010-09-15,1213.934326171875,1224.0012714969816,1196.2394602190523,1196.505590760455,1032922
2010-09-16,1239.3455810546875,1246.5299141243827,1205.2863962647968,1206.2620277212209,1238076
2010-09-17,1231.4075927734375,1254.3354256464831,1225.7754335283241,1241.7406707233386,322006
2010-09-20,1240.7646484375,1246.1750665740879,1224.0011330051539,1232.8707064327275,542217
2010-09-21,1253.359375,1257.6168134708298,1230.2984845371807,1241.7846468650105,582679
2010-09-22,1298.3726806640625,1303.827490800217,1259.7013563326586,1259.7013563326586,1288474
2010-09-23,1293.716064453125,1303.8274006429572,1281.1655953709335,1299.3926135659403,494100
2010-09-24,1314.2490234375,1317.1316347593638,1295.0463755930055,1299.3924881632781,609319
2010-09-27,1311.898681640625,1326.0013260941205,1305.6013056926724,1325.114368685362,371002
2010-09-28,1302.1422119140625,1316.7770098528113,1287.862218609882,1287.862218609882,405994
2010-09-29,1268.393310546875,1314.4263070876557,1264.0914810915158,1287.861979672163,413917
2010-09-30,1278.0169677734375,1327.996996722172,1233.181226896557,1277.2186844414277,457480
2010-10-01,1312.6524658203125,1323.1629968665625,1286.97509425714,1291.409880936179,736838
2010-10-04,1312.830078125,1328.6622467947213,1308.5283561898123,1321.5665872657776,246301
2010-10-05,1333.4072265625,1351.7229163417019,1311.1002289594544,1318.0185391625782,620564
2010-10-06,1345.2479248046875,1356.15754153425,1336.6444833826781,1339.3053549488016,361329
2010-10-07,1321.6551513671875,1352.0778323742197,1317.131690448164,1347.3326321133698,288753
2010-10-08,1327.95263671875,1336.644862944843,1305.867483065398,1323.3405013362346,208208
2010-10-11,1345.73583984375,1353.7184548106927,1326.0010417310307,1337.6201596397962,307964
2010-10-12,1348.2196044921875,1356.1578297094902,1333.3186772470838,1348.130822137538,355625
2010-10-13,1382.234375,1389.6848384972154,1346.4012759104692,1352.6099774462882,1201084
2010-10-14,1381.3475341796875,1396.4258106102336,1367.111824005909,1383.6979930422128,647855
2010-10-15,1347.19970703125,1384.1415068775664,1314.3378898448302,1379.2188496683511,597943
2010-10-18,1322.9412841796875,1348.1751775832247,1315.0029509016158,1343.740390814859,388544
2010-10-19,1325.8682861328125,1343.7404999146238,1313.6283386210448,1326.045742580652,243570
2010-10-20,1322.1873779296875,1337.5317845489622,1317.13176396234,1321.5665510463882,151275
2010-10-21,1342.543212890625,1347.2884137601663,1313.85016003193,1330.436221619651,208642
2010-10-22,1333.3631591796875,1352.6100922660871,1326.001369139541,1343.740517890572,133665
2010-10-25,1336.64453125,1353.4080443711334,1330.6131788423381,1334.7819427412396,151666
2010-10-26,1389.6849365234375,1405.827518346775,1340.1926689097645,1346.3569797038265,2316413
2010-10-27,1353.1419677734375,1392.5228915845817,1336.8219326127387,1389.9950850598204,794179
2010-10-28,1361.30224609375,1373.8969977289578,1343.740446455372,1356.7786767857795,665095
2010-10-29,1376.202880859375,1382.7663863229639,1344.671614818999,1361.302063660279,236775
2010-11-01,1337.7978515625,1383.6535045258195,1314.9143079868766,1383.6535045258195,875788
2010-11-02,1324.5823974609375,1351.7232762350425,1319.792805142876,1339.1728055265237,345655
2010-11-03,1326.9769287109375,1338.063896079138,1318.9056381211208,1328.263081888348,235501
2010-11-04,1337.1768798828125,1342.853428579919,1326.932587447822,1331.3229830240807,352793
2010-11-08,1320.3248291015625,1347.2883570455836,1318.0187614020651,1343.7405272706114,228488
2010-11-09,1305.5567626953125,1335.7577022600528,1300.27941003535,1321.5663853701717,382790
2010-11-10,1308.3509521484375,1310.9231504849504,1295.0023070875989,1308.262278055008,209770
2010-11-11,1304.18212890625,1319.349078167421,1299.5698856534882,1317.1316847587364,217656
2010-11-12,1290.0797119140625,1302.9405959448318,1280.8110491451876,1297.6188508286514,213197
2010-11-15,1274.46923828125,1294.2040424220747,1263.0274650127835,1287.862274718091,133347
2010-11-16,1242.31689453125,1285.5116762748028,1228.9238595471775,1281.6090420902024,382476
2010-11-18,1268.6593017578125,1275.1784159983483,1221.0740228581137,1250.4766778336352,359749
2010-11-19,1246.5299072265625,1271.8081922264282,1239.1681177602416,1271.8081922264282,235528
2010-11-22,1260.3221435546875,1266.575236877151,1237.3056410669647,1250.6100027988675,145576
2010-11-23,1278.5491943359375,1289.5030974476051,1238.9909127869935,1255.04482135647,331033
2010-11-24,1255.97607421875,1301.1665106072421,1244.5343020622443,1277.2186607187652,202980
2010-11-25,1224.0899658203125,1266.4865756104018,1216.3290880647858,1256.0648254815517,407030
2010-11-26,1212.4708251953125,1232.7821723045379,1184.9751444483813,1229.323016620851,199109
2010-11-29,1247.1065673828125,1257.173512798201,1210.9630512517863,1215.131707963337,143095
2010-11-30,1261.25341796875,1267.2403803958168,1220.8524652450396,1247.1064908014068,215559
2010-12-01,1254.246337890625,1282.9837770183403,1243.6472411124175,1259.4794077884849,414015
2010-12-02,1249.5899658203125,1274.8239699132641,1244.756091088013,1274.8239699132641,234362
2010-12-03,1242.2725830078125,1259.3022310131491,1234.0239436842412,1250.6100046933361,228411
2010-12-06,1248.9246826171875,1256.8186250639892,1233.75773286098,1256.8186250639892,129508
2010-12-07,1267.1517333984375,1283.16124978665,1249.4568679952527,1250.6099559439522,376506
2010-12-08,1256.9515380859375,1281.3871463248784,1234.7776059610442,1268.3489175439022,309194
2010-12-09,1233.8909912109375,1255.0449066762978,1226.884005060063,1247.062288895318,228112
2010-12-10,1253.4925537109375,1258.4594935290415,1211.3176857578887,1232.8707940266784,156706
2010-12-13,1261.1202392578125,1271.941183485638,1243.514158173285,1259.4793898759378,202845
2010-12-14,1254.024658203125,1272.7838282670073,1247.0620644901828,1259.523858869834,112041
2010-12-15,1237.3055419921875,1255.0002983702768,1230.7420357424405,1254.157732169859,222327
2010-12-16,1222.2274169921875,1240.8535242177577,1210.9187090338055,1239.966566730826,338077
2010-12-20,1254.911865234375,1261.2536333573214,1193.8448597039062,1224.4448951123645,325141
2010-12-21,1262.4066162109375,1290.3457766454403,1243.9578574409543,1256.4639361716868,610373
2010-12-22,1236.5074462890625,1269.2362001483827,1227.7265452627307,1263.9588462584743,297205
2010-12-23,1234.9549560546875,1241.6958097770416,1228.5245157283402,1233.0923674074934,346689
2010-12-24,1234.2010498046875,1240.3653595656788,1213.357553814454,1233.7575711665975,208168
2010-12-27,1236.72900390625,1248.6586456565478,1229.9437582798882,1239.9664200047011,149330
2010-12-28,1237.48291015625,1247.0620932994489,1229.3673366354233,1241.7403489468197,193304
2010-12-29,1257.616943359375,1263.0273619494471,1229.6333935414234,1236.5073135239434,228653
2010-12-30,1259.87841796875,1276.7749973660073,1253.2706295784426,1261.2532450534645,231775
2010-12-31,1260.8983154296875,1268.7922560484958,1255.0444196495082,1260.188814642747,153415
2011-01-03,1264.8458251953125,1286.0884146670294,1258.1492525552974,1268.349264119898,300162
2011-01-04,1267.240478515625,1289.1040016889572,1245.3326724317337,1265.6883029513888,540328
2011-01-05,1252.7830810546875,1272.7840160438484,1247.372661943859,1266.5753135265613,275096
2011-01-06,1218.5909423828125,1263.9144494055035,1211.8500869735526,1255.089265505846,353272
2011-01-07,1189.0106201171875,1213.0914235531225,1186.3497482881426,1210.696682215443,493731
2011-01-10,1176.1055908203125,1197.3925698396847,1169.187279330547,1196.505612380544,254474
2011-01-11,1169.4090576171875,1180.2742868532898,1158.3220890089196,1175.2186724763908,394195
2011-01-12,1168.699462890625,1178.6777338380764,1148.5211816413344,1174.3316208378415,316610
2011-01-13,1166.8367919921875,1175.2184956907247,1154.4636719239165,1170.7837089145332,263445
2011-01-14,1126.169677734375,1169.8967173785177,1120.4932374436273,1167.2358453905451,468849
2011-01-17,1126.0810546875,1135.3054329847337,1113.1314987467506,1126.4358592895403,206244
2011-01-18,1133.1767578125,1139.7846554356788,1124.7063795661309,1131.7576476201878,210065
2011-01-19,1128.8306884765625,1138.8533508383593,1123.331595667276,1138.8533508383593,233334
2011-01-20,1116.9012451171875,1124.6621233342019,1104.350774689151,1124.2630357629419,186731
2011-01-21,1107.499267578125,1124.3957393830206,1098.2304987192997,1121.1140406421348,361853
2011-01-24,1146.3924560546875,1153.0002454716416,1113.1315530743775,1125.5489568536932,285343
2011-01-25,1142.5341796875,1157.4793900038142,1131.8020169593221,1157.4793900038142,237024
2011-01-27,1126.169677734375,1152.8671799639578,1120.3157810150674,1152.8671799639578,188751
2011-01-28,1090.3809814453125,1128.2097335523817,1082.0879519920643,1128.2097335523817,609439
2011-01-31,1111.224365234375,1121.5130476452032,1020.2669645184701,1063.4617391383142,1056178
2011-02-01,1101.95556640625,1130.8703473590062,1094.1503003081812,1122.8877331423546,331423
2011-02-02,1079.471435546875,1107.3218084150053,1074.1053005223432,1107.3218084150053,446214
2011-02-03,1080.491455078125,1090.8689215603808,1069.0497913017014,1073.218447748954,355406
2011-02-04,1049.226318359375,1096.6342611116302,1043.0620071189712,1090.9577115274956,309323
2011-02-07,1055.2574462890625,1065.2357159009573,1046.6096126254201,1065.2357159009573,155137
2011-02-08,1043.771484375,1059.0271079482002,1037.8288049874666,1059.0271079482002,214476
2011-02-09,1023.548828125,1054.5923367769713,1015.566211614493,1041.2879759261264,178835
2011-02-10,1028.8707275390625,1042.0420251123735,1018.3159113523133,1026.653333729711,268346
2011-02-11,1047.8070068359375,1052.6409891857493,1015.5661299540724,1015.5661299540724,306097
2011-02-14,1085.724365234375,1089.1835202182885,1058.1400159775392,1064.348716825689,258845
2011-02-15,1096.9002685546875,1101.6011864915033,1074.9924621801144,1086.5229093817163,215206
2011-02-16,1089.13916015625,1099.8270388014514,1082.9748503036872,1099.8270388014514,94606
2011-02-17,1089.2281494140625,1099.7828565454695,1077.6533112807258,1081.1124670205531,128256
2011-02-18,1089.8045654296875,1114.018546899263,1086.5228662035008,1088.2967810870985,355711
2011-02-21,1070.8680419921875,1090.9576496335767,1047.496735135979,1090.0706921948502,203836
2011-02-22,1047.58544921875,1068.783754467824,1037.8289170202886,1068.783754467824,189502
2011-02-23,1057.696533203125,1066.6547798804268,1044.8356529251835,1044.8356529251835,339470
2011-02-24,1041.776123046875,1063.462193696597,1024.1699275517897,1044.83608354845,656061
2011-02-25,1036.54296875,1049.2707880154771,1015.2115962346176,1049.2707880154771,347521
2011-02-28,1071.6217041015625,1089.1835009265908,1027.5399721689375,1038.626937772832,376909
2011-03-01,1144.84033203125,1164.3090048088438,1069.6706879176352,1072.4202343666714,759153
2011-03-03,1172.7791748046875,1183.200922056686,1127.3670088108195,1136.3252550072448,461594
2011-03-04,1163.732421875,1189.9419463232573,1148.52108183167,1175.218476125651,455165
2011-03-07,1118.3201904296875,1144.1750196996134,1107.9428323966918,1136.1924032831043,252355
2011-03-08,1114.1513671875,1130.7818155644843,1104.7052508551433,1124.4844407666292,406646
2011-03-09,1122.8880615234375,1137.9663372310981,1117.6549912412513,1119.3402319451643,181247
2011-03-10,1127.6776123046875,1139.7402107801122,1113.4419033285021,1121.7793241899976,220927
2011-03-11,1109.45068359375,1133.9750782744118,1099.8272170983735,1114.462014745247,252688
2011-03-14,1114.9053955078125,1122.8880117047659,1080.3584498305736,1101.8227745183613,555011
2011-03-15,1076.8994140625,1090.8689939582544,1064.3489444384288,1082.0880935124028,447418
2011-03-16,1081.4229736328125,1089.9821354925498,1076.8551206771947,1081.9108435851226,233465
2011-03-17,1033.3941650390625,1076.6777344917562,1024.4803070970688,1068.9611392533368,1136194
2011-03-18,1025.5003662109375,1065.2361112548158,1017.4290734501733,1049.8917009815516,1087299
2011-03-21,1000.6652221679688,1034.192252743769,995.1661299987211,1029.9348142267547,524674
2011-03-22,1039.4698486328125,1045.722942615962,1004.9672868462309,1007.6281594737524,879108
2011-03-23,1043.0174560546875,1047.4966339962434,1026.2983316032219,1037.740103112282,458496
2011-03-24,1035.212158203125,1050.1573659545836,1026.9191297123582,1037.7399646679585,569659
2011-03-25,1048.6497802734375,1051.044521951696,1030.2010229931602,1040.4010331218053,504995
2011-03-28,1065.8568115234375,1073.5290157476131,1046.6098765928718,1055.3021036222008,604130
2011-03-29,1098.0089111328125,1108.6081174223646,1069.6706644502483,1073.2184941830849,593159
2011-03-30,1125.5489501953125,1149.3194520264228,1098.8071627031052,1105.1489298214021,934495
2011-03-31,1119.473388671875,1140.6273026064137,1109.5837912602049,1125.5490256668265,851042
2011-04-01,1127.41162109375,1146.303858557308,1110.1603415704617,1110.1603415704617,373301
2011-04-04,1153.355224609375,1157.3909247567765,1116.3247470214135,1140.6274054639175,406624
2011-04-05,1162.668212890625,1172.5578106330288,1137.78912007099,1153.3551591753096,327406
2011-04-06,1150.8272705078125,1177.9681463314505,1142.4455660657616,1176.9925148083755,477877
2011-04-07,1133.7532958984375,1139.7402583449968,1124.6619825536623,1134.9063838262416,378375
2011-04-08,1112.111572265625,1139.2968396459382,1108.6968077519834,1130.870743907023,274026
2011-04-11,1097.698486328125,1112.3332838246577,1091.844588983746,1108.6967800403593,161328
2011-04-13,1133.6646728515625,1137.2125026092508,1076.7663314584017,1076.7663314584017,486624
2011-04-15,1115.082763671875,1138.853264526533,1113.131500763862,1126.879340016324,199832
2011-04-18,1119.650634765625,1137.0793690579142,1109.1402113938545,1114.018477017738,472622
2011-04-19,1112.8656005859375,1123.9969612060202,1099.8273678401774,1108.6969433872757,342396
2011-04-20,1122.0010986328125,1126.5245596687196,1108.7854118642483,1115.7923969012477,370509
2011-04-21,1159.25341796875,1165.4621202838084,1123.7751190255594,1130.7821047210748,687122
2011-04-25,1176.5042724609375,1184.0877994286543,1140.8930293796743,1161.9138706004023,1325337
2011-04-26,1155.3509521484375,1175.1301500061231,1150.6057506260718,1175.1301500061231,543624
2011-04-27,1167.9453125,1179.5644304466284,1157.6565221143856,1160.9383287963988,307291
2011-04-28,1154.1531982421875,1175.4845648303615,1150.3836296792447,1171.847953246833,255730
2011-04-29,1168.699462890625,1178.4559944836885,1142.977697781639,1148.8315950832434,336437
2011-05-02,1145.59423828125,1183.2012563904746,1140.7159722316642,1170.7838519006195,541711
2011-05-03,1129.806640625,1144.1753105183818,1100.9361272720478,1144.1753105183818,660811
2011-05-04,1103.9071044921875,1125.5488856498528,1100.7140796623069,1125.1054069715037,421192
2011-05-05,1112.111572265625,1130.249917003151,1095.6585766012893,1103.375063074774,370008
2011-05-06,1129.5404052734375,1141.5143318311063,1101.9560479688957,1112.2447335790268,481365
2011-05-09,1104.705322265625,1135.2166751811467,1099.827057093035,1132.2009986929509,154135
2011-05-10,1101.4237060546875,1112.6880213521788,1094.5053952559497,1104.261926331975,186668
2011-05-11,1084.6158447265625,1104.9715822030134,1076.8993585853727,1096.6341609135184,347243
2011-05-12,1081.3785400390625,1098.0533843374733,1077.653361849782,1082.088149347106,189669
2011-05-13,1084.2611083984375,1097.1663828062044,1077.6533186010818,1081.3784966408625,146615
2011-05-16,1091.4012451171875,1098.3638401018536,1067.276043511246,1077.6534033461055,221705
2011-05-17,1073.2186279296875,1091.4012575764302,1068.7838402109699,1091.4012575764302,124996
2011-05-18,1079.072265625,1093.5297134071207,1055.4792223099505,1072.3314115737228,343937
2011-05-19,1074.7706298828125,1084.9262488084355,1069.6706248307587,1073.2184544321874,106571
2011-05-20,1084.9263916015625,1100.5369305193713,1073.218595684387,1075.2586412821772,82338
2011-05-23,1067.6749267578125,1082.0879839206905,1064.348836643302,1070.5575381903882,83639
2011-05-24,1068.3402099609375,1087.3654032682125,1060.4906584660187,1069.6706460879125,139391
2011-05-25,1065.0140380859375,1072.1983709672008,1057.4749006104178,1065.2357774234529,134930
2011-05-26,1077.9195556640625,1095.0377714455813,1060.2246875486367,1060.2246875486367,261038
2011-05-27,1083.5958251953125,1088.296742779846,1065.2358501048045,1073.2184668000111,215160
2011-05-30,1073.6173095703125,1087.4095374690173,1070.5573505098725,1086.478189091765,122594
2011-05-31,1091.0906982421875,1097.166334950452,1075.8793567460777,1082.0880587223537,419395
2011-06-01,1108.785400390625,1113.1315132119803,1082.0880048753913,1082.0880048753913,444037
2011-06-02,1086.8778076171875,1105.016046276187,1082.0882151744731,1091.8447482621118,230627
2011-06-03,1094.4166259765625,1104.1731562039274,1080.8018531771522,1090.9574708780842,219802
2011-06-06,1092.7314453125,1098.8514726263554,1073.2183837890625,1089.1836159446023,186588
2011-06-07,1099.8272705078125,1104.2620578888925,1074.061112515268,1074.061112515268,278512
2011-06-08,1085.547119140625,1096.323672565802,1080.3140491367158,1086.5227505685361,187917
2011-06-09,1077.6976318359375,1084.4827693268473,1073.2184536588943,1077.6532406574847,168516
2011-06-10,1087.986083984375,1100.713898301644,1056.410428942763,1068.9165039573925,577994
2011-06-13,1086.478515625,1096.634243675822,1071.5776950086351,1082.0881194324943,408847
2011-06-14,1084.2611083984375,1089.9820490030986,1071.6219645383014,1077.6533186010818,290861
2011-06-15,1073.2186279296875,1085.5473594419598,1068.8725143111074,1076.9438063049365,175755
2011-06-16,1058.2734375,1064.3490751497425,1050.0690800457207,1060.8012448992433,354302
2011-06-17,1033.3052978515625,1092.7314394447424,1030.023599012343,1085.6357807470492,1075331
2011-06-20,1029.53564453125,1043.9487000760553,1002.3060998258318,1043.9487000760553,523585
2011-06-21,1015.3886108398438,1037.739888200318,1007.5833444406508,1033.2607111863827,261594
2011-06-22,995.8314208984375,1019.9123359638422,990.8200899339604,1015.6992883136372,359730
2011-06-23,975.0324096679688,991.6184713817142,968.5575766984185,990.7315138938951,556227
2011-06-24,993.0374755859375,997.827067162551,963.058380664109,979.20096190885,836966
2011-06-27,1022.4400634765625,1028.1608949539796,980.9748082455676,984.433963491262,434614
2011-06-28,1026.963623046875,1041.9088338607621,1013.1271090036201,1041.9088338607621,267340
2011-06-29,1043.904541015625,1049.2706769662298,1024.6576074093296,1026.209782966972,235700
2011-06-30,1028.78173828125,1052.5965188439661,1023.5930600111172,1051.0443436529174,416028
2011-07-01,1013.92529296875,1024.4357156700946,1002.2617824304822,1023.5487583405101,447038
2011-07-04,1026.9190673828125,1032.3737674285858,1003.458984984676,1014.6790149775987,278505
2011-07-05,1034.5025634765625,1038.4938710884187,1023.1051845058248,1024.5242944469219,183263
2011-07-06,1036.764404296875,1042.0417568962957,1024.6130243866214,1024.6130243866214,179419
2011-07-07,1049.004638671875,1054.5925144792716,1027.8064400944954,1031.5316184519704,229229
2011-07-08,1050.3792724609375,1066.1227658839323,1043.9932226626108,1050.867142326172,341435
2011-07-11,1032.5513916015625,1044.835728899159,1024.4357104231992,1042.3522050805789,162944
2011-07-12,1017.7391357421875,1021.7748348654402,1011.3530863327416,1021.3313562044743,174207
2011-07-13,1033.128173828125,1035.8777205157592,1023.5489891995865,1023.5489891995865,151856
2011-07-14,1041.4654541015625,1054.0603155752754,1021.1542139507578,1021.1542139507578,368747
2011-07-15,1044.43701171875,1050.7786722243216,1030.2899724057763,1037.7848294223913,171029
2011-07-18,1041.9532470703125,1054.5479993425195,1033.305412076539,1037.740199252833,151327
2011-07-19,1031.531494140625,1042.0863092430736,1027.4957945137216,1037.296717452675,245365
2011-07-20,1031.265625,1043.8604886984037,1028.0725990874464,1036.5873709446555,255318
2011-07-21,1025.455810546875,1037.7401487734212,1017.8722815358336,1024.4801790697827,172146
2011-07-22,1030.289794921875,1035.9663444911305,1024.4358971637462,1027.9837271106337,376871
2011-07-25,1047.7183837890625,1051.0444738963295,1023.193991077249,1025.943537245024,203872
2011-07-26,1043.904541015625,1065.8567381879955,1024.2141286785748,1043.0619747356604,1430916
2011-07-27,1072.5533447265625,1078.8951124339674,1039.6915264153051,1049.182036520517,503547
2011-07-28,1051.8427734375,1086.52278517118,1045.3236583807056,1061.6879786529817,653432
2011-07-29,1070.2471923828125,1081.9107041087993,1054.5923722672521,1054.5923722672521,333021
2011-08-01,1072.86376953125,1089.9820925767256,1056.765469264236,1073.3072482809132,381542
2011-08-02,1075.1697998046875,1078.3629333076262,1058.1846509030524,1058.1846509030524,271852
2011-08-03,1075.258544921875,1083.551575309285,1060.3576166615749,1060.3576166615749,428422
2011-08-04,1064.614990234375,1078.540177840461,1058.4505714591833,1062.6193361224168,476072
2011-08-05,1057.2528076171875,1064.3484640441486,1036.6754472874504,1037.7397524430448,363463
2011-08-08,1057.0313720703125,1071.0453408486392,1031.6200235355993,1045.234796562534,356035
2011-08-09,1074.9481201171875,1079.3386247918952,1037.7402955633668,1037.784686747718,386251
2011-08-10,1133.1767578125,1138.321154064695,1078.1853987588545,1086.522820011544,819358
2011-08-11,1106.6124267578125,1137.0793919310609,1099.161962909959,1126.9237729637007,399042
2011-08-12,1105.4593505859375,1125.548957654573,1098.0532778379525,1108.164614005395,442137
2011-08-16,1086.611572265625,1113.6637750364646,1082.176784926143,1105.3263531840037,340364
2011-08-17,1051.931396484375,1091.6671282941033,1045.7226951560524,1082.0879457933706,385046
2011-08-18,1028.33837890625,1067.0096979249415,1022.3514167607859,1061.6879537956402,286994
2011-08-19,1028.0279541015625,1034.5913518380867,1005.8983033795912,1008.4705013345006,271953
2011-08-22,1037.207763671875,1041.819897769346,1019.2024893364315,1033.748608963201,209465
2011-08-23,1027.27392578125,1041.7313734207114,1022.1296382826076,1038.7156968753513,201777
2011-08-24,994.95703125,1032.7199123659814,979.6465445951048,1022.1855547611036,650647
2011-08-25,991.6537475585938,1008.9727834028452,985.047462341041,1003.4378495317525,517715
2011-08-26,967.192626953125,1007.9014687309477,935.3664870352972,997.2332903984446,341740
2011-08-29,963.6219482421875,988.2615087795288,942.7318457734258,964.1575695410037,688962
2011-08-30,974.4686279296875,981.0748047985076,949.516524677904,955.3193241815485,836549
2011-09-02,963.2198486328125,972.191911239113,952.596351109278,957.0600421617991,425137
2011-09-05,969.0677490234375,980.3609140939369,950.0970537984277,958.3548858375497,359484
2011-09-06,984.6455078125,998.7061338015302,972.1026020782226,972.1026020782226,643403
2011-09-07,1005.5803833007812,1017.6323496362953,976.0307691179621,985.0919751443051,720712
2011-09-08,1010.4905395507812,1019.5071749065114,1002.0095253987569,1015.8469695415334,469276
2011-09-09,985.0475463867188,1025.7563945581467,981.0302236926268,1014.1507956641033,355468
2011-09-12,953.6678466796875,980.2268154966504,942.7318006962321,980.2268154966504,261197
2011-09-13,959.6046752929688,978.441436629792,947.7758896767783,955.7212844520844,422726
2011-09-14,977.19140625,985.5831687941615,929.6530876464773,962.3719709783569,353955
2011-09-15,966.1660766601562,978.3072963917701,946.3026484266719,968.799611194755,781399
2011-09-16,990.44873046875,997.769251889204,950.7665459221836,956.2122292255182,1247652
2011-09-19,1018.391357421875,1025.3993322565816,978.4859934502622,986.4759587562322,1402251
2011-09-20,1031.068115234375,1037.2727121619666,996.7423692179234,1017.5877879252301,1153749
2011-09-21,1002.2774658203125,1025.2654820912082,996.6978502205804,1020.4447813945336,448621
2011-09-22,970.4957885742188,995.2247049834485,964.157368410592,990.9395175331084,569850
2011-09-23,973.8883666992188,987.5026276395283,936.125487844535,955.2301118774557,659223
2011-09-26,961.3007202148438,989.868348049141,950.7663638602058,985.5831602832557,413800
2011-09-27,987.5026245117188,991.7431320042855,966.7464562586291,966.7464562586291,290896
2011-09-28,962.5951538085938,991.5198989829565,952.551847079777,990.9395972432544,282421
2011-09-29,986.565185546875,997.0995422736579,943.6244902368602,952.8643108955586,662381
2011-09-30,966.8356323242188,989.0648390179017,960.675715918473,982.012184262826,216286
2011-10-03,962.1488037109375,982.0122329687138,958.1761614501241,967.6391666269972,421513
2011-10-04,989.0201416015625,996.2959808195839,965.8981969538388,965.9428774612811,1755670
2011-10-05,969.1122436523438,1007.9016847400366,961.4792865057744,997.188823609053,710373
2011-10-07,993.7965087890625,1004.3308672541218,979.155683772368,995.4034817674185,449114
2011-10-10,956.0779418945312,974.7361922688622,950.7661931386211,964.2465183070042,709266
2011-10-11,958.0867919921875,970.6744904126933,949.1594081347245,950.7663808198093,704061
2011-10-12,969.3798217773438,973.0847073668144,951.3465524425658,953.3105330318367,337688
2011-10-13,944.7404174804688,967.5052468173475,937.3753256361845,959.7384662813902,816403
2011-10-14,917.0655517578125,938.2680894596846,912.021557835469,937.375351030132,879193
2011-10-17,938.8037109375,951.5699140737744,901.6658140549644,920.0116323772224,1683826
2011-10-18,939.4287719726562,950.6772553351389,927.8231714129635,934.6972143075727,597663
2011-10-19,951.480712890625,958.8011248152281,939.4287434446236,950.7664785178938,585164
2011-10-20,961.8810424804688,964.0683171671357,937.3754145201875,949.6952492731995,522623
2011-10-21,977.1466674804688,997.63496614753,971.2991885176847,990.9394294619761,1422468
2011-10-24,993.082275390625,1003.9290693733241,987.6365926310431,992.7251582145999,550386
2011-10-25,1027.7650146484375,1035.576475128936,997.3672305593014,1001.6524181850571,946337
2011-10-28,1005.2233276367188,1057.894887432959,991.9661856528643,1041.8255980035974,1538204
2011-10-31,1004.5986328125,1011.5619274156561,946.3027677730918,957.0156292950513,2206582
2011-11-01,1011.9190673828125,1017.721867504549,993.3054918646155,1001.6525748597403,860761
2011-11-02,1003.4379272460938,1014.1507876793261,996.2960202906055,996.2960202906055,359122
2011-11-03,1008.3477783203125,1012.3651001462898,999.8667655765826,999.8667655765826,360567
2011-11-04,1001.8755493164062,1029.1487477582157,997.545790390737,1013.2579625521239,738188
2011-11-08,1003.572021484375,1012.3207935282692,998.0816578324096,1008.7945199916126,228195
2011-11-09,961.0326538085938,1007.9014084067834,956.6136433943532,1007.9014084067834,667891
2011-11-11,946.0795288085938,974.6918384038803,925.7697300066163,967.7284352238883,739345
2011-11-14,916.8422241210938,957.7296814068122,911.5750464130531,953.7569306289456,464462
2011-11-15,895.8629760742188,930.1441521109947,884.703746177928,920.6364664439841,598891
2011-11-16,885.0608520507812,900.773025749152,876.2227202901811,900.773025749152,606285
2011-11-17,845.5572509765625,891.8010921314399,840.0668876730189,882.0255951338391,1312556
2011-11-18,839.709716796875,847.2087411482474,809.7583543905314,843.6377875501516,1641351
2011-11-21,841.8969116210938,863.5458171627728,831.1394251259035,838.2813321087255,1261673
2011-11-22,856.6270751953125,861.4925101138477,842.432568084419,850.7796498844527,844169
2011-11-23,851.3153076171875,867.2953466068586,842.8342929051287,852.2527265182094,574204
2011-11-24,882.8737182617188,891.845728961695,849.6192103499839,851.4046872848421,656104
2011-11-25,848.0568237304688,885.6857132553214,844.4858702578322,885.5964612138757,916133
2011-11-28,861.8496704101562,881.2220500377081,855.243384475828,863.2334040280632,927553
2011-11-29,856.046875,875.5978132999368,850.333327434987,862.2960438105459,423512
2011-11-30,867.8756713867188,871.446625044452,849.9762225865879,854.3060365896466,473470
2011-12-01,859.03759765625,899.8803828916602,855.2434591371135,885.5965672902053,1036648
2011-12-02,885.908935546875,890.0601909308405,859.7070851217646,860.1534543248393,846065
2011-12-05,892.3367919921875,897.2022279068822,874.9283905551883,876.7138676256498,520465
2011-12-07,891.5778198242188,906.0401922965608,884.7037234867275,892.3366256423335,533511
2011-12-08,871.2235107421875,897.0682463347696,862.25144536241,895.4167019301718,537059
2011-12-09,880.0614624023438,887.8282970144843,853.7703068620478,860.1534079169991,634649
2011-12-12,855.421875,883.8555688920225,848.9941481541451,880.0614310059498,546170
2011-12-13,853.904296875,865.4206442633537,848.1014971576058,849.9762260401616,519127
2011-12-14,846.0036010742188,860.1981095203299,836.4959149309127,848.1015146044472,616851
2011-12-15,831.7643432617188,839.1740607729865,813.6863914205985,839.1740607729865,539248
2011-12-16,831.6304321289062,848.0122141961645,811.2313818152569,831.7643646821042,848872
2011-12-19,818.32861328125,831.3179451055634,803.464498267924,825.7829565531441,620878
2011-12-20,817.88232421875,827.4792622213165,811.2314121006809,824.8902990112991,366360
2011-12-21,858.72509765625,865.0635185665781,826.7650190142343,826.7650190142343,702708
2011-12-22,862.2514038085938,873.946310110817,840.0668752842904,840.0668752842904,648188
2011-12-23,870.8663330078125,882.4719325250873,864.3939794308708,870.4199637956096,372589
2011-12-26,865.5098266601562,884.7037011038833,861.537130121793,878.4545326803442,351164
2011-12-27,859.8409423828125,874.3479402123779,849.2619605032754,866.8489164620332,230303
2011-12-28,856.4039306640625,867.9202777446899,848.3246590941843,861.4032983646721,232279
2011-12-29,822.881591796875,856.5824652336333,817.3019769894647,851.6724042031123,544045
2011-12-30,819.8016357421875,839.0848172617935,813.2846565271959,834.7103774455853,390624
2012-01-02,838.1920776367188,843.0574581639196,818.6410855325556,823.9975157541427,531425
2012-01-03,850.6011352539062,861.2247439921866,840.3792696926652,845.4232634399217,363198
2012-01-04,846.5391845703125,865.0635062996391,841.9862405430539,850.7796919541343,296634
2012-01-05,833.32666015625,846.3159928192396,826.3186311091525,846.3159928192396,458779
2012-01-06,847.8782958984375,853.279352323927,827.5684972864981,829.0861634650757,349108
2012-01-09,866.8936157226562,870.4199433137668,846.316006422001,848.0122311838297,430392
2012-01-10,880.5525512695312,886.4892837770054,872.42865314308,875.7764223416337,356547
2012-01-11,881.936279296875,888.2747000850254,867.9202756440791,882.516526558648,433994
2012-01-12,887.828369140625,900.773076382997,876.7137647831092,879.1687954670074,522575
2012-01-13,872.25,900.9515599462943,869.527158911361,890.0601411033131,516919
2012-01-16,899.9249267578125,910.459228904455,865.956241779508,865.956241779508,781570
2012-01-17,989.466552734375,999.8669765627418,909.7896530395316,910.5931393696399,3155235
2012-01-18,983.6192626953125,1022.0515873822144,975.3167515626617,992.7251512473042,2781735
2012-01-19,1008.7496337890625,1013.2580059525417,988.2613326779416,996.7423468246809,857884
2012-01-20,985.1370239257812,1013.2582892213518,968.6213601807636,1009.6873348981047,729324
2012-01-23,1036.15673828125,1046.6909849224846,955.2746694260172,967.7283252235344,2590616
2012-01-24,1033.7462158203125,1046.4231643910402,1007.0087487505173,1042.182657691958,2008468
2012-01-25,1054.1009521484375,1069.5006908099328,1019.5073363146438,1032.8984134115963,1776429
2012-01-27,1080.7938232421875,1088.2481674833089,1035.3087339567478,1042.5400025628594,951880
2012-01-30,1065.304931640625,1094.497437986381,1057.8951582494792,1074.8571903226778,656597
2012-01-31,1059.4127197265625,1080.1243180266129,1042.4061169225797,1069.5007082279735,1045424
2012-02-01,1084.4986572265625,1095.3900221692058,1056.1095323766672,1062.3587012072983,1040215
2012-02-02,1087.04296875,1101.1481705275878,1075.0355715061753,1093.6045744010344,619866
2012-02-03,1107.754638671875,1119.4941727250932,1075.749982562789,1089.1410611839026,647744
2012-02-06,1118.3778076171875,1129.3138508367529,1102.9780732875954,1115.922777506673,560045
2012-02-07,1113.199951171875,1126.6357058345686,1106.995463736026,1116.8155847852972,443305
2012-02-08,1130.6531982421875,1142.7051667982628,1111.8610110880827,1114.1375376283063,517183
2012-02-09,1133.77783203125,1141.7232260353453,1120.5206878379106,1124.6272629144623,541872
2012-02-10,1111.1024169921875,1137.3042725697953,1100.969855885234,1126.6807706290317,631791
2012-02-13,1093.64892578125,1123.4217216023526,1084.900048228259,1108.9592980337447,639454
2012-02-14,1131.724365234375,1137.7950296186866,1089.319293514573,1089.319293514573,899801
2012-02-15,1163.0594482421875,1182.7889419847359,1138.5091461022466,1139.1340192932553,1011521
2012-02-16,1213.76708984375,1227.5152828065543,1141.990901693727,1160.5599037443785,1510728
2012-02-17,1179.79833984375,1219.5697655840274,1176.6737558046402,1213.2313454714877,650578
2012-02-21,1169.26416015625,1193.6359629165036,1156.2747723927455,1175.781194294152,665602
2012-02-22,1166.228759765625,1186.7171709524982,1143.6425441600475,1166.8090615074223,510787
2012-02-23,1142.1693115234375,1167.121301423324,1135.2505902514408,1152.5250531803495,845227
2012-02-24,1147.3919677734375,1157.4799547493863,1140.7411106367608,1151.632474948636,375094
2012-02-27,1122.1719970703125,1151.632359761896,1102.7549398417689,1147.2579204759597,345310
2012-02-28,1133.42041015625,1141.812171129582,1109.7182760556486,1127.974728868043,741718
2012-02-29,1120.2081298828125,1153.2394489717562,1106.1028203027397,1138.4199051179394,736509
2012-03-01,1173.995361328125,1180.1998479516637,1113.9140395474194,1131.9027352733642,1543242
2012-03-02,1187.8331298828125,1193.3233838991,1166.4966601806505,1190.9130337932595,924123
2012-03-05,1174.1295166015625,1190.8237903024547,1168.6838340803486,1179.039577870615,547959
2012-03-06,1188.770263671875,1205.1966697062016,1160.8721926138612,1162.3452325610922,662053
2012-03-07,1168.1927490234375,1187.252689981489,1143.5977652052186,1179.3965493307937,438170
2012-03-09,1197.474609375,1213.2314636452334,1178.414666675282,1178.414666675282,625544
2012-03-12,1193.8143310546875,1210.5531747318423,1186.181374747166,1206.0894830846012,434638
2012-03-13,1221.4892578125,1235.5498869450028,1200.733090997853,1200.733090997853,863892
2012-03-14,1224.7476806640625,1249.5657397159991,1219.9715526125415,1231.9788390107135,688965
2012-03-15,1219.837646484375,1231.6664290715598,1209.7496600079626,1218.5877910571526,575251
2012-03-16,1226.9349365234375,1275.678428916016,1195.3766574663537,1207.2054406713046,1604822
2012-03-19,1215.9990234375,1230.9078209691195,1208.0090578843976,1229.7472173910005,323100
2012-03-20,1212.5172119140625,1216.802399685648,1186.0029258858278,1215.998913356369,471359
2012-03-21,1216.98095703125,1225.6405849951466,1190.020300637556,1218.587929760138,841209
2012-03-22,1187.6097412109375,1212.0706821545473,1179.3964838996258,1210.151382092626,437399
2012-03-23,1166.40771484375,1178.861375293392,1148.2403963201593,1178.4596864957462,806817
2012-03-26,1158.283447265625,1180.4680847170898,1151.9897066395347,1173.951050503777,696029
2012-03-27,1137.080810546875,1169.7104413392562,1123.3327269238341,1169.4872567482737,1138231
2012-03-28,1150.1146240234375,1156.0512456519407,1119.4936613076259,1138.107230292375,584546
2012-03-29,1165.7825927734375,1178.3701843068684,1128.6000110387201,1142.5268193499594,918118
2012-03-30,1205.6431884765625,1210.9996187844924,1154.3554118688749,1168.5945455133804,650438
2012-04-02,1194.9752197265625,1217.8738761615773,1189.1277386820839,1215.0171564161533,486296
2012-04-03,1169.0858154296875,1204.8399290838054,1164.0418208109077,1200.733353536231,475271
2012-04-04,1174.5758056640625,1194.3054104168207,1166.6750930474045,1169.0855519829465,543772
2012-04-09,1145.696044921875,1179.6647917803175,1138.2416995087035,1165.0238571442023,420584
2012-04-10,1138.95556640625,1156.2746022398412,1125.4305593697347,1144.4905002739358,534399
2012-04-11,1135.96484375,1147.2580054132309,1126.6804523049352,1127.6624426719886,401175
2012-04-12,1171.6297607421875,1174.5757317310624,1139.4019300718594,1142.4371530949106,671623
2012-04-13,1180.8697509765625,1205.1968730435526,1171.6299300786002,1174.1742127929872,943900
2012-04-16,1198.32275390625,1207.7410782942795,1169.3980090130458,1171.7637874815414,526324
2012-04-17,1198.2335205078125,1245.1916508062634,1184.1283181895963,1245.1916508062634,583176
2012-04-18,1207.4285888671875,1220.1054295366441,1200.7777319129646,1205.1967430467307,642609
2012-04-19,1242.0223388671875,1251.0836557134141,1211.803164852565,1218.0523338531548,922582
2012-04-20,1241.5311279296875,1265.054869651728,1231.978871574162,1242.9149159051644,816656
2012-04-23,1229.7918701171875,1256.9757117703407,1224.9263802785517,1241.8884104799981,518905
2012-04-24,1217.4720458984375,1228.9437130415035,1204.973707755392,1227.5153533348132,270412
2012-04-25,1233.853759765625,1240.013676715306,1215.9989912024096,1215.9989912024096,593484
2012-04-26,1233.719970703125,1248.94120626443,1219.5700867663397,1231.9791741564786,762098
2012-04-27,1234.210693359375,1239.4778710974706,1226.7563503883414,1232.9162664218147,429216
2012-04-30,1224.702880859375,1248.9407448438117,1212.5616631051516,1248.9407448438117,956055
2012-05-02,1189.9310302734375,1235.9963097290743,1181.985636750664,1235.9963097290743,666676
2012-05-03,1151.6322021484375,1187.1632237589406,1146.3650253199908,1187.1632237589406,662791
2012-05-04,1143.86572265625,1152.9716104839654,1125.6984095565733,1149.222152902401,644798
2012-05-07,1170.2462158203125,1186.4494410430225,1119.4940549796465,1129.2694977541532,680698
2012-05-08,1165.916259765625,1188.859591271346,1159.711771958683,1181.9855497164529,632978
2012-05-09,1161.6759033203125,1171.272841618636,1147.6599533032731,1153.6412573031116,330149
2012-05-10,1126.501708984375,1165.3805023278192,1116.0567153281117,1151.7662443776737,415223
2012-05-11,1102.7552490234375,1116.949813186326,1086.5520232047684,1114.092984556428,486137
2012-05-14,1115.0302734375,1123.0649191227983,1099.7197879195883,1102.5319357048138,491946
2012-05-15,1086.7303466796875,1106.9062099166124,1075.8388743292483,1105.2099853972907,567302
2012-05-16,1064.2332763671875,1073.2945916583612,1042.1380040498289,1073.2945916583612,673604
2012-05-17,1076.017578125,1087.3553115927396,1060.5731610608987,1071.286021273635,599674
2012-05-18,1041.513427734375,1065.0370662025696,1032.0057405952812,1049.1909572963705,612497
2012-05-21,1079.142333984375,1085.5253270281582,1044.9950866253776,1047.405436965854,413870
2012-05-22,1030.1754150390625,1093.247403689319,1020.7124099602395,1088.1141579792613,950870
2012-05-23,1029.416748046875,1039.0583674890631,996.2961713155403,1018.614633934616,782054
2012-05-24,1021.6943969726562,1025.6224676460722,995.8049839128122,1007.8123805284035,955704
2012-05-25,998.9744262695312,1026.6493210097951,990.047040869446,1011.4727658296505,921129
2012-05-28,985.1815185546875,1008.7944059709641,980.4052808670563,1003.5272275426471,874095
2012-05-29,1007.3214721679688,1014.3294476496918,986.4760498333791,991.8324808731984,817104
2012-05-30,1027.5865478515625,1033.2107342154561,990.939594048488,992.7697513039129,1151146
2012-05-31,982.2356567382812,1012.6780215775566,975.8972343956509,1007.9018918041531,3301123
2012-06-01,959.559814453125,998.6171181102601,956.1227935266675,988.2166943124755,879733
2012-06-04,952.998046875,962.3717981557377,938.2678662909836,954.9620273621356,548592
2012-06-05,963.264892578125,972.995764539488,944.7852482389696,961.9257847571173,605028
2012-06-06,989.1094970703125,996.1175809070542,960.8989845591818,964.0682495672698,925831
2012-06-07,1020.6231689453125,1023.4353166817967,991.4752385857041,999.8670012847147,984712
2012-06-08,1003.4824829101562,1015.0433997652966,991.9661375818314,1015.0433997652966,456053
2012-06-11,991.3859252929688,1020.7570384365047,983.7976494127435,1010.5797995782445,724281
2012-06-12,1021.7838745117188,1029.1489669979344,985.0029836186804,985.583285428119,534252
2012-06-13,988.9308471679688,1021.2926103905721,984.24397111504,1015.9361806157964,1333440
2012-06-14,964.2467651367188,1004.5986079224557,958.0422765830521,991.0735987907063,882665
2012-06-15,988.082763671875,990.9394825533649,961.7469846310423,976.6556701922353,685861
2012-06-18,974.6917724609375,1006.5178074027615,967.2820005778159,995.4032585549281,610175
2012-06-19,973.93310546875,985.3155223077515,960.9438245797804,973.0850474126732,430252
2012-06-20,960.9435424804688,975.3612880393683,957.9082104190933,972.1920234355943,616008
2012-06-21,972.0580444335938,976.6556683239052,948.1772956880138,964.1573325318259,844982
2012-06-22,983.8866577148438,993.8853900191057,959.2471074618624,962.3716908737902,904652
2012-06-25,994.4212646484375,1012.2760315548576,987.9042311368547,987.9042311368547,910242
2012-06-26,993.7965087890625,1000.7152325412576,986.5207767988982,995.4034817674185,302263
2012-06-27,1001.3845825195312,1003.4379243540568,990.0468488511112,1000.7597092534677,532527
2012-06-28,1000.6256713867188,1010.5797249249429,991.2519195212489,1006.0713530560523,516495
2012-06-29,1044.2808837890625,1049.8604995391643,1017.7219128185776,1017.7219128185776,1346720
2012-07-02,1052.09228515625,1075.5713504691928,1031.1129311459217,1053.431392859037,1141219
2012-07-03,1063.83154296875,1072.3571277544322,1058.2965005077735,1060.5730266051096,973813
2012-07-04,1090.1673583984375,1093.1580098026113,1068.8308919854442,1068.8308919854442,1044761
2012-07-05,1107.263427734375,1115.9229462061949,1083.337996176974,1085.1681533994922,1278118
2012-07-06,1085.1236572265625,1108.7812277049695,1081.5527031920858,1107.3081873703743,611047
2012-07-09,1060.3502197265625,1082.8918682621093,1056.7792655031096,1081.999129706246,403988
2012-07-10,1089.6317138671875,1096.9968044245434,1054.3238725136132,1065.036731506131,794615
2012-07-11,1074.3214111328125,1087.3553699626088,1071.330759291587,1083.7844163666725,407383
2012-07-12,1067.3582763671875,1085.5701660803595,1061.600155836873,1071.1078439716869,559552
2012-07-13,1056.9576416015625,1078.3387928108607,1049.5479778715037,1071.5093218903387,592804
2012-07-16,1074.2320556640625,1082.8468932033609,1052.002849874157,1062.3585925099778,599666
2012-07-17,1067.8934326171875,1085.346508694015,1062.894120298891,1080.6596329624554,273112
2012-07-18,1095.032958984375,1097.1755530558532,1059.5020341250704,1068.9203593693355,508727
2012-07-19,997.4567260742188,1048.9676916835956,990.9396917181201,1048.9676916835956,8345304
2012-07-20,1024.417236328125,1028.166693733097,977.3252892986623,977.7716584648183,4553438
2012-07-23,964.1127319335938,988.2613477526153,959.0688474666515,987.368609407762,4040249
2012-07-24,988.172119140625,998.9742315740717,968.8443117209664,969.5138654954798,2373402
2012-07-25,984.6455078125,988.9753750604241,969.4689591259278,977.5482830468628,1202467
2012-07-26,989.6452026367188,1004.8663270586733,980.7623901192105,990.939629733466,2109342
2012-07-27,993.5731201171875,1004.2859805012974,987.4133125778053,1004.1074764189694,884839
2012-07-30,999.7776489257812,1003.8842233307874,966.5231470857885,968.7103123409029,1353345
2012-07-31,1013.1241455078125,1015.5791760934262,993.3946487787966,995.4033101670261,708501
2012-08-01,1004.866455078125,1021.2928656212534,998.5280333893111,1012.3654804322564,704104
2012-08-02,1004.64306640625,1012.3652748217324,996.295984745197,1008.6158173946133,429857
2012-08-03,1000.6256713867188,1004.1966244783264,990.0020641438183,999.6883615862757,297511
2012-08-06,1015.6237182617188,1018.6143696814541,1004.3305573108115,1012.365201769298,425446
2012-08-07,1023.9262084960938,1025.7116851988042,1008.7943370313632,1017.6770400366075,556437
2012-08-08,1017.8109741210938,1027.7650285491,1014.1507686703821,1018.2573432974451,568514
2012-08-09,1022.0068969726562,1040.9329062223228,1015.0434943179939,1019.5071860256369,895054
2012-08-10,1040.7542724609375,1049.726226289235,1018.3018841738176,1021.2925354499167,638608
2012-08-13,1057.8504638671875,1066.8225295685327,1050.9317403490652,1052.8065784193427,838204
2012-08-14,1064.5435791015625,1070.023948507325,1042.1727794026003,1063.734974838516,418219
2012-08-16,1053.4931640625,1076.3131816681325,1051.157280927976,1070.7429903726502,396861
2012-08-17,1057.9403076171875,1073.4381374755092,1052.1903661993183,1069.1256539943545,1988327
2012-08-21,1067.239013671875,1075.4146587338948,1056.6375554567194,1069.125684121416,1186236
2012-08-22,1062.9710693359375,1083.5000491624078,1060.185975057525,1064.6331328834603,700024
2012-08-23,1061.0399169921875,1070.9675570356706,1057.4462170193096,1065.7566482065897,304311
2012-08-24,1069.3951416015625,1071.8208448253902,1043.071249658238,1061.2193877391019,470889
2012-08-27,1049.1807861328125,1076.76239048115,1045.811692295262,1073.5729377798596,355903
2012-08-28,1046.1707763671875,1063.1061725856252,1038.5791302265793,1046.8445950070404,432474
2012-08-29,1049.1807861328125,1053.8525523858066,1037.0070831980538,1048.6866085015624,630103
2012-08-30,1027.438720703125,1045.7666110789166,1018.0052590052483,1042.2178764990722,896906
2012-08-31,1027.169189453125,1031.8409548710356,1015.2200949101177,1022.766885691438,392594
2012-09-03,1044.4188232421875,1051.2019743066962,1015.3996585215548,1015.3996585215548,445403
2012-09-04,1055.3350830078125,1059.2432103228887,1030.9428192073915,1044.4191959290567,417884
2012-09-05,1055.199951171875,1059.2428628621888,1044.0146060304064,1051.1570394815612,421800
2012-09-06,1063.2406005859375,1074.5158737313589,1051.1568329980685,1051.1568329980685,767955
2012-09-07,1082.60205078125,1085.297325596473,1070.29367299347,1074.516226335581,1285056
2012-09-10,1083.5902099609375,1096.7521561943372,1075.9535985928017,1088.8909386094915,474322
2012-09-11,1090.5528564453125,1096.9316502103316,1070.6527263790504,1076.7620585227526,498747
2012-09-12,1096.2579345703125,1100.7950238338244,1089.1604661444621,1092.4845941497085,482824
2012-09-13,1087.6329345703125,1104.927610278814,1081.703353404452,1098.144569504824,347562
2012-09-14,1133.00341796875,1139.0229295308784,1101.4687315209055,1101.4687315209055,1197005
2012-09-17,1149.3548583984375,1189.963614355537,1145.536553105111,1150.882136647371,1338378
2012-09-18,1146.34521484375,1161.3040114615658,1139.3375663801578,1158.878308083978,640871
2012-09-20,1152.58935546875,1169.5696084449687,1123.929578495377,1123.929578495377,940325
2012-09-21,1178.5087890625,1183.49509081487,1156.4075598353224,1162.5617480822375,800094
2012-09-24,1217.05126953125,1230.6624282174498,1177.0713628999663,1181.4287015761413,994282
2012-09-25,1187.447998046875,1229.4045014354922,1183.2704105208227,1222.576494983101,693537
2012-09-26,1178.822998046875,1194.5454299115718,1165.6610545802325,1175.1844439036338,909320
2012-09-27,1195.848388671875,1205.686096484929,1183.6297235042314,1184.034080471821,1272235
2012-09-28,1213.41259765625,1230.8420619272304,1204.7877409083328,1208.3814403592153,1241053
2012-10-01,1220.061279296875,1242.3422655265267,1210.7176363724716,1220.9597043920862,865209
2012-10-03,1224.9573974609375,1234.705395453657,1216.8715732855264,1220.0610255786758,639206
2012-10-04,1249.259765625,1266.644264701115,1224.193690141042,1231.9650871005258,1104971
2012-10-05,1246.7440185546875,1265.8805101636713,1133.0932843206886,1257.3454747864143,987181
2012-10-08,1244.722412109375,1266.6889610392186,1235.4687038338143,1241.622890873921,1099782
2012-10-09,1251.1463623046875,1262.2868518279736,1246.5644177304723,1257.794727800116,755966
2012-10-10,1238.883056640625,1252.8536086586491,1236.2327468729302,1244.3185715254422,450007
2012-10-11,1230.1231689453125,1249.7088730819974,1210.6273950237178,1244.3183243843037,1280918
2012-10-12,1232.6839599609375,1246.564581158405,1217.8149836109678,1217.8149836109678,792185
2012-10-15,1202.317138671875,1243.6896497443438,1198.4988327952783,1234.7054006229398,710035
2012-10-16,1228.191650390625,1233.2676627063881,1201.7329745795578,1206.1352779752679,860593
2012-10-17,1229.1800537109375,1247.9121910155216,1224.50817840993,1238.7931563104003,896249
2012-10-18,1238.703369140625,1247.463012186225,1231.8303965091056,1233.7620320379788,559121
2012-10-19,1230.168212890625,1241.6231296073352,1224.2834863167775,1233.941553352435,243014
2012-10-22,1230.70751953125,1237.939884974137,1216.0632571768504,1223.6549048990398,278367
2012-10-23,1228.05712890625,1237.9398037008161,1222.7563995822336,1226.3500995075303,351522
2012-10-25,1229.808837890625,1237.086057264516,1211.076701642886,1229.943623552753,540856
2012-10-29,1223.834228515625,1233.537260301912,1216.1077971078023,1230.8419858802765,665083
2012-10-30,1249.5294189453125,1274.8649577467163,1202.0925394398212,1213.7720633656193,1697578
2012-10-31,1291.8450927734375,1297.1458212365696,1240.9942690233058,1244.3183970459309,2341085
2012-11-01,1311.4755859375,1317.9891656587172,1292.0246673185627,1292.8332715629817,1719118
2012-11-02,1317.001220703125,1327.2881430165196,1306.3997619049994,1317.0910412683254,1151250
2012-11-05,1328.0965576171875,1336.8112349453945,1310.5772727374072,1313.4971535507038,741504
2012-11-06,1304.1534423828125,1325.1316399249165,1296.5168314385478,1318.9325964246061,915224
2012-11-07,1318.1239013671875,1328.0963942145088,1300.9640104791315,1301.5030433979884,486738
2012-11-08,1311.4755859375,1323.5145000460868,1303.704189577297,1303.7940101220115,459052
2012-11-09,1314.7550048828125,1325.1767116640708,1309.4542761019547,1311.4757321027982,578089
2012-11-12,1306.3995361328125,1324.278212358694,1297.235646645678,1324.278212358694,290527
2012-11-15,1317.1358642578125,1326.973573012624,1294.4056704928491,1299.391972540142,788772
2012-11-16,1292.0245361328125,1326.9732788157796,1288.5206578767597,1312.5984836491903,376344
2012-11-19,1342.4715576171875,1353.6569050101705,1299.032730757153,1299.032730757153,1688460
2012-11-20,1347.00830078125,1355.8127977197644,1335.9126671411186,1352.1292780990086,1032949
2012-11-21,1340.8990478515625,1351.1859682028617,1329.758558116117,1347.8618402273412,421427
2012-11-22,1341.75244140625,1360.6643268595892,1337.979101205443,1347.6371675730497,427099
2012-11-23,1341.617919921875,1350.3325974073323,1334.1609495341904,1348.5357476436498,223808
2012-11-26,1340.31494140625,1348.7601559907816,1334.160753802705,1348.6253703440782,381166
2012-11-27,1345.5260009765625,1356.0824929832047,1341.393268593269,1345.8404277404322,531466
2012-11-29,1337.84423828125,1351.6350358986658,1324.4128324886276,1347.6370897341826,639078
2012-11-30,1324.1434326171875,1346.7388393476476,1320.8641600067906,1340.6744716587905,432369
2012-12-03,1338.563232421875,1351.4556073401461,1329.1746267510957,1329.66880429677,710972
2012-12-04,1330.1629638671875,1349.4341331519888,1325.7606601404138,1349.4341331519888,326134
2012-12-05,1327.2879638671875,1338.6530604420543,1322.481412732016,1335.9577858237146,368330
2012-12-06,1331.9598388671875,1335.9128205701966,1311.2061365713657,1330.3875953399893,340106
2012-12-07,1356.57666015625,1383.4845522349174,1338.65312692257,1338.65312692257,1272135
2012-12-10,1341.707763671875,1368.7503311486175,1338.8777033109466,1352.1294705472067,314521
2012-12-11,1327.7821044921875,1347.6372716942828,1317.6298598436897,1338.5632026657418,309880
2012-12-12,1326.0750732421875,1340.404905673389,1314.4405153500961,1334.1608968595178,652425
2012-12-13,1324.4129638671875,1344.0435241540886,1320.684478948202,1331.4655767355343,536596
2012-12-14,1327.1978759765625,1336.8559414135218,1303.6142278165457,1328.0963006683728,464608
2012-12-17,1347.32275390625,1357.3402122165955,1330.1628624068703,1338.652932776552,879034
2012-12-18,1325.49072265625,1352.0840691023566,1322.346236530201,1347.6369111639046,579109
2012-12-19,1356.3968505859375,1362.865465319439,1334.0710160955232,1336.2721130013822,960012
2012-12-20,1365.7406005859375,1374.724849368306,1356.6215661376325,1359.9456943187065,626581
2012-12-21,1352.0396728515625,1367.3128963651482,1347.727189402852,1359.3168927091278,505267
2012-12-24,1328.6806640625,1348.4010476027877,1325.491211661026,1345.166739756977,338405
2012-12-26,1329.758544921875,1342.1568512202546,1327.8718747471646,1328.321087154048,260198
2012-12-27,1331.465576171875,1348.535647661258,1325.4910292163913,1338.6529746937204,588291
2012-12-28,1347.9967041015625,1362.9105350892346,1333.352334773731,1338.6530634693206,453955
2012-12-31,1338.6978759765625,1360.2151054070416,1335.7330303592596,1349.8832205244914,187038
2013-01-01,1360.574462890625,1369.199318553615,1334.115788209157,1344.9418503115235,446063
2013-01-02,1399.2069091796875,1406.9333410982613,1364.5277312630628,1364.5277312630628,801361
2013-01-03,1386.5390625,1407.8316867723179,1383.843788051808,1407.8316867723179,584243
2013-01-04,1388.4705810546875,1400.5544605718774,1383.1249972946982,1385.3710593234327,361754
2013-01-07,1423.6436767578125,1439.051681421131,1395.7026921103336,1395.7026921103336,951298
2013-01-08,1414.8841552734375,1432.0890106797283,1411.4252420187283,1431.9991901414865,640368
2013-01-09,1410.16748046875,1433.3468831304672,1402.9800823933017,1410.5268723067206,671715
2013-01-10,1412.593505859375,1427.5971577330372,1405.2713210330876,1416.0074546567612,911264
2013-01-11,1406.2593994140625,1431.1457221732126,1399.4762483962788,1412.3237667330498,812488
2013-01-14,1382.765625,1417.7143725957815,1375.4884058581379,1410.5269740021402,1491642
2013-01-15,1388.9647216796875,1405.9449721001388,1386.449088405919,1388.066296892055,693345
2013-01-16,1341.5279541015625,1401.542778484559,1331.735210886133,1383.5742813245004,1202364
2013-01-17,1342.3363037109375,1367.1328031526903,1335.1489062106625,1335.1489062106625,986779
2013-01-18,1390.267578125,1405.316195313529,1349.8834224337386,1354.645118308065,1741932
2013-01-21,1414.65966796875,1422.0268171304258,1393.232258425631,1397.0505638251532,1538191
2013-01-22,1410.61669921875,1432.897677221656,1407.8765694927058,1420.4095510749705,930310
2013-01-23,1413.8511962890625,1425.2162930075249,1406.2145847739462,1423.1050164640176,841493
2013-01-24,1382.4962158203125,1417.714426397268,1373.4220370146809,1415.9175766806682,575646
2013-01-25,1436.9854736328125,1442.8701998230288,1385.5956199732666,1391.6599872514767,2993882
2013-01-28,1444.802001953125,1467.9364427611886,1437.929029642936,1456.3467398008117,1157319
2013-01-29,1431.2354736328125,1462.6353721832184,1426.6983851516895,1444.6668786674538,703176
2013-01-30,1439.1868896484375,1457.9190271448128,1433.8861607290842,1441.0285949169436,649445
2013-01-31,1420.948486328125,1451.8543180019676,1417.7591444395603,1432.0889745638221,933230
2013-02-01,1446.194580078125,1457.065609574116,1419.511403264905,1424.1831690781312,895967
2013-02-04,1436.940673828125,1452.5732875736003,1429.3938834333096,1448.2608045848492,416405
2013-02-05,1437.794189453125,1446.9132236318853,1428.4955141724295,1431.1907887274717,491977
2013-02-06,1462.5008544921875,1472.5183133967193,1446.4639930254534,1446.4639930254534,1082611
2013-02-07,1457.5594482421875,1463.444174534018,1450.4170149706947,1461.692180376353,480018
2013-02-08,1426.4290771484375,1466.1395209499954,1416.9507608721017,1459.9403676087181,659412
2013-02-11,1400.4644775390625,1432.8975875368074,1397.8140588500664,1431.8194120855094,361453
2013-02-12,1400.5994873046875,1423.1050754534638,1390.896563956475,1402.9354798370637,442763
2013-02-13,1376.7911376953125,1410.5270351757192,1374.5900406489493,1401.2732152166745,598533
2013-02-14,1334.3851318359375,1364.212784568763,1326.3891309935864,1361.2030841049432,1655638
2013-02-15,1325.2216796875,1334.160963486905,1314.8448283253101,1327.1981705798185,688998
2013-02-18,1329.4891357421875,1334.1609010897237,1317.5400413791783,1326.0750774467556,457163
2013-02-19,1357.74462890625,1369.918330158726,1314.6651988583226,1321.807632938508,814306
2013-02-20,1355.0941162109375,1357.7444253979081,1331.7799277687554,1350.5570272816578,639004
2013-02-21,1318.4383544921875,1354.7347372587433,1302.85070661348,1342.2466109787586,957074
2013-02-22,1292.2943115234375,1317.9892400079332,1284.8373414845764,1314.754932518801,648683
2013-02-25,1297.4151611328125,1311.6103160686268,1292.1593982730615,1295.5284910896955,399084
2013-02-26,1261.6580810546875,1293.731804848146,1249.7988070409772,1293.731804848146,686212
2013-02-27,1265.4761962890625,1284.612577220033,1237.3104932894933,1257.7946209853642,504783
2013-02-28,1216.7818603515625,1274.6854166206838,1204.1590550749736,1271.5409291632318,2957853
2013-03-01,1279.71630859375,1290.4974062067201,1223.8791852723764,1225.4514286742678,935306
2013-03-04,1256.6717529296875,1272.8883652630611,1249.6191398251046,1265.0720033028279,277745
2013-03-05,1285.4212646484375,1298.0441767805505,1253.3025784969914,1253.3025784969914,620394
2013-03-06,1279.7611083984375,1295.7081479243852,1267.9469105145988,1288.7453560186898,436690
2013-03-07,1302.132080078125,1307.0285614849422,1266.6442972585942,1275.314119299339,425637
2013-03-08,1283.8040771484375,1324.2331932447023,1272.0796992831185,1311.700211123259,756489
2013-03-11,1273.92138671875,1300.9190955183117,1270.3726526677438,1292.7434518660352,372123
2013-03-12,1273.0679931640625,1284.7475160371273,1259.3220492989014,1267.3630173871886,423192
2013-03-13,1234.6605224609375,1270.1033438725626,1231.7406412908463,1261.388665479466,328461
2013-03-14,1274.6851806640625,1280.165550141234,1222.5315759054824,1232.6388551477655,627771
2013-03-15,1263.814208984375,1282.7710613015388,1246.6543160614717,1279.3570029589491,444509
2013-03-18,1222.80126953125,1252.3145059365834,1217.9497530754807,1248.8106268479162,369621
2013-03-19,1226.035400390625,1242.3418321141353,1199.4420487841282,1227.2482519118296,677734
2013-03-20,1206.22509765625,1234.4356579154453,1196.7018168437942,1217.3655869544602,454199
2013-03-21,1174.1964111328125,1219.7914760483118,1157.1713026830157,1206.5846735273992,707612
2013-03-22,1172.9384765625,1188.6159445860362,1163.9092639540513,1180.3504807520953,719856
2013-03-25,1154.655517578125,1194.9049927823503,1146.7494450826143,1186.819169522921,336083
2013-03-26,1161.8880615234375,1166.0657594569318,1137.4958023030476,1145.6714473782115,303740
2013-03-28,1151.0621337890625,1182.1477283530373,1142.5270957873875,1156.273042963759,840376
2013-04-01,1153.3978271484375,1157.5305593839591,1133.8121222148372,1149.9837689659205,280418
2013-04-02,1174.9600830078125,1182.192337372722,1132.0153305671033,1145.491703550045,798827
2013-04-03,1171.0966796875,1193.4674782417358,1163.4600691947162,1163.4600691947162,361668
2013-04-04,1177.9248046875,1194.455843942911,1151.780663358264,1160.7649119024004,385661
2013-04-05,1263.4549560546875,1279.3570326056104,1192.2098190081776,1192.2098190081776,1681662
2013-04-08,1275.8980712890625,1279.3569850236408,1240.9493227274606,1259.7712794463107,781175
2013-04-09,1264.443115234375,1295.528592112301,1258.6931744447531,1281.1537949737458,682014
2013-04-10,1269.114990234375,1273.6520798421604,1243.644666285114,1269.5642026838186,479132
2013-04-11,1282.9954833984375,1286.5442172242012,1255.818135234309,1270.372572035629,506487
2013-04-12,1265.386474609375,1284.7475745842744,1259.7264636847888,1275.763325810958,245123
2013-04-15,1278.36865234375,1298.1339976730144,1254.515430362081,1257.7947027713624,358385
2013-04-16,1331.510498046875,1336.7662611111202,1271.2710722732331,1271.2710722732331,620229
2013-04-17,1342.6959228515625,1351.949742568321,1318.0790603110506,1335.1491322643324,422625
2013-04-18,1369.7384033203125,1377.6894407220066,1334.4303751228417,1334.4303751228417,540860
2013-04-22,1383.978515625,1396.0174305432063,1370.9064998666101,1372.7931701164703,352370
2013-04-23,1380.2950439453125,1387.3476573267321,1361.2484803371335,1384.4727415760278,288841
2013-04-25,1429.348876953125,1436.8058465846323,1385.2812067701186,1385.2812067701186,775649
2013-04-26,1503.1995849609375,1521.0332965987898,1408.2809760298896,1429.348995247868,3505606
2013-04-29,1512.4981689453125,1531.230304315841,1505.6251972086588,1505.6251972086588,897487
2013-04-30,1500.010009765625,1524.6268709838293,1487.656668884053,1518.33789744412,400577
2013-05-02,1509.1741943359375,1536.0370111704958,1475.2136891699554,1475.2136891699554,877894
2013-05-03,1496.23681640625,1526.8730828661264,1492.8227579953991,1511.8244661329652,575722
2013-05-06,1520.4942626953125,1526.4238448671288,1489.0493924361308,1499.4710989306873,414868
2013-05-07,1520.853515625,1533.7458893191726,1512.7676925828157,1527.3221301903498,462187
2013-05-08,1510.1173095703125,1524.62689208624,1503.96312159833,1524.62689208624,306652
2013-05-09,1491.5198974609375,1512.9473061994572,1487.7015922047929,1511.3750628586918,344448
2013-05-10,1552.4329833984375,1558.677101135117,1503.0645878743085,1504.8614373517435,1228156
2013-05-13,1531.814453125,1563.2593245967741,1526.289118060758,1563.2593245967741,347596
2013-05-14,1530.826171875,1541.6072704132298,1519.6856814512948,1532.712842184989,300610
2013-05-15,1562.4056396484375,1579.4307451662178,1537.9235646735913,1545.0659977244613,653485
2013-05-16,1552.6575927734375,1572.0636549064,1547.3569745409038,1554.364621714706,289810
2013-05-17,1535.1385498046875,1564.382323540275,1527.9511507589891,1554.2750436322617,288440
2013-05-20,1565.2806396484375,1594.1650194903411,1540.7985633503058,1540.7985633503058,549253
2013-05-21,1524.986572265625,1567.3473317090345,1519.7756635498502,1565.3707309643191,559417
2013-05-22,1516.181640625,1540.4840748538068,1511.1504837784858,1531.8142537707004,419210
2013-05-23,1480.155029296875,1516.047060342226,1424.9917182586805,1509.3538386760245,1072941
2013-05-24,1504.771728515625,1596.5008792137999,1450.0576359319489,1482.7603207830768,743669
2013-05-27,1481.278076171875,1500.3696055842495,1467.7567373549423,1500.3696055842495,584287
2013-05-28,1486.9827880859375,1499.470914098004,1482.4458088818242,1482.4458088818242,333797
2013-05-29,1468.1610107421875,1493.0024801203444,1456.032275100473,1482.401022876222,457835
2013-05-30,1471.170654296875,1478.807265326813,1440.4894245188655,1458.143494304628,593474
2013-05-31,1442.5107421875,1485.0062763043736,1435.817521735575,1460.0300246366612,410598
2013-06-03,1409.2244873046875,1437.4349427599327,1391.076237665152,1437.4349427599327,432366
2013-06-04,1389.6834716796875,1427.3723467385494,1382.9452859358391,1397.6345089232302,431388
2013-06-05,1408.9549560546875,1416.1873209154362,1377.51008217494,1392.648520951415,621196
2013-06-06,1425.8900146484375,1436.4016508801321,1392.5584756493529,1400.4646579601488,498248
2013-06-07,1396.9605712890625,1422.6554954681524,1388.066144931036,1406.0346387165512,780953
2013-06-10,1367.2677001953125,1420.364581620745,1356.7561743630715,1415.0189981627489,503982
2013-06-11,1339.05712890625,1366.5040489719458,1330.567058860915,1358.418226196964,675122
2013-06-12,1329.354248046875,1338.6529225883742,1313.4072081972486,1335.0592234673315,469660
2013-06-13,1308.6453857421875,1313.0476886715883,1284.7473108452762,1310.8016269393413,690959
2013-06-14,1360.3499755859375,1365.605738896834,1322.1669203865195,1331.465595424413,383703
2013-06-17,1379.3067626953125,1393.816346080436,1352.2192313031971,1379.1719770324655,533292
2013-06-18,1382.271728515625,1389.8633753529293,1366.50432702767,1379.0822761258864,529919
2013-06-19,1386.943359375,1392.1093022520242,1369.1994686234818,1373.8712339656072,389004
2013-06-20,1370.2325439453125,1384.382733908054,1341.572772181816,1365.6056344994877,505078
2013-06-21,1396.73583984375,1401.452569039405,1358.1934021964883,1365.605405218232,433570
2013-06-24,1387.572265625,1412.3239150012164,1376.207278600504,1388.9648680609928,707604
2013-06-25,1388.2459716796875,1399.0270693929783,1349.6586699825996,1383.5742065389936,484805
2013-06-26,1387.8419189453125,1399.6562287799072,1359.855960273679,1389.1445912332244,408512
2013-06-27,1366.68408203125,1406.0351413574585,1357.6998319267295,1401.5430163051983,493875
2013-06-28,1381.552734375,1391.8396544530128,1363.0002403453082,1383.5741901723297,444718
2013-07-01,1442.3759765625,1457.6043419361204,1361.113501481085,1383.5741203174064,856025
2013-07-02,1418.29833984375,1454.5497587784262,1412.773005360763,1428.9446518450197,589430
2013-07-03,1402.396240234375,1420.4097025314645,1397.6346542827603,1402.4412053457406,173724
2013-07-04,1399.1617431640625,1416.8158111920611,1377.3300878430239,1410.526838028875,278194
2013-07-05,1396.6463623046875,1415.0191061961038,1391.6600606335014,1411.4254068787804,273858
2013-07-08,1393.5018310546875,1404.2379635551206,1374.589945130732,1388.0663171418178,311166
2013-07-09,1387.033447265625,1391.6603580597443,1366.5044574621504,1387.168232953031,467745
2013-07-10,1386.7186279296875,1392.2439621811955,1374.5898935746172,1380.9238320506618,344394
2013-07-11,1352.6236572265625,1418.702743071191,1345.166686659695,1401.5428493498907,543696
2013-07-12,1300.8741455078125,1352.1742893331357,1292.3840750148,1343.1450762232366,945429
2013-07-15,1299.661376953125,1316.1924162656796,1287.5776064878926,1301.8176185453717,522612
2013-07-16,1267.90185546875,1284.6574980261476,1258.6930023112268,1283.8488938634855,817379
2013-07-17,1276.7965087890625,1287.2631803182103,1259.1424383964318,1268.8005056192371,1141103
2013-07-18,1298.718017578125,1308.1065128991468,1264.2633386533594,1271.2710959837175,714436
2013-07-19,1304.063720703125,1313.4971819965338,1286.6342559982447,1302.9406895967668,403857
2013-07-22,1301.3233642578125,1317.5399758480366,1289.2395945052385,1291.0364441143051,324022
2013-07-23,1301.548095703125,1315.2940404036149,1293.4622716842503,1295.7982641376198,451305
2013-07-24,1272.2144775390625,1297.1457656534376,1259.681385819509,1291.0364331660212,405613
2013-07-25,1270.3726806640625,1304.647609081525,1259.8161891521793,1276.1226213792024,1896090
2013-07-26,1235.6934814453125,1300.919099441684,1215.2991728545067,1300.919099441684,1226137
2013-07-29,1211.25634765625,1238.1192727996088,1200.115967172532,1235.3341776786792,710715
2013-07-30,1206.045654296875,1224.3735448992825,1204.3386249867121,1212.7838413072445,459744
2013-07-31,1191.5809326171875,1200.2956098683394,1160.7649161301606,1200.2956098683394,500776
2013-08-01,1204.1588134765625,1221.4983464603833,1187.9422018312275,1191.311294859677,797570
2013-08-02,1201.8226318359375,1225.3164587859578,1192.7935297452545,1220.0606964240708,360939
2013-08-05,1207.3931884765625,1223.4750153673137,1196.746875844555,1208.6060401005375,178344
2013-08-06,1196.6568603515625,1220.734688696176,1176.2626613986888,1194.904975871878,301434
2013-08-07,1195.668701171875,1212.783738597154,1169.749165934636,1208.3814348556725,456603
2013-08-08,1244.36328125,1250.9666814267393,1195.8931987283415,1195.8931987283415,1398921
2013-08-12,1240.005859375,1265.8805373641126,1232.8184610081348,1250.8319220334886,700028
2013-08-13,1262.37158203125,1276.7398412212644,1224.4629753681772,1224.4629753681772,1031827
2013-08-14,1257.1751708984375,1286.8153437263911,1251.5725077675925,1263.3201197538588,530381
2013-08-16,1197.4434814453125,1255.3682413429528,1190.2594067460727,1255.323124391935,1464791
2013-08-19,1182.3973388671875,1208.016262995965,1174.761433672469,1192.834686498199,429786
2013-08-20,1172.86376953125,1180.8159346245718,1146.3864098967756,1174.761439024521,916913
2013-08-21,1160.709228515625,1197.2172147761064,1152.1696622022703,1186.5088364482988,926580
2013-08-22,1161.839111328125,1173.8578695905057,1113.8546431090208,1160.4836172523853,1030562
2013-08-23,1168.435791015625,1196.449332795582,1144.082127043976,1174.6710852803367,621224
2013-08-26,1182.1265869140625,1191.2987869628025,1169.7463396029684,1174.761712576979,438706
2013-08-27,1138.8406982421875,1181.0416940767077,1120.5415320930867,1174.6709394554632,929746
2013-08-28,1117.2431640625,1128.6745173046409,1097.9499908127611,1118.7342293219738,1150637
2013-08-29,1130.12060546875,1142.0490198745663,1105.450678746309,1120.993633817362,573972
2013-08-30,1123.749755859375,1128.6746732799577,1106.9867692297423,1125.9636852736808,758972
2013-09-02,1174.761474609375,1181.629288860399,1114.2160755333534,1120.7676299109826,537411
2013-09-03,1153.1187744140625,1192.473216831826,1133.644800085178,1188.3163906831478,627614
2013-09-04,1153.525390625,1159.2185095324967,1122.3490287162163,1146.7479206448295,656723
2013-09-05,1174.4000244140625,1187.7290492567242,1165.7248845446452,1165.7248845446452,531076
2013-09-06,1164.2789306640625,1185.5601189776628,1153.9771548313702,1184.701683620929,473918
2013-09-10,1207.8807373046875,1219.8993847029599,1174.761478184561,1179.2797915621939,857196
2013-09-11,1229.7041015625,1255.0066541846882,1216.600993954581,1220.848164020584,1255303
2013-09-12,1193.6480712890625,1243.4398635296627,1188.813497951515,1236.1653347387826,523296
2013-09-13,1189.1298828125,1206.3898199724988,1175.665285231626,1188.3165642425736,534719
2013-09-16,1228.8909912109375,1246.4220705577343,1205.892708122842,1213.9353286299718,707004
2013-09-17,1243.25927734375,1255.0068932994518,1228.9813615195844,1230.788687051231,478211
2013-09-18,1266.7996826171875,1269.6462425183659,1244.3436839486048,1251.572986397108,413270
2013-09-19,1337.420654296875,1358.566381298509,1302.177812730944,1302.177812730944,1132596
2013-09-20,1325.89892578125,1339.2279488892912,1266.0312796180142,1337.3302795258144,751243
2013-09-23,1266.25732421875,1314.2870174902662,1254.2837937667261,1310.3108796554416,500010
2013-09-24,1274.887451171875,1303.081684833292,1253.3802336087213,1256.0912218573342,517200
2013-09-25,1258.9827880859375,1285.9119797839219,1243.575405744188,1278.5923342168703,326342
2013-09-26,1253.877197265625,1285.9119951859846,1247.1448441052996,1278.682693737293,537625
2013-09-27,1235.2613525390625,1272.0855976936225,1230.3816635153341,1257.807797046904,599199
2013-09-30,1227.6708984375,1241.3161819586796,1210.9079126862368,1234.4031408428355,406918
2013-10-01,1247.235107421875,1274.1642976959117,1232.5958170618608,1232.6410443171362,931358
2013-10-03,1276.2880859375,1283.2011281618597,1242.7169921069608,1260.5643317416063,650153
2013-10-04,1290.882080078125,1296.7106599767264,1270.594897952537,1274.6161525727653,666373
2013-10-07,1274.34521484375,1294.6776274992442,1266.9804513968563,1287.7194681813012,329756
2013-10-08,1271.092041015625,1286.6802239305193,1265.1278887450494,1283.20114429855,411447
2013-10-09,1263.772216796875,1271.4533493265665,1252.6571220709334,1271.4533493265665,481828
2013-10-10,1284.1953125,1287.900308291485,1263.5466375001279,1264.2243846684632,617290
2013-10-11,1322.9620361328125,1328.3840116907338,1276.9655880877046,1297.749827726403,762748
2013-10-14,1307.509521484375,1336.5170707343834,1303.443039524737,1324.0917091910449,697237
2013-10-15,1301.183837890625,1331.2757371652563,1293.1412184531243,1312.118133608621,413066
2013-10-17,1289.572021484375,1311.9376754135753,1281.3938291558009,1301.3196376896117,316070
2013-10-18,1327.254638671875,1330.643373919548,1290.5207265250226,1294.0450332446808,490221
2013-10-21,1373.5218505859375,1394.1254008776502,1328.474294470244,1328.7002101080463,877353
2013-10-22,1368.6875,1388.025903794633,1360.283503096851,1376.2782887234544,351924
2013-10-23,1381.564697265625,1396.1588719372735,1339.6799531695845,1370.6756279134474,534863
2013-10-24,1368.054931640625,1400.4512161433088,1355.448771268107,1380.7965531646885,580715
2013-10-25,1363.35595703125,1385.405350358784,1346.4575076036044,1356.4881421417938,432129
2013-10-28,1367.5579833984375,1381.700327319608,1358.2050961160046,1364.846995182637,919522
2013-10-29,1477.714599609375,1487.8808061500297,1414.9100347582198,1437.6371763311856,4085346
2013-10-30,1478.9798583984375,1499.9900201280807,1468.452163899782,1482.9107698212567,951167
2013-10-31,1478.572998046875,1488.061457246726,1461.448632472256,1469.4460260214792,760636
2013-11-01,1478.527587890625,1496.329697020652,1469.5813060713742,1483.8139920486988,733492
2013-11-05,1466.8704833984375,1486.5251471987863,1461.403279918323,1486.5251471987863,491093
2013-11-06,1459.0086669921875,1485.6214895760704,1454.8969575532076,1465.740910031865,526949
2013-11-07,1455.6199951171875,1486.4348726881249,1448.0292059900842,1455.1681637442693,496581
2013-11-08,1428.2841796875,1454.8970031046042,1407.4547095251064,1450.4690336417727,740937
2013-11-11,1430.0914306640625,1449.474951192703,1410.8885985488225,1427.787046686079,509621
2013-11-12,1434.2030029296875,1465.7408522063147,1429.6846895751673,1438.1791407437422,720325
2013-11-13,1427.3353271484375,1440.4384371475842,1421.4615192177855,1427.7871585277185,446748
2013-11-14,1457.2464599609375,1468.451899595312,1438.1339716364346,1442.8782008505116,633129
2013-11-18,1472.3826904296875,1477.6239778302702,1456.7493930500104,1470.8916250217303,642611
2013-11-19,1520.4576416015625,1528.183891101899,1468.8584158441422,1472.9701250412631,1253144
2013-11-20,1490.9078369140625,1536.2265419640798,1484.8081138797934,1527.1899152466442,612988
2013-11-21,1488.332275390625,1507.038046749527,1480.9674032712135,1495.471231864106,591465
2013-11-22,1482.1424560546875,1515.2164900753635,1478.6181493280533,1501.8874647414664,822901
2013-11-25,1517.159423828125,1527.0093699352633,1487.700040030669,1493.754536374575,730897
2013-11-26,1503.062255859375,1525.382681061173,1495.1552070090877,1518.153379255196,395917
2013-11-27,1500.0347900390625,1509.1166439064855,1482.9104267368518,1507.354545841646,571218
2013-11-28,1506.089111328125,1513.6346710590933,1489.3713552597112,1508.2126961179863,888680
2013-11-29,1514.6741943359375,1529.5846282723505,1506.5412303706212,1509.1166468975614,502124
2013-12-02,1501.344970703125,1520.2315399101356,1497.0073463734416,1509.1164465093027,495575
2013-12-03,1503.0169677734375,1524.3433851759344,1493.076678192492,1500.0800640336126,572128
2013-12-04,1481.781005859375,1508.9361158326406,1476.5397177443742,1493.1220175844082,428767
2013-12-05,1536.3619384765625,1544.0881872539271,1506.54107370482,1506.54107370482,1947489
2013-12-06,1537.5821533203125,1552.176328644879,1530.8046827649775,1541.4227199683357,834899
2013-12-09,1593.835205078125,1599.483097371102,1544.8114999750842,1571.3792073833274,1184977
2013-12-10,1583.0364990234375,1609.0619208501566,1577.7952107855579,1593.1574780154288,1048021
2013-12-11,1584.1207275390625,1604.8146256197624,1567.8547987908005,1575.3552433933214,668007
2013-12-12,1549.600830078125,1579.602387361523,1545.6246921668537,1579.602387361523,478485
2013-12-13,1526.8284912109375,1554.254632369643,1520.50285224733,1545.2632325383854,577334
2013-12-16,1537.67236328125,1549.6911208075346,1514.538621200879,1524.478910480837,428119
2013-12-17,1537.9434814453125,1564.872562147632,1531.6629598605798,1545.4438152313974,552326
2013-12-18,1563.291259765625,1573.1412053586712,1532.0697793468169,1539.6153409070862,791839
2013-12-19,1609.0166015625,1624.7854709354676,1559.044012086438,1573.2766990537539,1469454
2013-12-20,1635.313232421875,1653.702746364451,1603.9560704439225,1622.0745517618523,1493300
2013-12-23,1628.7618408203125,1644.5759397041725,1622.6168897012815,1634.7259931944313,681383
2013-12-24,1616.471923828125,1628.8972862755363,1604.2272498012467,1622.0745885893468,409326
2013-12-26,1620.8095703125,1629.981769762293,1607.1190568786121,1613.0380923219366,362435
2013-12-27,1604.046630859375,1627.2254924714896,1593.1574504460084,1617.7822607265832,503568
2013-12-30,1605.989501953125,1621.9391726131482,1597.6758482245336,1613.0381159959234,358010
2013-12-31,1593.9705810546875,1612.9926137781433,1588.232345250897,1608.6098719584159,303542
2014-01-01,1594.06103515625,1605.7183062849467,1587.3287920287542,1599.4830114663052,214453
2014-01-02,1598.037109375,1639.967079894055,1589.5426580996557,1589.5426580996557,1565710
2014-01-03,1625.32763671875,1634.4094905675488,1583.4428945283573,1595.868256091927,583504
2014-01-06,1633.5509033203125,1644.1238223499884,1619.8605026303064,1631.1110583267462,549379
2014-01-07,1667.935546875,1675.6166803700223,1644.7565749132357,1660.932160453068,1614578
2014-01-08,1660.47998046875,1680.8123883928572,1651.0367506903694,1671.7757626488096,1398622
2014-01-09,1637.2559814453125,1679.908813047819,1627.586725210881,1679.7281246477048,947521
2014-01-10,1621.2611083984375,1639.7410754363002,1597.6755357305547,1636.6233731650775,670378
2014-01-13,1611.0047607421875,1639.9219686197644,1594.9647469975941,1626.5929431136938,559984
2014-01-14,1602.5103759765625,1619.183020527937,1589.6331813043034,1611.2307439044177,530939
2014-01-15,1626.6832275390625,1632.9185223205716,1596.8623580113488,1617.556256200234,612338
2014-01-16,1617.4207763671875,1636.3525774625477,1613.0380340230975,1629.394307992289,429527
2014-01-17,1604.1820068359375,1634.5451622948506,1596.1394969242986,1606.8929949797412,310359
2014-01-20,1606.8929443359375,1624.198106837229,1592.2536529449344,1603.0976051783846,340046
2014-01-21,1628.3099365234375,1638.0694280685857,1610.3270256785288,1610.3270256785288,541958
2014-01-22,1633.6865234375,1643.7623841932295,1622.0744802786405,1631.562938241273,424767
2014-01-23,1620.990234375,1644.5758093502432,1616.1555505653973,1623.0685924487593,493794
2014-01-24,1603.3236083984375,1631.0208933025124,1598.8052947211133,1612.9476385932162,377713
2014-01-27,1538.304931640625,1585.9279078842806,1527.1898372218998,1585.9279078842806,923081
2014-01-28,1415.1357421875,1582.765167587105,1392.0019998817609,1549.7814801095546,6599087
2014-01-29,1512.595947265625,1534.2387373909266,1459.5961022797048,1459.5961022797048,6737926
2014-01-30,1478.3018798828125,1512.7314077828162,1468.994109653421,1507.3094314108348,1651215
2014-01-31,1478.6180419921875,1495.5617170341147,1464.7016148290077,1495.5617170341147,729347
2014-02-03,1462.578125,1500.0801282051282,1457.6532072574591,1463.9336190917516,957497
2014-02-04,1463.6173095703125,1472.97019642418,1436.82368853647,1446.76397820559,703285
2014-02-05,1451.9149169921875,1466.7350083654685,1447.758090345027,1463.0300130997473,627278
2014-02-06,1481.73583984375,1486.4800695143188,1439.534831469708,1455.0777874091257,1237835
2014-02-07,1504.552978515625,1509.4780057958083,1489.6877730992935,1495.51635265515,921283
2014-02-10,1526.150634765625,1537.6723334804624,1504.598302761123,1504.598302761123,896683
2014-02-11,1516.4815673828125,1534.4192497420422,1507.3997132115978,1527.415863884857,294694
2014-02-12,1488.9649658203125,1527.0092532060023,1484.8081395205857,1522.671628182574,442825
2014-02-13,1483.13623046875,1498.9955530969223,1475.2291827815595,1487.4286277846534,439092
2014-02-14,1485.0792236328125,1494.2514216082047,1460.0025850520726,1483.8140738585546,451950
2014-02-17,1505.23095703125,1513.5447202881635,1477.488555495641,1477.488555495641,617227
2014-02-18,1543.8624267578125,1566.6347919672655,1505.5923351836393,1513.6349549166162,954637
2014-02-19,1534.5096435546875,1555.2035419153488,1528.9973230219466,1548.8779028721137,341015
2014-02-20,1521.135498046875,1541.6485976309382,1512.9120790609063,1533.5156331651242,344996
2014-02-21,1514.17724609375,1538.3954513462047,1510.5174782288802,1523.6657047447623,340948
2014-02-24,1522.1295166015625,1531.7083194279423,1487.2481574660487,1513.6350649214178,326898
2014-02-25,1516.345947265625,1530.7142056575726,1511.285458419068,1527.2802434168464,245384
2014-02-26,1503.740234375,1521.8586086289636,1491.947389864566,1507.3096585669875,584837
2014-02-28,1435.9200439453125,1499.2216608060128,1421.4614406079147,1482.0068420832679,1768632
2014-03-03,1429.7750244140625,1461.1321850752493,1423.268697350329,1429.5943360052192,1060385
2014-03-04,1443.5107421875,1448.5712309759947,1400.6771104259462,1425.0760020269142,797764
2014-03-05,1468.8133544921875,1479.2505923477715,1440.0317199541055,1459.144097548602,728060
2014-03-06,1491.4500732421875,1497.3691081075044,1462.1262624731094,1472.6990720392723,422906
2014-03-07,1567.900146484375,1578.6988725531237,1482.1876437760318,1495.5618970093988,944177
2014-03-10,1627.5869140625,1642.1810891524012,1551.272640960672,1563.33651629311,1324717
2014-03-11,1585.1600341796875,1637.1657592298723,1576.7108095335034,1630.2076001825192,703249
2014-03-12,1594.1063232421875,1618.459990306619,1518.153424743227,1558.818248620278,1443683
2014-03-13,1579.0147705078125,1618.3693195774038,1566.0472346831568,1595.8680995097836,641720
2014-03-14,1570.9722900390625,1587.1478735389262,1545.263131766285,1549.7814450170636,588996
2014-03-18,1688.222412109375,1725.0918900277268,1673.8090378752524,1716.9589266907706,1795672
2014-03-19,1689.6231689453125,1707.0186742279423,1672.4535793157036,1692.5600724345875,621508
2014-03-20,1677.695068359375,1694.1869130133261,1670.0139352328774,1688.945625108736,310199
2014-03-21,1688.5389404296875,1698.2080869562888,1677.694988297999,1677.694988297999,284182
2014-03-24,1704.5789794921875,1719.6701023195494,1692.7861372412485,1696.7622751468393,329812
2014-03-25,1718.4952392578125,1727.803008795456,1695.1355815200134,1699.7894662888352,395158
2014-03-26,1750.4849853515625,1761.238593489848,1726.899411061621,1726.899411061621,634815
2014-03-27,1749.0843505859375,1778.7696476668789,1735.167923202628,1754.0092680852063,825829
2014-03-28,1745.3341064453125,1768.0612447040544,1735.1226741294167,1749.4005884685726,326409
2014-03-31,1781.796875,1789.2520920502093,1739.5506450488144,1751.253032536807,437613
2014-04-01,1744.8372802734375,1789.2523285725586,1736.9302308416145,1785.637677403725,288560
2014-04-02,1746.9605712890625,1760.96734220718,1737.6076850283955,1748.5872081649961,268932
2014-04-03,1752.83447265625,1775.15500724712,1741.3580006371294,1753.105615586939,307539
2014-04-04,1741.53857421875,1762.142126280956,1732.4568309849144,1753.1054999923358,195927
2014-04-07,1721.43212890625,1749.4908984418805,1691.6564885760333,1739.550609246188,319401
2014-04-09,1746.3282470703125,1753.1057176281533,1695.2713022012451,1707.9225805758813,698363
2014-04-10,1771.133544921875,1783.3782178026656,1731.5079602696633,1746.77988092858,486855
2014-04-11,1749.2198486328125,1760.9674637621408,1737.8789479057327,1754.0093050789249,504763
2014-04-15,1741.53857421875,1760.8769765384734,1720.5736453533027,1738.9180408433538,228758
2014-04-16,1748.813232421875,1775.516509212645,1740.860956572975,1743.3912562459125,371554
2014-04-17,1763.3621826171875,1772.5343810584357,1731.3273841165546,1750.84647631951,337629
2014-04-21,1796.7525634765625,1808.229035469581,1765.259830607506,1765.259830607506,481905
2014-04-22,1785.27587890625,1813.5153362383317,1777.5044023105372,1806.3763793627054,323792
2014-04-23,1791.1046142578125,1801.9033388897942,1779.3117724543656,1793.6800307693748,398691
2014-04-24,1791.1046142578125,1791.1046142578125,1791.1046142578125,1791.1046142578125,0
2014-04-25,1767.744873046875,1801.9033661379367,1732.3213404646062,1798.288715453608,1064921
2014-04-28,1762.5487060546875,1777.3236780813097,1750.3492607331389,1762.1421020014536,258675
2014-04-29,1731.8692626953125,1772.0822458364246,1726.2665990559792,1766.6602705814432,335612
2014-04-30,1737.7435302734375,1753.8287719217087,1726.8995768863958,1736.0265489250762,243902
2014-05-02,1701.9583740234375,1724.8209744532292,1698.9311259999943,1712.4408394216716,324650
2014-05-05,1715.01611328125,1731.7790993189458,1686.2344803596945,1701.5967451861227,352889
2014-05-06,1726.2216796875,1731.4629674929472,1701.5968710124655,1716.0554742712013,239206
2014-05-07,1700.0155029296875,1723.4655065402953,1697.1689432813084,1721.6581810886757,246112
2014-05-08,1713.88671875,1716.9591941067958,1695.451976919617,1706.1152413019108,180796
2014-05-09,1784.59814453125,1792.6407640982914,1698.885765093781,1698.885765093781,457287
2014-05-12,1852.41796875,1865.9279017967467,1775.7423256522854,1784.7337248507988,555623
2014-05-13,1888.9715576171875,1915.7650704724113,1845.7764331304907,1879.6185597087808,528807
2014-05-14,1884.3175048828125,1915.7650124183656,1861.0934165451056,1890.4624556505757,329237
2014-05-15,1913.8223876953125,1922.090814233184,1877.8113361431858,1881.4259874158386,441637
2014-05-16,1944.8173828125,2095.1417450709605,1933.9284249428717,1988.0577266146702,808438
2014-05-19,2001.29638671875,2033.240949439358,1979.0211907876417,1979.0211907876417,490566
2014-05-20,1982.635986328125,2021.312794451754,1972.2890924197116,2007.9385422156308,225127
2014-05-21,1960.22509765625,1997.049352924345,1957.333421121316,1988.961615830109,186665
2014-05-22,2046.615234375,2066.676501282094,1992.5309359816417,1992.5309359816417,679922
2014-05-23,2156.004150390625,2171.5018803897733,2047.1127743660857,2059.1765413290937,397790
2014-05-26,2115.745361328125,2263.6748898457918,2091.120554642178,2175.567783354788,778712
2014-05-27,2080.27685546875,2139.873369068437,2068.484012583468,2119.9475615203105,241821
2014-05-28,2087.415283203125,2132.914781278876,2065.0948621288994,2069.3872592824328,352579
2014-05-29,2083.710693359375,2112.4922175442707,2037.8045847732467,2081.225620972162,352983
2014-05-30,2052.94091796875,2114.525441285064,2036.855678160806,2091.2109000462033,189180
2014-06-02,2100.38330078125,2114.8871315376596,2051.314371041433,2051.314371041433,246577
2014-06-03,2111.72412109375,2129.752146574094,2087.4606910469133,2118.8177404203057,372134
2014-06-04,2143.533203125,2162.5101202806322,2112.7634433270687,2113.9382489894306,296026
2014-06-05,2151.8017578125,2193.1895570721786,2139.105251687161,2177.8272898821383,553410
2014-06-06,2161.606689453125,2180.447926849296,2150.717508364346,2170.5980903744367,252012
2014-06-09,2200.5537109375,2213.069525165188,2157.0876758291543,2182.344999295194,315081
2014-06-10,2226.895751953125,2244.697860750385,2178.7304920568354,2236.5648974867972,559445
2014-06-11,2212.663330078125,2243.342634367577,2198.6113310841147,2232.046850710137,395488
2014-06-12,2241.85205078125,2248.6295220991437,2174.8905459121343,2186.864078573747,446513
2014-06-13,2171.818359375,2255.5426403695524,2162.96241866605,2245.6023482845903,328108
2014-06-16,2151.756591796875,2176.923689069935,2133.096043192022,2167.8870610538706,225806
2014-06-17,2181.848876953125,2189.123407529556,2151.6213966265727,2157.9470370198474,190284
2014-06-18,2200.418701171875,2213.0699791252246,2168.790506288501,2182.345446952804,501190
2014-06-19,2150.762451171875,2213.0699501522513,2142.5842596206567,2205.8406485592673,305893
2014-06-20,2138.427001953125,2166.3955347891947,2134.450974922143,2135.5805531264837,135952
2014-06-23,2150.988525390625,2164.2270966602487,2124.5563894930306,2161.5613356255044,158501
2014-06-24,2181.984130859375,2188.671146858275,2159.0309649897117,2159.7539393027564,217974
2014-06-25,2232.950439453125,2284.4592112252126,2160.7478809542426,2182.300103086419,430866
2014-06-26,2247.319091796875,2262.7265877766704,2202.678234492814,2245.6022206008793,539042
2014-06-27,2218.220947265625,2241.1288866288364,2204.9371487314424,2241.1288866288364,151990
2014-06-30,2204.349853515625,2231.59519762544,2194.273881315847,2218.4468602737256,240672
2014-07-01,2334.884033203125,2354.4030176988617,2210.9015387013733,2217.407866866619,1505073
2014-07-02,2387.431396484375,2408.2608638398615,2320.831506025037,2343.9201299132064,775548
2014-07-03,2376.542724609375,2405.5503889224633,2363.0782370519314,2394.7064352533916,395691
2014-07-04,2387.928466796875,2398.5917298077634,2364.5686998856777,2373.921696225313,346996
2014-07-07,2384.63037109375,2403.7427486855536,2366.3312016723658,2393.8024591233197,252391
2014-07-08,2340.169921875,2404.7818021382855,2329.642340122366,2403.742678326413,325370
2014-07-09,2274.021728515625,2355.848421892704,2252.107910245238,2355.848421892704,406355
2014-07-10,2287.802734375,2376.632818838241,2250.1200452118705,2274.518937268385,349298
2014-07-11,2263.358154296875,2314.234396315054,2233.853662416564,2281.74777411077,273178
2014-07-14,2267.876953125,2282.24532208736,2242.890768309745,2242.890768309745,142260
2014-07-15,2275.828857421875,2303.752162006499,2265.481965564485,2282.6515536561187,171337
2014-07-16,2324.35595703125,2335.7874227135117,2260.964106016159,2281.703121137835,255637
2014-07-17,2313.692626953125,2331.2235931508467,2283.781306634549,2326.9311957993723,214428
2014-07-18,2281.38720703125,2307.2318308962685,2263.6753277949924,2304.3401540428067,260815
2014-07-21,2296.523193359375,2325.12402835138,2281.38684377722,2281.38684377722,238243
2014-07-22,2271.265625,2314.2800555537965,2253.4182875938354,2300.544427345104,236100
2014-07-23,2250.165283203125,2285.769504273791,2240.179766541543,2281.8837106554342,253475
2014-07-24,2257.98193359375,2269.0970288748786,2245.601798786967,2259.1567392223005,288868
2014-07-25,2267.56103515625,2292.5924497861615,2256.355484424551,2256.445938949959,230984
2014-07-28,2264.12646484375,2281.7478841470643,2252.4693064760054,2268.192946221438,182179
2014-07-30,2306.553466796875,2313.376163277565,2245.6014709940423,2268.147807836212,189655
2014-07-31,2280.89013671875,2340.486654313499,2269.45866991497,2317.6691685909445,958095
2014-08-01,2336.87158203125,2373.5151461288624,2267.2895589003892,2268.1932215384522,943610
2014-08-04,2390.8203125,2403.742732970575,2323.678131135352,2340.4863452608233,480503
2014-08-05,2409.029541015625,2417.297967309692,2375.368102031593,2398.0499057262064,412319
2014-08-06,2382.958251953125,2412.7791174496942,2376.9489839725707,2398.320515996812,238191
2014-08-07,2394.16357421875,2410.0681240279387,2376.1807769521806,2376.1807769521806,286075
2014-08-08,2369.946044921875,2381.1513749084215,2343.6493703320652,2375.7293983431655,266242
2014-08-11,2407.854248046875,2414.5864903572906,2381.196201091209,2384.765624271291,226565
2014-08-12,2407.5830078125,2426.2887789315596,2392.1755168334375,2414.5863927465516,223239
2014-08-13,2395.564697265625,2417.252603032748,2388.380622604423,2397.688392953637,186796
2014-08-14,2409.661865234375,2433.5637000055576,2390.1878895338655,2390.1878895338655,311544
2014-08-18,2443.096923828125,2460.221284974969,2395.74487397811,2395.74487397811,359547
2014-08-19,2484.439697265625,2494.108843222081,2450.9137256537206,2453.4440251260685,404906
2014-08-20,2474.093017578125,2489.590744673243,2462.435636346753,2484.1687684597982,212477
2014-08-21,2485.569580078125,2504.049438886203,2474.319023150628,2479.605317778332,206504
2014-08-22,2489.454833984375,2501.24745362255,2466.0950691013168,2490.493957656002,192631
2014-08-25,2535.542236328125,2552.80206262355,2511.4594914687655,2513.0861285563906,390940
2014-08-26,2505.31396484375,2530.164684963513,2489.5903247253596,2516.7002012196463,295099
2014-08-27,2513.3466796875,2540.02976967172,2505.6321552576564,2527.641239660445,308090
2014-08-28,2527.1875,2544.6132053697875,2506.4943779321866,2518.5653842700667,444326
2014-09-01,2643.63134765625,2659.2418699488526,2533.9943006475073,2544.885393630233,640846
2014-09-02,2645.673583984375,2691.915308024383,2639.093548251679,2658.334436009244,431825
2014-09-03,2639.77392578125,2670.132801317103,2629.2912051038907,2668.317619263182,423897
2014-09-04,2629.971923828125,2653.3878168662973,2616.675803786408,2641.089914015993,254066
2014-09-05,2614.54296875,2633.7838550727524,2595.6196063530897,2606.6015469061877,262632
2014-09-08,2646.218017578125,2654.159440049731,2592.0802947322095,2609.32452638484,393871
2014-09-09,2641.09033203125,2661.057337977878,2634.7371937755047,2659.242155619094,194446
2014-09-10,2638.321533203125,2650.120215845671,2618.3999556726385,2623.89092537225,185112
2014-09-11,2647.5341796875,2653.796469866113,2610.4589933147768,2636.552238358775,280993
2014-09-12,2697.179443359375,2703.7140553705804,2651.073768290522,2651.073768290522,453657
2014-09-15,2688.829345703125,2699.538742878402,2659.2417887053857,2696.3621741888223,287604
2014-09-16,2677.711669921875,2704.8939808721,2660.1496923282907,2681.931880187683,360771
2014-09-17,2693.00439453125,2709.15956118865,2646.7626701227473,2677.3938711914634,313982
2014-09-18,2761.527587890625,2777.228959329607,2686.469843011646,2702.806483948879,369872
2014-09-19,2797.55859375,2808.086738674319,2750.000910854294,2763.7962506455806,276972
2014-09-22,2782.85595703125,2799.9187150727894,2760.43849980353,2790.2075340236815,228956
2014-09-23,2778.8623046875,2824.423330810701,2771.8738979600107,2794.472826338737,331237
2014-09-24,2787.93798828125,2804.456099633026,2750.9082323584794,2790.8422350717005,211358
2014-09-25,2774.732666015625,2813.5321824019748,2761.799493886842,2790.8424067374426,318285
2014-09-26,2757.26171875,2801.7336819556454,2688.193948486434,2759.349222563379,290099
2014-09-29,2730.169921875,2756.3540122366144,2724.4522755375956,2755.446421188792,217945
2014-09-30,2779.815673828125,2793.5655912740845,2735.298283101496,2739.1101216586053,293390
2014-10-01,2696.407470703125,2797.104649090794,2687.513034476426,2766.3374024396885,513843
2014-10-07,2667.09228515625,2717.3275371758564,2662.8720755090053,2696.452943536897,295318
2014-10-08,2678.391845703125,2693.730044724781,2653.841465231564,2667.409906147618,283872
2014-10-09,2728.400390625,2735.0712740133877,2687.3773161666622,2687.3773161666622,292837
2014-10-10,2692.096435546875,2718.235101203295,2670.1327772087125,2713.787993843279,249861
2014-10-13,2698.132568359375,2704.6217567612625,2654.7496649919935,2669.2257002130445,158747
2014-10-14,2688.37548828125,2716.1476409514094,2683.8375331148995,2704.7121268801116,176342
2014-10-15,2688.37548828125,2688.37548828125,2688.37548828125,2688.37548828125,0
2014-10-16,2665.458984375,2704.62145132176,2642.9052571305256,2682.9301128776656,168761
2014-10-17,2669.316162109375,2687.1048139835248,2633.8292629395523,2668.3177233088504,283917
2014-10-20,2726.131591796875,2736.20594255915,2702.806542712012,2702.806542712012,196994
2014-10-21,2791.477783203125,2799.6915266246797,2731.8490947857317,2736.3870500926846,220013
2014-10-22,2883.59814453125,2894.3077628836013,2800.2812445762997,2806.27143394045,398874
2014-10-27,2876.79150390625,2895.2156477991257,2818.5241988213747,2877.9714166680337,160160
2014-10-28,2860.137451171875,2876.7916157797968,2840.8057154150583,2876.7916157797968,220379
2014-10-29,2909.192626953125,2921.535955409108,2854.7371571412123,2873.4336237419184,228343
2014-10-30,2940.82177734375,2994.1427493116366,2877.97109974756,2924.122191350849,1274329
2014-10-31,3028.8583984375,3040.4301849623566,2946.2676083385227,2963.284941463312,902391
2014-11-03,2983.11572265625,3025.908551907466,2973.2682711604257,3022.278187718015,452092
2014-11-05,2985.021484375,3020.326908514951,2976.898588943698,2990.5124544419164,267172
2014-11-07,2984.476806640625,3012.0220591874513,2948.899063927243,2982.343879263635,302843
2014-11-10,3002.130126953125,3008.664739084029,2966.053377819312,2981.4370038886987,207284
2014-11-11,3021.370849609375,3026.725548605154,2987.018436958891,2993.235524785737,213365
2014-11-12,3049.279541015625,3059.762263715032,3004.1268787147014,3021.371111553245,261098
2014-11-13,3020.962646484375,3082.1796268537005,3014.7455583106257,3058.582256330086,235947
2014-11-14,3021.8701171875,3034.984764812778,3013.4748991628235,3021.461745491462,115687
2014-11-17,3032.44287109375,3058.581535056488,3006.939698066841,3014.97174511457,186565
2014-11-18,3053.68115234375,3064.708295752493,3017.3320838936584,3032.261913410551,276896
2014-11-19,3034.43994140625,3081.2717299693904,3016.469815208162,3065.842681542445,213795
2014-11-20,3027.269775390625,3053.8622359617093,3005.9413869266227,3034.0767078791364,164288
2014-11-21,3045.013916015625,3053.1368129827024,3000.0881513775025,3025.046909509793,261401
2014-11-24,3043.243896484375,3052.319807754103,3025.908817327249,3040.7480208852,156584
2014-11-25,2984.930908203125,3074.9184720212784,2978.396075390679,3047.6907405689058,343894
2014-11-26,2980.529052734375,3001.3127994579822,2948.491043874701,2976.8986884801307,223306
2014-11-27,2961.878173828125,2999.951576707956,2956.2057293710623,2982.9796672083976,244311
2014-11-28,3036.9814453125,3049.2339257709255,2973.2685912446595,2975.9913646798655,275680
2014-12-01,3075.962158203125,3114.8525238298516,3026.816190842819,3032.2617372131513,510490
2014-12-02,3046.646728515625,3081.271234164515,3042.2902476977497,3081.271234164515,165773
2014-12-03,3078.095458984375,3099.1515298529607,3054.8158340609816,3054.8158340609816,286735
2014-12-04,3092.027099609375,3099.423879092975,3071.470026438474,3078.5492819570636,199285
2014-12-05,3094.976318359375,3101.2386079524504,3076.733649680658,3095.79306166983,140056
2014-12-08,3067.52197265625,3122.1134905524223,3055.04259460535,3113.0375792426767,203336
2014-12-09,3028.222900390625,3076.7335967071035,3013.0207506133847,3076.7335967071035,221590
2014-12-10,3016.288330078125,3035.8923874902794,2997.9550332200174,3015.970806124516,236136
2014-12-11,3032.352783203125,3042.2454377907256,2983.0251171416076,3017.7404775221253,156314
2014-12-12,3067.022705078125,3080.7271979928146,3033.4418337591537,3042.2454232754517,241538
2014-12-15,3057.447265625,3067.5668169223313,3037.0718914286767,3062.2121185064934,135240
2014-12-16,3003.990234375,3071.0156984369683,2996.411760705387,3035.891970183105,217196
2014-12-17,2960.5166015625,3008.664351411618,2950.3516260486626,2985.9745750057987,267012
2014-12-18,3072.46826171875,3085.1291135221077,2967.86838517733,2995.0506948953316,283235
2014-12-19,3048.96142578125,3142.0803604508164,3040.6570559215334,3086.7173038397536,473560
2014-12-22,3079.910400390625,3097.1546313048498,3047.781764056065,3069.427678861006,194933
2014-12-23,3084.629638671875,3107.591736414034,3072.286533414399,3081.2715961231443,202035
2014-12-24,3054.497802734375,3103.9615169667395,3024.8196185109273,3085.809695230092,403056
2014-12-26,3025.091796875,3075.55372596493,3018.6478118317555,3055.859044629441,210882
2014-12-29,3037.888671875,3067.6577021765875,3026.861529417752,3026.861529417752,211257
2014-12-30,3037.93408203125,3057.3564414851953,3030.8548276652873,3040.4299573693893,109577
2014-12-31,3022.096923828125,3033.07864331642,2994.8237666437103,2999.5886199734714,281626
2015-01-01,3032.03515625,3049.50628601362,3013.429537540691,3013.429537540691,299232
2015-01-02,3049.1435546875,3070.3811006268334,3040.8843859444887,3049.506502543943,233924
2015-01-05,3129.192626953125,3148.7512593994493,3064.07296577666,3069.4730884850783,536747
2015-01-06,3081.49853515625,3121.2056438855293,3069.926749183717,3121.2056438855293,422743
2015-01-07,3120.071533203125,3139.312421620451,3069.518749535851,3085.8099666615153,369241
2015-01-08,3154.332763671875,3185.236283920237,3125.7436449679003,3144.803057437217,422022
2015-01-09,3147.707275390625,3183.557122322293,3112.9919172859086,3176.5687154642414,194054
2015-01-12,3142.897216796875,3161.7297326326334,3126.787474334961,3149.3412024135864,152803
2015-01-13,3147.752197265625,3190.182072627023,3142.170601759099,3161.8652803381597,237771
2015-01-14,3191.09033203125,3204.704198635479,3141.445142797134,3151.0202732914136,429069
2015-01-15,3290.743896484375,3302.406309319558,3212.872534799533,3222.266191435764,670686
2015-01-16,3282.39404296875,3290.0177195351785,3260.112637269444,3281.1687063584973,379075
2015-01-19,3291.152099609375,3305.9004544163113,3281.1231740246885,3292.468062337716,192537
2015-01-20,3272.364990234375,3300.0010936914814,3253.2601541081176,3283.664454613801,333315
2015-01-21,3298.821533203125,3349.0113684885896,3260.0674351249363,3288.2027609848674,402419
2015-01-22,3264.83203125,3310.8922788241016,3260.1580257931414,3310.8922788241016,318883
2015-01-23,3273.40869140625,3303.4046208015507,3244.638098596207,3298.1859721115006,337571
2015-01-27,3347.10498046875,3362.35255458783,3253.849999083654,3308.1239887702195,1278436
2015-01-28,3381.502685546875,3411.180867750916,3350.8260645833134,3350.8260645833134,672705
2015-01-29,3347.921630859375,3398.9281993073814,3337.2120130449243,3398.9281993073814,603103
2015-01-30,3310.302490234375,3395.298308194908,3291.4245510211954,3358.0870730609886,284786
2015-02-02,3330.360107421875,3380.7768371890825,3285.4797719797257,3310.302477120963,319679
2015-02-03,3274.452880859375,3365.3480476126483,3267.328201565678,3365.3480476126483,220676
2015-02-04,3228.800537109375,3298.185827553018,3222.4019759843122,3285.4795530385045,203545
2015-02-05,3197.170654296875,3264.604707443264,3183.8291114014373,3248.2680700415463,379633
2015-02-06,3178.928955078125,3206.973433902688,3167.493217580411,3203.569966978354,198214
2015-02-09,3096.0654296875,3174.027413169832,3085.8096063856015,3167.49280184875,286868
2015-02-10,3080.227783203125,3156.6014767059846,3049.505739428438,3079.456242226396,547537
2015-02-11,3135.50048828125,3150.0673703819875,3091.255420243415,3091.255420243415,341769
2015-02-12,3223.67236328125,3230.7970412168,3147.5255675089156,3147.5255675089156,436882
2015-02-13,3282.712158203125,3291.8334946672726,3204.977055542486,3235.5628366387723,321186
2015-02-16,3242.006103515625,3312.7073582277803,3232.3855496789697,3285.479626516319,260901
2015-02-18,3235.516845703125,3252.8065004638056,3219.271053654739,3244.6381805686674,161803
2015-02-19,3262.92578125,3280.9415517080506,3232.9752774584745,3244.6379107486255,214789
2015-02-20,3219.543212890625,3280.034067986213,3214.687512121518,3276.4037037715075,240749
2015-02-23,3218.227294921875,3244.6382854014246,3206.383407955141,3231.932009598454,163132
2015-02-24,3256.709228515625,3267.328000200304,3224.852691881728,3243.594581275238,143983
2015-02-25,3249.08544921875,3280.9419870192664,3234.7456864010674,3262.7901641311933,173339
2015-02-26,3173.710205078125,3250.9006552085257,3161.276029045247,3237.649957351548,429598
2015-02-27,3271.3212890625,3284.4361577889567,3173.710043018476,3173.8460930522333,378654
2015-03-02,3368.478515625,3385.3143727060324,3296.597353957503,3310.982759695974,386182
2015-03-03,3365.937744140625,3389.2630133658117,3348.6028865647804,3374.423809809073,206296
2015-03-04,3338.482421875,3439.49733771647,3310.211052752934,3403.4660217488527,340907
2015-03-05,3338.800537109375,3368.297245897973,3304.8567208584336,3337.212252789989,152837
2015-03-09,3332.039306640625,3349.827959556452,3288.2026114461405,3296.6432531362366,218786
2015-03-10,3309.7578125,3348.1035361109207,3303.858470406012,3348.1035361109207,182667
2015-03-11,3318.561767578125,3332.6748549207946,3281.259902558394,3305.4925430535254,198508
2015-03-12,3344.65478515625,3376.1935768973112,3323.689563018744,3328.4996187398197,308505
2015-03-13,3313.34228515625,3373.697084211199,3290.1080894453976,3362.6245187757295,363024
2015-03-16,3310.030029296875,3337.2123373068066,3301.6348119675067,3313.6149696783114,182829
2015-03-17,3323.190185546875,3348.058092673485,3288.7017242758902,3326.321330477875,185250
2015-03-18,3326.23095703125,3338.120490586173,3305.7195285090224,3324.5066223537665,177261
2015-03-19,3317.24560546875,3353.549250945836,3310.89246751026,3331.7670636595844,252139
2015-03-20,3288.974365234375,3333.4009088951893,3276.4041388398396,3303.631874065655,206403
2015-03-23,3262.244873046875,3302.9049925584804,3251.9438485512314,3290.0626690471445,192986
2015-03-24,3255.801513671875,3299.0935637132975,3237.422794369208,3290.0176529465484,227226
2015-03-25,3280.71435546875,3293.556678657801,3243.09475526319,3258.251479668805,201854
2015-03-26,3232.340087890625,3288.156937244317,3211.01169830019,3271.865722277379,489101
2015-03-27,3276.44873046875,3285.2523183062694,3217.954538465952,3240.099668859281,204071
2015-03-30,3322.6455078125,3334.4896156789905,3267.7362476740736,3293.648017228921,152167
2015-03-31,3355.681884765625,3383.227140410264,3321.647220112559,3321.647220112559,294635
2015-04-01,3307.89697265625,3410.318708711929,3267.3276980547057,3358.0413769111174,694487
2015-04-06,3293.60302734375,3331.6764337107884,3284.5725392569616,3309.077501555922,262771
2015-04-07,3267.23681640625,3312.7072150308,3247.3606617480004,3303.6313048526335,306684
2015-04-08,3293.37548828125,3326.2302388725543,3272.773216453707,3280.941535629548,256031
2015-04-09,3321.05712890625,3328.136383418747,3290.017559283599,3302.723833995315,238584
2015-04-10,3327.773681640625,3347.513788455641,3297.6414792613996,3321.78349163033,201302
2015-04-13,3326.503173828125,3339.9355677098906,3306.127795998697,3322.6913351592148,218690
2015-04-15,3340.162109375,3384.407175017832,3313.070426703293,3317.2454343497384,232802
2015-04-16,3338.02880859375,3375.058565247411,3323.8250982530126,3336.5313720943786,206305
2015-04-17,3309.80322265625,3342.5671279714948,3300.31894010657,3327.3649772538242,99056
2015-04-20,3274.63427734375,3311.2554471224175,3253.3513092944568,3291.833085237661,175033
2015-04-21,3167.629150390625,3273.9081622463723,3149.3412774259928,3271.8660821673498,482786
2015-04-22,3142.942626953125,3183.9204989985756,3073.194382278776,3168.4460260754504,422446
2015-04-23,3171.531494140625,3208.833574854455,3158.4168478097977,3167.49275829201,234616
2015-04-24,3214.14306640625,3235.5623052214273,3116.758717625185,3163.862607574164,332449
2015-04-27,3311.25537109375,3343.5657037686283,3194.902233210174,3233.928651576637,1804129
2015-04-28,3469.357666015625,3484.0605968353266,3321.783271392322,3325.413635623352,1129937
2015-04-29,3418.169677734375,3515.100454968137,3400.426226784106,3484.24235647371,703698
2015-04-30,3381.54833984375,3442.492992698683,3367.1175086137623,3412.542486830226,592304
2015-05-04,3410.500244140625,3485.149607477879,3382.36492178859,3446.1231926024757,478823
2015-05-05,3442.538330078125,3453.3839989783946,3391.2594349553183,3406.18926364413,458196
2015-05-06,3298.68505859375,3437.9548593592704,3288.701557154217,3437.9548593592704,430929
2015-05-07,3216.14013671875,3290.92555998497,3194.72089662082,3290.92555998497,469950
2015-05-08,3276.90283203125,3285.4795229339907,3232.340023903165,3232.340023903165,495595
2015-05-11,3314.25048828125,3334.852762636021,3281.985579262856,3298.0953218357945,288810
2015-05-12,3246.861572265625,3315.384696852107,3226.486197416475,3312.707347558406,332314
2015-05-13,3271.049072265625,3296.3707745505235,3216.865707986142,3285.479681683066,337505
2015-05-14,3309.531005859375,3315.884143673996,3223.7636453619907,3271.820550658045,287801
2015-05-15,3331.948486328125,3343.565697018102,3290.9254118858953,3303.6316876074625,208258
2015-05-18,3355.908935546875,3363.8955599524093,3314.5226928097495,3335.3972880821,183483
2015-05-19,3364.21337890625,3385.2240246701176,3344.4732720764905,3353.5491832625867,175567
2015-05-20,3368.886962890625,3403.420844947488,3364.4398555979756,3364.5307033304116,218115
2015-05-21,3356.363037109375,3385.2242594186537,3350.3274228041632,3368.8876181508153,198709
2015-05-22,3360.401123046875,3384.2253869505867,3353.1858188662895,3360.809494683543,135158
2015-05-25,3351.507080078125,3373.516164552269,3340.8428845081794,3354.6382250997117,81113
2015-05-26,3382.0927734375,3385.3147661233743,3332.674482896791,3354.456669059515,252919
2015-05-27,3377.963134765625,3403.4665326152967,3357.1793877717287,3358.0869788470927,283565
2015-05-28,3366.16455078125,3393.437707722088,3354.5021380642893,3381.684447262951,317937
2015-05-29,3435.866943359375,3438.816613885287,3351.7787322295353,3376.2382635053646,432656
2015-06-01,3524.0400390625,3538.652122193484,3425.6116112547693,3436.048908453979,571376
2015-06-02,3477.34423828125,3528.0787106023486,3462.5052576557814,3521.4532516634044,329350
2015-06-03,3428.153076171875,3466.9980197669106,3405.2818246506413,3453.3841531971457,277700
2015-06-04,3423.47900390625,3460.6448146015387,3400.7438028617794,3447.938539384014,193996
2015-06-05,3412.04345703125,3448.7554742214793,3404.3743562365335,3420.710996709009,253728
2015-06-08,3379.41552734375,3452.975831762102,3372.608593959816,3436.1399722098663,303682
2015-06-09,3351.09912109375,3382.5470683771728,3336.123865895951,3367.163441444502,209963
2015-06-10,3396.705322265625,3402.468393153317,3352.7777774052993,3360.764623887165,239272
2015-06-11,3359.357421875,3429.7411520773403,3350.236309091707,3405.327041478545,226654
2015-06-12,3391.486328125,3408.0044411536364,3354.0027729116546,3359.085371495781,173412
2015-06-15,3419.258544921875,3439.6793442144804,3386.2223182537796,3392.121660271643,175936
2015-06-16,3439.4072265625,3458.421215268391,3398.656254345779,3419.2585274329704,228783
2015-06-17,3456.78759765625,3471.4451052703585,3442.4930378497293,3453.38413103565,291820
2015-06-18,3504.2998046875,3532.2988549361758,3459.736996608171,3460.644587635613,232645
2015-06-19,3573.503662109375,3584.5308045891625,3505.116588763982,3520.545636410017,309290
2015-06-22,3612.80224609375,3625.735418633371,3589.568048023112,3589.568048023112,230791
2015-06-23,3645.92919921875,3656.2304459894426,3589.7948272431227,3614.027463306432,330957
2015-06-24,3638.804931640625,3662.719823455392,3618.6110302755555,3652.1464760916897,306048
2015-06-25,3658.95361328125,3670.0261806686212,3615.4800871107223,3615.8430349280666,240888
2015-06-26,3693.850341796875,3700.61185115516,3635.9459854785446,3653.9617573902187,291925
2015-06-29,3624.283447265625,3653.7347330339753,3595.059059263718,3648.516084405783,344044
2015-06-30,3651.556640625,3684.8197648953783,3616.9773320318486,3616.9773320318486,340789
2015-07-01,3659.134521484375,3711.91107008852,3653.9612971977513,3662.038768313723,380963
2015-07-02,3624.374267578125,3674.836422170224,3613.2562764268323,3658.953577668377,322025
2015-07-03,3629.365966796875,3648.5162276685714,3609.5806580500216,3624.3742157391193,279389
2015-07-06,3619.427490234375,3634.901961126423,3607.7196549465757,3616.6592933637426,332811
2015-07-07,3605.087646484375,3633.813035733385,3590.15781825206,3620.380644079143,287981
2015-07-08,3584.0771484375,3602.2289699033777,3545.9583233591575,3584.984739510794,252360
2015-07-09,3571.9609375,3601.2307514043755,3565.471749560899,3584.9849588304824,128065
2015-07-10,3570.82666015625,3595.8762654277284,3556.758996826081,3584.7128495658762,184572
2015-07-13,3662.35693359375,3666.6679912567374,3575.908882562264,3592.8807915721595,335198
2015-07-14,3676.333740234375,3683.866790556688,3648.6522121387798,3675.4715730194994,251002
2015-07-15,3768.454345703125,3793.685644503482,3694.8034156227664,3694.8034156227664,551469
2015-07-16,3792.0517578125,3802.8068012403164,3771.9487030918267,3781.0246143119707,321651
2015-07-17,3805.529296875,3838.157372594079,3779.3000039949698,3799.176159484558,241023
2015-07-20,3790.1455078125,3829.1267215041125,3776.5772872218345,3819.1432197414806,207897
2015-07-21,3769.089599609375,3807.2992716387757,3758.743150219198,3790.962632656488,146004
2015-07-22,3803.849853515625,3810.974531352395,3751.9811175543705,3757.2449679832534,305466
2015-07-23,3842.78564453125,3853.177739146018,3805.574412095733,3810.883908282494,229845
2015-07-24,3842.922119140625,3868.0621247931563,3816.783231562785,3846.325585505472,226189
2015-07-27,3792.006103515625,3849.592487447342,3781.5688068565787,3849.592487447342,220316
2015-07-28,3809.11474609375,3850.0015489763423,3767.955399978052,3819.0526030082124,940179
2015-07-29,3878.771240234375,3911.2628157969725,3785.7431769743243,3834.48054031822,819323
2015-07-30,3899.420654296875,3918.979068726113,3885.4433943363424,3911.718338631206,294361
2015-07-31,3931.185791015625,3956.1897494704544,3888.3021099735333,3899.9190992141644,297226
2015-08-03,4017.95068359375,4028.7965736431684,3975.2487029865006,3975.2487029865006,341893
2015-08-04,4028.615478515625,4042.3658391678396,4003.793214726407,4037.8730856454677,313075
2015-08-05,4058.429443359375,4069.6382814954327,4013.5945339748387,4045.1333230653754,198485
2015-08-06,4040.686279296875,4064.510544813138,4020.673630367394,4048.763751163782,184121
2015-08-07,4041.458251953125,4055.2990172073974,4020.7197052188726,4039.4161718336422,144268
2015-08-10,4081.573974609375,4091.3762261812944,4035.150769970086,4056.9329603612878,241899
2015-08-11,4088.0625,4115.018133497875,4052.4395485796667,4093.23594664213,216773
2015-08-12,4088.0625,4088.0625,4088.0625,4088.0625,0
2015-08-13,4077.6708984375,4104.7625823091485,4020.764757303278,4063.2854903901675,261773
2015-08-14,4149.96044921875,4164.9357028900695,4075.537976427949,4092.7822079282564,181419
2015-08-17,4129.35791015625,4163.120477162994,4116.379534373829,4161.260092626539,157066
2015-08-18,4205.77685546875,4218.48312995657,4116.832934054003,4134.077163716046,172443
2015-08-19,4240.12939453125,4253.879310497997,4180.092334370904,4199.423846740822,255128
2015-08-20,4205.91259765625,4258.779771566522,4176.052943427272,4202.146183769251,279387
2015-08-21,4145.2861328125,4187.489117268344,4110.479926892784,4184.902394105239,310480
2015-08-24,3849.8193359375,4041.0941396545986,3818.7343441115895,3948.020859641178,930804
2015-08-25,3810.974609375,3965.265079390182,3686.7254900947073,3901.7337093839305,915511
2015-08-26,3841.15087890625,3886.2088601013393,3753.819916946725,3831.9751339304676,612412
2015-08-27,3838.137939453125,3901.273678660981,3821.931707297242,3884.930581593351,795947
2015-08-28,3840.054931640625,3918.712123331748,3811.88795780756,3880.3649869897317,372560
2015-08-31,3804.766845703125,3864.843852709016,3782.078032292783,3833.800930197297,298281
2015-09-01,3708.213623046875,3834.2115773386436,3694.289960701818,3807.3227527139074,605386
2015-09-02,3679.498779296875,3734.2347029087414,3661.238239449248,3727.889209893087,392078
2015-09-03,3782.899169921875,3800.2921561861644,3688.674826803776,3705.9766441109973,514445
2015-09-04,3709.902587890625,3779.6579831977842,3698.85487222375,3777.192632015918,316141
2015-09-07,3715.654541015625,3769.431738862404,3693.19398902711,3714.10221688502,300049
2015-09-08,3779.29248046875,3794.4033447979104,3722.411076729038,3748.888859712885,292997
2015-09-09,3930.718017578125,3943.3635304261215,3823.4373473245782,3843.843589510065,589734
2015-09-10,3927.340087890625,3942.405033085344,3857.6758617139453,3884.929806274455,321362
2015-09-11,3942.222900390625,3980.7982967293437,3933.8687912930927,3952.494455628745,281728
2015-09-14,3943.8203125,3968.928556184165,3912.3208795144114,3953.4070964521356,207396
2015-09-15,3948.841796875,4034.757727213733,3944.2766618497108,3994.9496606304187,734807
2015-09-16,3976.780517578125,3996.3192063490465,3953.498328918792,3996.3192063490465,418079
2015-09-18,4018.093994140625,4088.8076507670917,3976.7795323434157,3998.4179995422583,621252
2015-09-21,4099.7197265625,4116.838983813888,4005.5410751663267,4015.447507858595,642858
2015-09-22,4084.015869140625,4126.791279800797,4054.297014067321,4115.9263460005595,924289
2015-09-23,4106.47607421875,4129.621399391848,4029.4166793867066,4071.187667452631,880695
2015-09-24,4169.4755859375,4203.5772411202615,4094.698747201149,4108.16589844062,1098076
2015-09-28,4141.71875,4213.619626618904,4123.914723408652,4172.5334114081015,684352
2015-09-29,4275.06640625,4327.748245710085,4078.491859406529,4117.706549789773,1222175
2015-09-30,4278.080078125,4349.159330498646,4252.469399229205,4300.357851291602,835777
2015-10-01,4181.9833984375,4311.22219473783,4172.533479621732,4309.487532563365,1087189
2015-10-05,4030.147216796875,4172.533975761435,4007.276065561693,4172.533975761435,1949365
2015-10-06,3975.3203125,4062.0578939624484,3960.7573507604216,4062.0578939624484,1159174
2015-10-07,3984.90673828125,4051.9228375913185,3967.1481830374264,3973.7221564175898,801302
2015-10-08,3975.091796875,4023.710490686908,3955.4162408973857,3999.0587586132647,726218
2015-10-09,3904.424072265625,4014.7635018374276,3892.0068128126795,4008.1895274758463,816648
2015-10-12,3863.793212890625,3946.695882169402,3849.7781599533114,3935.9678154364597,837794
2015-10-13,3902.140380859375,3915.0596232425,3861.327897226208,3863.017086273092,605082
2015-10-14,3880.13623046875,3921.998604746424,3873.0602716979674,3899.4466610481627,656029
2015-10-15,3996.68408203125,4007.4121486944587,3890.407834207017,3898.5336848997654,982419
2015-10-16,4060.231201171875,4073.0135795879773,4000.016890236145,4026.4492010721765,929525
2015-10-19,4071.14208984375,4088.535076593885,4024.7145757937715,4076.6657250986373,594941
2015-10-20,4116.61083984375,4123.869583442821,4055.3466337187056,4079.313594527333,675597
2015-10-21,4085.52197265625,4131.173321286668,4062.970028107243,4098.578080038969,316565
2015-10-23,3999.880126953125,4115.925954541437,3990.932640160153,4109.351981434852,621558
2015-10-26,4003.760498046875,4064.79644579033,3995.223605926273,4017.319038966184,535165
2015-10-27,4105.88330078125,4125.056871898974,3995.954915535776,4025.536907526024,1290318
2015-10-28,4104.23876953125,4162.489708423807,4083.0563667627252,4136.011927870113,989227
2015-10-29,4053.429931640625,4120.080920598411,4034.8956568725184,4109.992147855777,907407
2015-10-30,4062.05712890625,4079.313250068548,4017.4101977041264,4059.3180479022676,738321
2015-11-02,4104.74169921875,4131.493215668675,4040.3278138442256,4081.231250738545,603730
2015-11-03,4092.68896484375,4127.977814737268,4076.710992483048,4126.79061215924,320901
2015-11-04,4127.38427734375,4141.992710231499,4067.626924050701,4097.437168249463,660804
2015-11-05,4132.90869140625,4158.8385727077475,4105.335093784091,4125.924123032017,406256
2015-11-06,4129.4384765625,4140.897233287389,4091.3195980267305,4138.7060575762725,361975
2015-11-09,4225.67236328125,4235.5328780107175,4053.8404781995227,4053.8404781995227,729714
2015-11-10,4302.82177734375,4318.571490370903,4227.086022461538,4245.118302594075,909977
2015-11-13,4218.00244140625,4325.23765321545,4202.115858941854,4322.681355647024,983107
2015-11-16,4242.74609375,4258.35894835382,4175.182079560853,4199.925206352395,644299
2015-11-17,4229.369140625,4269.45093505516,4216.358506429111,4241.375356000874,638262
2015-11-18,4138.97998046875,4247.401945434429,4131.447507113239,4231.423971650013,725994
2015-11-19,4245.8955078125,4256.075670441059,4173.49219395148,4182.485599719202,1030684
2015-11-20,4325.830078125,4351.486223283222,4228.227591276668,4260.183532907997,917455
2015-11-23,4324.32470703125,4373.399914843956,4293.373176754972,4318.618287518145,1034126
2015-11-24,4236.35400390625,4313.185138893062,4219.097882297476,4313.185138893062,1287988
2015-11-26,4205.90478515625,4254.660788668978,4179.792566896608,4254.660788668978,1436728
2015-11-27,4181.708984375,4272.966208106617,4160.115985755371,4272.966208106617,1231876
2015-11-30,4158.83837890625,4291.227306445527,4101.4090643295995,4187.142218587061,10567769
2015-12-01,4159.93359375,4214.532427373499,4137.2447847388075,4208.141238683807,1506622
2015-12-02,4217.08984375,4224.896493781251,4159.9346978070835,4199.9251107534155,1123497
2015-12-03,4224.6220703125,4240.73735606293,4200.3813779534785,4208.14210868114,567288
2015-12-04,4200.24365234375,4230.96692029532,4180.8873025226485,4209.054273319254,581041
2015-12-07,4167.23828125,4236.445554000532,4161.577335158281,4220.011066937599,493623
2015-12-08,4147.47021484375,4181.480467267071,4126.881636333187,4145.142174547051,577670
2015-12-09,4089.5390625,4146.968367952852,4081.230428170244,4144.046503414717,607147
2015-12-10,4106.88720703125,4126.699627223811,4022.842796638112,4104.056733914026,506406
2015-12-11,4091.046630859375,4134.1871661064,4028.276010790953,4126.654691698189,532721
2015-12-14,4178.7421875,4190.794323356825,4082.6006137015343,4089.356924972903,484617
2015-12-15,4218.18408203125,4230.966458037406,4166.232942997583,4204.488679167513,581111
2015-12-16,4217.63720703125,4252.103979324475,4203.576679152576,4250.1410602639535,357572
2015-12-17,4260.86865234375,4272.053232831501,4176.048535195354,4245.575450452336,443534
2015-12-18,4218.595703125,4293.052875284196,4210.423933299248,4277.257686799396,682206
2015-12-21,4235.6240234375,4254.706200280248,4214.76126546002,4224.484914716315,274072
2015-12-22,4215.62841796875,4240.964917069958,4201.7957023488125,4227.314985174533,207127
2015-12-23,4231.83544921875,4251.054492773043,4218.185514736138,4231.880922251516,227939
2015-12-24,4198.4638671875,4231.287370850358,4187.279284840316,4230.282951844131,162732
2015-12-28,4236.4453125,4241.878001517263,4188.967908135776,4198.463299845827,272134
2015-12-29,4233.615234375,4250.962749125634,4211.611192291656,4238.226288678706,253128
2015-12-30,4188.23828125,4239.093625536277,4177.099171799588,4233.706854564959,265170
2015-12-31,4219.96533203125,4233.706210091663,4169.155022696963,4188.054859972063,422019
2016-01-01,4235.076171875,4262.010471124825,4202.070331618102,4219.098197743748,243597
2016-01-04,4182.25732421875,4251.967029595772,4174.131472526191,4231.880434222977,405501
2016-01-05,4169.7490234375,4200.609159099312,4160.892482813745,4199.878915792067,509285
2016-01-06,4091.092041015625,4193.533869718432,4079.4054713481282,4192.62084253147,593742
2016-01-07,3896.7080078125,4062.696590872977,3882.054102172571,4062.696590872977,1200069
2016-01-08,3848.180908203125,3948.8421443688276,3830.878866609132,3913.507817838121,994652
2016-01-11,3900.816650390625,3926.0162859469424,3758.9323370333864,3825.58331119016,865799
2016-01-12,3897.712158203125,3948.6588851077463,3889.4949154240603,3935.146264196643,481142
2016-01-13,3918.027587890625,3935.1468462123144,3854.207082030171,3924.190520886433,431206
2016-01-14,3878.7666015625,3915.9724484438448,3846.30867297686,3870.3211025771643,402026
2016-01-15,3901.68408203125,3962.537243391975,3884.016920135821,3894.060217296492,592183
2016-01-18,3867.765380859375,3916.2012877031325,3809.925027879827,3906.842760408394,396124
2016-01-19,3833.02490234375,3875.754841140374,3802.7581409965865,3872.148205514171,499001
2016-01-20,3705.93115234375,3825.537920489589,3678.1295228600907,3807.185987362662,679992
2016-01-21,3553.227294921875,3729.6697707959165,3533.4146526910267,3729.6697707959165,1212801
2016-01-22,3747.930419921875,3761.579906294529,3588.3330303659804,3600.019820728065,1063413
2016-01-25,3726.383056640625,3809.148869937029,3719.5808267615694,3767.1041524187617,608634
2016-01-27,3754.321533203125,3815.53981493774,3736.106466313767,3771.714519145203,886550
2016-01-28,3746.423583984375,3779.840462000177,3680.4119089200076,3725.150232794252,1677354
2016-01-29,3739.6220703125,3765.3236935584455,3581.8052497162416,3583.6313038838257,2147231
2016-02-01,3604.858642578125,3760.75799373882,3591.528359992519,3744.232116839525,1904034
2016-02-02,3537.93408203125,3638.4127523068437,3516.5693384703377,3608.8307653906586,902619
2016-02-03,3495.386962890625,3533.4144478239227,3455.4875051412932,3533.4144478239227,1101308
2016-02-04,3464.617919921875,3544.279528052437,3445.764000971248,3527.936433426842,597800
2016-02-05,3399.564697265625,3460.3723856055512,3372.0827178682,3455.5332978463944,1245857
2016-02-08,3407.9189453125,3459.4592744558418,3391.940972944335,3422.938194757179,559505
2016-02-09,3339.03125,3368.156723176409,3305.157857928599,3364.504615046101,657011
2016-02-10,3358.615966796875,3394.634842206067,3286.8976417272297,3323.28186172971,795377
2016-02-11,3233.439453125,3345.604910228392,3212.48552787134,3333.5529983033507,1066224
2016-02-12,3240.92626953125,3275.940944880265,3159.9865134421952,3259.506458534712,1211696
2016-02-15,3388.47119140625,3400.933919828562,3290.9141748465604,3292.329411168386,1182286
2016-02-16,3382.947509765625,3422.892439999535,3333.644053019771,3401.253745231361,753873
2016-02-17,3423.075439453125,3428.4167371144945,3343.048703846797,3359.8483132094025,652019
2016-02-18,3335.51611328125,3466.6268885091113,3307.0754094710223,3452.383577183255,1243826
2016-02-19,3267.86083984375,3323.418627770239,3249.4634330313957,3323.418627770239,718677
2016-02-22,3214.5859375,3236.6811492832394,3187.879894166704,3231.202986548204,1291463
2016-02-23,3184.09033203125,3258.091216389495,3177.3340212637713,3222.9853721439977,796836
2016-02-24,3186.1904296875,3222.985464128496,3177.334111945373,3195.5489568850403,605914
2016-02-25,3117.211181640625,3204.7249126488323,3105.2049652189967,3204.405264021811,840542
2016-02-26,3112.691650390625,3158.251832116485,3081.557562968987,3151.7692511566997,831491
2016-02-29,2955.012451171875,3136.202649425341,2915.524025862688,3127.1180736176957,2218323
2016-03-01,3190.48193359375,3204.7252460724335,2922.508469285414,2922.508469285414,1924803
2016-03-02,3298.447021484375,3312.1881229119217,3232.161392635186,3234.8090818679934,1236996
2016-03-03,3294.795166015625,3329.8098445778137,3266.810974472009,3310.4537145759823,742263
2016-03-04,3245.90283203125,3304.245176349723,3219.333653442698,3304.245176349723,610234
2016-03-08,3161.49267578125,3285.9382935109184,3150.4908793714135,3243.939053857062,1100041
2016-03-09,3265.35009765625,3286.8976268170777,3141.8177068406508,3154.3718297208547,752948
2016-03-10,3311.7314453125,3318.5791477204743,3262.6105487912355,3286.8971558276426,1016572
2016-03-11,3324.51416015625,3369.069926255611,3301.551618249856,3317.6664570541043,1002559
2016-03-14,3330.859619140625,3363.591728791255,3311.5948816911505,3341.679079092289,483295
2016-03-15,3336.702880859375,3359.847981658329,3301.0491317844962,3350.8091034847466,688839
2016-03-16,3348.389892578125,3355.3744604554577,3321.135945552851,3332.5487838537197,459188
2016-03-17,3319.26416015625,3423.8514538134714,3305.1579367479376,3365.7373709668755,710449
2016-03-18,3306.436279296875,3332.274991031148,3247.683118649303,3323.418672666159,1073782
2016-03-21,3350.3984375,3358.843937666096,3291.462497164927,3314.379565156806,474712
2016-03-22,3377.7890625,3411.023155941102,3334.3745843247802,3349.8960432331924,713115
2016-03-23,3411.06884765625,3418.373063604122,3347.567775678041,3389.0193349264036,586282
2016-03-28,3322.459716796875,3449.233611004362,3314.2424734018286,3432.068657997755,743468
2016-03-29,3405.545166015625,3441.1989165378036,3327.983563486414,3331.635671649362,686482
2016-03-30,3403.2626953125,3423.760108379256,3363.5917138443515,3419.286364915064,872340
2016-03-31,3393.08251953125,3422.710203150513,3345.3311595447763,3414.2647028159636,1223191
2016-04-01,3399.38232421875,3437.501204186897,3361.76565371781,3378.6109584876035,769731
2016-04-04,3362.906982421875,3425.221080446797,3356.2875361115352,3410.156133671541,299849
2016-04-05,3245.674560546875,3375.369885170787,3228.920423660566,3356.2877074441512,826024
2016-04-06,3262.291015625,3293.56218892463,3237.59359183908,3257.680184907456,664480
2016-04-07,3169.116943359375,3247.180757435211,3149.9433749898717,3247.180757435211,1221608
2016-04-08,3132.2763671875,3171.8561815868584,3121.183176958744,3159.0738020410276,1631533
2016-04-11,3176.1015625,3184.638454860319,3125.2916946636674,3138.0740737829465,970375
2016-04-12,3262.885009765625,3295.8910742579783,3163.6847012580038,3168.386701814505,1404427
2016-04-13,3407.052001953125,3419.606124528124,3292.923614907678,3298.7668991616024,1107727
2016-04-18,3395.502197265625,3423.8517342062555,3359.9398351677387,3397.191386617306,999621
2016-04-20,3350.855224609375,3400.4326417812104,3333.4620134009424,3400.4326417812104,1830988
2016-04-21,3383.039306640625,3412.210477459541,3354.4615142648613,3373.635083072581,1928958
2016-04-22,3484.156982421875,3499.6327466208622,3360.0309972868367,3380.939227951227,1165761
2016-04-25,3403.718994140625,3507.849769114395,3392.032203842241,3475.0721886490765,838216
2016-04-26,3534.829833984375,3555.327246176646,3370.8043946994435,3381.897806831168,2782566
2016-04-27,3523.73681640625,3590.70744555545,3497.1221647292004,3507.0285982526384,1388262
2016-04-28,3421.97998046875,3518.8065519932998,3410.2477156158866,3486.850602507113,1821236
2016-04-29,3464.617919921875,3487.7632442263293,3401.0256766343136,3416.547136098148,962848
2016-05-02,3497.669921875,3506.0240305976063,3425.3125248893593,3469.411555073616,762337
2016-05-03,3487.7177734375,3541.63206746039,3465.576866596584,3506.7544773480586,795697
2016-05-04,3480.048095703125,3509.6757771803927,3465.896177246753,3469.5025893042384,557609
2016-05-05,3503.147705078125,3515.1539208658223,3471.3286252290536,3492.3282460550054,485772
2016-05-06,3486.8046875,3501.458816567949,3471.328923231119,3496.8479852789433,411877
2016-05-09,3511.95849609375,3540.718847745109,3492.3284148079015,3496.893549990657,771389
2016-05-10,3510.406494140625,3558.112158151619,3501.5501762166346,3515.6107038149703,1094666
2016-05-11,3551.720703125,3558.9792231469946,3460.372307780172,3469.502577721544,679706
2016-05-12,3518.98876953125,3569.7531620682003,3507.393370716034,3546.9731820239667,857976
2016-05-13,3511.73046875,3540.6276871818513,3495.067724244394,3520.6324829379264,435056
2016-05-16,3544.006103515625,3556.2405775721973,3506.0240867464026,3533.414899924109,878812
2016-05-17,3607.095947265625,3623.804386979735,3548.251398059964,3552.633972512238,865028
2016-05-18,3574.40966796875,3596.413710015883,3474.1137758065693,3587.1008782727954,1921044
2016-05-19,3585.092041015625,3597.3265141089355,3543.457919100705,3560.8054327474233,679821
2016-05-20,3601.84619140625,3614.6742666637374,3543.5495451740753,3546.0146737475097,485214
2016-05-23,3573.451171875,3623.1654524347464,3560.805657492641,3619.239391359187,348354
2016-05-24,3582.900634765625,3595.4547564569307,3554.5511008376784,3573.4052427946335,283533
2016-05-25,3707.7568359375,3717.845828555619,3597.326268297922,3604.6304840711155,842663
2016-05-26,3759.844970703125,3766.2361593371515,3676.9420792689275,3710.5415155263477,1074664
2016-05-27,3785.9580078125,3800.0185350455954,3735.2393112316345,3756.8325344409495,880888
2016-05-30,3717.617919921875,3793.810206166053,3701.4116896575874,3772.627800114739,555311
2016-05-31,3799.653076171875,3816.4526830300797,3702.37000925152,3706.889448110556,775477
2016-06-01,3803.0771484375,3834.667972172636,3789.0620946595195,3807.961932107867,647041
2016-06-02,3822.5244140625,3830.102805677991,3765.3233614706533,3789.0620635555797,411143
2016-06-03,3851.10302734375,3866.669961851564,3816.4534688405047,3827.546659497413,591630
2016-06-06,3781.75830078125,3850.2353342333486,3759.8456500765783,3849.322307120654,443085
2016-06-07,3775.960205078125,3824.624814008138,3759.8453669155074,3811.88790841968,471388
2016-06-08,3798.28369140625,3807.1397857701745,3765.9626249431158,3771.7145166865516,417715
2016-06-09,3806.546630859375,3825.3550772250696,3779.9319815530253,3790.9337791640755,305434
2016-06-10,3753.91064453125,3831.974455818474,3743.41083365636,3802.8489826413584,464892
2016-06-13,3775.138671875,3789.0623346710804,3708.7159526346813,3719.6722774578266,385639
2016-06-14,3747.519775390625,3794.449279711821,3739.759044950664,3784.497373369263,403193
2016-06-15,3843.478759765625,3848.409016674011,3754.4586223692513,3766.236582154281,510807
2016-06-16,3728.893798828125,3801.8445696840013,3708.7158122133555,3798.1924615478974,1118517
2016-06-17,3756.64990234375,3796.3665801301036,3737.4306378220567,3757.106415881524,951658
2016-06-20,3773.723388671875,3784.3141452598425,3712.0938430371325,3722.000275186536,667114
2016-06-21,3795.81884765625,3805.5884161353115,3751.6284243492314,3785.4104276836,512383
2016-06-22,3790.294921875,3816.909571140319,3766.2820430432294,3784.497110961995,417540
2016-06-23,3806.044677734375,3811.8879617344746,3762.0825141169303,3790.79694756184,341093
2016-06-24,3716.065673828125,3736.197964235714,3530.31037086582,3700.498518528516,1559787
2016-06-27,3675.025634765625,3707.8032199679624,3655.8520648027275,3707.8032199679624,836629
2016-06-28,3723.96337890625,3726.930716814489,3688.6292767033865,3689.633695619742,626447
2016-06-29,3771.943115234375,3780.8451292430973,3733.55028203074,3743.4110190525716,646945
2016-06-30,3823.027099609375,3834.713667699623,3784.99916575349,3816.36173455569,770542
2016-07-01,3803.122802734375,3847.6787904716252,3772.6277882842273,3824.3052087192636,804652
2016-07-04,3810.792724609375,3826.0404570772707,3794.312762080627,3808.2364267913845,343648
2016-07-05,3810.381591796875,3836.5397280526163,3789.062320661199,3816.4531326177857,282439
2016-07-07,3780.9365234375,3825.492066536787,3766.2366983128,3817.4576065726546,325843
2016-07-08,3799.8359375,3812.481451768329,3767.1497462387515,3781.758179573657,261295
2016-07-11,3900.4970703125,3913.1425842464596,3825.5379053960196,3825.5833784233864,518428
2016-07-12,3990.29345703125,4000.8846603108022,3917.7991961190446,3926.0164398303173,688921
2016-07-13,3945.5546875,3980.7976179594034,3926.929026340228,3971.6673481934417,416940
2016-07-14,4043.157470703125,4052.9270383755584,3949.754982656604,3949.754982656604,637580
2016-07-15,4083.102783203125,4102.732866425107,4021.4279791266454,4062.9707133871207,654076
2016-07-18,4067.306640625,4167.419952471146,4046.900399956975,4087.6214894389414,684924
2016-07-19,4095.565185546875,4107.7082657085,4053.8396754269265,4067.7178634521633,378788
2016-07-20,4080.454833984375,4117.752078895038,4064.8419819503765,4082.9201853949003,357560
2016-07-21,4029.827880859375,4102.276224436104,4022.1126235554952,4098.5786430147255,252227
2016-07-22,4030.739990234375,4062.056634240673,4021.8834510744355,4036.4918813167037,339886
2016-07-25,4154.77490234375,4167.968321028344,4036.4924309455223,4041.9705930323066,499616
2016-07-26,4082.41748046875,4185.31580254361,4064.0200754297,4177.235424364126,1828186
2016-07-27,4161.7138671875,4225.488891324145,4117.751706973183,4118.025436743407,1212744
2016-07-28,4349.20361328125,4367.9206646242255,4173.034895608016,4180.750151194467,1879461
2016-07-29,4343.81787109375,4404.442782082328,4309.989949153401,4337.7918030002365,799265
2016-08-01,4443.01806640625,4460.13732430404,4357.193520145333,4381.571521717388,1206974
2016-08-02,4552.39892578125,4600.743892579198,4455.572573087216,4473.8331164195415,1611134
2016-08-03,4449.95654296875,4583.395344154194,4431.056706550743,4578.738817490373,1019631
2016-08-04,4464.3828125,4514.918950992925,4445.848540935784,4514.918950992925,727097
2016-08-05,4511.85986328125,4533.179133262105,4473.832377237526,4491.179890537018,598288
2016-08-08,4557.6025390625,4574.265281855687,4528.659404761898,4546.874471784695,474502
2016-08-09,4529.39013671875,4584.993392526305,4487.8928807428765,4574.173933283074,508711
2016-08-10,4438.77197265625,4546.874275916866,4428.180770722249,4542.3091411016885,512317
2016-08-11,4454.33984375,4495.289200843719,4387.095482899172,4439.229422649605,623156
2016-08-12,4472.5546875,4510.3539206683035,4425.5337913634785,4457.398348320376,686072
2016-08-16,4441.14599609375,4517.657478376073,4430.006888658187,4517.657478376073,793106
2016-08-17,4464.5654296875,4484.149592509698,4427.359577232643,4437.31148295961,498247
2016-08-18,4488.3046875,4519.484476086352,4474.7461449089315,4492.86982333443,479572
2016-08-19,4473.92431640625,4504.145603487824,4463.835099159453,4488.441358569983,426426
2016-08-22,4416.9970703125,4471.093928648714,4408.095055649579,4470.180901503798,292890
2016-08-23,4413.3896484375,4432.928782508651,4382.5295147632905,4414.530932165303,270869
2016-08-24,4518.15869140625,4550.342886808548,4461.46008254011,4464.701149425287,952400
2016-08-25,4504.60205078125,4549.431325428567,4479.539278175708,4541.214081402359,914319
2016-08-26,4492.91455078125,4533.087739457617,4483.054037340821,4505.605537132126,337715
2016-08-29,4498.849609375,4524.049246307344,4492.914933269854,4496.658433514363,299611
2016-08-30,4626.90185546875,4659.9990889976825,4520.397329703281,4524.0494382306115,996156
2016-08-31,4646.208984375,4692.361884355299,4630.257705365177,4655.632597607044,804288
2016-09-01,4652.736328125,4688.8218689794,4614.62797866329,4664.918071215976,870402
2016-09-02,4744.39794921875,4770.324104330015,4665.837026032393,4668.595156294087,956049
2016-09-06,4890.80859375,4904.874878221117,4781.678395806566,4781.678395806566,970024
2016-09-07,4905.8408203125,4929.698829911156,4863.5957220307555,4890.1656240763605,734051
2016-09-08,5046.82666015625,5055.652766771471,4890.164951165203,4892.00370467194,942300
2016-09-09,4967.39208984375,5047.332069929939,4943.534085970862,5047.102225765131,547599
2016-09-12,4899.3583984375,4918.6653089961765,4827.647016362415,4877.2933577990125,795632
2016-09-14,4931.4453125,4950.6144092810855,4900.3243168711215,4900.3243168711215,539702
2016-09-15,5012.81005859375,5020.7167889892235,4918.252063345276,4924.182223370497,704384
2016-09-16,5123.96240234375,5166.805449856705,5031.749091344596,5031.749091344596,1669960
2016-09-19,5049.12548828125,5120.0095311712175,5042.78187798063,5120.0095311712175,632835
2016-09-20,5070.22509765625,5111.734869266778,5055.055380867958,5079.556682140099,423083
2016-09-21,5057.72216796875,5095.646465070084,5021.7286521391125,5080.47674622955,549370
2016-09-22,5145.84423828125,5179.861181608051,5116.286362443695,5116.654023399468,526494
2016-09-23,5150.1650390625,5176.09164569911,5116.883866568502,5176.09164569911,559592
2016-09-26,5119.91748046875,5171.494609826984,5107.643710145201,5135.638913865517,418297
2016-09-27,5067.05322265625,5148.464307916757,5056.572416884144,5147.544931113687,427991
2016-09-28,5076.61474609375,5107.138236089449,5062.088771900721,5066.317995056433,449876
2016-09-29,5000.123046875,5127.364713658417,4960.0381262663,5125.525959950811,693217
2016-09-30,5035.70263671875,5054.274228638977,4948.637918445406,4983.022522823693,646631
2016-10-03,5222.97998046875,5258.835678275172,5177.746459054854,5204.592443132124,840940
2016-10-04,5222.060546875,5256.951078158029,5194.479241169674,5254.376553610177,464913
2016-10-05,5230.51904296875,5302.046383541596,5215.624958181285,5246.883771609483,644731
2016-10-06,5250.05517578125,5282.371178971242,5240.447509115433,5240.447509115433,416860
2016-10-07,5225.55322265625,5256.306553512407,5210.383506773097,5249.135594660682,309473
2016-10-10,5251.8017578125,5272.073835160271,5236.724069210711,5263.33975621793,205840
2016-10-13,5257.5029296875,5288.991590535429,5196.870288585972,5231.254897072045,441169
2016-10-14,5231.66796875,5302.000294993547,5212.03918399587,5295.794501501469,352350
2016-10-17,5147.6826171875,5239.528267699966,5125.1578860840345,5239.528267699966,400595
2016-10-18,5173.056640625,5190.202924915518,5130.213600074294,5167.816014291514,487798
2016-10-19,5152.73974609375,5192.548585390719,5142.120673792054,5179.493703056937,384608
2016-10-20,5189.421875,5225.2775669346265,5162.300261869962,5162.300261869962,311728
2016-10-21,5194.6630859375,5212.866567400733,5163.220219139775,5194.93871941761,224567
2016-10-24,5253.22705078125,5284.577889701025,5209.1889914833,5209.1889914833,412403
2016-10-25,5315.3310546875,5331.465937581554,5264.029561107579,5271.7064469895895,339506
2016-10-26,5395.91455078125,5422.484450932565,5318.5948709130025,5329.2597317421505,590811
2016-10-27,5387.68603515625,5468.453379373911,5322.36449101583,5421.565161090779,1864862
2016-10-28,5402.39599609375,5450.571251545397,5392.834566975131,5444.549512956864,935542
2016-11-01,5404.1884765625,5492.356615678777,5383.13483911086,5441.790895246516,1163831
2016-11-02,5327.42138671875,5392.053402157713,5318.595278841318,5336.982816538262,522312
2016-11-03,5337.48828125,5387.456504602558,5313.998381465202,5332.293891646173,585730
2016-11-04,5244.90673828125,5322.2722049058275,5210.383870678271,5322.2722049058275,679821
2016-11-07,5255.1123046875,5318.45728010302,5247.803079137276,5298.368806073602,532212
2016-11-08,5211.94677734375,5268.948135642447,5131.501312002847,5266.005950487066,684050
2016-11-09,4958.15283203125,5105.298895621291,4877.293470425167,4877.293470425167,1299603
2016-11-10,4898.89892578125,5072.431284276363,4877.293572538149,5061.628607654813,942971
2016-11-11,4720.310546875,4866.215831137495,4691.580020587841,4863.503489890198,1058491
2016-11-15,4455.85205078125,4706.336010948919,4418.892920851873,4690.568787330438,2793900
2016-11-16,4588.42626953125,4605.526770461306,4506.371877333223,4527.012069278256,1952224
2016-11-17,4528.43603515625,4641.013899344596,4519.9318000990115,4624.465117611593,668715
2016-11-18,4551.74267578125,4587.59837229239,4493.821935263255,4537.124673909602,699355
2016-11-21,4401.470703125,4587.690297039236,4381.106147584731,4587.690297039236,864696
2016-11-22,4536.7109375,4556.431750854298,4436.498859040937,4440.590265663087,845997
2016-11-23,4487.33984375,4546.317769111406,4468.170749824355,4546.317769111406,757744
2016-11-24,4440.7275390625,4490.144039595701,4416.685926725513,4470.009778463665,550368
2016-11-25,4480.67431640625,4509.542654626483,4406.066987958153,4458.057560098638,669501
2016-11-28,4499.2001953125,4516.898198635057,4443.348054956897,4473.687489224138,1387068
2016-11-29,4677.92724609375,4706.290111799485,4501.26907352418,4503.107827230686,874897
2016-11-30,4841.43798828125,4856.1480163504675,4688.913474521436,4698.520692255485,1270618
2016-12-01,4828.65966796875,4879.59306015144,4784.667392047693,4841.438917523784,1221883
2016-12-02,4659.49365234375,4814.040982288926,4639.175335270041,4799.146898555215,772281
2016-12-05,4783.47119140625,4799.05435715706,4647.449228774765,4655.631591639974,578935
2016-12-06,4721.18408203125,4836.841507803162,4705.416410248312,4799.147057732847,646660
2016-12-07,4704.12890625,4789.7229705143645,4629.107674494089,4735.663797776041,590462
2016-12-08,4812.56982421875,4845.023645269176,4753.177993931417,4755.016747507407,845955
2016-12-09,4812.9375,4884.189201289399,4781.862744035694,4863.5032234957025,562518
2016-12-12,4729.6416015625,4806.50158664833,4707.254688207526,4806.50158664833,357439
2016-12-13,4746.88037109375,4787.195134711306,4720.126415664592,4761.222739367424,484291
2016-12-14,4726.5625,4794.320758068055,4716.587619623473,4762.326621054776,371699
2016-12-15,4736.67529296875,4778.0014617020415,4670.434370876731,4688.776118493503,457317
2016-12-16,4770.32421875,4787.19487237157,4735.893827839338,4757.315127153196,1170505
2016-12-19,4702.65771484375,4776.575962306876,4692.544570917786,4757.774528806022,369118
2016-12-20,4696.1767578125,4732.492141902867,4663.079192565583,4721.827281095968,377676
2016-12-21,4723.62060546875,4743.984713632938,4664.50440257614,4706.657922421067,413072
2016-12-22,4674.4794921875,4729.274441360968,4645.611149338447,4729.274441360968,399573
2016-12-23,4778.13916015625,4793.630749388162,4634.578559199411,4642.852950596513,589006
2016-12-26,4750.7421875,4833.899556542069,4735.802313272803,4761.452838316907,510998
2016-12-27,4802.82421875,4815.143777613983,4704.6349598466895,4766.96852492702,486703
2016-12-28,4809.48974609375,4852.47061025239,4798.641279732853,4826.728060595878,595514
2016-12-29,4886.30322265625,4917.746086115294,4796.572413718077,4796.572413718077,655325
2016-12-30,4890.67041015625,4944.316133293513,4875.454904511826,4915.9074815057,559886
2017-01-02,5025.3134765625,5032.8525457199,4843.092819306513,4891.130256033624,651321
2017-01-03,5064.294921875,5078.821344223481,4994.606342112537,5025.313436519137,631753
2017-01-04,5058.54931640625,5106.862839900182,5051.056484756536,5084.15405182083,679443
2017-01-05,5180.642578125,5194.386992200038,5079.648944924379,5079.648944924379,744210
2017-01-06,5162.80615234375,5201.190133317515,5145.75189245891,5194.478862317821,544695
2017-01-09,5202.29345703125,5222.060057601396,5158.255399497393,5189.697815706823,345094
2017-01-10,5217.3251953125,5234.655536686041,5186.204202805811,5222.059895751996,410444
2017-01-11,5297.7705078125,5307.469752597948,5232.172889360513,5232.172889360513,539326
2017-01-12,5311.5615234375,5327.788433802431,5279.061464520028,5304.804014329599,421634
2017-01-13,5239.98779296875,5326.868895948932,5225.415581680722,5325.030142446705,1086873
2017-01-16,5219.20947265625,5263.615636395458,5204.591472981366,5238.562621444258,290142
2017-01-17,5212.31494140625,5257.824094763548,5200.960547704919,5231.254194000464,343048
2017-01-18,5226.15234375,5257.916636960376,5208.270282983131,5226.657821493222,308483
2017-01-19,5257.3173828125,5266.18927740934,5217.46231656739,5217.46231656739,239027
2017-01-20,5211.9013671875,5285.497301552712,5187.123982494417,5256.077243516586,444280
2017-01-23,5240.4482421875,5252.1702974660775,5188.779081707503,5211.901769486644,297515
2017-01-24,5274.64990234375,5282.510396125513,5230.289962107392,5244.126406387317,301613
2017-01-25,5334.72998046875,5363.644562070385,5247.848867833225,5299.196154872143,1148793
2017-01-27,5438.94189453125,5449.790811662193,5355.4164105944665,5371.000029135598,576906
2017-01-30,5419.6806640625,5460.179034160759,5410.532684969872,5439.0333669127895,323448
2017-01-31,5419.03662109375,5456.409197663232,5401.798306355572,5414.20989296706,374637
2017-02-01,5681.01318359375,5703.3538598018395,5411.451731892259,5424.323006823705,1212008
2017-02-02,5648.97265625,5717.006536142677,5635.779510028467,5672.554580240724,745214
2017-02-03,5622.4033203125,5660.281377072075,5605.026738767178,5652.236829658306,304078
2017-02-06,5653.8916015625,5688.184176121391,5631.182815377973,5660.6028725358665,322223
2017-02-07,5712.271484375,5729.095898396763,5648.650437254227,5668.876724627207,456427
2017-02-08,5695.216796875,5731.302332426052,5668.095184167841,5718.247452607181,410369
2017-02-09,5660.6943359375,5703.813013130088,5618.862696334434,5695.998311226218,511610
2017-02-10,5619.46044921875,5676.002118428444,5604.888238184261,5672.554455671755,284471
2017-02-13,5536.4873046875,5644.881743835635,5518.099767973161,5600.843683187687,404675
2017-02-14,5460.9599609375,5557.6323343400345,5450.157284357104,5557.6323343400345,439745
2017-02-15,5390.03076171875,5481.140647131728,5371.183536560694,5470.292180021172,609791
2017-02-16,5538.8310546875,5551.151062346984,5387.5477890836955,5387.5477890836955,576390
2017-02-17,5506.83740234375,5567.608300974246,5474.934846575061,5551.197334671992,326378
2017-02-20,5601.90087890625,5627.275769364627,5435.631488320416,5506.837403839689,504439
2017-02-21,5574.3193359375,5599.602197850419,5555.793983264198,5581.628561038106,287864
2017-02-22,5589.48828125,5623.045529700601,5553.0350860721555,5583.374516178179,431264
2017-02-23,5544.76123046875,5600.935240195534,5530.096991605021,5599.004459219813,461009
2017-02-27,5471.67041015625,5563.102602204585,5461.0975781446905,5520.857063427418,394395
2017-02-28,5445.0087890625,5516.260487019839,5437.929408538387,5466.88977609524,558820
2017-03-01,5442.34228515625,5515.156648869572,5410.6695789619,5479.485013248411,559896
2017-03-02,5441.5615234375,5515.157457907816,5424.553052361074,5471.211425719377,473769
2017-03-03,5413.060546875,5450.939049150001,5401.338493123965,5446.387954598531,362057
2017-03-06,5456.36376953125,5493.0926052157065,5435.355918796983,5447.7675062299595,361209
2017-03-07,5413.75048828125,5473.969670922402,5406.85516202463,5452.824003735433,373103
2017-03-08,5391.3623046875,5428.826901871179,5332.384384425392,5419.7251631358085,639968
2017-03-09,5483.53076171875,5493.276245342749,5391.363239778062,5409.612958593596,598391
2017-03-10,5475.44091796875,5523.983836617782,5457.466831004534,5513.503030195205,443986
2017-03-14,5637.986328125,5649.01884997858,5525.4546950013755,5571.423536057959,875005
2017-03-15,5642.53759765625,5671.451730227385,5601.303456168935,5621.989435284864,384040
2017-03-16,5659.177734375,5687.540147675349,5637.342536797777,5662.993058063504,252721
2017-03-17,5693.3330078125,5724.775425832069,5654.167465342842,5667.958117697337,1048024
2017-03-20,5662.35009765625,5718.524114025474,5655.179137657832,5718.524114025474,207710
2017-03-21,5586.40869140625,5700.641251059044,5563.930199519404,5667.727743417006,532134
2017-03-22,5521.5927734375,5565.355197058169,5495.4825631995245,5558.919559729084,462793
2017-03-23,5548.2548828125,5579.69774865344,5530.878751232802,5530.878751232802,447530
2017-03-24,5520.53564453125,5559.471340610626,5508.997645607748,5559.471340610626,573292
2017-03-27,5503.20556640625,5534.648433083573,5484.680213344187,5495.115229990119,340512
2017-03-28,5492.5869140625,5561.310330696583,5481.8300258061645,5489.78299435425,505962
2017-03-29,5464.91455078125,5524.444209853873,5451.307951130466,5524.444209853873,494597
2017-03-30,5476.3603515625,5517.0885673223665,5456.547510672769,5484.083027484694,898999
2017-03-31,5530.6943359375,5553.95438579745,5461.189370874656,5472.129863311774,501939
2017-04-03,5582.4560546875,5603.6017215613165,5543.84222822227,5603.6017215613165,378716
2017-04-05,5831.05517578125,5846.316920049564,5581.5821977682235,5617.392102768177,1076674
2017-04-06,5784.39697265625,5825.1714236510925,5755.298786624975,5824.252046848118,505863
2017-04-07,5754.70166015625,5825.17180695848,5733.279909888663,5746.105396699891,467235
2017-04-10,5763.43505859375,5799.244513841339,5741.553622482815,5775.524773135399,318486
2017-04-11,5744.08203125,5796.670562308888,5727.717304232256,5768.905204157588,373105
2017-04-12,5658.3037109375,5758.883428771254,5632.745219097932,5758.883428771254,415372
2017-04-13,5587.9267578125,5677.152102382122,5577.767374175338,5658.764565208415,386820
2017-04-17,5622.49462890625,5642.67512930106,5535.567731734694,5581.1689109535655,342286
2017-04-18,5642.35302734375,5731.716628527818,5626.585805596249,5626.585805596249,453391
2017-04-19,5697.33154296875,5720.68362104755,5620.8850122742915,5637.525820100337,366504
2017-04-20,5767.71044921875,5794.969882002103,5689.10373153194,5700.136253312545,466934
2017-04-21,5687.080078125,5787.521980248042,5678.989742920206,5777.271020065961,294827
2017-04-24,5808.94482421875,5824.252359025875,5700.136483971653,5721.466206509726,426893
2017-04-25,5826.275390625,5838.0432352183825,5775.9852953164545,5817.541310194359,384281
2017-04-26,5889.80322265625,5906.76590363017,5802.186796032531,5824.25183851467,540500
2017-04-27,5860.15283203125,5929.979671449191,5810.782572952477,5919.866527823464,1087684
2017-04-28,5998.79541015625,6058.508660054513,5875.32284465885,5893.204901812804,949573
2017-05-02,6164.88134765625,6187.406080042736,6084.435874847373,6137.759731109258,888539
2017-05-03,6108.3388671875,6173.568824391276,6096.478997399834,6173.430558753114,370021
2017-05-04,6104.47705078125,6147.826020023137,6091.789832265921,6124.887392477448,372533
2017-05-05,6117.6708984375,6138.127031750982,6069.7254892407,6091.376632799979,337498
2017-05-08,6095.97412109375,6163.180660021622,6079.425337446561,6148.792501800158,208481
2017-05-09,6094.82421875,6128.5655256471955,6081.677310554485,6128.5655256471955,215203
2017-05-10,6194.53125,6209.471123520463,6100.892629875004,6109.259048829357,295859
2017-05-11,6217.28564453125,6242.016790805717,6170.0297665316775,6204.874057662315,259056
2017-05-12,6187.58984375,6249.9234104669,6151.550094062081,6249.9234104669,256491
2017-05-15,6273.7353515625,6287.710058701731,6190.577988081021,6214.435547056752,336356
2017-05-16,6393.30078125,6414.997715627828,6279.343841917638,6297.7313787900175,707624
2017-05-17,6397.20751953125,6416.3303764794155,6330.690521489547,6389.66845057056,445461
2017-05-18,6280.30810546875,6387.8293914434535,6265.046811189518,6360.52372354639,406814
2017-05-19,6243.07373046875,6338.0914091954,6152.055430464565,6302.143687794698,552223
2017-05-22,6161.38818359375,6292.16954408034,6149.941761932643,6255.394469075323,327493
2017-05-23,6324.25537109375,6352.893869448821,6199.9554446177635,6219.584229641284,956457
2017-05-24,6315.796875,6355.238050753079,6263.714267985391,6346.4581816972195,433647
2017-05-25,6422.49072265625,6452.186413875332,6283.940458654587,6325.266625581967,435721
2017-05-26,6495.21337890625,6513.830760086051,6376.981875335489,6409.113826837867,373937
2017-05-29,6559.24853515625,6617.490701142453,6459.128034188385,6481.606978381333,427378
2017-05-30,6571.24560546875,6625.580863531905,6513.002996048722,6559.247917926958,403698
2017-05-31,6629.62548828125,6663.642426717862,6559.707068709061,6562.51098812253,650259
2017-06-01,6570.41845703125,6660.885046135833,6536.861203175631,6658.126915681947,649217
2017-06-02,6541.08984375,6608.204345483797,6527.574826163864,6602.9637185223755,310268
2017-06-05,6551.203125,6584.4842941941815,6519.392599482797,6564.165978118567,296147
2017-06-06,6538.7001953125,6577.4976290969735,6513.830782130827,6558.834458577382,324579
2017-06-07,6624.75390625,6642.497699778428,6534.5629480452,6559.7537837950285,518152
2017-06-08,6665.021484375,6688.419801298836,6617.673583630767,6618.592960344247,426525
2017-06-09,6863.00927734375,6877.765093874406,6647.093568667165,6684.78801352406,1122640
2017-06-12,6779.16259765625,6849.357105561234,6762.475998651766,6844.7602215977695,454342
2017-06-13,6756.45361328125,6853.953333244744,6743.628128685472,6798.423070066125,607567
2017-06-14,6758.384765625,6796.447324949861,6740.733000101425,6750.983961819867,277472
2017-06-15,6722.75830078125,6796.952182651902,6685.845414758172,6755.902101333013,388150
2017-06-16,6678.2607421875,6766.658727680147,6665.481495035078,6740.8703891858195,547028
2017-06-19,6664.7919921875,6731.814468357017,6651.690873328491,6724.321637529313,372747
2017-06-20,6626.17822265625,6696.4185180703425,6610.594606845856,6679.272231100303,757716
2017-06-21,6682.21484375,6697.20050648715,6576.578087035151,6637.900701055285,460423
2017-06-22,6726.25244140625,6759.257977492784,6700.417864522227,6703.175994817722,436033
2017-06-23,6637.119140625,6740.549033814765,6624.110048286692,6730.987604582782,355854
2017-06-27,6604.20556640625,6681.295402507346,6578.233171254321,6655.828485040377,365667
2017-06-28,6642.54345703125,6733.515974897989,6624.110130958494,6632.338733240741,637214
2017-06-29,6641.89990234375,6702.256899730586,6624.109871407253,6669.986684134177,543979
2017-06-30,6635.69384765625,6650.403875937946,6580.11734248869,6633.119323358291,367886
2017-07-03,6761.0966796875,6771.209824027527,6629.809858184552,6655.276325037597,556846
2017-07-04,6781.46142578125,6817.225095270528,6748.226042615839,6790.5173774878185,428293
2017-07-05,6782.84033203125,6797.87223287819,6740.870869821867,6780.1742290260245,273869
2017-07-06,6871.4677734375,6893.48702666139,6781.507115556672,6782.839942525515,416512
2017-07-07,6833.54443359375,6871.4687306679125,6821.776588855326,6867.745433793704,339803
2017-07-10,6831.38330078125,6895.325775574301,6159.824359513042,6857.44727308137,47033
2017-07-11,6855.7919921875,6890.728306483212,6803.387520743931,6871.329368499292,423681
2017-07-12,6873.85888671875,6881.535773256047,6835.658957883903,6881.535773256047,233096
2017-07-13,6957.4296875,6963.819535792925,6863.285593446968,6886.132196592384,472029
2017-07-14,6947.95947265625,6977.10389322015,6913.712691041715,6964.232619593211,267450
2017-07-17,6915.828125,6967.037593820976,6899.279342116815,6961.475543584359,289180
2017-07-18,6940.69677734375,6979.448416568091,6909.116097017612,6918.309864279113,387214
2017-07-19,6951.8671875,6972.5531640547515,6927.5037040021825,6954.395473523358,223986
2017-07-20,6887.005859375,6973.01337994687,6876.984293065451,6968.876184322932,290547
2017-07-21,6934.85888671875,6941.202496567093,6844.759964420137,6895.325686118338,434483
2017-07-24,6945.4775390625,6958.762712841586,6890.728832441233,6944.972061409082,357195
2017-07-25,6899.78466796875,6962.440103479957,6889.395441381308,6962.440103479957,323585
2017-07-26,6955.31494140625,6982.666399653742,6899.003115602592,6931.181301776111,377790
2017-07-27,6986.89599609375,7063.939592114691,6928.423542023085,7001.054308984314,1148259
2017-07-28,7015.25927734375,7054.930298710147,6972.554043018176,7002.893479123081,459181
2017-07-31,7125.2158203125,7138.960682712346,7034.151729997702,7046.103628114284,505371
2017-08-01,7222.71533203125,7281.463412966624,7102.184957723127,7134.271114545365,1096934
2017-08-02,7167.001953125,7244.689293903534,7148.154728439084,7243.6778896253,414448
2017-08-03,7113.5859375,7197.800941866486,7089.314479848316,7165.622753979741,287116
2017-08-04,7143.83349609375,7175.644023720461,7115.976558125786,7125.1703262887395,325021
2017-08-07,7206.67333984375,7256.044056832562,7144.4775849959715,7152.292288312464,327318
2017-08-08,7130.59423828125,7249.285869697356,7113.126079559087,7216.188305802733,319951
2017-08-09,7043.8974609375,7166.542237672311,7023.211482701756,7133.444672495119,285089
2017-08-10,6967.72705078125,7024.038880813953,6931.089794846468,7021.6026220321655,385730
2017-08-11,6856.16064453125,6926.40094417384,6785.000968063719,6897.072913241119,676390
2017-08-14,6995.03271484375,7030.474511532651,6909.11677182789,6910.036148643836,328598
2017-08-16,7080.2587890625,7097.681159567838,6973.519049248904,7032.405404596435,488766
2017-08-17,6971.12841796875,7087.3375493919575,6955.085114114638,7080.120352121193,321296
2017-08-18,6986.16015625,7009.328630870598,6924.148461255512,6942.214125354654,332924
2017-08-21,6897.072265625,7040.632853576682,6886.1317722183785,7013.925138885716,277519
2017-08-22,6891.74072265625,6957.384138321144,6872.433809289254,6932.101275578649,278131
2017-08-23,6962.48681640625,6978.070433897547,6896.2458925778,6939.456605409577,258051
2017-08-24,7069.08642578125,7089.6542252232475,6949.0683761925,6997.725506389312,436912
2017-08-28,7037.654296875,7102.654402532903,7027.486241842326,7102.654402532903,391028
2017-08-29,6984.26220703125,7034.451399104151,6959.701268456539,7024.655134772506,368309
2017-08-30,7017.64404296875,7093.694079283752,6994.475965775959,7059.940360809109,471048
2017-08-31,7150.29052734375,7168.95493542078,6994.01187200123,7024.561833177527,586954
2017-09-01,7254.29052734375,7275.276367422034,7177.869152272027,7194.119179460224,627407
2017-09-04,7262.8330078125,7313.440231353481,7202.707911954179,7280.011606629163,362724
2017-09-05,7258.8408203125,7294.823022988565,7243.797756799565,7282.797821635559,182518
2017-09-06,7286.18701171875,7339.4407622829185,7215.011984177414,7242.869173305512,340420
2017-09-07,7353.5546875,7381.225978544777,7297.190131135254,7324.583031672059,389478
2017-09-08,7401.4228515625,7409.780008124186,7328.297731647743,7373.28727250006,341309
2017-09-11,7560.8125,7584.58405883794,7428.583799057727,7428.583799057727,547463
2017-09-12,7572.04833984375,7606.869826476179,7536.298280234457,7606.869826476179,387447
2017-09-13,7542.4267578125,7614.298213685112,7521.58011365825,7578.919493499111,371832
2017-09-14,7493.81640625,7581.7524525072895,7467.630465753452,7558.538127033326,293890
2017-09-15,7521.208984375,7539.176962194158,7468.976754322086,7500.037701822129,400099
2017-09-18,7575.1591796875,7600.369845427235,7549.948513947765,7549.948513947765,219992
2017-09-19,7550.876953125,7600.323463460647,7544.144799135639,7593.869699998595,245577
2017-09-20,7540.15185546875,7581.241210174898,7529.8913053164715,7581.241210174898,185837
2017-09-21,7563.18017578125,7587.276370979476,7498.3192667269295,7522.369214641117,258168
2017-09-22,7491.91259765625,7591.548295705907,7475.0123882860435,7563.226820197493,366359
2017-09-25,7396.037109375,7511.226399500055,7293.986582069045,7497.297805608041,626129
2017-09-26,7326.34765625,7410.05841733977,7307.033520176175,7410.012170053993,440508
2017-09-27,7187.1083984375,7408.155008214407,7163.940321932082,7381.226392616736,564788
2017-09-28,7333.265625,7354.297711486367,7104.511589719974,7182.6046649383,768225
2017-09-29,7408.3408203125,7435.826216646245,7358.9405584823,7391.440611421969,486217
2017-10-03,7324.8623046875,7492.701876503155,7293.941004768856,7479.980698289462,516298
2017-10-04,7286.69775390625,7367.204755736829,7271.283352426003,7330.1547861230865,301347
2017-10-05,7271.701171875,7336.655032457309,7249.55506927492,7276.2977894362075,272177
2017-10-06,7338.69775390625,7353.369024822693,7284.700875360573,7303.1798393716535,440453
2017-10-09,7332.66259765625,7388.655368249272,7304.805407628918,7344.083864205541,261839
2017-10-10,7329.87646484375,7368.133398278611,7322.076089352641,7326.904850046684,224485
2017-10-11,7266.22216796875,7334.658172345217,7243.797223021448,7328.297357272821,644166
2017-10-12,7339.67236328125,7352.440240688356,7270.725825282878,7284.654418817902,396436
2017-10-13,7311.72265625,7372.869276129077,7298.6296868797,7335.726357861424,328108
2017-10-16,7281.869140625,7368.226425766306,7255.869097786757,7335.7263722185035,502632
2017-10-17,7278.990234375,7337.861667327283,7271.561650951248,7290.226057484374,304861
2017-10-18,7228.05859375,7310.7015920587155,7194.769613896671,7297.655322564032,489207
2017-10-19,7178.89013671875,7245.654438467096,7140.725699322308,7245.654438467096,115449
2017-10-23,7260.0478515625,7298.583630271951,7163.011975053159,7195.326133428331,471496
2017-10-24,7312.51220703125,7365.62676277312,7281.497960224606,7303.504867776235,354257
2017-10-25,7308.0546875,7377.511759709694,7252.432807544413,7363.583166079027,254379
2017-10-26,7491.7734375,7508.4415047152015,7304.341334514371,7335.726921500135,684763
2017-10-27,7534.859375,7651.441534001421,7486.71277418094,7543.680818516143,1201080
2017-10-30,7609.88720703125,7687.655188921841,7580.2191209361645,7614.297928392209,726605
2017-10-31,7624.74462890625,7638.905366381156,7583.841171857033,7609.6553184821705,318652
2017-11-01,7649.95654296875,7666.717105082917,7577.15605345679,7661.656200621565,631375
2017-11-02,7638.25634765625,7682.967504694615,7615.227916370214,7660.727997811763,247753
2017-11-03,7632.31298828125,7654.134452950277,7591.083985927445,7646.79836380581,288916
2017-11-06,7716.6279296875,7772.666950445572,7613.695063166421,7623.120442333376,392588
2017-11-07,7633.14794921875,7751.7268948928,7623.583829308804,7751.7268948928,348296
2017-11-08,7644.01220703125,7693.272818621614,7618.848243854832,7631.012186270993,199176
2017-11-09,7618.755859375,7682.734904236953,7566.663274813674,7682.734904236953,442672
2017-11-10,7598.9765625,7646.705573762017,7531.701272449503,7613.183546948114,351694
2017-11-13,7529.98388671875,7631.987261729055,7502.869375435718,7600.369534398683,181361
2017-11-14,7542.75146484375,7601.297805179455,7529.79769144884,7548.369149560688,237427
2017-11-15,7546.7451171875,7595.7273442546675,7509.370052932457,7521.4415022570665,275441
2017-11-16,7580.59130859375,7646.658731079869,7548.6017885333185,7549.29821825825,321844
2017-11-17,7752.05224609375,7765.145669824506,7631.013115078182,7631.013115078182,419255
2017-11-20,7823.8310546875,7845.512870389967,7753.584148154365,7778.655617854984,372037
2017-11-21,7823.04150390625,7845.931190713951,7800.9416482216575,7842.727432553282,255180
2017-11-22,7905.08056640625,7916.083792296982,7840.869389109174,7844.583680624622,383442
2017-11-23,7858.8857421875,7910.514042542095,7840.406775232325,7904.014031003441,289808
2017-11-24,7881.68115234375,7930.013194255966,7858.884867204607,7858.884867204607,343432
2017-11-27,7900.85693359375,7915.343218438627,7841.800045530682,7879.871543679498,172254
2017-11-28,8008.15283203125,8039.5846639105075,7870.630632976124,7884.141188142273,456041
2017-11-29,8051.98095703125,8074.870643739452,7963.441886006157,8031.227713627245,382984
2017-11-30,7984.89111328125,8056.298734265193,7962.512868409869,8032.155838104416,582023
2017-12-01,7994.08642578125,8073.943718453707,7979.22925505149,8041.4436574823585,436589
2017-12-04,7893.61328125,8041.396038874864,7874.809677751753,8041.210142910496,242191
2017-12-05,7893.24169921875,7943.895171203257,7871.048443461417,7911.395118643692,213998
2017-12-06,7997.2431640625,8021.710702018506,7846.488780303992,7887.299748568392,420876
2017-12-07,8247.95703125,8346.246118828292,7999.238213537237,8000.492331150677,834850
2017-12-08,8396.3896484375,8467.657629915293,8263.371559229761,8291.971427763812,1006694
2017-12-11,8481.3984375,8512.227237196663,8440.494985197814,8457.44143955353,564023
2017-12-12,8479.1240234375,8560.049516646272,8450.01362493693,8496.442271227792,491488
2017-12-13,8469.1904296875,8520.586586971145,8426.800705837308,8441.657875125837,446829
2017-12-14,8461.853515625,8493.471244576334,8399.871268535157,8475.085680734068,655484
2017-12-15,8511.2080078125,8576.579005879084,8493.936005146708,8515.014794560597,620495
2017-12-18,8644.1767578125,8676.584311511397,8348.00918636825,8459.298274600687,658668
2017-12-19,9101.4091796875,9153.87355949185,8659.872673546459,8677.515562330223,1275759
2017-12-20,9038.63671875,9282.38712130775,9007.38987585069,9254.158140535343,1216280
2017-12-21,8943.1328125,9116.172935178542,8923.632779495178,9088.87252624796,849633
2017-12-22,9007.1572265625,9123.042944362975,8918.942800116785,8974.657174714079,814330
2017-12-26,8987.6572265625,9067.514497095031,8929.343028977386,9045.228747178977,542587
2017-12-27,8955.2509765625,9054.237407643213,8941.322380831503,9001.587134418125,402886
2017-12-28,8941.4150390625,9001.1220997716,8928.971798519842,9001.1220997716,659995
2017-12-29,9034.5966796875,9071.229063583785,8960.728883568792,8969.086040040514,471554
2018-01-01,8962.4921875,9089.799155890001,8941.970184496695,9052.656243821802,426354
2018-01-02,8871.6328125,9024.42932041017,8844.657947837279,9006.229652081236,451227
2018-01-03,8744.0,8912.443502052041,8730.443197154958,8911.514929067873,658281
2018-01-04,8715.8173828125,8810.299675389533,8698.128250429014,8775.013905188775,562919
2018-01-05,8760.0185546875,8851.158362785605,8740.24012997228,8782.443956695999,732512
2018-01-08,8774.0400390625,8816.800644396157,8751.800534326885,8810.30063338923,294549
2018-01-09,8713.3095703125,8813.50294337944,8692.370433942795,8788.75611424561,427590
2018-01-10,8706.158203125,8779.51544824966,8650.490993822777,8717.25482852787,394826
2018-01-11,8672.6865234375,8756.443995188183,8659.872396513785,8737.872533904645,368996
2018-01-12,8783.5107421875,8816.567574825756,8686.892006138205,8716.513844481358,685141
2018-01-15,8690.0029296875,8829.381354318859,8672.870578927195,8821.39599038538,385462
2018-01-16,8656.2041015625,8736.619070683664,8635.729247450627,8701.657933103208,364816
2018-01-17,8648.6357421875,8699.613851762733,8594.871007023483,8650.5853826092,390461
2018-01-18,8699.5224609375,8838.99431354434,8665.443648851953,8682.15796364828,686971
2018-01-19,8657.9677734375,8724.871271847482,8619.013957565807,8658.942593654509,542339
2018-01-22,8645.107421875,8688.425716538512,8609.357360145581,8681.22927554103,454188
2018-01-23,8722.4580078125,8755.793234529521,8626.443196592689,8679.37185775585,561948
2018-01-24,8761.0390625,8839.967758984532,8673.288923467197,8746.228143386008,568489
2018-01-25,8615.484375,8807.513049584792,8589.298440554487,8807.513049584792,705224
2018-01-29,8942.8076171875,9020.157561922793,8785.22860750994,8803.800066356805,1546624
2018-01-30,8887.8828125,8984.408158251377,8867.872245496425,8932.872356196398,573988
2018-01-31,8830.451171875,8900.372540045202,8783.279843061198,8875.34731539124,462650
2018-02-01,8730.3037109375,8880.593795307559,8646.87178948125,8863.22929881857,550971
2018-02-02,8348.42578125,8690.512344165032,8301.44036294854,8690.512344165032,984189
2018-02-05,8431.9990234375,8468.585159768196,8067.441652200229,8218.010116202147,651062
2018-02-06,8342.8544921875,8462.54788418333,8042.925489434308,8078.583046293408,840339
2018-02-07,8284.541015625,8515.012976795011,8239.226842213973,8515.012976795011,509440
2018-02-08,8385.6630859375,8412.8700893015,8278.227024958374,8346.848921854264,465683
2018-02-09,8297.8203125,8344.666998832197,8236.44200369682,8269.870629641926,364892
2018-02-12,8466.5888671875,8496.442851515283,8320.01398356032,8320.01398356032,408523
2018-02-14,8358.642578125,8503.407475429172,8344.157201660555,8496.350683163846,357737
2018-02-15,8375.9609375,8440.728906834622,8358.085906536682,8402.657412315346,250781
2018-02-16,8205.751953125,8422.15567247653,8177.801366509963,8394.205992670908,632659
2018-02-19,8101.6591796875,8232.58796304538,8070.831283805446,8223.44188239276,436138
2018-02-20,8099.6162109375,8142.608951883895,8032.155031676018,8120.369451099049,517802
2018-02-21,8155.423828125,8166.798846415914,8086.198898173618,8144.513096294939,471756
2018-02-22,8017.34521484375,8142.6563176409,7987.1203462410995,8142.6563176409,638857
2018-02-23,8077.470703125,8114.753272131554,8036.845634012444,8046.085116806815,567960
2018-02-26,8362.123046875,8408.22705102154,8125.05858261283,8132.440918039386,869374
2018-02-27,8256.12890625,8463.897126759459,8238.85690338668,8443.514766893926,684609
2018-02-28,8218.75390625,8295.871717516206,8145.442881805703,8236.443041679957,680125
2018-03-01,8239.646484375,8297.774792976139,8181.981555476446,8240.15701817648,609369
2018-03-05,8166.8916015625,8233.656359487293,8148.227647964475,8233.656359487293,388180
2018-03-06,8001.04833984375,8250.370161842015,7985.726887095253,8223.023508756289,543686
2018-03-07,8059.1767578125,8091.444666344333,7941.15550400691,8005.969711580898,598715
2018-03-08,8105.837890625,8148.227608371274,8033.08456296523,8078.770533310822,533856
2018-03-09,8041.99951171875,8147.300059852597,8032.156999968653,8134.300036962474,323450
2018-03-12,8181.00537109375,8196.32682344106,8061.033574988065,8096.226849467182,438339
2018-03-13,8130.6318359375,8216.014308856767,8070.228340672938,8180.7285331180055,521943
2018-03-14,8214.435546875,8240.157201584216,8101.846065165277,8111.085548325234,411769
2018-03-15,8206.30859375,8241.083827431577,8172.323191055845,8208.491283975862,313431
2018-03-16,8056.81005859375,8235.514117727302,8031.599845176258,8235.514117727302,622932
2018-03-19,8146.83544921875,8171.442634424688,8081.881584643421,8089.2639215671215,571830
2018-03-20,8173.6708984375,8213.692029861793,8111.084718878838,8138.431373620363,408924
2018-03-21,8240.759765625,8306.084505749677,8194.702006169262,8208.491857679242,516020
2018-03-22,8075.38037109375,8274.0487219249,8064.098754585589,8236.441519945443,471749
2018-03-23,7992.4599609375,8023.335013213334,7931.963067213052,7997.381216479704,644482
2018-03-26,8139.220703125,8169.585221465992,7990.370633179684,7992.227779172288,447858
2018-03-27,8220.005859375,8252.227520986502,8140.9384195052535,8185.3702709008685,423455
2018-03-28,8228.1787109375,8435.158017079128,8172.371830505658,8182.586134577418,1194227
2018-04-02,8364.76953125,8438.869458025278,8313.744275425266,8347.869325225269,552649
2018-04-03,8381.716796875,8412.870235424645,8315.370083689591,8365.466771585825,339709
2018-04-04,8369.6923828125,8495.885810918708,8339.141969676026,8429.585338788693,488280
2018-04-05,8480.28515625,8503.546634632208,8403.585391532864,8403.585391532864,236956
2018-04-06,8548.62890625,8570.728762216446,8396.667572568782,8510.371517412104,429514
2018-04-09,8628.9052734375,8643.29815664262,8528.665624850226,8561.444074271565,426170
2018-04-10,8611.07421875,8650.074279091114,8579.084702179747,8626.441918308241,299119
2018-04-11,8638.05078125,8682.158001041387,8550.811162005955,8626.443618147005,318010
2018-04-12,8547.00390625,8626.44314480608,8525.321182677584,8626.44314480608,300797
2018-04-13,8472.25390625,8605.08609413005,8455.817982591105,8605.08609413005,366224
2018-04-16,8572.5869140625,8584.658364439754,8417.515205370079,8450.01526407807,271057
2018-04-17,8506.0517578125,8581.870092081212,8484.880478657236,8580.941519251512,342578
2018-04-18,8469.978515625,8568.36100513036,8446.207409840355,8522.442889481583,452854
2018-04-19,8429.259765625,8527.780983117233,8420.298674823145,8490.870212018399,256088
2018-04-20,8380.3720703125,8457.583284853145,8369.182946029303,8433.300736019737,303913
2018-04-23,8417.375,8473.229031352432,8362.682591762847,8394.207827986624,302205
2018-04-24,8417.1884765625,8489.523759460559,8385.941636585801,8445.370300603241,312103
2018-04-25,8296.427734375,8421.042408901758,8271.728055979705,8411.94257511452,488641
2018-04-26,8307.431640625,8339.513654649818,8255.013516294051,8309.799320282955,614321
2018-04-27,8155.9814453125,8484.37165546494,8092.606336908704,8371.085747402478,1873816
2018-04-30,8185.3251953125,8268.200340094387,8134.578315363665,8162.157116333679,497504
2018-05-02,8119.90625,8355.299495397107,8101.799077277145,8278.227939704957,806846
2018-05-03,8130.5390625,8170.513949386873,8078.585221009864,8138.942466913961,406825
2018-05-04,8058.341796875,8162.156069272446,8046.084452815216,8156.584631682499,490244
2018-05-07,8119.1630859375,8143.584371962447,8041.44135247375,8072.084258320359,342702
2018-05-08,8148.4140625,8177.199825823374,8069.299460649324,8157.513896640312,404969
2018-05-09,8095.6240234375,8166.79950636174,8083.227936654797,8166.79950636174,314057
2018-05-10,8083.18212890625,8132.442747700241,8069.299780488135,8132.442747700241,298598
2018-05-11,8125.2919921875,8138.94219640019,8080.48834575552,8113.8707258579425,264405
2018-05-14,8085.0859375,8134.300311530953,8067.535543282079,8125.94315367664,276620
2018-05-15,8103.28369140625,8125.337297196086,8021.941070248358,8101.798337529451,506107
2018-05-16,8074.498046875,8109.645074791961,8055.369808094836,8055.369808094836,288597
2018-05-17,8076.2626953125,8140.287977317313,8042.555680831927,8101.7984497386105,379606
2018-05-18,7903.0380859375,8101.798943410792,7889.155739050783,8079.327296784643,603507
2018-05-21,7826.4775390625,7915.898937698417,7665.83440988675,7909.584822653423,872463
2018-05-22,7949.18896484375,7973.09972004395,7773.316872608544,7814.87051514093,410467
2018-05-23,7890.45654296875,7953.041818845411,7854.0563001450255,7948.584849824246,399631
2018-05-24,7809.9951171875,7909.862958873895,7800.012957747525,7892.962749436867,292331
2018-05-25,7937.5810546875,7961.584302205361,7795.509396390624,7811.15548753808,519151
2018-05-28,8087.220703125,8157.513861070069,7944.034564178906,7948.584934634011,446264
2018-05-29,8092.41943359375,8208.583527807641,8060.011880245512,8095.297646541517,665121
2018-05-30,7974.77197265625,8049.800500539155,7960.517830960177,8049.800500539155,508262
2018-05-31,7927.4140625,8022.035112670887,7907.635637800425,8021.942618089284,679959
2018-06-01,8179.65869140625,8216.384473540067,7976.4871305947945,7995.01234055064,1002010
2018-06-04,8124.875,8208.586227932936,8102.775141517499,8208.586227932936,380690
2018-06-05,8181.10009765625,8199.299766123357,8060.013813131453,8125.013924527674,400886
2018-06-06,8210.767578125,8236.44298578198,8180.728602563613,8198.371490582762,328784
2018-06-07,8274.74609375,8296.613806399344,8231.799592772479,8240.156749719456,267961
2018-06-08,8294.431640625,8310.727914559242,8237.370651402798,8258.727829283787,287823
2018-06-11,8378.1884765625,8399.870290633577,8284.26296682373,8320.013022780991,337828
2018-06-12,8372.7099609375,8417.513604779819,8315.370582548625,8393.370708616083,343452
2018-06-13,8326.837890625,8445.324337583588,8304.22750307485,8385.013345942736,369407
2018-06-14,8318.15625,8375.681523981624,8271.727603817817,8294.059601269548,269078
2018-06-15,8312.2119140625,8352.512336307735,8265.22649310452,8352.512336307735,496572
2018-06-18,8332.50390625,8403.957782860698,8299.539563412682,8308.407254560518,305144
2018-06-19,8229.5693359375,8343.04111899374,8190.058742732323,8329.298422245341,350407
2018-06-20,8309.1484375,8329.298650156023,8229.941352991396,8239.227081698371,325981
2018-06-21,8229.98828125,8344.156506510803,8220.610057203747,8336.727922930557,313349
2018-06-22,8240.9921875,8252.227557131473,8180.727442143387,8231.798952849163,319027
2018-06-25,8164.94287109375,8235.514423260602,8152.871421380999,8235.514423260602,254954
2018-06-26,8293.41015625,8343.553098585098,8125.013804298456,8164.9424435652945,387769
2018-06-27,8262.7197265625,8368.298642461434,8239.227014487384,8297.680857582842,501622
2018-06-28,8144.7919921875,8258.774325399589,8111.131221686986,8256.870932153883,376404
2018-06-29,8195.2138671875,8264.30006415552,8125.292498568421,8125.292498568421,458807
2018-07-02,8190.98828125,8296.799350807145,8171.488249199978,8243.870692385657,298529
2018-07-03,8334.08203125,8352.513841929442,8125.013464911908,8194.656437468297,375718
2018-07-04,8562.185546875,8588.603629500178,8313.049597870135,8370.156836101803,656141
2018-07-05,8679.41796875,8723.943224899986,8566.782246633426,8568.871535857059,887919
2018-07-06,8651.9775390625,8741.53857190199,8598.584600130802,8649.656106935035,508241
2018-07-09,8705.2783203125,8747.016946131998,8682.156492704402,8723.942272615814,331872
2018-07-10,8850.2294921875,8864.065592969631,8710.014965556475,8710.014965556475,485745
2018-07-11,8714.37890625,8848.696441863689,8692.371545566448,8848.371804048998,328446
2018-07-12,8679.37109375,8828.871334051031,8659.174632715543,8773.156958783567,336960
2018-07-13,8757.4169921875,8816.799408639701,8693.531360035497,8736.013568876493,511150
2018-07-16,8714.935546875,8820.421978330081,8686.799967785393,8755.514366247831,216426
2018-07-17,8770.744140625,8802.594014483822,8679.372190912203,8683.226131745843,457123
2018-07-18,8697.7568359375,8853.0144129193,8632.85013149551,8805.00701054335,430624
2018-07-19,8718.4638671875,8760.157155103605,8682.157027795072,8736.014258555726,199983
2018-07-20,8727.611328125,8788.014820056054,8668.228903764082,8721.157564451232,272916
2018-07-23,9008.0859375,9053.586010784971,8702.585445443769,8773.156987681683,607813
2018-07-24,9130.1474609375,9219.800999639567,9030.372114160014,9079.586481465976,749626
2018-07-25,9061.8974609375,9170.4470981707,9008.08647540594,9149.22956830994,384750
2018-07-26,8725.103515625,9129.450785014456,8692.371319384396,9118.400404269,1261317
2018-07-27,8645.38671875,8767.772462990013,8626.443466175784,8730.44364574647,672141
2018-07-30,8711.779296875,8732.764683723419,8573.514415951759,8654.300266074992,539464
2018-07-31,8840.5244140625,8866.802845391105,8686.799354049419,8728.585133945968,426388
2018-08-01,8674.357421875,8902.926035078306,8635.729146695341,8853.943807929041,700719
2018-08-02,8489.3857421875,8660.799946869294,8468.585345282294,8660.799946869294,875157
2018-08-03,8530.7998046875,8570.728442066575,8496.44260508225,8496.44260508225,470958
2018-08-06,8623.0986328125,8635.726859905393,8542.869581841895,8586.976788922057,237693
2018-08-07,8739.263671875,8747.156541365615,8608.799182059514,8650.58496171572,381947
2018-08-08,8549.7431640625,8774.086031871018,8527.131868058468,8774.086031871018,638498
2018-08-09,8492.7744140625,8579.085450782148,8412.870893396066,8579.085450782148,651728
2018-08-10,8494.8173828125,8552.156761752589,8454.65660323098,8496.442385454526,427827
2018-08-13,8432.2314453125,8528.942682327486,8368.485455359922,8468.07490584219,348201
2018-08-14,8555.658203125,8580.203231434218,8474.763630343394,8505.444687012592,344056
2018-08-16,8619.3154296875,8652.479440492112,8511.065353813456,8547.601572723606,465479
2018-08-17,8573.92578125,8699.835574999333,8553.222290394004,8659.08363966175,477538
2018-08-20,8501.087890625,8635.475782956039,8489.518453780369,8591.351637849559,449317
2018-08-21,8537.5791015625,8553.224284048287,8478.653275077091,8534.487757686735,380824
2018-08-23,8640.6279296875,8671.26232593469,8525.210771934575,8567.27462950224,751705
2018-08-24,8584.88671875,8693.652776444113,8564.55740967482,8656.27304960042,401110
2018-08-27,8661.1923828125,8688.126135929599,8618.800997471675,8627.23243323007,326945
2018-08-28,8832.349609375,8849.727550156558,8632.852312993457,8691.450601227181,684054
2018-08-29,8776.2802734375,8870.150432187269,8749.628302630052,8825.838740368692,433440
2018-08-30,8624.234375,8778.061418694206,8602.547397577651,8778.061418694206,674292
2018-08-31,8521.7451171875,8670.325367477735,8506.661668383053,8626.294541732575,634522
2018-09-03,8339.767578125,8542.871311800489,8314.332381286913,8525.118272643482,992161
2018-09-04,8308.2421875,8430.49799236765,8277.280268168284,8348.994122455882,530967
2018-09-05,8334.0986328125,8384.59392755296,8235.263475342463,8310.584662717576,491163
2018-09-06,8206.45703125,8401.176915549238,8188.798222447366,8401.176915549238,687535
2018-09-07,8168.37451171875,8233.76479210695,8088.790949624466,8220.649226389633,636918
2018-09-10,8093.6162109375,8197.228817239695,8080.125548421985,8150.387509712611,577299
2018-09-11,7978.99462890625,8150.293831863206,7943.910308149376,8120.408713037577,552622
2018-09-12,7957.3544921875,7999.5583263823455,7870.276320404975,7999.5583263823455,634678
2018-09-14,8081.71728515625,8150.3864500894915,8038.294849802375,8050.146065013679,754169
2018-09-17,7998.4345703125,8112.634050367571,7978.948768270514,8044.5266024584835,422191
2018-09-18,7868.54345703125,8053.425725519811,7850.790419116598,7998.340532740674,507455
2018-09-19,7691.67041015625,7914.682612726097,7673.589847975666,7893.228927398228,959340
2018-09-21,7532.22216796875,7799.0771701981275,7119.550276860969,7738.183474574958,1646047
2018-09-24,7300.73291015625,7560.1870976780565,7111.166502967022,7560.1870976780565,1801469
2018-09-25,7494.09423828125,7511.706387185179,7194.824937309534,7260.402768769387,1159438
2018-09-26,7347.1064453125,7578.830507256322,7328.369920513076,7564.871887767688,754963
2018-09-27,7075.89453125,7380.31637003006,7035.751896885986,7354.085237971055,1594739
2018-09-28,6883.751953125,7165.034007165635,6831.9451921081845,7138.615326526677,1413254
2018-10-01,6992.423828125,7012.143835898724,6750.769336203902,6889.41960844345,1034603
2018-10-03,6788.24267578125,6942.538134590223,6755.453758633535,6932.513911231196,1148091
2018-10-04,6743.9775390625,6827.589276567112,6577.456683696171,6698.307262274267,1104174
2018-10-05,6468.17578125,6763.8848667998245,6372.151099969255,6609.121002386169,1481376
2018-10-08,6454.498046875,6547.4780434136765,6346.294625210344,6478.152907455368,1393849
2018-10-09,6276.2197265625,6501.573059356404,6240.198580457206,6388.9197221247605,1079041
2018-10-10,6544.52685546875,6604.6241597045255,6298.516224359355,6321.7026708774665,1162309
2018-10-11,6441.1484375,6510.941988309941,6281.607121105637,6370.41806050469,869569
2018-10-12,6826.83935546875,6863.188025263154,6510.941410807933,6510.941410807933,1053651
2018-10-15,6728.28564453125,6876.304181406207,6675.870036632362,6857.5676577511485,682234
2018-10-16,6699.150390625,6818.22109228358,6673.762309085732,6758.26421540722,637012
2018-10-17,6450.61083984375,6787.306098501962,6420.491967760386,6780.420334161472,1021019
2018-10-19,6329.61962890625,6524.9945520086785,6291.2564126366515,6398.523013671109,903940
2018-10-22,6381.84716796875,6468.784450161439,6297.391926107638,6387.280576567805,774016
2018-10-23,6343.53076171875,6423.816946193082,6244.883150550253,6350.744506087633,734440
2018-10-24,6340.720703125,6450.048505649975,6267.367393289518,6417.259588046815,681526
2018-10-25,6298.4697265625,6420.725538592236,6201.976633542862,6276.735177005579,2101936
2018-10-26,6292.9423828125,6365.733960745888,6089.37023470909,6323.576782197902,874526
2018-10-29,6369.2001953125,6379.7861479438925,6268.35049326696,6297.345445885293,505428
2018-10-30,6273.92431640625,6435.011745341878,6253.501690645191,6368.543751370717,771389
2018-10-31,6198.41552734375,6332.9438340026745,6089.369071156418,6332.9438340026745,1315746
2018-11-01,6287.74267578125,6314.161355191504,6183.05235745614,6228.910178747791,842039
2018-11-02,6684.67626953125,6706.738342173849,6323.623108909171,6342.125425190486,1834118
2018-11-05,6723.8359375,6796.393310673372,6614.039722358518,6687.065508638407,1040315
2018-11-06,6628.04541015625,6780.748081796599,6604.624754996687,6740.4645549221505,667413
2018-11-07,6677.60302734375,6691.749193704673,6642.097407723104,6688.938715252886,127507
2018-11-09,6823.3740234375,6852.884050449003,6596.053224310433,6679.571193397319,986090
2018-11-12,6640.0361328125,6888.014195070286,6606.497939970848,6838.830822715143,687443
2018-11-13,6698.72900390625,6715.872740185448,6577.456670806211,6604.577971942708,572295
2018-11-14,6903.5185546875,6940.9449423376145,6726.505528182611,6726.505528182611,1112945
2018-11-15,7005.8671875,7040.342666115948,6870.261595069088,6912.746754720041,1048278
2018-11-16,6877.42822265625,7067.463038674645,6841.219526499075,7026.196030297221,806420
2018-11-19,6943.427734375,6978.418284031968,6829.462919934628,6895.04075318503,577408
2018-11-20,6870.63623046875,6974.202176940905,6849.744733152735,6943.427346853331,637243
2018-11-21,6955.4658203125,6994.344105926746,6868.340987490214,6876.304009844939,701156
2018-11-22,6942.91259765625,7007.45983000452,6896.1650627371355,6926.846120147917,668352
2018-11-26,7077.4404296875,7099.03408865135,6920.615372183567,6955.933899671575,899481
2018-11-27,7164.47119140625,7174.0265429221545,7026.898190637573,7091.773396410549,783389
2018-11-28,7095.708984375,7195.293423617206,7072.662969026213,7174.214834719168,686734
2018-11-29,7069.99267578125,7159.225365663406,7055.237664068452,7132.057407589049,725583
2018-11-30,7177.58740234375,7238.85574174985,7091.820692894324,7095.521339201936,869715
2018-12-03,7288.46044921875,7307.243629677598,7148.076965692442,7202.787518817463,772869
2018-12-04,7233.84326171875,7293.1446291140555,7214.497893978218,7288.507156882292,551195
2018-12-05,7076.83154296875,7250.940778062942,7044.932794870094,7210.470162000011,704296
2018-12-06,6754.236328125,7013.362100261887,6726.412405812319,6979.4021490486975,1339030
2018-12-07,6851.900390625,6885.626134918499,6746.085684930272,6786.369212836396,688881
2018-12-10,6886.140625,6927.829388732059,6717.043504693558,6745.148289232025,785024
2018-12-11,6843.8427734375,6881.924663651834,6759.715513570252,6783.089508191002,843166
2018-12-12,6999.82421875,7033.034429685947,6834.146430721192,6876.303605413783,643037
2018-12-13,7185.92529296875,7213.561665583648,7005.11783823399,7005.11783823399,881204
2018-12-14,7178.10205078125,7204.192749299121,7069.243131813081,7198.571792667678,676653
2018-12-17,7245.46044921875,7307.244319742232,7166.72039051642,7205.973316593229,712296
2018-12-18,7281.34130859375,7293.192068702073,7171.404661003772,7222.930102722284,658919
2018-12-19,7434.65283203125,7447.534192469812,7289.44476890564,7289.44476890564,856358
2018-12-20,7313.8486328125,7418.726506454064,7273.190468158491,7354.08550014704,824303
2018-12-21,7060.20263671875,7340.032786950036,7040.24842296484,7335.348656262768,1257227
2018-12-24,7053.50439453125,7115.803332435291,6998.091220198267,7082.405572248849,611297
2018-12-26,7090.93115234375,7119.878989907891,6934.387405697133,7014.954457425038,594156
2018-12-27,7026.1494140625,7184.379258125925,7006.803588262125,7165.783167700723,704523
2018-12-28,7031.39501953125,7101.141906321143,7016.827556509942,7071.163470832716,616845
2018-12-31,6993.87548828125,7094.350090935884,6972.890674411871,7073.037296433386,547975
2019-01-01,7004.46142578125,7020.575018191037,6927.82923132142,6979.120461938708,625360
2019-01-02,6808.7119140625,6988.722964344858,6786.368519264632,6974.670572325397,891844
2019-01-03,6748.84912109375,6885.67240127724,6731.658269258051,6820.094568884123,715168
2019-01-04,6777.46923828125,6847.262791153176,6708.800059838848,6781.684956239957,774445
2019-01-07,6896.96142578125,6939.071948173296,6838.831540659519,6848.1998030439845,687845
2019-01-08,6969.51806640625,6983.851323370027,6859.534769090692,6913.776911093236,516841
2019-01-09,7019.544921875,7053.3644390825975,6945.629426399041,6989.191844571088,740580
2019-01-10,6924.64404296875,7036.500990256505,6895.180678508603,7026.195902932204,452699
2019-01-11,6858.0361328125,6932.513815014343,6821.9683244506,6916.306904880134,488399
2019-01-14,6940.66455078125,6963.757225456591,6798.547831222503,6866.936144806525,424152
2019-01-15,6890.49658203125,6998.09115397793,6854.756756848262,6960.61810897671,491196
2019-01-16,6848.43310546875,6917.524031432748,6830.492976857905,6885.203530473319,424769
2019-01-17,6872.79150390625,6931.530692134162,6845.857749503482,6875.367776066515,462725
2019-01-18,6893.12060546875,6913.7307821205195,6855.69421534769,6880.98852305668,334555
2019-01-21,6753.01806640625,6913.777538046129,6708.612594843947,6893.167361103444,654537
2019-01-22,6622.283203125,6726.411331625567,6608.839657235733,6726.411331625567,896521
2019-01-23,6600.314453125,6681.677890653247,6581.203292346603,6604.623944632534,702474
2019-01-24,6595.818359375,6649.592089519291,6571.273330987587,6613.898921305018,520703
2019-01-25,6101.923828125,6682.3814472613285,6005.056088173997,6608.372175659808,3062762
2019-01-28,6099.7216796875,6192.420809576269,5918.586710759028,6101.080260569659,2398091
2019-01-29,6114.61865234375,6200.993763457482,6040.093845101393,6070.634474220992,1101399
2019-01-30,6134.57177734375,6171.810616445711,6096.864525171325,6144.642658358746,583773
2019-01-31,6221.60302734375,6239.3089504696345,6051.943716471586,6159.632067685826,926270
2019-02-01,6522.46484375,6748.895918377366,6232.282929436093,6257.062165302947,2545419
2019-02-04,6546.728515625,6594.319099844226,6418.804633679673,6534.362227789953,658776
2019-02-05,6645.470703125,6674.886955554472,6544.105921050635,6553.099544435582,681498
2019-02-06,6729.59619140625,6763.884116503144,6620.549730100792,6670.201511011411,567827
2019-02-07,6841.21923828125,6857.567036663538,6731.189287543096,6746.084731012859,690174
2019-02-08,6683.5517578125,6838.830687462768,6651.465463148719,6810.725903815661,576159
2019-02-11,6724.4443359375,6754.4698885296275,6605.654962997035,6698.3069778186755,502244
2019-02-12,6710.017578125,6773.253345876963,6677.650416271748,6738.590776886998,494592
2019-02-14,6574.17822265625,6661.959025432463,6548.415500729204,6592.165469666465,622311
2019-02-15,6492.25244140625,6612.775502013704,6464.100996128866,6583.452566512483,768798
2019-02-18,6410.4208984375,6555.722277848817,6386.34428183547,6524.713696205423,509963
2019-02-19,6374.68017578125,6478.995858739677,6343.249841522339,6421.943237872638,493861
2019-02-20,6417.16552734375,6452.858696113189,6374.539936363327,6409.764692045069,534284
2019-02-21,6371.86962890625,6445.03584169021,6290.78750972571,6435.012076485458,722938
2019-02-22,6475.716796875,6500.63646321732,6388.263986863598,6395.711937510398,764535
2019-02-25,6487.427734375,6543.637307011676,6436.042725236038,6509.068511327055,495728
2019-02-26,6468.12841796875,6534.3622078378185,6382.221736951575,6450.047856768943,673415
2019-02-27,6528.27294921875,6602.750627264655,6420.25707837257,6504.383882675724,961829
2019-02-28,6398.24169921875,6595.256054345587,6371.354605909706,6567.151270023091,1031563
2019-03-01,6497.02978515625,6510.941744975969,6395.946335019739,6442.365887796034,768822
2019-03-05,6668.09423828125,6705.941922738485,6458.901144811256,6510.941653760625,838538
2019-03-06,6611.08837890625,6693.529080261605,6567.151323875382,6686.9246388655165,557197
2019-03-07,6584.99755859375,6644.439359809396,6559.656594626069,6630.8553808573715,396771
2019-03-08,6527.52392578125,6581.203882661696,6511.878745677074,6534.362573888303,486432
2019-03-11,6634.5087890625,6671.700968895642,6534.362168603376,6539.046299190188,720905
2019-03-12,6705.052734375,6775.127151921558,6647.718787338962,6648.655613549128,828847
2019-03-13,6643.08056640625,6747.911773464309,6604.624037784206,6723.600953074787,534982
2019-03-14,6638.63134765625,6696.433707427584,6602.048467357168,6654.276528239805,584482
2019-03-15,6636.47607421875,6704.864379331394,6613.992247880346,6659.896726654587,861945
2019-03-18,6458.4794921875,6630.340432753727,6348.496193424528,6630.340432753727,1336134
2019-03-19,6394.02587890625,6465.927284310167,6379.083319174189,6464.100290384683,816763
2019-03-20,6251.9560546875,6426.627475684895,6229.893981531276,6426.627475684895,1017560
2019-03-22,6138.7412109375,6292.005610990781,6119.676706320245,6152.1376425957515,1715983
2019-03-25,6110.54296875,6202.726579946453,6081.12671608797,6103.422997787516,1093184
2019-03-26,6169.65576171875,6183.052191827197,6070.633061066703,6143.705496061024,909087
2019-03-27,6106.232421875,6220.525204242099,6089.369552345428,6209.283291222384,887601
2019-03-28,6179.53955078125,6206.473302850223,6090.494407349688,6122.158948547352,949713
2019-04-01,6408.54638671875,6435.995208052904,6276.734773501376,6305.588833963926,1142386
2019-04-02,6454.451171875,6464.756259306661,6356.833706139416,6426.112181437933,866805
2019-04-03,6626.078125,6649.592554768804,6460.353657042219,6460.353657042219,1491021
2019-04-04,6663.73876953125,6717.04409070275,6615.538876868861,6670.202779052102,1388375
2019-04-05,6658.67919921875,6692.639146084667,6604.624149095564,6646.781324515322,729603
2019-04-08,6679.0546875,6698.306279918094,6599.658679496775,6658.0227596332725,498374
2019-04-09,6760.65234375,6777.936968613405,6632.728920218785,6683.317530627233,741669
2019-04-10,6732.36083984375,6762.901464479836,6693.248347237086,6762.901464479836,590107
2019-04-11,6733.765625,6763.884492854526,6698.306665361477,6732.922572990586,609539
2019-04-12,6878.97412109375,6892.230119887696,6708.6588492433175,6734.749549516285,929935
2019-04-15,6888.01416015625,6923.098481898938,6834.146657373662,6886.655579286139,585205
2019-04-16,6987.36474609375,7002.775719782051,6885.672446875997,6904.3151964357085,707823
2019-04-18,6976.96630859375,7063.060542942436,6964.412471849536,7057.2053793246705,713163
2019-04-22,6858.73828125,6955.840217811776,6838.830726054294,6953.123513530818,479609
2019-04-23,6603.59375,6922.114640650393,6563.403999696041,6864.125193515971,952628
2019-04-24,6573.42822265625,6653.292651858428,6473.468689584183,6618.676742679052,1063510
2019-04-25,6469.01904296875,6693.576463493698,6431.311788853477,6571.601510686078,3075510
2019-04-26,6410.56103515625,6451.78138654806,6323.576633970919,6375.102073210683,1999920
2019-04-30,6245.2578125,6323.5765708496,6211.157431812274,6276.735262917381,1640025
2019-05-02,6261.04345703125,6286.05689856984,6112.79071666164,6136.211370748466,1337101
2019-05-03,6286.103515625,6351.6813466374815,6253.31460011876,6253.31460011876,795679
2019-05-06,6285.77587890625,6306.714036154929,6219.870063645772,6238.32572292865,480317
2019-05-07,6278.6083984375,6356.599169725164,6257.998224643763,6318.798145848365,586684
2019-05-08,6230.0341796875,6270.177270733809,6198.041658923484,6257.061704950113,552749
2019-05-09,6206.4267578125,6256.1252034766185,6183.052761746882,6217.715330259706,570000
2019-05-10,6212.65673828125,6243.852867862158,6159.632283713226,6204.599941449839,608669
2019-05-13,6130.3564453125,6238.606529732078,6089.370299068768,6207.4104002507165,555672
2019-05-14,6160.755859375,6194.294050114723,6042.528224930425,6099.674615894883,843313
2019-05-15,6083.51513671875,6220.525968479306,6054.988595952685,6173.684658475698,612357
2019-05-16,6070.30615234375,6114.9458319121195,6034.47254808634,6094.99161565246,555991
2019-05-17,6283.1533203125,6361.050332678613,6075.3183221532845,6086.560237321494,782196
2019-05-20,6637.0390625,6698.3074051807325,6426.6278041314445,6440.680197289166,1286198
2019-05-21,6441.00830078125,6686.831411621297,6387.2812250967045,6656.150352641844,973836
2019-05-22,6463.9130859375,6492.720490937503,6408.827889594283,6442.741180242947,645280
2019-05-23,6491.50244140625,6603.781144229546,6398.522448288731,6554.035585392088,1364516
2019-05-24,6645.048828125,6670.2027036841155,6451.687987302891,6524.947980870596,1002742
2019-05-27,6621.90869140625,6739.433252288845,6464.146808744134,6646.781241619858,1022289
2019-05-28,6608.97998046875,6679.5699167278235,6587.292548313,6620.549873985347,915732
2019-05-29,6456.09033203125,6566.214055785553,6435.995229454522,6558.719447075853,768022
2019-05-30,6433.8408203125,6483.773468704341,6393.838162679834,6454.731859467261,850456
2019-05-31,6435.85498046875,6521.52745426265,6393.838237705474,6455.668761322846,1084204
2019-06-03,6579.236328125,6609.308539259019,6332.944822876111,6332.944822876111,1157809
2019-06-04,6606.31103515625,6650.529416249148,6531.3182783117345,6557.783619346956,575281
2019-06-06,6547.197265625,6650.529009649925,6490.331733885713,6614.18033707027,720856
2019-06-07,6509.30224609375,6548.414737551946,6429.109836790735,6548.414737551946,470376
2019-06-10,6529.63134765625,6598.347177080031,6484.710352575208,6539.046267115711,395116
2019-06-11,6537.4541015625,6574.833832965002,6492.20557898586,6548.368492762065,387309
2019-06-12,6419.13330078125,6527.758484663701,6393.885651015776,6523.8702898779175,494886
2019-06-13,6356.08447265625,6430.093737455712,6338.846505793223,6410.701253452125,561159
2019-06-14,6321.140625,6406.953991174986,6302.357443809057,6346.997118030491,449930
2019-06-17,6165.861328125,6340.485619371231,6146.04754785867,6323.013904323962,567397
2019-06-18,6032.22314453125,6228.956621833869,5986.318666493972,6187.267861167362,1048826
2019-06-19,6018.77978515625,6146.188136307437,5976.950590768906,6075.317332466514,715496
2019-06-20,6198.74462890625,6228.957273222905,5939.7121900363245,5986.3192925093035,992450
2019-06-21,6011.84765625,6135.274502439714,5967.770168535237,6135.274502439714,1345890
2019-06-24,6051.80322265625,6086.653338800302,5923.411380335086,6005.992514895265,911826
2019-06-25,6110.44873046875,6126.843188542066,6021.3098113456235,6050.960268317004,580392
2019-06-26,6070.91455078125,6143.518580203657,6051.990936282916,6107.169907157013,572239
2019-06-27,6076.91064453125,6159.632214336998,6065.949595107538,6085.810493358049,1022011
2019-06-28,6121.83056640625,6136.210938489481,6065.948981178533,6089.369633615515,618701
2019-07-01,6096.72412109375,6199.915429510199,6080.0016829134465,6183.05255889503,754667
2019-07-02,6145.57958984375,6172.560000191157,6072.507149598657,6098.784940328322,518084
2019-07-03,6121.0341796875,6173.683989399474,6103.468690339816,6166.189380611128,517709
2019-07-04,6131.01220703125,6171.810803732946,6098.925910730725,6126.843147603744,576449
2019-07-05,5958.2138671875,6163.378778651975,5902.004302402712,6133.587892289881,866460
2019-07-08,5657.212890625,5886.219794262999,5607.51398332253,5883.362657158327,1927495
2019-07-09,5569.8525390625,5686.534038879849,5536.641873110363,5677.165778519256,1337999
2019-07-10,5553.41162109375,5616.272746996604,5527.274263099243,5582.5470057302355,809385
2019-07-11,5650.18603515625,5667.798183728525,5555.379046200025,5596.599396627142,779113
2019-07-12,5594.21044921875,5705.271001420332,5575.942340100902,5637.538656741852,719883
2019-07-15,5695.6220703125,5710.892153431317,5578.799667598998,5602.2203211153665,675004
2019-07-16,5769.02197265625,5782.090880156706,5673.4190489677585,5695.856217777606,627259
2019-07-17,5691.875,5783.964830442479,5667.79838422044,5778.343873367219,598778
2019-07-18,5510.73876953125,5673.137655690193,5487.45855085887,5671.919507372653,1097857
2019-07-19,5404.64404296875,5537.532928984759,5349.371297976043,5513.222106475966,1228672
2019-07-22,5538.9853515625,5564.748074127907,5382.113608822167,5414.855870110994,897510
2019-07-23,5502.6826171875,5595.100425710879,5452.515759659057,5536.642565239945,841517
2019-07-24,5403.61328125,5494.485418608053,5363.610621315431,5494.485418608053,800687
2019-07-25,5393.07373046875,5475.701976677472,5340.8923329576855,5423.3801467362655,990461
2019-07-26,5438.88427734375,5578.79934484281,5324.825701317787,5366.1398232174,2346714
2019-07-29,5209.92431640625,5405.486771079175,5190.016761140144,5405.486771079175,1548125
2019-07-30,5159.2421875,5288.24333500479,5145.049362409999,5210.627194778663,1189163
2019-07-31,5124.158203125,5229.644462233323,5102.001898610894,5176.713784474297,1053202
2019-08-01,5220.55712890625,5260.278463394022,5105.702159483067,5124.157816317795,1134178
2019-08-02,5329.931640625,5362.392573363627,5138.491136425488,5189.641932752673,1391678
2019-08-05,5312.13232421875,5335.224997647008,5107.576240065231,5246.2265121726505,1122496
2019-08-06,5464.78759765625,5479.495950646368,5283.699292468032,5283.699292468032,1125521
2019-08-07,5410.17138671875,5496.35939842059,5373.354299476508,5465.397475016788,955090
2019-08-08,5529.3818359375,5571.3048038155475,5363.32941009652,5363.32941009652,831725
2019-08-09,5714.5458984375,5766.165112212475,5552.756292333047,5562.545851409641,1445079
2019-08-13,5448.06640625,5736.187136871557,5425.675892895545,5714.35926818953,909354
2019-08-14,5524.580078125,5636.097471808305,5423.891376563574,5501.782636262036,1030939
2019-08-16,5675.66015625,5694.610714378525,5309.903902147782,5514.130975307312,1207075
2019-08-19,5682.78466796875,5722.537800174618,5615.390008421052,5698.410600181419,902389
2019-08-20,5880.7421875,5920.68501575747,5660.461557318427,5702.2095539214015,2198337
2019-08-21,5916.791015625,5961.531088353204,5833.295476988053,5911.186737224663,2128640
2019-08-22,5897.4599609375,5982.903050229215,5858.9419725035805,5889.338558612549,1551394
2019-08-23,5940.9658203125,5964.950628425353,5737.3560792726375,5851.343286145604,1232405
2019-08-26,5942.10498046875,6142.675326311183,5809.6899442439635,6136.310855532502,1552155
2019-08-27,5963.19287109375,6022.323731071542,5942.532691101509,5981.953264420037,1078065
2019-08-28,5797.5791015625,5934.933775624386,5765.852755768249,5934.933775624386,1242304
2019-08-29,5804.0380859375,5887.438530121811,5761.102724296351,5797.578533365649,1006756
2019-08-30,5816.90966796875,5850.630883435236,5749.609628281765,5836.145009185548,794518
2019-09-03,5746.56982421875,5822.8460725633195,5701.497200496441,5732.60620683844,1173373
2019-09-04,5538.5908203125,5771.742335743915,5509.381598904515,5758.253664234339,1964992
2019-09-05,5669.58056640625,5697.460027593722,5501.069587329467,5514.130620237005,1149196
2019-09-06,5876.9423828125,5908.336170022683,5663.3587871829895,5697.175080533273,1524051
2019-09-09,6018.048828125,6047.923157072154,5737.355366091863,5780.1005633557925,2061193
2019-09-11,6266.7314453125,6297.793144537856,5970.175008710971,6012.825128947908,2492039
2019-09-12,6071.76513671875,6307.291360315602,6050.820175483492,6236.049364528904,1892862
2019-09-13,6127.0966796875,6186.465012024887,6022.3236323045185,6111.613604139949,1929801
2019-09-16,6091.42919921875,6163.858574516466,6022.4195330915645,6031.728303341469,1377371
2019-09-17,5823.22607421875,6122.870115671716,5803.84834272782,6088.81634646241,1706567
2019-09-18,5789.64697265625,5900.547015431581,5686.631322559995,5856.092194517483,1955137
2019-09-19,5672.525390625,5865.591206448591,5644.645929131735,5831.3950471883245,1721431
2019-09-20,6261.64990234375,6601.568880067533,5682.689882561988,5713.608726804428,4892962
2019-09-23,6552.2216796875,6649.2531888155545,6341.58283759895,6341.58283759895,3140286
2019-09-24,6657.89697265625,6818.238770170266,6511.518327840683,6587.509788997103,2354230
2019-09-25,6305.8671875,6649.253643518868,6271.196079215937,6649.253643518868,2296343
2019-09-26,6513.84619140625,6554.168884914229,6346.284637197562,6364.2853012996675,1893865
2019-09-27,6434.29248046875,6568.512219249283,6397.53142395429,6516.26808735359,1457894
2019-09-30,6379.29345703125,6468.39372991096,6307.291727952056,6433.627541177601,1264165
2019-10-01,6442.1767578125,6506.769506195167,6316.79083448144,6383.283369581244,1473158
2019-10-03,6415.626953125,6454.477961938257,6345.287536543106,6446.546259754556,850852
2019-10-04,6316.4111328125,6502.875018382712,6286.774273734725,6452.6257511814365,1065056
2019-10-07,6297.650390625,6363.335421672798,6229.542853295116,6340.253199265319,696713
2019-10-09,6382.85595703125,6405.890871788491,6259.797453617077,6295.89340251502,1017731
2019-10-10,6274.47265625,6404.275478220188,6229.637508591464,6364.284878978814,985523
2019-10-11,6363.240234375,6383.283076082265,6294.277886950736,6294.277886950736,835065
2019-10-14,6479.3173828125,6530.088902203164,6360.532945499138,6362.338113849464,963217
2019-10-15,6635.716796875,6667.300747559764,6467.823164287567,6469.722950794921,1276061
2019-10-16,6625.505859375,6662.456616494374,6549.514394321237,6652.530509660783,876844
2019-10-17,6766.9453125,6797.009345016187,6592.2600138302605,6627.406068659038,1248295
2019-10-18,6936.40576171875,7076.705189731135,6707.814028453742,6726.47933931196,1463126
2019-10-22,6892.66357421875,7021.611595607235,6869.6286606373815,6965.567888337102,959552
2019-10-23,7067.44384765625,7097.602960880011,6839.2319751520445,6840.22917762238,1278695
2019-10-24,7021.041015625,7100.4521856753,6906.673958802021,7086.2037866405,1658859
2019-10-25,7096.79443359375,7132.747983699014,6985.372147620511,7025.884999524538,1353615
2019-10-27,7050.20361328125,7124.200213401423,7021.6590394704845,7102.3526660803245,128351
2019-10-29,7334.41162109375,7369.9380048079165,7011.970589272213,7044.409355664519,1396732
2019-10-30,7178.29736328125,7365.1411232436285,7161.911701563722,7355.974744379172,1243366
2019-10-31,7180.62353515625,7261.934496844038,7126.099750859905,7231.44282823423,1067275
2019-11-01,7236.90478515625,7265.734140721061,7167.040315688171,7219.142058028726,1151035
2019-11-04,7052.0078125,7242.936364535628,7036.28726401514,7171.694367507408,824953
2019-11-05,7018.76171875,7164.048087099534,6957.968546466876,7057.660035604068,1207089
2019-11-06,6944.81298828125,7043.459509918865,6929.472302745532,7024.461642056643,923041
2019-11-07,6922.01513671875,6988.365279059356,6878.17765198706,6988.365279059356,877885
2019-11-08,6839.75439453125,7000.714008655209,6818.381794097771,6921.350604571601,983936
2019-11-11,6779.67333984375,6874.805525947144,6719.545278812138,6801.2361035192125,864507
2019-11-13,6796.10693359375,6810.59280692317,6739.493198179356,6772.739464837042,687017
2019-11-14,6884.02001953125,6905.725176983975,6801.23690057844,6801.23690057844,802462
2019-11-15,6789.0771484375,6990.264351083719,6759.630458006246,6934.220649940365,1049492
2019-11-18,6742.7705078125,6817.384443512304,6720.495323651881,6791.7373235492505,537228
2019-11-19,6692.42578125,6796.486404332583,6679.649531134413,6787.937364830278,755114
2019-11-20,6794.34912109375,6856.329657272334,6691.048227462777,6763.240116345112,1289948
2019-11-21,6667.34814453125,6839.231516574523,6653.81216548803,6791.736853264978,763454
2019-11-22,6706.6748046875,6722.822991917173,6649.253565159467,6681.549939618813,685503
2019-11-25,6873.52294921875,6899.549932680065,6687.533564187941,6720.685211160782,952419
2019-11-26,6767.98974609375,6909.523847450658,6729.0441208881575,6875.327688733552,1249810
2019-11-27,6928.90185546875,6934.221350911923,6807.505672687046,6807.505672687046,1070680
2019-11-28,6897.41259765625,6954.263803377741,6859.13208389696,6934.030798171141,602077
2019-11-29,6882.78515625,6928.380039258532,6774.63970035111,6890.526694664463,792083
2019-12-02,6781.62060546875,6929.329008856417,6750.653992124141,6925.671827006312,703838
2019-12-03,6781.09814453125,6877.227532584573,6706.246737575564,6784.75532652085,668269
2019-12-04,6721.5400390625,6810.734926720551,6698.647517884704,6772.549030726711,737723
2019-12-05,6661.45947265625,6768.132307138055,6640.276573297067,6734.743649649287,602894
2019-12-06,6541.63037109375,6696.747761373719,6520.162689762357,6661.459318060845,770911
2019-12-09,6644.2666015625,6751.842024933879,6603.99121572997,6655.902795260507,1479832
2019-12-10,6614.724609375,6695.750788892926,6559.013458209852,6667.3012980702315,790378
2019-12-11,6642.7939453125,6682.499299333323,6606.698000269904,6649.253034162511,603048
2019-12-12,6649.0634765625,6692.90142697478,6625.981253021327,6678.130306669436,932863
2019-12-13,6853.43310546875,6885.776788011655,6677.89253880549,6691.001345122497,1199360
2019-12-16,6782.28564453125,6894.040965185397,6767.989935526809,6877.227667819522,727854
2019-12-17,6834.625,6911.898916282514,6806.935701790764,6848.635926821297,939918
2019-12-18,6877.8447265625,6891.428478837496,6805.035498974263,6858.229522975178,841740
2019-12-19,6877.8447265625,6943.719918690936,6806.935285545725,6885.7291191231125,1001697
2019-12-20,6897.65087890625,6938.35390359259,6865.354503517858,6877.845508882989,679779
2019-12-23,6992.06982421875,7008.8831219363165,6886.821827212551,6910.474078718959,914067
2019-12-24,6960.62841796875,7051.723562769468,6936.121354665659,7026.361224385357,850537
2019-12-26,6878.08203125,6975.493863602423,6860.129141352869,6966.517186746322,556360
2019-12-27,6976.8720703125,6999.289647731356,6888.05703576505,6903.825359260568,665383
2019-12-30,7044.64599609375,7059.559506027489,6973.736555924569,7008.312578348854,739631
2019-12-31,6999.3837890625,7041.084011728132,6986.702620878697,7041.084011728132,560622
2020-01-01,6945.3359375,7038.662966457895,6917.171226411224,7007.363792594302,634725
2020-01-02,6962.57568359375,6998.814021192905,6945.619994973198,6960.438423611708,616838
2020-01-03,6890.76318359375,6964.617384582744,6863.928698990032,6961.720395664831,571967
2020-01-06,6689.5283203125,6848.730526280027,6674.425109973177,6839.231593511262,748516
2020-01-07,6719.166015625,6806.556208016894,6674.330861828322,6744.243108504864,590500
2020-01-08,6682.68994140625,6760.058477168869,6630.683280027121,6706.24711117157,793313
2020-01-09,6865.73388671875,6877.227688740578,6746.1424095905495,6782.2383560231665,798184
2020-01-10,6963.193359375,6981.621198018001,6871.908513616145,6897.555634645149,747847
2020-01-13,6984.28125,7000.714219969944,6915.0336514532155,6964.618271481632,537399
2020-01-14,7016.67138671875,7040.988747073884,6958.538197170383,6986.464966407693,548522
2020-01-15,7108.00439453125,7128.949356682072,6984.565572242941,7018.714422575472,692726
2020-01-16,7088.72119140625,7144.1475586068045,7049.348392138563,7082.87944033395,640207
2020-01-17,7143.34033203125,7190.597525854979,7060.129582404737,7094.753380290076,750738
2020-01-20,7076.326171875,7152.222563986466,7049.206436224623,7144.385943207811,407828
2020-01-21,6936.73828125,7062.124198056874,6922.632272846208,7040.134260713232,442561
2020-01-22,6778.05908203125,7005.416148150592,6751.794623662866,6972.217190037109,1048435
2020-01-23,6788.982421875,6858.229549913744,6766.232292066358,6787.367417756882,589326
2020-01-24,6771.2666015625,6848.730209179134,6754.928252430669,6790.596557799886,645723
2020-01-27,6790.59716796875,6862.979224345323,6707.196720152571,6745.667399541635,573149
2020-01-28,6646.45068359375,6858.182269761731,6614.107002476909,6820.186538022671,1614448
2020-01-29,6659.037109375,6759.678494478061,6625.50605993107,6658.752326898466,1001252
2020-01-30,6668.67822265625,6695.797489296407,6631.204748585362,6668.250585169637,579174
2020-01-31,6567.0869140625,6710.045846667752,6550.036144880236,6682.498942710594,868935
2020-02-03,6659.98681640625,6691.856015425389,6440.276678091212,6440.276678091212,1010531
2020-02-04,6838.8525390625,6853.480804496181,6650.203619165317,6668.251593563852,973311
2020-02-05,6688.10400390625,6869.248851511693,6673.57082115849,6853.4805291182665,718489
2020-02-06,6669.77099609375,6763.572960988347,6627.215497275295,6720.495206372468,875714
2020-02-07,6622.41845703125,6696.747605991367,6587.509879085124,6686.298779939465,645814
2020-02-10,6547.52001953125,6638.899948677942,6507.81466157141,6625.506359188814,593773
2020-02-11,6681.3115234375,6733.793124527946,6565.9468048357385,6601.757965223476,743160
2020-02-12,6690.38330078125,6753.741369478057,6656.804943646112,6702.542213321965,599364
2020-02-13,6654.0498046875,6702.44705333248,6578.011032359329,6696.747693593252,723169
2020-02-14,6567.3720703125,6733.746251803128,6555.213621675739,6649.300366917272,614859
2020-02-17,6560.67529296875,6630.254974470174,6535.265648188366,6573.26137870109,463548
2020-02-18,6441.32177734375,6582.760801956092,6398.291331041901,6578.011335288014,830678
2020-02-19,6418.0498046875,6511.471912838114,6292.663876561811,6506.769755007347,1033939
2020-02-20,6418.99951171875,6466.446407126972,6383.283428344749,6422.229056404591,682513
2020-02-24,6146.1904296875,6373.784990980939,6117.123597621337,6373.784990980939,1091346
2020-02-25,6093.13818359375,6183.805689092744,6057.042236407033,6179.436086933435,964897
2020-02-26,5922.4423828125,6049.728086055823,5876.087311103489,6031.822504441038,1580738
2020-02-27,5974.638671875,6020.471023439374,5857.801796384471,5917.835238260111,1492657
2020-02-28,5968.27490234375,6048.303415769794,5797.389184242138,5854.239929255915,1468843
2020-03-02,5970.22265625,6116.886110490241,5936.833994627247,6080.220594791547,1219764
2020-03-03,6066.06591796875,6100.357158833672,5965.804865761934,6001.425864482748,849199
2020-03-04,6064.45166015625,6102.114838461879,5897.887769615474,6069.8184647838425,904360
2020-03-05,6046.9736328125,6140.110488341829,6013.014946247181,6090.620953059841,645853
2020-03-06,6122.96484375,6155.308524777776,5794.4914654812965,5885.918694726645,1140899
2020-03-09,5890.3837890625,6054.620257730542,5774.781581985496,5985.278042667108,1082030
2020-03-11,5838.32958984375,5994.729908427647,5799.099178145007,5851.343314885052,937029
2020-03-12,5360.390625,5641.701450973059,5277.179873850076,5641.701450973059,1345964
2020-03-13,5546.04736328125,5759.67828328491,4562.38503398935,5058.3722139170395,1480205
2020-03-16,5205.65283203125,5402.993167938278,5129.423893612289,5356.068531007881,933412
2020-03-17,5323.15478515625,5458.989528104906,5226.312976947587,5226.312976947587,1238640
2020-03-18,5084.44677734375,5403.753348641776,5046.3559595209335,5386.845431772212,973395
2020-03-19,4578.05810546875,4841.2263246485745,4419.42592308738,4625.980408366883,2554559
2020-03-20,4824.6982421875,4963.192500011056,4571.456595261239,4625.030484699298,1614552
2020-03-23,4008.882568359375,4549.989232671821,3933.5084368463486,4345.762158553984,1531965
2020-03-24,4261.6494140625,4341.012821810465,3828.0703877234514,4123.4872340217125,1746431
2020-03-25,4755.11865234375,4900.879504056625,4094.135292641368,4216.576448866613,1728819
2020-03-26,4633.580078125,4863.454284542846,4511.993721011429,4772.692154270452,1338787
2020-03-27,4413.29931640625,4879.126894006472,4326.763944748268,4844.45578885097,1339426
2020-03-30,4111.56640625,4407.458209956987,4056.0449496912797,4357.588804837832,1528082
2020-03-31,4073.4267578125,4244.1700577367355,3999.0503069876495,4227.024671281482,2140261
2020-04-01,4033.5791015625,4203.135038560324,3980.147608811085,4075.0418471745897,1323842
2020-04-03,3810.4970703125,4053.194814663701,3800.618272503103,4037.0466281510967,1724808
2020-04-07,4325.48193359375,4381.7631168339285,3913.5607586419505,3942.057560282547,2688172
2020-04-08,4462.6943359375,4678.225058562882,4185.705323971033,4185.705323971033,2798833
2020-04-09,5059.74951171875,5128.474390958127,4498.885240250238,4554.216529984135,3786650
2020-04-13,5018.4287109375,5075.659782442749,4750.416408261414,5020.186106311053,2192268
2020-04-15,4839.04150390625,5081.9294188529875,4788.4123739136285,5041.55895150696,2094519
2020-04-16,4873.712890625,4966.042714999166,4720.970216822083,4765.615206800079,1752169
2020-04-17,5229.1630859375,5322.205328551214,4950.5595415624675,5058.182276588045,2192902
2020-04-20,5064.21337890625,5294.657569921739,5015.436268644209,5235.811498630091,1555307
2020-04-21,4750.51171875,4874.187554456555,4639.754061533141,4874.187554456555,1843169
2020-04-22,4921.25439453125,4985.277104964469,4740.917073477381,4758.015151482308,1991584
2020-04-23,4897.98291015625,4981.811002437603,4792.212187642191,4909.998968864715,1454061
2020-04-24,4792.8291015625,4882.451628399347,4777.96336397835,4844.455895882621,1070808
2020-04-27,4802.9931640625,4963.192579141038,4741.439798858928,4892.045662492064,1432313
2020-04-28,4799.5263671875,4863.454004810624,4740.205341309807,4834.957204001186,1172062
2020-04-29,4814.4873046875,4844.45625540814,4759.96305342747,4844.45625540814,1038094
2020-04-30,5090.28759765625,5153.170714294956,4865.353068869818,4865.353068869818,2341081
2020-05-04,4641.46337890625,4873.190031604428,4597.483505280528,4840.656186551565,1742771
2020-05-05,4587.8427734375,4777.536208893292,4559.488362420668,4744.717577144008,1570620
2020-05-06,4600.57080078125,4749.4665780016,4473.997516477508,4598.623705010308,2214528
2020-05-07,4511.32861328125,4688.056561546565,4497.745322963931,4654.002789833534,1530808
2020-05-08,4420.94580078125,4634.5294016313355,4405.1301701302145,4629.779935140629,1828141
2020-05-11,4690.3837890625,4763.335885823068,4493.13850284637,4511.993980982563,3176473
2020-05-12,4703.2060546875,4735.2176413193265,4455.046454126883,4667.7752235593125,3124672
2020-05-13,4783.7578125,5051.010389218461,4736.405538023177,4986.939899648369,3304845
2020-05-14,4857.8017578125,4887.201141654225,4609.024789545541,4659.226744375894,2590674
2020-05-15,4844.8359375,4866.4937841150795,4712.563288842223,4853.955006400291,2182462
2020-05-18,4484.39892578125,4839.706326396239,4446.022865703391,4825.837791559546,3164086
2020-05-19,4564.52197265625,4654.477051400157,4517.454946366591,4599.383241403992,2108177
2020-05-20,4646.83056640625,4673.474887096288,4507.718511527527,4515.792604320275,1518296
2020-05-21,4797.056640625,4819.568835392761,4607.980085459837,4644.9786180560895,1868166
2020-05-22,4877.037109375,4891.95062009239,4683.686508741855,4758.965554691819,1935875
2020-05-26,4983.28271484375,5020.945891968479,4902.066836523386,4939.445231180046,1508751
2020-05-27,4981.62060546875,5025.885728461656,4878.082230038336,5005.937968057631,1534655
2020-05-28,5194.34912109375,5219.66368478195,4958.443027217794,5003.088012328759,2325084
2020-05-29,5329.66162109375,5382.808341531112,5105.676946350152,5105.676946350152,3386733
2020-06-01,5503.30224609375,5570.791983585197,5382.9505722310905,5404.893201541673,2340994
2020-06-02,5404.98828125,5555.926242853435,5343.245213069888,5507.244208326808,2110719
2020-06-03,5342.19970703125,5539.777505584326,5325.101628310311,5442.888392832337,1652859
2020-06-04,5405.0830078125,5433.342333313014,5292.80543491972,5374.496258215322,1642049
2020-06-05,5458.27734375,5495.133020139498,5386.94026052674,5441.273881762648,1236658
2020-06-08,5447.44775390625,5556.875644430292,5415.816493456292,5556.875644430292,1176769
2020-06-09,5378.5810546875,5497.032943700583,5338.400750578413,5465.686462424945,1336806
2020-06-10,5391.21484375,5452.387883336607,5333.651213403318,5371.646947781971,1432292
2020-06-11,5154.263671875,5403.943229919133,5129.708836188193,5354.548776068581,1766481
2020-06-12,5283.06884765625,5327.286193457304,4940.394853537134,4940.394853537134,2064628
2020-06-15,5201.37841796875,5305.154264594889,5120.922267140794,5243.411197952335,1530562
2020-06-16,5226.50341796875,5331.3237789329505,5129.424131291229,5309.903869244068,1184933
2020-06-17,5439.279296875,5522.157488776295,5172.169110630976,5172.169110630976,3454833
2020-06-18,5428.0703125,5469.485754148199,5358.348235350815,5409.642474795762,1580214
2020-06-19,5601.85400390625,5637.617398091519,5421.041700237287,5462.837010349507,1854589
2020-06-22,5600.5712890625,5675.612865018392,5515.413441516085,5604.370862528621,1497563
2020-06-23,5591.546875,5706.1991811091475,5568.796745083199,5604.370434468699,1398070
2020-06-24,5466.96923828125,5640.467180290892,5442.889347097813,5640.467180290892,1268449
2020-06-25,5473.56982421875,5553.835805827384,5367.846888407016,5392.544113517366,1266203
2020-06-26,5466.541015625,5518.880230713722,5409.642498092022,5509.38129744227,1063057
2020-06-29,5394.1591796875,5509.3810495600255,5366.89705689899,5442.888519651542,1102655
2020-06-30,5545.76220703125,5580.148532120281,5396.771804866377,5461.88680903764,2015814
2020-07-01,5512.32568359375,5590.121849018436,5485.633590158278,5545.761648139959,1284965
2020-07-02,5650.39306640625,5661.364148651508,5474.0450016969335,5556.875884162973,1470941
2020-07-03,5634.8623046875,5688.531277728031,5588.269758652633,5650.393153365789,1059779
2020-07-06,5816.76708984375,5839.6596126527675,5628.118175207934,5664.641760537651,1385081
2020-07-07,5914.74853515625,5936.833555984513,5787.367741616022,5832.345285399185,1799721
2020-07-08,5741.53466796875,5922.584414195378,5720.8271806432185,5914.747794882289,1204072
2020-07-09,5701.5927734375,5790.550198071019,5634.150341668628,5775.351903587893,1043427
2020-07-10,5657.23193359375,5780.195806678974,5624.318223545443,5680.361928188102,1168821
2020-07-13,5688.76904296875,5755.641443938993,5630.777774020356,5699.360261358082,1035069
2020-07-14,5482.546875,5660.17692925131,5461.88669489323,5652.815255879932,1602929
2020-07-15,5510.6162109375,5585.182840334771,5466.63633351968,5518.880468766176,1246705
2020-07-16,5580.9560546875,5623.36870051876,5463.786615774309,5517.930537384033,1018658
2020-07-17,5622.8935546875,5657.564661156981,5557.825861724227,5602.4708481369835,810152
2020-07-20,5573.4990234375,5638.5667154878565,5520.779944476992,5637.616822173253,912610
2020-07-21,5823.6533203125,5841.843683898534,5604.370363414854,5622.893282412581,1854694
2020-07-22,5702.58935546875,5821.89604694215,5642.0814304309615,5810.497327320139,1140092
2020-07-23,5762.005859375,5784.850609342331,5668.916309339606,5711.708820028808,701651
2020-07-24,5700.025390625,5744.337824036898,5634.862611997028,5708.859213532535,793324
2020-07-27,5740.490234375,5759.060927455497,5631.01502697282,5706.959185009096,902597
2020-07-28,5967.9892578125,6003.658028429386,5728.9487089163595,5746.854289838624,1774828
2020-07-29,5875.232421875,5979.578293112749,5812.349764023612,5955.783651594704,2057197
2020-07-30,5951.4619140625,6073.285740534134,5860.889487154677,5874.187994527799,2217867
2020-07-31,5948.9443359375,6060.176935464845,5897.887570450032,5951.0815958881385,1613555
2020-08-03,5856.28271484375,6114.891181496372,5818.14412547723,6060.319622566494,1836582
2020-08-04,6040.32373046875,6057.326726494686,5875.089617856844,5888.388123054903,1223516
2020-08-05,6199.2412109375,6267.111273425266,6060.319314427313,6068.773272118589,2278663
2020-08-06,6227.263671875,6255.855556046095,6111.994014747555,6207.506074634019,1233252
2020-08-07,6344.337890625,6411.305373974164,6157.066503355578,6172.407188693105,1567980
2020-08-10,6277.75,6391.547500385481,6246.498601886793,6354.786442612933,1601750
2020-08-11,6316.03125,6377.109208829011,6279.745137345437,6331.039379883125,880808
2020-08-12,6393.06640625,6438.42380930147,6261.791436335625,6278.747123747198,1114981
2020-08-13,6451.86669921875,6490.53975191092,6378.402547100883,6450.237636009516,1087096
2020-08-14,6314.3798828125,6464.806409528637,6279.731983150809,6459.8705486267545,905793
2020-08-17,6487.08984375,6507.744457641683,6314.3796454468,6383.1952873255,1028536
2020-08-18,6606.60693359375,6637.085064936539,6479.901283798968,6487.089566472942,1322527
2020-08-19,6699.7666015625,6723.152854905286,6598.891037635814,6636.222371766009,1326450
2020-08-20,6684.8154296875,6708.105277962636,6594.098929485644,6604.6899465719,958157
2020-08-21,6683.18603515625,6771.3623029368855,6662.100405904358,6755.068862151334,971836
2020-08-24,6788.134765625,6804.907424770561,6665.933963278769,6694.687093242587,961177
2020-08-25,6814.44482421875,6877.462107727681,6781.5701278468705,6804.908181192483,1047620
2020-08-26,6717.3544921875,6860.49726053499,6682.227843035757,6814.492249567446,992395
2020-08-27,6802.99072265625,6831.456509240078,6671.492884412017,6750.276649713717,1158891
2020-08-28,6808.8369140625,6858.579733850604,6736.331200384102,6828.868167088534,1019984
2020-08-31,6555.666015625,6862.413808808516,6508.223350326673,6841.328179787037,1580774
2020-09-01,6618.634765625,6726.986421137266,6519.292798278358,6575.313665281995,1117127
2020-09-02,6633.107421875,6689.894853113825,6567.5981143505915,6618.491247589902,776392
2020-09-03,6778.646484375,6821.10508674995,6633.10762788421,6637.180988057386,947751
2020-09-04,6891.2626953125,7019.597404064087,6675.5660196834315,6694.687038146866,2185292
2020-09-07,6909.52099609375,6996.595154039744,6832.941918073678,6924.712327114678,1348919
2020-09-08,6923.75341796875,6975.509049830643,6840.992235273651,6919.919667460462,1145062
2020-09-09,6915.36767578125,6954.759559195336,6825.226796497861,6900.751500727626,1273303
2020-09-10,6931.08544921875,6996.019599174264,6870.080987175312,6962.09100039641,978701
2020-09-11,6894.61767578125,7044.421304213514,6876.7906405928725,6977.378866495784,1383019
2020-09-14,6832.55859375,6938.70556751041,6790.531007607252,6918.9616575747,1003491
2020-09-15,6759.6689453125,6876.79021462969,6713.8558123318435,6866.247400363359,894418
2020-09-16,6764.60546875,6871.039786831699,6748.359762739851,6779.98820645103,920570
2020-09-17,6791.34619140625,6817.271745222792,6652.516390396491,6756.506885765749,1133411
2020-09-18,6675.279296875,6851.871451718924,6643.5071791667315,6850.913013972146,1143550
2020-09-21,6351.5185546875,6696.5079050798495,6316.104096420909,6675.278604787181,1290480
2020-09-22,6172.86572265625,6408.066707906455,6049.994290684431,6397.571627928698,2665724
2020-09-23,6231.09130859375,6277.719680656296,6114.832993882984,6193.424891296527,1456226
2020-09-24,6035.95361328125,6217.193817654057,6009.548372441831,6167.546929333857,1237674
2020-09-25,6227.640625,6247.62367599592,6067.868878486905,6129.208889262953,1316468
2020-09-28,6424.408203125,6440.701644785917,6270.387070347227,6305.561922774784,1099583
2020-09-29,6462.50634765625,6530.123945909022,6393.738436871431,6468.4965837873315,1199391
2020-09-30,6463.1767578125,6498.159733118544,6393.737760729342,6431.11683023443,812841
2020-10-01,6513.82958984375,6621.84569980132,6493.7983366289245,6553.988501622612,1255993
2020-10-05,6535.443359375,6591.751577309759,6464.662637786381,6579.675168036101,833476
2020-10-06,6605.93603515625,6651.365889400341,6546.1296151395245,6572.965871248442,756192
2020-10-07,6754.0146484375,6776.154653278318,6580.201875013756,6632.388995853743,1101957
2020-10-08,6785.5947265625,6843.244656224446,6729.190578620704,6795.322774878336,851205
2020-10-09,6768.86962890625,6861.454794886128,6710.021653722277,6766.569472258146,839682
2020-10-12,6840.03466796875,6857.6220942607615,6713.856431907287,6814.492395554719,799712
2020-10-13,6740.59619140625,6886.374654516832,6730.149314407404,6838.452771047683,819414
2020-10-14,6711.31591796875,6780.946319082468,6639.529032159918,6747.401001602908,779630
2020-10-15,6606.12744140625,6756.889496588777,6572.678061011493,6736.8582432969015,681316
2020-10-16,6608.33203125,6689.895173452128,6577.7579620919705,6608.427968617825,657914
2020-10-19,6567.16748046875,6689.895242529748,6541.33739688618,6685.103053960601,548457
2020-10-20,6560.12255859375,6660.1833575752335,6526.96052167036,6533.669585349024,659864
2020-10-21,6576.65625,6658.842288081788,6483.495912349733,6617.054308066088,911967
2020-10-22,6528.4462890625,6574.8827839662845,6493.607452199003,6544.212776810757,584523
2020-10-23,6808.0224609375,6828.581136399999,6548.046239837398,6572.965619555749,1758998
2020-10-26,6761.58642578125,6863.66004576792,6646.813505655394,6804.907999111309,1559351
2020-10-27,6860.880859375,6910.096732606873,6759.8616117169495,6773.279740536464,1461819
2020-10-28,6887.38134765625,7027.265523274737,6814.492344583112,6895.911817948495,1645177
2020-10-29,6821.8720703125,6899.792866595093,6696.316734081918,6818.325663697387,1434852
2020-10-30,6675.662109375,6814.491900839748,6595.009672247301,6784.828067466128,1360249
2020-11-02,6582.88525390625,6760.243951875252,6565.29782962654,6752.097231940678,1059351
2020-11-03,6626.01513671875,6673.841082689946,6567.646376413788,6651.557406939034,926491
2020-11-04,6665.02294921875,6760.818976605218,6622.324740410229,6626.01481884745,901404
2020-11-05,6798.00634765625,6809.6035367690865,6689.559221619907,6728.232274229464,843221
2020-11-06,6620.50390625,6838.452531020343,6603.635310263512,6797.239712683429,1378439
2020-11-09,6586.52734375,6740.30885517707,6531.75272447818,6699.431582127544,1479540
2020-11-10,6511.0986328125,6684.144368433923,6480.42862710704,6683.2818681208855,1695413
2020-11-11,6572.34228515625,6617.053306382515,6472.42516360492,6573.923613626545,1481918
2020-11-12,6552.6943359375,6641.9727066436635,6509.708315082794,6572.006760383203,1418041
2020-11-13,6526.24169921875,6594.051164316922,6503.958023409104,6594.051164316922,970632
2020-11-14,6567.45458984375,6574.786544495042,6550.921539871141,6565.298105064714,128193
2020-11-17,6691.28515625,6706.092738118309,6577.758021990472,6579.674897415794,1243068
2020-11-18,6761.1064453125,6776.154103430103,6659.2247115463015,6689.846981287771,1400300
2020-11-19,6673.8896484375,6833.661414567643,6627.789165318045,6738.77607374826,1305695
2020-11-20,6676.3330078125,6728.232313040019,6617.053545474116,6670.294569816209,923474
2020-11-23,6697.3232421875,6751.23536445476,6644.46549501979,6747.401613537978,735755
2020-11-24,6860.880859375,6909.377904277256,6756.986298398481,6756.986298398481,1910670
2020-11-25,6762.44970703125,6950.926404974808,6725.35797733631,6948.673982569224,947742
2020-11-26,6703.552734375,6802.990643542016,6616.095296191961,6785.738765325088,1068945
2020-11-27,6743.37548828125,6815.45018737181,6641.97297123986,6747.688457743094,2123905
2020-12-01,6806.537109375,6844.970086236306,6685.294741962157,6844.970086236306,1076695
2020-12-02,6906.9814453125,6919.920354562721,6809.700016505281,6814.492205116475,1106734
2020-12-03,7417.4453125,7459.37696195885,6948.290057411836,6948.673338895171,3846792
2020-12-04,7478.8330078125,7555.028804582021,7323.662038554768,7473.897147279578,2393536
2020-12-07,7421.56640625,7509.3593933291095,7370.385926573179,7503.416892383303,1037296
2020-12-08,7440.06494140625,7680.105396143103,7379.970707025596,7425.975719225236,1885285
2020-12-09,7388.83544921875,7475.765931221029,7372.302399765299,7451.852724671762,822760
2020-12-10,7414.47412109375,7523.736019982671,7389.5547406454,7437.476626122996,1186739
2020-12-11,7412.1259765625,7471.693256329141,7379.970577668956,7456.597861965727,706875
2020-12-14,7376.9033203125,7499.775224280891,7336.840810462648,7485.398658355752,1038032
2020-12-15,7442.5078125,7466.229143862078,7322.990452745509,7376.902569477505,891801
2020-12-16,7472.3154296875,7570.698960382165,7447.060504135893,7494.98238640189,963504
2020-12-17,7374.2197265625,7506.388192919963,7308.087524699645,7475.71818625893,734075
2020-12-18,7245.54931640625,7405.848019824874,7228.29743801142,7393.3883298730525,1078328
2020-12-21,7069.53271484375,7283.16839371087,6975.60581622766,7245.78932181263,970306
2020-12-22,7088.0302734375,7128.8598142096225,6905.63976116422,7073.270426037512,1138240
2020-12-23,7140.31298828125,7241.57183567467,7086.688212838042,7092.8221203986,951805
2020-12-24,7136.57470703125,7219.67144116434,7106.048841282762,7195.231280300154,589281
2020-12-28,7171.9892578125,7229.495519401268,7144.1945647112625,7154.73737933587,521320
2020-12-29,7142.61328125,7231.41244048369,7109.978196799856,7207.451498003625,538719
2020-12-30,7296.490234375,7317.671801031081,7121.192073563972,7185.407399126393,1029800
2020-12-31,7331.6650390625,7377.094891921753,7264.957682313484,7298.167454638502,908515
2021-01-01,7371.63134765625,7426.454168709292,7332.048059705245,7335.881810324699,767574
2021-01-04,7382.17431640625,7432.87604379968,7324.955868005311,7417.34916627098,598645
2021-01-05,7337.2724609375,7354.092856256285,7270.708772000545,7341.633165505427,562668
2021-01-06,7311.53759765625,7426.933397864853,7241.475711390875,7335.881820526208,840678
2021-01-07,7251.58740234375,7384.18735227476,7238.2174771667405,7356.967815081635,642968
2021-01-08,7681.78173828125,7725.007369392272,7284.126055506361,7284.126055506361,2557157
2021-01-11,7890.57763671875,7943.531317375725,7554.788909308269,7762.386599834217,2182019
2021-01-12,7847.73583984375,7982.827824598611,7801.6830942769475,7821.81028653491,1514072
2021-01-13,7801.53955078125,7907.111374505239,7773.8885283166055,7847.688234478654,877225
2021-01-14,7810.73974609375,7840.019828551988,7689.976604480357,7825.451389352983,718274
2021-01-15,7691.22265625,7877.878391606825,7667.549058717204,7818.119709565248,751177
2021-01-18,7505.1904296875,7690.456726474773,7423.1003304759915,7678.044770489758,771183
2021-01-19,7593.31884765625,7658.204801136759,7509.359608973168,7571.658061376902,779892
2021-01-20,7806.4267578125,7830.435433237307,7533.559377491253,7554.405395933471,999226
2021-01-21,7741.06103515625,7923.403792074377,7688.059622048483,7863.980659727865,769494
2021-01-22,7714.3212890625,7962.700322645322,7667.501514343112,7748.968717933008,1172914
2021-01-25,7649.7705078125,7825.356481768154,7619.675657609228,7779.63881625184,753043
2021-01-27,7543.76708984375,7753.760880463371,7495.461924062274,7660.744690223254,1080785
2021-01-28,7273.1044921875,7652.693556377081,7247.705893117463,7514.151573927654,2085637
2021-01-29,6907.125,7365.5937702394685,6871.9983516743,7365.5937702394685,3069968
2021-02-01,7092.24658203125,7164.321278948768,6854.745924687838,6963.241251518407,1611478
2021-02-02,7336.5537109375,7446.821788064753,7178.842496688377,7221.732586461651,1700845
2021-02-03,7273.77490234375,7395.736088305735,7165.135905573116,7360.800850200757,1491567
2021-02-04,7322.4638671875,7442.268577056405,7216.125019513001,7284.12636002945,1198036
2021-02-05,7182.67578125,7414.474032121018,7150.903665157047,7360.801521030173,1128089
2021-02-08,7259.7822265625,7320.547082563727,7163.842520112931,7202.659246591569,912372
2021-02-09,7310.05224609375,7360.801710708149,7259.2073120968125,7265.916376156051,925127
2021-02-10,7304.9248046875,7355.9134095310355,7194.081110301838,7289.110582638793,1015600
2021-02-11,7348.67724609375,7422.141400735783,7253.120822115141,7284.126374689044,818869
2021-02-12,7253.935546875,7356.009159313685,7213.106008302097,7303.391024527229,756833
2021-02-15,7280.91552734375,7331.185770986961,7264.957633527166,7284.126387177634,470093
2021-02-16,7377.142578125,7474.85548706707,7308.326939704856,7321.505457841434,1321126
2021-02-17,7191.349609375,7371.82323284713,7160.775073751744,7360.753465112597,1023548
2021-02-18,7185.93408203125,7264.046751228778,7149.94493513571,7260.021593853826,821462
2021-02-19,7018.6396484375,7175.248283305814,6982.219013910581,7138.444367276048,1013887
2021-02-22,6791.9208984375,7020.5560202714105,6762.736283827314,7018.6391449075145,1502068
2021-02-23,6680.7900390625,6826.328898520579,6649.640813573721,6822.926163867201,1589884
2021-02-24,6663.96923828125,6743.567297829538,6591.654930475078,6618.0119658204885,1225254
2021-02-25,6642.30908203125,6775.196381025293,6627.596969131404,6771.362630067009,1740066
2021-02-26,6580.77685546875,6780.9466607404775,6538.653799760753,6613.220064891773,2687534
2021-03-01,6723.43994140625,6740.548146615093,6629.5607888142895,6687.019311645247,1417600
2021-03-02,6914.26513671875,6934.296389983889,6737.816671953938,6766.569801421736,1395296
2021-03-03,6828.58154296875,6960.462201402072,6806.058256113067,6944.456571960765,796258
2021-03-04,6835.1943359375,6876.982312894349,6719.606656717458,6785.738857446812,906310
2021-03-05,6947.71484375,7010.97173155349,6776.1544965253825,6833.660758164919,1821165
2021-03-08,6957.7783203125,7033.782240948866,6916.086281338246,6962.953790173943,977572
2021-03-09,6998.080078125,7024.772659672129,6954.423431348252,7024.772659672129,678485
2021-03-10,6969.85498046875,7079.979380002808,6949.63185114395,7015.764053285577,659270
2021-03-12,6801.265625,7009.0547260039175,6767.911713076174,6996.595036213401,946720
2021-03-15,6794.65283203125,6865.242149598194,6719.607340329004,6848.038004086539,700250
2021-03-16,6853.1171875,6900.751730389364,6804.907956356178,6804.907956356178,796357
2021-03-17,6771.02734375,6871.951122401756,6750.756478375672,6862.414479331271,688581
2021-03-18,6818.08544921875,6941.005070917897,6766.569428428659,6828.867872174816,984545
2021-03-19,6817.89453125,6852.782039033247,6618.491748595433,6766.522643280066,838756
2021-03-22,6806.1064453125,6845.642004667422,6757.178382687534,6808.742149269495,533767
2021-03-23,6887.57275390625,6924.71221387687,6833.66063459406,6841.328136007349,757590
2021-03-24,6772.51220703125,6860.8798762303295,6756.937595454682,6839.410966792979,457147
2021-03-25,6504.77294921875,6765.611673726528,6474.486224527714,6756.985734491008,1338767
2021-03-26,6502.47265625,6612.213769782683,6489.581482356324,6602.677127743718,911299
2021-03-30,6567.0224609375,6589.258400115275,6459.869326076648,6527.918394645111,1088817
2021-03-31,6574.1162109375,6651.461854322366,6512.776196720167,6567.502616264958,735382
2021-04-01,6636.126953125,6700.917437738833,6570.09068664803,6661.142271656281,660759
2021-04-05,6487.2333984375,6621.366943635077,6445.110341721981,6621.366943635077,668129
2021-04-06,6470.7001953125,6562.3751348358755,6440.7012827824965,6534.867785912464,628262
2021-04-07,6579.6748046875,6598.843558670566,6493.463146453796,6507.791977251001,598115
2021-04-08,6543.1103515625,6650.886387593955,6523.9415980144795,6595.009658196335,604553
2021-04-09,6543.349609375,6589.49828746463,6496.290228345917,6565.297737410671,641327
2021-04-12,6249.5888671875,6459.726329784443,6231.905504690868,6459.726329784443,1020746
2021-04-13,6532.51904296875,6560.8888905514505,6199.94118374947,6249.01337783777,995718
2021-04-15,6368.099609375,6562.2791785880945,6278.7252949566355,6562.0395691660615,1267365
2021-04-16,6371.7900390625,6502.8564001344375,6331.487451264161,6397.571920696035,1000325
2021-04-19,6241.1064453125,6258.597932643394,6148.37760151721,6230.180349563506,772219
2021-04-20,6370.3994140625,6401.117621061286,6285.96096480849,6340.064956507475,914142
2021-04-22,6373.70654296875,6397.475610363205,6272.974648672244,6350.560366472149,667911
2021-04-23,6398.62548828125,6435.621274009528,6287.350787005273,6287.350787005273,709306
2021-04-26,6362.97119140625,6506.832766556195,6325.688062935761,6412.139320324058,937344
2021-04-27,6295.73779296875,6430.1586836197675,6270.099583878449,6392.73187773141,1610651
2021-04-28,6300.57763671875,6373.610777484186,6272.974817839699,6295.737713473571,1406270
2021-04-29,6292.7666015625,6371.167088833078,6279.684020118022,6359.234351874707,757075
2021-04-30,6187.337890625,6286.967671038185,6154.128119816316,6265.402824021229,849997
2021-05-03,6323.62890625,6346.775085427108,6134.001894704545,6162.755028585972,834923
2021-05-04,6237.75244140625,6372.173334873346,6212.593450650376,6363.978879364876,507170
2021-05-05,6316.2001953125,6324.730196995153,6213.551427052519,6285.146908339745,499160
2021-05-06,6389.56884765625,6430.158779427595,6302.399216242722,6316.10468869099,520125
2021-05-07,6424.45556640625,6473.815107407802,6364.02625728756,6401.4053271722305,605050
2021-05-10,6482.87255859375,6491.642169891519,6383.290975840221,6397.763478608966,541534
2021-05-11,6456.6591796875,6468.495978772832,6383.43463366747,6402.507450127467,406046
2021-05-12,6534.19677734375,6555.713890979036,6407.156046958311,6450.285743609489,770204
2021-05-14,6456.41943359375,6557.774217306188,6421.724270694403,6555.713669910881,647029
2021-05-17,6438.640625,6554.180099461859,6419.184059416079,6437.346640542043,995827
2021-05-18,6528.01513671875,6578.716397642778,6436.340663964997,6505.875132167712,805827
2021-05-19,6494.27783203125,6570.0426120075535,6479.038766400018,6516.417836206172,432774
2021-05-20,6457.8095703125,6531.465601380424,6449.806521895568,6498.974188861227,470476
2021-05-21,6531.41748046875,6551.40100042253,6463.9435589349205,6498.207707243765,434363
2021-05-24,6586.0009765625,6675.518969359634,6519.293615159258,6519.293615159258,1027484
2021-05-25,6624.529296875,6659.224927705861,6601.718667535689,6651.50969166122,438736
2021-05-26,6741.93798828125,6757.944084739355,6624.721247159045,6638.139374685119,691574
2021-05-27,6679.25634765625,6775.196054358977,6662.2440785991175,6730.149482771076,922091
2021-05-28,6680.310546875,6754.110247321109,6652.0366356651275,6698.137581099671,393809
2021-05-31,6791.77685546875,6804.907639093976,6636.270339350018,6665.934173225156,718277
2021-06-01,6796.42529296875,6846.120380508412,6754.158097484099,6812.143577397407,642841
2021-06-02,6886.08740234375,6898.547092212072,6769.87683337959,6769.87683337959,598862
2021-06-03,6909.8564453125,6929.5044177279115,6867.253703294957,6900.751287363895,401590
2021-06-04,6914.8408203125,6969.759114589854,6853.884087594066,6900.751598603816,575591
2021-06-07,6973.25732421875,7024.246398266039,6911.390356407532,6920.878796265717,520482
2021-06-08,7031.81787109375,7060.2836582847285,6991.994971425365,7013.367945170343,538816
2021-06-09,6938.13037109375,7034.1660139017595,6900.751301543722,7006.37132115943,443778
2021-06-10,6900.6552734375,6976.899270732463,6875.8795661179565,6956.340595555425,278027
2021-06-11,6923.56201171875,6942.922640290457,6887.716535638259,6942.922640290457,253689
2021-06-14,6879.52197265625,6913.1632287124885,6800.16305221754,6895.95908521747,322353
2021-06-15,6868.404296875,6928.402591621483,6858.867654385676,6882.684925276302,207625
2021-06-16,6818.5654296875,6894.761227088513,6776.154561322785,6868.164580825895,283007
2021-06-17,6679.68798828125,6804.045281907661,6643.027745651499,6766.570273622037,595255
2021-06-18,6670.10302734375,6699.335375117502,6537.50308736932,6699.335375117502,797389
2021-06-21,6613.1240234375,6637.1809026894425,6557.6305756247175,6584.466830538119,443795
2021-06-22,6963.4326171875,6996.546917876491,6641.97273181649,6651.557108052877,1757310
2021-06-23,7123.77978515625,7168.155261634839,6939.136395503275,6964.103977347248,2227399
2021-06-24,7214.591796875,7236.204379050685,7102.119043160804,7139.210300046566,1041762
2021-06-25,7331.09033203125,7346.425335994187,7226.620617533747,7226.620617533747,1216123
2021-06-28,7280.5322265625,7378.053260500658,7256.71495661752,7378.053260500658,433364
2021-06-29,7176.30224609375,7285.084924548727,7142.80466143632,7280.292736070534,480219
2021-06-30,7203.52197265625,7328.789969968249,7181.190560954949,7193.554313956682,729267
2021-07-01,7269.17431640625,7288.91822531485,7183.537819990694,7188.282273486046,584331
2021-07-02,7259.0634765625,7317.192629540697,7232.897846528413,7308.087471379634,434905
2021-07-05,7283.60009765625,7370.386450525757,7267.83360914653,7280.580644291314,484183
2021-07-06,7202.61181640625,7339.668411989352,7176.254778794115,7284.126758262729,425103
2021-07-07,7139.78515625,7265.9156414064655,7124.6897636431995,7215.118447237551,395336
2021-07-08,7093.5888671875,7186.365443790854,7078.061990183443,7145.152625161486,391940
2021-07-09,7117.07080078125,7138.347836285288,7038.191099665201,7074.228449692441,400686
2021-07-12,7159.62548828125,7274.350199087953,7141.366969477589,7188.282681641296,496478
2021-07-13,7121.52734375,7216.26899981455,7096.272417871251,7207.4511861685305,350032
2021-07-14,7022.2333984375,7139.402406928166,7006.179567008308,7126.9427168637185,460178
2021-07-15,7003.3046875,7052.185013086766,6965.925614992473,7051.226575330163,430055
2021-07-16,6999.99755859375,7028.223736384076,6970.525598973702,7028.223736384076,281552
2021-07-19,6867.7333984375,6993.720227248351,6853.884253810631,6950.30318458241,386598
2021-07-20,6932.09228515625,6963.049634533373,6847.510161240549,6881.582433028165,413816
2021-07-22,6996.16357421875,7020.556000349979,6945.126767799824,6998.511933727719,439934
2021-07-23,6990.70068359375,7068.477806812983,6974.5509152783825,6996.594981658952,436330
2021-07-26,6935.06298828125,7054.1011320799535,6881.582354393216,7003.303936427747,431758
2021-07-27,6939.3291015625,7015.764514131072,6863.22923581267,6940.335274031534,417171
2021-07-28,6867.25390625,7008.096514507066,6769.445525432632,6977.426507879027,739427
2021-07-29,6702.833984375,6833.6607290475085,6647.723817205262,6833.6607290475085,1519226
2021-07-30,6687.69140625,6800.11596933031,6675.423122017597,6709.064381298403,715546
2021-08-02,6782.81591796875,6812.048268033199,6738.775518135805,6804.907719920952,433760
2021-08-03,6900.17626953125,6920.878617405924,6791.585465540392,6828.82086370592,470570
2021-08-04,6807.68701171875,6947.331571105895,6712.41839841218,6919.920159425421,484122
2021-08-05,6778.4130859375,6828.955807567708,6757.627252730639,6821.287458080371,495133
2021-08-06,6849.06591796875,6914.366040927938,6792.880966879394,6804.696686207198,517575
2021-08-09,6830.69140625,6910.990069655276,6788.492408964945,6882.053614374096,264983
2021-08-10,6753.72119140625,6853.021186212195,6747.01739031411,6795.437917943932,356726
2021-08-11,6772.57763671875,6843.4719550693635,6679.643289829569,6753.768940013486,414311
2021-08-12,6763.4140625,6833.633004709169,6737.371253075085,6773.05954747219,330283
2021-08-13,6753.9619140625,6799.9705964216055,6726.616869006741,6780.776174843481,431784
2021-08-16,6584.82861328125,6769.201981434034,6568.575875401221,6734.960506606319,750966
2021-08-17,6641.302734375,6696.8608270769955,6507.230481031532,6558.930379392707,752517
2021-08-18,6597.6083984375,6697.583757925977,6578.2208790718505,6697.583757925977,434144
2021-08-20,6608.02587890625,6669.515851871138,6539.639477677537,6573.398678521005,657982
2021-08-23,6583.91162109375,6672.746633610509,6559.8944572398195,6660.207502902655,537302
2021-08-24,6562.01611328125,6609.08588860625,6501.63528694656,6548.801611309418,646993
2021-08-25,6473.51953125,6595.582961429751,6462.475262003411,6595.582961429751,722194
2021-08-26,6374.3154296875,6463.77730472412,6357.339281578004,6462.475070030743,1199429
2021-08-27,6389.98974609375,6457.267009461222,6366.020619717737,6394.715939935404,1428388
2021-08-30,6555.93994140625,6568.575621597938,6417.961459799105,6452.829795666697,819447
2021-08-31,6603.3955078125,6628.377219495047,6523.771747425902,6578.220698043688,938326
2021-09-01,6544.36572265625,6578.2214728175895,6464.742423862671,6558.8824617147875,1108476
2021-09-02,6552.08203125,6615.790748284095,6470.385048154442,6609.762319588835,741052
2021-09-03,6619.79345703125,6711.329023126606,6512.246290305377,6529.993889992401,1196077
2021-09-06,6604.1669921875,6707.470230133092,6595.582604781433,6679.498323795177,897444
2021-09-07,6633.34423828125,6684.224168708546,6610.725859849203,6635.996746502578,743783
2021-09-08,6540.8447265625,6615.211512504965,6516.4898761520735,6609.183084185552,847767
2021-09-09,6561.1005859375,6576.726461340072,6501.057436762652,6510.7029225738725,515702
2021-09-13,6630.017578125,6650.996509155852,6571.758468738406,6593.171635006562,508397
2021-09-14,6650.03173828125,6708.434962833132,6608.218465706208,6665.030279392803,817280
2021-09-15,6664.06591796875,6692.037825860064,6636.094010077435,6692.037825860064,310138
2021-09-16,6685.23779296875,6702.647705470241,6626.44837193561,6668.21313471241,556648
2021-09-17,6765.77783203125,6814.294436188994,6703.612488978875,6708.4352317767025,980793
2021-09-20,6703.998046875,6766.7422116911985,6661.365284188923,6732.452228671953,550405
2021-09-21,6536.74560546875,6693.677844913622,6502.021857232528,6667.44193563564,1085249
2021-09-22,6588.8310546875,6603.299282739075,6544.461821996001,6578.221020783011,548623
2021-09-23,6603.974609375,6635.9973379915045,6579.185523763229,6624.519304677592,432740
2021-09-24,6705.78271484375,6788.299655622879,6605.2285276349385,6607.157624751654,1649962
2021-09-27,7140.9873046875,7183.957755127103,6726.7617325800775,6726.7617325800775,2646138
2021-09-28,7160.66357421875,7254.8996813798285,7073.516521853231,7183.957326619331,1346961
2021-09-29,7122.2744140625,7200.354806277837,7032.523361362587,7128.495940495158,643556
2021-09-30,7077.90478515625,7145.423178755112,7042.216491396852,7122.9493875598655,625717
2021-10-01,6908.3857421875,6964.040380709813,6838.649071915868,6964.040380709813,901588
2021-10-04,6916.10205078125,6959.169518890166,6878.966932835274,6925.458359794982,466994
2021-10-05,7000.93408203125,7041.203981514569,6901.97131269961,6910.79683719458,546004
2021-10-06,6944.0263671875,7023.360487922461,6910.267166874751,7013.136178776403,726695
2021-10-07,7226.8798828125,7287.164166119244,6969.104287392862,6978.460596550453,1646727
2021-10-08,7166.595703125,7303.513557739309,7138.768383354069,7281.0878040249545,630622
2021-10-11,7427.794921875,7537.753451192737,7156.756792591807,7157.142988769681,1069536
2021-10-12,7421.04345703125,7475.251274013128,7359.553486874045,7415.3527147716795,406814
2021-10-13,7216.896484375,7475.202855948144,7172.912978463222,7465.6054099591065,1084436
2021-10-14,7231.12451171875,7291.987624311638,7181.0645321428765,7272.696651760549,831546
2021-10-18,7385.54833984375,7432.135847003805,7142.482102199682,7142.482102199682,913963
2021-10-19,7384.24658203125,7493.192537543237,7316.101315913091,7398.281047098567,658869
2021-10-20,7321.64697265625,7395.531486453972,7248.582419327698,7345.037275206975,488082
2021-10-21,7306.69677734375,7378.796785146324,7219.646266251011,7378.796785146324,563128
2021-10-22,7146.2431640625,7354.682185507598,7124.685411265546,7330.568473423967,224520
2021-10-25,7003.201171875,7133.848988068262,6963.702721066012,7094.254459182759,248058
2021-10-26,7038.6484375,7077.8092027238445,6954.588125777101,7007.445197793265,292203
2021-10-27,7095.46044921875,7196.738049513461,6987.189871760833,7026.7363633044815,1218064
2021-10-28,7108.43310546875,7262.760861921912,6978.556276151888,6992.9764642838545,961511
2021-10-29,7217.1376953125,7282.341268947866,7036.2368101921165,7089.431566459181,819875
2021-11-01,7345.5673828125,7394.22904462921,7138.623683707381,7138.623683707381,1005690
2021-11-02,7515.52099609375,7629.578859576034,7360.276722060768,7376.81910609945,1302733
2021-11-03,7460.0595703125,7564.230812979048,7438.212640003015,7515.521111547005,656492
2021-11-04,7472.7431640625,7542.721442280583,7461.26513078512,7499.075621432799,53365
2021-11-08,7412.169921875,7603.1505358146715,7400.016515884644,7484.848749707347,428433
2021-11-09,7308.91455078125,7489.237087486408,7271.442217035921,7435.704643883409,632879
2021-11-10,7245.35107421875,7311.278062285932,7195.532235442355,7301.632576715634,562432
2021-11-11,7189.21435546875,7299.22092579687,7178.170086525312,7245.688482931759,486991
2021-11-12,7214.67822265625,7276.5539150006725,7178.1699675815225,7263.050235943142,349666
2021-11-15,7237.10400390625,7311.13310188847,7187.815480957774,7187.815480957774,314414
2021-11-16,7764.9541015625,7840.574619413449,7267.921913535178,7277.519360722678,2619355
2021-11-17,7981.39794921875,8053.980226106718,7730.904507570495,7750.14743913383,2377268
2021-11-18,7829.384765625,8071.341851138266,7717.449100544856,7942.092352088012,1337493
2021-11-22,7585.59521484375,7897.5786190792805,7529.795989294613,7868.786751835044,672298
2021-11-23,7575.56396484375,7671.970776390538,7528.301088057738,7570.837771359339,567198
2021-11-24,7397.55712890625,7617.956474479704,7365.871614571626,7586.656685374209,571078
2021-11-25,7304.04345703125,7445.7355363382685,7171.418039356533,7369.150480253385,1007618
2021-11-26,6916.29541015625,7253.405129959557,6877.231193698356,7253.405129959557,1154876
2021-11-29,6896.03955078125,6954.394735454621,6742.869436258369,6911.954601146715,733010
2021-11-30,6817.23583984375,6992.976768539426,6766.838179684276,6896.039642299674,1287938
2021-12-01,7015.40234375,7118.3678956278145,6877.278810828573,6936.068230008078,1669583
2021-12-02,7065.27001953125,7094.688750014032,6988.781037693435,7026.73611695312,618573
2021-12-03,6953.14111328125,7069.176111995203,6895.316241045942,7046.026947486009,603798
2021-12-06,6793.1708984375,6944.74960996639,6772.095418274171,6937.997770067812,609507
2021-12-07,6931.82421875,7004.3579820537525,6839.806387710751,6876.266131962038,637151
2021-12-08,7171.32177734375,7232.040295745089,6897.5830926951785,6968.863134926042,930339
2021-12-09,7158.6376953125,7204.212611080818,7065.317629691658,7204.212611080818,615037
2021-12-10,7162.3994140625,7209.99997632783,7097.099763749094,7118.367869605268,431682
2021-12-13,7249.93212890625,7307.322763688124,7161.77249168761,7219.645400711348,883009
2021-12-14,7227.5068359375,7288.417982361446,7193.409950676778,7250.318314833076,749704
2021-12-15,7299.6552734375,7369.150806992017,7188.828269995364,7210.964847260775,529018
2021-12-16,7186.658203125,7350.824555983726,7143.446616141645,7322.370373540278,595582
2021-12-17,7037.9248046875,7214.822908545069,6984.295812937813,7214.822908545069,1081907
2021-12-20,7028.279296875,7061.989984859454,6786.41875696994,6944.749301361654,867425
2021-12-21,7055.8173828125,7142.43412704457,7025.771789029176,7047.474131870082,415744
2021-12-22,7160.56689453125,7189.744486524457,7046.509034921441,7046.509034921441,368978
2021-12-23,7125.26416015625,7234.113549559475,7094.254020934659,7215.787128567258,249919
2021-12-24,7057.69775390625,7185.741564203605,6995.050141948661,7177.205215989594,357447
2021-12-27,7031.076171875,7070.140385464539,6931.438501897962,7019.115864871404,190180
2021-12-28,7038.7451171875,7098.112893001341,6997.896391247333,7060.495498949561,214533
2021-12-29,7089.47900390625,7103.899191332011,6983.764872689771,7038.9852703413335,287776
2021-12-30,7024.083984375,7132.981426221989,6998.185760484558,7089.432151485633,296041
2021-12-31,7163.171875,7185.404531022652,7031.607074029446,7031.607074029446,313398
2022-01-03,7257.16650390625,7336.307992429113,7156.95000703163,7156.95000703163,456599
2022-01-04,7359.6015625,7377.831434852905,7253.404679055281,7330.568558619699,495182
2022-01-05,7499.7021484375,7531.194562242444,7335.970043296536,7354.537601611491,710043
2022-01-06,7602.66796875,7619.402979733314,7411.542774081676,7506.116567893493,739981
2022-01-07,7625.720703125,7663.144997823037,7557.7200315375585,7602.668087376784,523116
2022-01-10,7837.53564453125,7940.163514125068,7643.227154403252,7668.160828145566,827930
2022-01-11,7855.138671875,7873.079368799457,7783.231296091281,7812.843124469942,688923
2022-01-12,7881.0849609375,7909.298005652786,7827.311379984434,7909.298005652786,288174
2022-01-13,7790.70703125,7967.171384876057,7670.090417982374,7885.184754402151,684931
2022-01-14,7797.603515625,7856.247878620297,7669.125461376302,7669.125461376302,299536
2022-01-17,7972.47607421875,8072.210771493286,7812.939837558697,7836.7639042632945,862249
2022-01-18,7634.5458984375,7956.512467488479,7611.734420807309,7956.512467488479,785199
2022-01-19,7731.53173828125,7774.261049207993,7581.351345753701,7647.905193445432,681632
2022-01-20,7751.44970703125,7851.42506840713,7714.024941321621,7716.388273618802,522850
2022-01-21,7899.2666015625,7951.737946510738,7577.541162252774,7687.451653771298,1041476
2022-01-24,7766.833984375,8037.389848595177,7670.861405088342,7898.687957572291,1153538
2022-01-25,8297.6240234375,8356.84767436079,7608.261536760395,7706.742026563101,2162832
2022-01-27,8507.51171875,8653.592792069949,8102.25624917696,8349.13265082538,2899559
2022-01-28,8247.806640625,8613.41858138253,8220.219986834129,8483.204526680778,1045088
2022-01-31,8292.513671875,8410.86397607352,8249.591258235634,8319.231857068131,561419
2022-02-01,8255.95703125,8479.152995029062,8054.944741629783,8384.820337562891,819689
2022-02-02,8213.37109375,8375.174094363789,8141.0299608377245,8275.536429020982,580433
2022-02-03,8288.9931640625,8486.098286821052,8220.55825489098,8246.890242364174,810019
2022-02-04,8247.419921875,8372.280912582946,8191.0418741156,8333.602894821155,404421
2022-02-07,8209.8994140625,8309.585122299055,8102.207199920146,8242.066728966387,446099
2022-02-08,8294.5869140625,8477.512974730878,8136.979309965948,8311.225375942955,998182
2022-02-09,8632.1787109375,8671.097865906813,8316.337118081952,8316.337118081952,1403525
2022-02-10,8493.28515625,8729.165341822098,8478.28661302898,8729.165341822098,811887
2022-02-11,8427.40625,8550.723412797499,8365.819256193276,8428.225739540276,671572
2022-02-14,8069.798828125,8309.633243946644,8029.866144037359,8198.662129047154,995540
2022-02-15,8317.01171875,8357.08851658249,8060.248744994844,8111.852084653459,682766
2022-02-16,8278.671875,8426.682033190204,8241.10252190793,8410.863060748728,422704
2022-02-17,8249.2529296875,8351.35001067624,8222.77588522295,8271.003309769712,305313
2022-02-18,8265.3115234375,8339.437634988031,8218.000611628,8246.88902531557,385273
2022-02-21,8307.3671875,8414.9623860113,8144.261468370386,8241.150555136834,626049
2022-02-22,8317.1083984375,8352.796691997894,8087.593900516814,8193.839291771326,620828
2022-02-23,8390.4619140625,8478.332843091273,8348.359939352207,8381.926037050067,557954
2022-02-24,7919.08837890625,8282.81924767348,7865.8931514486285,8104.136635005687,947351
2022-02-25,8059.86328125,8165.867537350499,7918.508888065177,7967.170547899259,1344343
2022-02-28,8019.40185546875,8044.287020141133,7826.443631808321,8005.753116451268,961303
2022-03-02,7537.17529296875,7908.33337801111,7488.754768493506,7907.07965331358,1783011
2022-03-03,7326.27685546875,7658.467766690633,7290.5405185923655,7643.083028289462,1050154
2022-03-04,6990.3720703125,7252.633181037174,6877.230721032281,7216.75178888689,2511658
2022-03-07,6529.07666015625,6780.631184781702,6491.411230631376,6744.1229308431775,2469925
2022-03-08,6565.00634765625,6611.980048570581,6304.819386591054,6467.297771796608,2840376
2022-03-09,6777.73779296875,6827.170904115594,6536.74525350551,6630.306458993194,1827539
2022-03-10,6956.130859375,7137.514491957839,6922.853935285613,6997.799544014441,1535070
2022-03-11,6850.75390625,6944.7493479660625,6829.003525499962,6944.7493479660625,1024452
2022-03-14,7057.3603515625,7074.963361972315,6763.414191431476,6800.0670350245155,1023874
2022-03-15,7157.046875,7349.860038239408,7058.566372681888,7061.460018366234,1586111
2022-03-16,7220.4169921875,7326.469288434,7176.240859157945,7301.632164492694,584457
2022-03-17,7420.27197265625,7467.486812424012,7263.050559482849,7305.4906955541965,1133271
2022-03-21,7432.37744140625,7658.516054086929,7378.796953874687,7565.9193864304625,1354525
2022-03-22,7491.310546875,7532.159270227099,7269.464390881629,7441.443671784276,1093502
2022-03-23,7373.8291015625,7584.052176162323,7341.179038840549,7523.4787154061605,808597
2022-03-24,7289.04541015625,7383.619207832918,7259.530130101874,7329.8936647905375,565485
2022-03-25,7152.5615234375,7274.914126635109,7123.190832564137,7248.582140381786,686637
2022-03-28,7212.267578125,7271.731905200948,7150.198781437143,7161.773364652744,599515
2022-03-29,7175.4208984375,7294.976873715066,7138.623467259987,7267.872966599649,446257
2022-03-30,7329.21875,7359.457441417303,7224.468682650157,7254.369687878749,589206
2022-03-31,7293.24072265625,7381.448875457508,7261.121444506108,7329.170155946347,434317
2022-04-01,7427.07177734375,7454.995645891089,7250.849042135632,7305.490622587542,449386
2022-04-04,7499.171875,7517.691395540606,7361.096844319723,7378.796404398978,491029
2022-04-05,7486.68115234375,7619.933438469116,7455.960187261552,7505.152162623821,488132
2022-04-06,7469.65673828125,7570.741233453312,7402.909793190746,7464.640897655138,393628
2022-04-07,7369.6328125,7473.321776225378,7350.872155791076,7388.200371120591,458566
2022-04-08,7290.009765625,7456.442426428814,7248.967943006908,7435.511534896582,849846
2022-04-11,7297.1953125,7346.53187533021,7219.645705330323,7344.892425421261,496254
2022-04-12,7348.2685546875,7438.116158104331,7234.1141393739845,7272.696081450646,598047
2022-04-13,7204.69580078125,7431.7989580824205,7176.241616950599,7348.268954744683,527991
2022-04-18,7305.00830078125,7329.604288325968,7094.254446721608,7113.063143079333,551783
2022-04-19,7171.51513671875,7405.803889188246,7089.431959564158,7311.2781297273905,425990
2022-04-20,7394.904296875,7426.0590255570805,7207.685335703198,7233.1493223344005,542622
2022-04-21,7599.87109375,7619.740417025317,7413.568165271199,7436.476193243879,772708
2022-04-22,7624.27392578125,7732.447950225347,7456.924754281086,7512.868569537625,960818
2022-04-25,7631.845703125,7714.459191040411,7533.124066269768,7533.124066269768,701521
2022-04-26,7626.44384765625,7781.495018935314,7552.414750327054,7716.387995225598,801963
2022-04-27,7512.28955078125,7586.17406113346,7446.314526630682,7572.670381940088,570519
2022-04-28,7608.50341796875,7658.515353609371,7491.359281194167,7565.918694422155,561932
2022-04-29,7444.1923828125,7664.784817829927,7355.647017022718,7637.295184996838,1162749
2022-05-02,7364.0869140625,7475.251132517027,7276.843310843641,7393.264507192646,544053
2022-05-04,7135.63330078125,7472.357278535089,7095.701086813396,7378.796073421121,599211
2022-05-05,7145.0380859375,7270.7670856253635,7118.513000390312,7185.886811874364,524174
2022-05-06,7021.18994140625,7098.98068675932,6902.936196517768,7054.708003083465,650559
2022-05-09,7099.3662109375,7161.290413678111,6877.230877436182,6946.196095912575,570578
2022-05-10,7249.45068359375,7306.4555996944755,7089.576754135089,7089.576754135089,663616
2022-05-11,7134.23486328125,7291.552345136006,7086.152026887302,7252.4400922766345,605312
2022-05-12,6996.498046875,7064.306097866222,6955.1670440562,6965.487902742928,571754
2022-05-13,6850.17578125,7079.786375798791,6811.979564374384,7079.786375798791,703097
2022-05-16,6990.66162109375,7046.364295520933,6896.521595746437,6903.273435070944,369545
2022-05-17,7265.7509765625,7315.762912024575,6997.847622422591,7021.913296628403,811448
2022-05-18,7298.3046875,7369.295555410801,7243.373929822249,7297.774374182627,576970
2022-05-19,7142.0478515625,7258.227914002938,7123.239154642492,7185.886772002908,363255
2022-05-20,7317.64404296875,7377.735228583033,7185.886618296792,7253.935329360867,742204
2022-05-23,7617.47412109375,7672.839113571493,7500.426060564373,7523.575225723371,1161175
2022-05-24,7526.03466796875,7660.39656389671,7515.0869477051365,7638.25998623139,581609
2022-05-25,7511.18017578125,7580.868803692283,7423.213165725245,7562.060108269929,454335
2022-05-26,7528.30126953125,7562.012429011258,7349.859791649984,7523.47852688581,476799
2022-05-27,7661.36083984375,7683.496945750453,7555.30854189563,7644.047005556347,431411
2022-05-30,7729.79541015625,7774.2611918122975,7669.125401501188,7697.290407110532,389517
2022-05-31,7683.93115234375,7812.842967106822,7619.933264215296,7729.795245817829,2494005
2022-06-01,7657.9365234375,7782.845558375066,7600.738983858337,7692.322584421101,522004
2022-06-02,7644.4326171875,7689.380671655037,7577.107320016231,7644.046891980202,352848
2022-06-03,7431.89404296875,7711.565061836095,7408.696840520706,7668.160380437393,591905
2022-06-06,7437.19970703125,7501.197598147985,7322.322350372092,7417.378422522003,606990
2022-06-07,7532.544921875,7542.769230115125,7287.163878966722,7345.084827697067,991192
2022-06-08,7612.65087890625,7640.188549764912,7446.989676605767,7546.627346718933,813596
2022-06-09,7648.72509765625,7726.033566553099,7552.511383765654,7569.77670790371,687937
2022-06-10,7653.78955078125,7705.007174703463,7548.557206241921,7548.557206241921,442921
2022-06-13,7621.47705078125,7684.896119058004,7517.450393641839,7571.658211492642,565826
2022-06-14,7534.71533203125,7621.283561471091,7475.251010125539,7528.301178584495,553462
2022-06-15,7575.0341796875,7647.905635995724,7538.911647237051,7538.911647237051,604566
2022-06-16,7555.8876953125,7740.502195539011,7528.30151229682,7656.586470802326,1319566
2022-06-17,7415.59375,7571.416848933662,7375.082711394333,7528.301340886387,1317656
2022-06-20,7389.35791015625,7508.141961979947,7355.646752191544,7426.830242050182,1043423
2022-06-21,7504.7666015625,7562.060691690552,7354.827339893077,7441.444082949362,954884
2022-06-22,7506.84033203125,7590.032645627048,7443.0355387545815,7475.251366578932,796824
2022-06-23,7977.78125,8022.921934843381,7526.372517682264,7533.124357695563,1676430
2022-06-24,8066.71337890625,8092.5630940841675,7946.240876926683,8015.39920284141,1156788
2022-06-27,8149.2294921875,8243.707210241195,8093.76795103635,8144.647886614144,921090
2022-06-28,8188.7275390625,8237.148061856551,8083.9289683977695,8116.916715285629,691242
2022-06-29,8207.248046875,8227.599645775323,8073.271868128892,8092.514801292581,655413
2022-06-30,8170.44970703125,8328.49061166368,8136.545448401958,8198.662752385046,1130302
2022-07-01,8104.7158203125,8150.435801466761,8011.1546046033545,8140.790315311179,530569
2022-07-04,8144.02001953125,8167.410320135924,8025.043341479692,8104.714669030614,625431
2022-07-05,8052.72607421875,8206.908771794893,8039.511571669384,8197.215247970276,610290
2022-07-06,8324.1025390625,8345.708804692193,8073.271861549359,8080.023701815887,976098
2022-07-07,8301.291015625,8391.572383107867,8272.16146103318,8386.749640358954,547662
2022-07-08,8175.46484375,8350.048117910472,8145.611880028661,8314.407863332985,686327
2022-07-11,8206.0419921875,8222.776533046888,8117.736817331827,8152.075311479581,536114
2022-07-12,8121.20849609375,8196.202135525571,8079.29867898111,8193.83880351524,424358
2022-07-13,8140.98388671875,8187.234183912042,8083.88241696957,8154.294469998896,413855
2022-07-14,8264.0107421875,8282.915516768653,8150.43515175914,8164.855340800639,606496
2022-07-15,8466.85546875,8487.062949876195,8272.161714780965,8291.259588264094,631246
2022-07-18,8396.2021484375,8529.502948321771,8376.139726702055,8489.956457212285,478682
2022-07-19,8406.8603515625,8486.966864564503,8360.17676552595,8391.524594328766,478458
2022-07-20,8438.8828125,8551.15663397114,8411.055965226644,8464.395308553037,398132
2022-07-21,8485.1328125,8518.795930569939,8412.839716950451,8481.274618655507,421090
2022-07-22,8517.8798828125,8573.871735627083,8479.345981313723,8536.25434360442,415294
2022-07-25,8315.951171875,8544.549171901732,8189.016962982915,8515.51663812658,623462
2022-07-26,8223.5966796875,8319.618250751526,8171.028778589392,8316.338408585105,429454
2022-07-27,8351.15625,8398.75727941607,8160.0795858827105,8252.24199849093,1298855
2022-07-28,8411.8759765625,8459.23587571831,8322.896372476212,8391.572417893802,725196
2022-07-29,8462.5146484375,8625.95758680738,8420.508747940114,8453.97877064162,821432
2022-08-01,8684.2177734375,8762.924567237074,8509.82662233224,8536.25563236633,1009408
2022-08-02,8847.8505859375,8870.806649660373,8636.566445545785,8666.46744619487,848311
2022-08-03,8698.72265625,8878.630080711957,8597.894209741975,8878.630080711957,753729
2022-08-04,8705.7607421875,8784.69464569483,8573.038651799883,8761.393068385294,643264
2022-08-05,8583.912109375,8723.72156017845,8553.619872072215,8705.856639985046,558385
2022-08-08,8662.3134765625,8736.150164014598,8583.719004229059,8583.913373679172,520993
2022-08-10,8621.29296875,8737.606491852412,8569.155497204221,8678.478357124777,445375
2022-08-11,8557.359375,8736.150838601623,8470.124462765121,8695.081992836633,508318
2022-08-12,8446.044921875,8558.474838462274,8422.548976024982,8558.474838462274,712782
2022-08-16,8741.6845703125,8776.9280186347,8451.725169731442,8482.891600276735,963726
2022-08-17,8684.060546875,8806.054391881047,8660.419534242441,8747.800448825605,623749
2022-08-18,8687.3134765625,8750.130833693996,8618.670725226728,8665.273878860937,442229
2022-08-19,8523.474609375,8707.022889557931,8461.385424007289,8694.838295816457,572597
2022-08-22,8376.9169921875,8512.309054157498,8351.86798635975,8496.337575177657,488485
2022-08-23,8466.7255859375,8502.163403022154,8314.779877067685,8356.528538290702,558231
2022-08-24,8450.7060546875,8516.727195739746,8343.90715004416,8407.986492830165,442582
2022-08-25,8481.677734375,8577.893454877401,8427.404096019904,8467.210958685435,525721
2022-08-26,8466.822265625,8575.708978348455,8452.8418875481,8543.912032998376,398063
2022-08-29,8577.1171875,8602.069484489366,8340.023432989312,8352.256382632386,459057
2022-08-30,8817.947265625,8897.318257280684,8611.873957014368,8626.243072297028,1016312
2022-09-01,8761.87890625,8964.942831769546,8680.808831600782,8689.49856815299,888864
2022-09-02,8660.03125,8883.630071681207,8643.040515716848,8763.820743249975,632909
2022-09-05,8689.5947265625,8754.402237208336,8616.728943547472,8641.00141944479,386455
2022-09-06,8630.0791015625,8760.179576838482,8611.874744014556,8722.848317998105,397902
2022-09-07,8529.251953125,8615.321590162988,8505.07618607834,8606.04969331032,496785
2022-09-08,8534.833984375,8626.53463974913,8524.493530391064,8572.067583123315,428924
2022-09-09,8685.6630859375,8727.411745974981,8475.94888667945,8577.553853679285,632296
2022-09-12,8667.84765625,8750.033695485483,8644.885513471248,8708.86814287895,383641
2022-09-13,8666.73046875,8727.460015391967,8651.584822654564,8711.19745611884,405093
2022-09-14,8706.24609375,8738.091392752645,8568.863879075056,8602.019512529176,509547
2022-09-15,8941.7373046875,9053.633417433799,8767.218204764313,8767.266560086897,1392132
2022-09-16,8922.2236328125,9044.799648848075,8757.558570305428,8941.495601422796,1056382
2022-09-19,9010.767578125,9071.54642423058,8806.053903840548,8908.289378608135,727024
2022-09-20,9030.185546875,9155.577531454514,8980.815712190271,9067.22572282648,747257
2022-09-21,8978.7783203125,9124.50989846724,8943.388857881135,9029.361785033554,440725
2022-09-22,9128.2470703125,9160.4327538402,8918.678884660952,8931.30057261007,511112
2022-09-23,9071.5478515625,9175.96786550321,9007.3708488693,9124.461855230888,574213
2022-09-26,8577.8447265625,9000.525247497377,8543.911615234638,9000.525247497377,865432
2022-09-27,8518.716796875,8649.691460696517,8418.180387789052,8631.292733688331,686285
2022-09-28,8472.7939453125,8592.45726255658,8408.034783998733,8466.24037621394,663740
2022-09-29,8373.8583984375,8543.911748461194,8353.712242894253,8515.173515473816,817007
2022-09-30,8571.2431640625,8613.816709819197,8309.148765595213,8415.75329584229,658982
2022-10-03,8298.2744140625,8708.964723779178,8262.351148200758,8708.964723779178,1123076
2022-10-04,8437.5986328125,8503.668126972147,8378.859237232826,8445.85127516667,503140
2022-10-06,8449.734375,8568.184058298863,8437.598136957084,8479.832245346433,474445
2022-10-07,8523.619140625,8588.183924950521,8457.501297137043,8495.366358621184,428616
2022-10-10,8604.49609375,8618.1370357322,8406.043949277462,8422.549233077152,411218
2022-10-11,8431.43359375,8592.4568263168,8412.840497179106,8554.591762336422,422610
2022-10-12,8433.8115234375,8466.239931791491,8340.605212261815,8444.880152147065,380365
2022-10-13,8397.83984375,8529.785406344867,8341.964792016925,8412.840423978894,355605
2022-10-14,8366.529296875,8511.484354520344,8355.849405917097,8505.076799203092,274160
2022-10-17,8469.9296875,8495.076354363522,8317.74124803097,8359.441555523788,304671
2022-10-18,8551.0478515625,8629.59396839975,8497.35732069479,8509.979009057424,369973
2022-10-19,8465.6083984375,8597.311236100028,8441.967385419506,8593.816378717163,385416
2022-10-20,8454.0068359375,8484.88123634971,8360.411787499363,8446.821803651663,328270
2022-10-21,8450.025390625,8538.086122821365,8389.538570309236,8475.948584515638,356203
2022-10-24,8510.3671875,8533.037300847083,8491.336997412618,8533.037300847083,30052
2022-10-25,8742.947265625,8754.598055984523,8541.38897166276,8563.330914249029,727441
2022-10-27,8778.8212890625,8812.802757493555,8642.94377066445,8786.636837172913,849108
2022-10-28,9216.3076171875,9272.037602094768,8787.607329905411,8830.326888243257,1873029
2022-10-31,9250.337890625,9484.713312742115,9176.064109437082,9369.17631978313,1932020
2022-11-01,9179.462890625,9356.458567391363,9102.17969614244,9354.613479715457,805517
2022-11-02,8960.81640625,9179.462121967295,8941.980584718545,9170.14186999638,788679
2022-11-03,8970.2333984375,9039.070523139704,8897.707994967608,8941.980614190836,616860
2022-11-04,8960.9130859375,9052.663049274744,8923.581826569969,8988.486999150275,465775
2022-11-07,9061.6923828125,9080.624915267537,8984.99135389209,9007.030953096686,469017
2022-11-09,8984.21484375,9204.9483754156,8951.689723820717,9204.462925864418,617256
2022-11-10,8832.51171875,8981.544728596726,8807.02561771758,8933.242499020995,445700
2022-11-11,8823.09375,8971.107504461535,8786.636679153344,8932.271541238759,461074
2022-11-14,8886.0078125,8896.396622281125,8730.858329198512,8835.181624937073,282822
2022-11-15,8895.5712890625,8935.71758472611,8864.308150643998,8922.562092488319,359888
2022-11-16,8869.1142578125,8983.24324882681,8835.035133072926,8893.43508881422,350737
2022-11-17,8724.9365234375,8902.75612709297,8708.965043400302,8836.15282720024,409572
2022-11-18,8590.5625,8761.344009235847,8578.863356961054,8747.799778884008,515615
2022-11-21,8607.21484375,8669.352385809261,8530.319445822935,8568.184510515297,520644
2022-11-22,8615.515625,8674.93483773057,8601.24321903799,8616.729248837864,455948
2022-11-23,8674.498046875,8727.41204805634,8642.943825987044,8679.837991948347,621006
2022-11-24,8706.1484375,8733.140189435924,8661.390370832612,8707.89681429394,455343
2022-11-25,8757.0244140625,8815.763809489163,8687.119679009282,8738.091881652254,545439
2022-11-28,8723.91796875,8839.162944189284,8689.5477581363,8765.277895022851,439956
2022-11-29,8650.9052734375,8762.121574723711,8629.351123980647,8723.528335842271,606692
2022-11-30,8712.994140625,8757.50948307476,8611.874624708771,8664.303173720527,1087650
2022-12-01,8697.4599609375,8762.364185089828,8670.128772615197,8756.587145942953,694489
2022-12-02,8559.2998046875,8669.060698163255,8499.97825341764,8563.32941490546,971612
2022-12-05,8536.193359375,8595.564219410166,8509.930727989231,8586.631757939163,519621
2022-12-06,8463.6669921875,8543.912183027605,8441.919420971446,8521.775872909402,551379
2022-12-07,8407.16015625,8493.278135973838,8389.537960769012,8466.238979042446,546450
2022-12-08,8430.0263671875,8457.502623920478,8355.606566953833,8412.841262343121,476001
2022-12-09,8362.693359375,8508.716962847233,8296.769879563164,8453.618439082684,790406
2022-12-12,8407.744140625,8440.317618355932,8267.497565002053,8358.47100743562,445039
2022-12-13,8369.8291015625,8444.247940160652,8359.440292754642,8409.92704016733,330236
2022-12-14,8390.12109375,8425.171119354329,8345.896830372862,8398.2770252632,343670
2022-12-15,8334.3427734375,8421.188927798084,8325.458668603678,8389.53800063025,472176
2022-12-16,8238.85546875,8338.081547309217,8200.21387384416,8310.410922705314,624222
2022-12-19,8353.46875,8370.55714081176,8205.067221227055,8251.476002510033,464106
2022-12-20,8276.283203125,8334.586451462834,8186.669407563782,8334.586451462834,694906
2022-12-21,8107.39599609375,8317.644000662416,8047.102594791698,8276.283131278393,800720
2022-12-22,8091.81201171875,8140.017528174884,8046.811220600363,8113.463818763955,580858
2022-12-23,7904.671875,8087.540807610122,7886.467517640454,8058.171111070054,503012
2022-12-26,8016.51904296875,8103.123427388151,7841.029040632253,7909.914517485175,315102
2022-12-27,8063.75390625,8073.025802780812,7991.275911096266,8057.443062267068,423308
2022-12-28,8175.98974609375,8207.495611785942,8046.423070465984,8073.026085290128,538632
2022-12-29,8190.31103515625,8203.127093839164,8090.502790029796,8126.426059348302,452134
2022-12-30,8150.3095703125,8242.933727854706,8118.901362279507,8223.51574498579,433976
2023-01-02,8158.75634765625,8207.981122440857,8094.968086139136,8121.571101161316,398159
2023-01-03,8138.80419921875,8157.494006362583,8062.49191138502,8136.134226769631,493207
2023-01-04,8177.68896484375,8288.614189934988,8069.190987566324,8132.251075397912,566744
2023-01-05,8214.873046875,8228.36892206359,8145.890863416674,8199.193597107282,417716
2023-01-06,8139.0947265625,8237.058815572782,8107.006704027368,8213.805594739106,368978
2023-01-09,8133.22216796875,8201.136753043284,8082.832122898022,8179.6793129726175,613406
2023-01-10,8051.8115234375,8165.260693771898,8022.441828314242,8136.133723401726,493677
2023-01-11,8043.3642578125,8092.103576317938,8009.0917133904395,8092.103576317938,327536
2023-01-12,8125.6484375,8133.221260385428,8019.626072673228,8073.025519888365,283772
2023-01-13,8207.3984375,8252.69030945622,8107.977995171599,8152.639351629256,705220
2023-01-16,8136.23046875,8266.525306390384,8100.792654648465,8233.22365975382,500575
2023-01-17,8232.5927734375,8246.13700529589,8099.386177550274,8165.115287060325,409248
2023-01-18,8246.865234375,8288.954278856521,8217.980986417417,8226.427998137942,402883
2023-01-19,8254.244140625,8271.08885958494,8210.407670041088,8232.252898276874,184776
2023-01-20,8194.1943359375,8252.642653535986,8167.203529593497,8215.79684170705,346337
2023-01-23,8172.154296875,8235.166026654724,8134.0958113148245,8233.224228487628,410827
2023-01-24,8445.6572265625,8464.298679628822,8172.05803927917,8204.09771081252,1039571
2023-01-25,8528.474609375,8575.951955759909,8427.695470009296,8493.32881962791,1131883
2023-01-27,8483.23046875,8630.321675160945,8369.24654076223,8571.5339271779,743546
2023-01-30,8560.4169921875,8607.02014695953,8464.297985470184,8523.522827992974,1036998
2023-01-31,8636.4384765625,8683.575437703681,8573.23332512745,8599.156520431907,643670
2023-02-01,8513.66796875,8767.655735482958,8421.481860156522,8676.92502735736,707460
2023-02-02,8612.021484375,8679.838410821758,8496.435181921746,8509.931059379498,456995
2023-02-03,8682.0703125,8702.168112295461,8587.748039468328,8679.837434332414,351157
2023-02-06,8648.7685546875,8675.953727513192,8563.329440092473,8667.167280925032,205161
2023-02-07,8507.455078125,8660.420042954505,8497.842797698786,8648.769253659051,318669
2023-02-08,8577.6015625,8596.825173021023,8420.65536030296,8517.696904727927,391645
2023-02-09,8545.0771484375,8575.951549465744,8446.82197218974,8546.144758165037,392186
2023-02-10,8554.9306640625,8616.728765678852,8517.648710739959,8541.775172026431,276298
2023-02-13,8553.087890625,8606.438989694147,8500.902060189666,8531.291014609777,253037
2023-02-14,8519.10546875,8589.544006107042,8509.930282980471,8558.47523610643,227030
2023-02-15,8587.9423828125,8636.827723705504,8487.600335319208,8519.106202239313,452568
2023-02-16,8548.86328125,8621.584003055757,8534.203084105868,8621.584003055757,247514
2023-02-17,8551.4365234375,8615.758588627557,8495.12437579941,8531.290367170424,214587
2023-02-20,8440.6572265625,8591.48602046348,8422.792304105074,8551.436433126592,298434
2023-02-21,8417.548828125,8466.23979519541,8387.06316655599,8440.996419659275,323478
2023-02-22,8406.9658203125,8465.268113793474,8335.167651900101,8423.034008626597,363931
2023-02-23,8443.1806640625,8492.89088387664,8365.266017141008,8440.46233641545,317544
2023-02-24,8408.4716796875,8485.658158359072,8358.761455996071,8457.502084378248,242982
2023-02-27,8380.9951171875,8391.528992808764,8281.769042894784,8378.858949611018,220225
2023-02-28,8373.3740234375,8455.561018867591,8354.878583555463,8398.277966839438,370998
2023-03-01,8509.10546875,8520.852968246663,8369.149988467312,8369.149988467312,333441
2023-03-02,8299.97265625,8515.754954580349,8261.476132431064,8515.754954580349,603893
2023-03-03,8350.9453125,8377.887760681588,8301.186737029502,8342.012851762433,437977
2023-03-06,8380.2666015625,8410.898276255133,8340.945190943969,8388.567598619918,275417
2023-03-08,8440.900390625,8458.521641084111,8359.489929060797,8374.005060794914,348171
2023-03-09,8293.37109375,8482.744758434275,8285.700612215858,8471.093970165854,431466
2023-03-10,8351.236328125,8376.916796993457,8233.320451779216,8281.768692437898,516128
2023-03-13,8270.5068359375,8385.946163945035,8234.291542905083,8351.236522953028,479314
2023-03-14,8264.439453125,8296.284755131497,8199.243196937467,8296.284755131497,349510
2023-03-15,8228.3212890625,8451.628075871835,8194.388176829487,8398.27698217714,509229
2023-03-16,8191.9130859375,8285.071047452391,8166.232614220292,8213.903382431397,340261
2023-03-17,8074.8212890625,8263.273361320833,8052.199531094249,8255.554524336068,471602
2023-03-20,7980.40185546875,8074.82179285343,7893.409675449425,8074.82179285343,488199
2023-03-21,7988.9462890625,8034.189806479607,7975.935862263441,8005.062834371523,287497
2023-03-22,8012.248046875,8048.364734586075,7977.877839757324,7996.324922507159,218120
2023-03-23,8110.11474609375,8131.280157352213,7993.023742941674,8023.510354669694,540553
2023-03-24,8003.0244140625,8142.445142837172,7972.0523541210305,8110.114393068477,391840
2023-03-27,8037.4423828125,8074.773643753948,7990.062695196493,8009.917771908322,364326
2023-03-28,7969.916015625,8112.443808031562,7903.118349912935,8064.190883255215,360349
2023-03-29,8053.89892578125,8077.006134190782,7949.2361948837515,8009.7713730920705,339851
2023-03-31,8050.84130859375,8126.425423870137,8016.762181478429,8083.657508370852,478757
2023-04-03,8255.603515625,8329.343492908047,8146.182995928574,8168.02822597758,627265
2023-04-05,8201.2333984375,8299.24585633922,8184.679757714041,8273.95412334774,272888
2023-04-06,8268.80859375,8286.624213827463,8133.318859366311,8217.690374438858,309551
2023-04-10,8286.76953125,8306.818028049687,8158.513195918223,8210.504651203672,308275
2023-04-11,8407.5498046875,8418.618434597187,8296.333493245298,8330.314964545894,409240
2023-04-12,8370.1689453125,8456.482248876868,8340.99361890721,8419.636440829161,408458
2023-04-13,8418.4716796875,8450.705719256408,8369.150195311378,8376.965743394047,480202
2023-04-17,8422.208984375,8592.4557365762,8398.275945919111,8592.4557365762,489356
2023-04-18,8478.5224609375,8494.20191261999,8437.113234791217,8439.977576783887,276111
2023-04-19,8427.35546875,8487.405196234375,8410.364735233721,8437.161169979094,280819
2023-04-20,8461.046875,8485.562079169702,8412.987365835632,8417.695847577075,369060
2023-04-21,8309.3916015625,8450.705776100991,8301.187314529352,8426.822037471034,424157
2023-04-24,8219.77734375,8327.401123822834,8198.999724892488,8327.401123822834,543745
2023-04-25,8222.447265625,8276.914322554696,8174.969923273964,8262.350836943164,906406
2023-04-26,8259.341796875,8301.18716813763,8189.437062827526,8278.856489205798,959058
2023-04-27,8294.3427734375,8320.605404835698,8224.729117352907,8320.605404835698,536521
2023-04-28,8339.5859375,8361.819905514865,8286.720293380393,8342.935728928423,387567
2023-05-02,8521.435546875,8570.126516913391,8355.55781177712,8371.772016680858,865562
2023-05-03,8541.291015625,8571.097809552935,8461.434559481397,8514.785658108205,537008
2023-05-04,8544.494140625,8566.194304143297,8488.570732374192,8540.659847739607,271926
2023-05-05,8688.236328125,8726.440827210981,8534.20281165827,8544.49396252637,951591
2023-05-08,8812.1220703125,8855.521445347405,8699.255061286323,8782.752375490634,678780
2023-05-09,8846.3955078125,8874.017776845087,8788.432641895186,8818.676528127344,415394
2023-05-10,8901.3486328125,8912.85340746338,8796.345519784121,8863.143185758172,366827
2023-05-11,8991.400390625,9043.925655809739,8876.008456822727,8973.972561112008,644550
2023-05-12,9024.8955078125,9058.29386661339,8963.971591755437,8991.447845543684,403028
2023-05-15,8939.3583984375,9036.6426703188,8918.096278687603,8973.048784215564,259316
2023-05-16,8807.365234375,8960.71893794303,8793.529922101274,8950.815577423631,448981
2023-05-17,8854.0185546875,8866.251505365128,8769.209940576364,8816.10418236561,290482
2023-05-18,8789.8408203125,8883.726954918351,8780.90835877281,8878.824103987266,272497
2023-05-19,8840.9580078125,8852.851520655504,8699.788912851176,8796.345008784929,543472
2023-05-22,8890.18359375,8902.853637334196,8809.792390022041,8825.47278969243,182115
2023-05-23,8932.951171875,8966.252820007649,8890.279968554958,8902.173482041162,269008
2023-05-24,9000.962890625,9047.032242852245,8892.464915485196,8901.203007442764,470365
2023-05-25,9011.740234375,9022.95487849334,8947.855257536177,8952.418673341179,218979
2023-05-26,9126.4033203125,9141.015162355934,9040.28437923385,9061.401434972695,346760
2023-05-29,9061.88671875,9212.667158833798,9041.060743497743,9160.432977061793,236834
2023-05-30,9110.28515625,9129.266991056305,9029.361100270073,9107.033023713255,372004
2023-05-31,9095.091796875,9174.948248799807,8997.904226922868,9174.948248799807,1614766
2023-06-01,9056.837890625,9104.65467133022,8953.631505858506,9065.770351979376,378706
2023-06-02,9209.3173828125,9247.959925439804,9041.692222377013,9115.771633948654,445105
2023-06-05,9303.251953125,9359.467390672915,9212.424531301715,9274.513718817741,434649
2023-06-06,9452.8671875,9485.683384606156,9331.310441090049,9348.78662337489,542318
2023-06-07,9425.001953125,9514.81010977337,9369.660710649787,9503.159321883852,453747
2023-06-08,9377.5244140625,9480.828443746394,9345.38803740716,9449.759676700834,273746
2023-06-09,9347.6220703125,9431.217050858768,9331.407865878622,9393.934146540369,161389
2023-06-12,9272.5234375,9417.721207309742,9260.096118731455,9344.90377529446,316879
2023-06-13,9240.5322265625,9338.155941885789,9229.027451432281,9308.980613425925,561014
2023-06-14,9255.0947265625,9319.65951012572,9214.316968522571,9242.958489050618,328167
2023-06-15,9315.630859375,9415.58511144527,9265.29012024884,9276.940909460092,459978
2023-06-16,9324.2236328125,9362.768515704696,9274.027961024545,9315.824976559355,682099
2023-06-19,9254.6103515625,9361.55526819141,9233.25057106162,9357.525657612188,395006
2023-06-20,9215.87109375,9261.30993076566,9145.869646941175,9252.668549400149,612713
2023-06-21,9166.1123046875,9259.46463155151,9122.616215036212,9225.483163363997,356331
2023-06-22,9129.412109375,9218.055002884095,9101.013312203248,9164.36447512485,288487
2023-06-23,9055.8662109375,9152.665032553654,9034.215352488782,9145.868739435178,309138
2023-06-26,9194.609375,9242.959963330699,9029.362149052049,9055.867506376975,405168
2023-06-27,9185.67578125,9223.540843660818,9121.644800185553,9213.83185329907,339375
2023-06-28,9263.0087890625,9296.358793571013,9158.054028470306,9199.705978719325,482586
2023-06-30,9504.1796875,9566.754324402056,9263.348354302534,9290.533529223452,845006
2023-07-03,9391.5078125,9501.073406223031,9375.536331284813,9458.548211566913,398066
2023-07-04,9366.65234375,9433.74109221052,9340.09768451523,9417.721257082492,247673
2023-07-05,9701.5146484375,9744.865671442603,9393.448561221214,9414.808340895308,815044
2023-07-06,9572.482421875,9724.815913122997,9529.568494464702,9708.942092997431,652120
2023-07-07,9563.5986328125,9655.591320354337,9529.374440349706,9567.239504351095,457050
2023-07-10,9452.9638671875,9644.279328000497,9436.895678156938,9567.238870604539,272008
2023-07-11,9612.046875,9667.09609414287,9452.964492370857,9510.927356887925,568772
2023-07-12,9549.568359375,9660.445216717193,9519.664859287645,9607.04577079564,552967
2023-07-13,9366.796875,9610.88127372846,9332.281603641468,9566.219917739332,519564
2023-07-14,9324.17578125,9444.226889429947,9311.893528034689,9419.614975815384,498441
2023-07-17,9407.5751953125,9416.750381446505,9276.940910889924,9366.263628189961,444583
2023-07-18,9384.3720703125,9482.092504225315,9322.282877911775,9427.625439299729,320985
2023-07-19,9327.9609375,9384.71017635362,9248.444874538098,9370.146690667161,450254
2023-07-20,9488.111328125,9500.247566713033,9296.79585265196,9340.049217350985,466813
2023-07-21,9485.732421875,9558.501497971269,9420.633827812619,9437.13911226823,328483
2023-07-24,9412.6728515625,9529.375118547263,9398.303733829598,9485.733012303272,358506
2023-07-25,9474.6142578125,9490.489024771705,9336.940974244586,9343.93163641924,240998
2023-07-26,9472.431640625,9524.520759817675,9442.237056005795,9477.432150556599,209861
2023-07-27,9469.7607421875,9541.171126941146,9409.614303618906,9485.683866112731,256672
2023-07-28,9388.884765625,9466.265608484096,9268.590943855648,9455.585719079652,381151
2023-07-31,9534.95703125,9551.413960097183,9326.456456196065,9388.885076699904,600060
2023-08-01,9433.984375,9604.1344521059,9369.225211659626,9475.97576350117,1394528
2023-08-02,9372.865234375,9508.45166849811,9243.29856410308,9432.284446973854,672815
2023-08-03,9353.1669921875,9467.096143417108,9325.62741451082,9407.215387326862,614897
2023-08-04,9281.3310546875,9424.023878676262,9238.797119829567,9369.141876055019,540470
2023-08-07,9333.6640625,9349.344634127146,9233.896616935514,9300.539046350883,366329
2023-08-08,9352.0400390625,9430.88410727405,9315.23988773146,9349.492328915996,430636
2023-08-09,9274.17578125,9349.589722473089,9229.486534559504,9349.540912099568,404602
2023-08-10,9209.982421875,9310.338452867058,9155.541634229601,9274.174755418453,523490
2023-08-11,9170.046875,9279.958264197749,9157.453798781684,9209.983330725638,498504
2023-08-14,9135.5498046875,9177.05393211578,9073.07253128165,9173.133789470707,336864
2023-08-16,9231.4951171875,9249.331958399975,9069.397786108702,9147.653254187211,336363
2023-08-17,9188.12890625,9285.593652265496,9163.334193375274,9226.93889589693,402798
2023-08-18,9267.265625,9280.937313300275,9150.249946313745,9163.333039002911,400745
2023-08-21,9250.361328125,9279.958599452,9225.321605902582,9266.776927083794,375347
2023-08-22,9302.4013671875,9318.228369713006,9221.842240164495,9232.132615151146,435930
2023-08-23,9409.2744140625,9447.544618640753,9257.417683369353,9328.960293033333,546842
2023-08-24,9382.568359375,9468.762694157276,9364.241499616104,9468.762694157276,385559
2023-08-25,9315.92578125,9432.598842881795,9295.638850332094,9363.261315347689,346449
2023-08-28,9406.0888671875,9476.94525716966,9320.139544538106,9324.990912685867,325938
2023-08-29,9429.1689453125,9491.401215342625,9316.219825297194,9408.34318565675,317224
2023-08-30,9600.822265625,9621.941843879642,9418.14322543935,9467.145011211667,543634
2023-08-31,9804.0810546875,9864.059431616364,9575.046517604256,9575.046517604256,1581818
2023-09-01,10124.994140625,10190.362715261912,9752.678183785385,9799.37726916969,1193178
2023-09-04,10155.5712890625,10258.965057022971,10080.941186518608,10193.351474472745,819552
2023-09-05,10057.2236328125,10204.817578462993,10041.249242857875,10143.369150745262,507107
2023-09-06,9975.63671875,10055.167004344756,9927.909742384272,10055.167004344756,663758
2023-09-07,10075.5029296875,10095.251033646504,9947.363250378437,9947.363250378437,445805
2023-09-08,10125.728515625,10192.370941008518,10094.367374268051,10191.390905341112,439721
2023-09-11,10323.548828125,10339.376787740266,10137.489430557851,10138.469466272329,598050
2023-09-12,10293.90234375,10357.409421208553,10197.271208921495,10333.496167887386,568773
2023-09-13,10264.306640625,10326.048891874958,10231.573064278722,10290.3752083263,301707
2023-09-14,10278.76171875,10368.77761417135,10222.801106535933,10256.122320040833,501196
2023-09-15,10315.12109375,10339.376978129972,10268.226766775177,10279.888617752527,544616
2023-09-18,10312.033203125,10411.556593601199,10284.54339329456,10290.423607464327,430213
2023-09-20,10140.1845703125,10284.543640233222,10131.168050289143,10284.543640233222,545106
2023-09-21,10078.9814453125,10138.469806591378,10002.73485557998,10136.558545470765,577252
2023-09-22,10324.8232421875,10355.791986744709,10102.648962866928,10170.810252768031,986206
2023-09-25,10376.814453125,10505.982970245197,10319.776182526299,10324.823749335661,756801
2023-09-26,10345.89453125,10421.65110146789,10316.39488165331,10419.642219642517,452503
2023-09-27,10467.5166015625,10492.262503693853,10314.87603693049,10339.376930129849,458359
2023-09-28,10354.419921875,10491.282291815134,10321.784924094629,10437.870345537327,598144
2023-09-29,10398.7666015625,10491.772373982238,10300.714219437177,10330.556498449092,481725
2023-10-03,10140.33203125,10495.98642180295,10097.601899377474,10495.98642180295,623006
2023-10-04,9927.6142578125,10078.589523126337,9888.5602179743,10078.589523126337,407793
2023-10-05,10006.3125,10065.898482807923,9907.181500027642,9978.675300148663,377196
2023-10-06,10096.3759765625,10126.659460673662,10055.165669301818,10077.706489028324,335700
2023-10-09,10040.26953125,10128.081304063639,9980.634741830618,10045.365908294749,230083
2023-10-10,10167.8701171875,10209.031615493222,10065.063992164152,10084.567084902108,348342
2023-10-11,10204.2294921875,10231.572871480841,10133.618110287489,10143.320846698965,193526
2023-10-12,10369.66015625,10412.438140460928,10212.168227310747,10251.173456890281,569237
2023-10-13,10513.3828125,10530.53343893087,10319.580733831168,10323.745885964378,625954
2023-10-16,10490.7919921875,10595.018404481723,10452.080582622233,10515.734091788974,304196
2023-10-17,10536.16796875,10582.278458582416,10354.371340246978,10515.783416913295,474718
2023-10-18,10573.06640625,10594.038596123572,10497.21125976164,10540.284020463509,267435
2023-10-19,10556.650390625,10583.111353646504,10486.381641854683,10486.381641854683,286284
2023-10-20,10511.5205078125,10583.405745080654,10482.16824657196,10548.222079890242,232512
2023-10-23,10342.9541015625,10510.540205507947,10320.21708201165,10467.761264569113,227925
2023-10-25,10377.4501953125,10434.880859116067,10291.942084144373,10309.97512307961,401105
2023-10-26,10216.0400390625,10382.498728257417,10185.021524770173,10328.596762045017,506129
2023-10-27,10349.86328125,10628.487241307852,10231.572780014198,10231.621590386318,1116713
2023-10-30,10190.1171875,10486.381782329607,10040.465547660451,10486.381782329607,991168
2023-10-31,10184.8251953125,10280.574878203372,10114.948838697523,10280.574878203372,439996
2023-11-01,10023.5595703125,10214.1276929371,9985.240559411153,10182.667974486172,699116
2023-11-02,10097.896484375,10138.470349314739,9997.345194138197,10084.862199650408,569194
2023-11-03,10071.140625,10162.970161070143,10036.545556366376,10112.008304910485,517582
2023-11-06,10079.51953125,10132.540035517952,10047.32574214613,10132.540035517952,490459
2023-11-07,10048.6005859375,10119.849377948924,10031.498770309154,10094.368447886298,264935
2023-11-08,10116.2216796875,10134.009709352365,10055.753289379962,10113.967789132203,287006
2023-11-09,10192.71484375,10240.981606398265,10110.784234548155,10143.32161418317,310536
2023-11-10,10181.39453125,10208.444090391236,10113.968267546245,10167.870230212431,206395
2023-11-13,10190.8037109375,10220.79242084072,10156.747470010832,10220.79242084072,261891
2023-11-15,10247.302734375,10287.435390228538,10167.919837679896,10287.435390228538,436538
2023-11-16,10275.1845703125,10333.202876710944,10201.388071550276,10270.774409545043,488715
2023-11-17,10313.40625,10395.043036837824,10289.54276223327,10290.375409797121,403772
2023-11-20,10355.302734375,10381.861320350294,10290.375365994321,10290.375365994321,234246
2023-11-21,10324.8232421875,10406.99885085216,10290.374605325142,10406.99885085216,312242
2023-11-22,10285.033203125,10340.601417318643,10211.971734956547,10339.376372724719,378891
2023-11-23,10279.1044921875,10314.875795421027,10186.539928434371,10278.418275780758,453820
2023-11-24,10305.712890625,10355.547323622734,10253.133591987984,10296.206352830368,380306
2023-11-28,10327.1748046875,10345.649051524346,10296.254870347866,10329.527273149655,268026
2023-11-29,10387.6435546875,10422.238624022013,10315.56211924531,10358.977510016923,343341
2023-11-30,10396.9052734375,10436.400522069289,10335.554462304062,10369.758092216653,665660
2023-12-01,10374.3642578125,10544.204255778059,10322.764994600631,10396.218862839822,591519
2023-12-04,10387.83984375,10481.579686489125,10216.87242032472,10481.482065743203,625235
2023-12-05,10507.845703125,10554.985039929044,10352.510036567084,10438.263164793063,580996
2023-12-06,10413.6142578125,10534.354846521206,10378.577981811577,10507.845072456807,464163
2023-12-07,10483.099609375,10714.583283926331,10422.680023590914,10574.585562251617,704413
2023-12-08,10406.55859375,10533.424415097585,10340.35736915655,10515.783771306018,548373
2023-12-11,10331.2919921875,10425.620434262872,10290.424309506285,10417.780148168295,579749
2023-12-12,10132.001953125,10411.899779738804,10095.445854096295,10407.979636749444,1088687
2023-12-13,10172.8193359375,10205.014082794203,10055.166242033363,10153.169811643824,603469
2023-12-14,10146.505859375,10285.474731026045,10106.422016186574,10231.572767214093,635475
2023-12-15,10081.0390625,10267.588465086925,9636.298120222105,10250.192832352031,1244681
2023-12-18,10113.576171875,10144.25205537764,10022.041410422487,10089.467676135842,652498
2023-12-19,10029.29296875,10169.83047112539,10002.44056477739,10113.576039051319,585734
2023-12-20,9879.9853515625,10103.237302798834,9790.557089855858,10035.566026038437,964051
2023-12-21,9812.9501953125,9897.62566364919,9702.353548048319,9800.357119240725,739806
2023-12-22,10013.1728515625,10112.302895470968,9829.758774357071,9849.359489759578,652545
2023-12-26,10065.603515625,10075.942700302981,9912.766764835318,10064.96610962708,395273
2023-12-27,10083.09765625,10099.610875552891,10025.76556577125,10080.647566913301,397675
2023-12-28,10066.5341796875,10105.099158210323,9983.62354339436,10105.099158210323,584234
2023-12-29,10096.6708984375,10189.089035061437,10067.907232080515,10075.208689811181,705227
2024-01-01,10078.0009765625,10138.469370990719,10010.722099635568,10138.469370990719,411724
2024-01-02,9994.1591796875,10089.173833356683,9948.391320534685,10078.001043416072,776837
2024-01-03,9876.4580078125,10006.165361081927,9864.06017231044,9996.365003235618,521046
2024-01-04,9815.3515625,9917.961493874556,9786.195499808025,9898.360779459785,711733
2024-01-05,9817.0185546875,9873.860630775338,9770.956872340459,9810.795710218159,673131
2024-01-08,9748.12109375,9926.732596504771,9714.01604348494,9805.2569825047,600153
2024-01-09,9823.9755859375,9842.156014025986,9692.553179943881,9775.856215363016,666469
2024-01-10,9810.353515625,9850.093771685033,9751.3551753119,9849.309934541447,481699
2024-01-11,9811.2353515625,9921.979389479007,9800.357337744063,9824.95585183534,1024815
2024-01-12,9766.693359375,9844.410000585867,9737.58610706725,9824.858096551572,850190
2024-01-15,9885.5224609375,9897.18431149926,9749.395119714558,9785.754061269035,463380
2024-01-16,9980.2421875,10035.565393214682,9859.158970287079,9885.472545547342,536823
2024-01-17,9851.025390625,9958.926942240796,9796.878416256839,9921.881782864586,610250
2024-01-18,9726.3642578125,9849.358737570217,9543.24497097576,9747.483835632574,614860
2024-01-19,9837.3046875,9850.976377136963,9750.424138542056,9761.155721034129,377018
2024-01-23,9663.59375,9773.896582791436,9635.809162111234,9665.112614006734,956269
2024-01-24,9788.79296875,9800.357198831394,9560.248447460024,9663.152198047756,459092
2024-01-25,9683.7333984375,9800.161455960038,9620.569901940842,9788.793423907258,718817
2024-01-29,9791.9296875,9834.658863862809,9677.901952442116,9732.882532886373,446516
2024-01-30,9752.97265625,9833.188195464594,9733.22455406953,9810.990004034245,399869
2024-01-31,9983.5263671875,10031.253341616297,9715.094197741317,9760.469660656285,997024
2024-02-01,10425.5712890625,10486.186116158031,10000.284592465012,10006.164806847095,1869594
2024-02-02,10442.7216796875,10497.75011047029,10329.968762857905,10386.41843683099,814940
2024-02-05,10220.3505859375,10545.13478315941,10192.370759544463,10390.337960835615,365105
2024-02-06,10628.3408203125,10640.003629112358,10249.214355424692,10290.32704848357,829040
2024-02-07,10717.376953125,10754.422112406533,10571.449249704627,10643.18805674898,560808
2024-02-08,10529.40625,10732.37126661803,10476.533131015403,10732.37126661803,557082
2024-02-09,10518.576171875,10554.984882313152,10399.256820953771,10497.407782792641,645489
2024-02-12,10495.888671875,10534.355073628376,10437.429158740553,10486.382134041196,190655
2024-02-13,10578.9951171875,10613.786383726956,10427.726993243092,10515.782816010178,397979
2024-02-14,10807.78515625,10829.394752555672,10489.714753369839,10491.282427702125,354676
2024-02-15,10868.8408203125,10910.73734609581,10760.791885397646,10819.594026847906,447248
2024-02-16,11153.1982421875,11250.809411397233,10876.435788126002,10897.996572712302,716486
2024-02-19,11254.0927734375,11381.203597407204,11106.793596514268,11153.198861976376,581383
2024-02-20,11217.9296875,11250.76088303389,11089.936452462543,11211.608265901896,355044
2024-02-21,11236.94140625,11290.990755325554,11143.005371760399,11227.288437896845,348461
2024-02-22,11425.0595703125,11461.517088419963,11163.831255533469,11270.410133974312,584406
2024-02-23,11305.2998046875,11486.018776454071,11246.106220727714,11471.269430104021,472884
2024-02-26,11238.0693359375,11303.682917255755,11188.528722874256,11275.310692418325,277700
2024-02-27,11271.0478515625,11332.055073322037,11156.971314313407,11187.10741180908,307585
2024-02-28,10930.142578125,11269.38233758116,10907.797954321833,11241.990146812735,358812
2024-02-29,11062.9853515625,11122.42489819859,10907.307067098529,10932.29797686186,943841
2024-03-01,11388.9462890625,11441.917028302787,11069.503454790576,11069.503454790576,487355
2024-03-04,11362.681640625,11444.171037326345,11313.679854130094,11368.414466818447,369936
2024-03-05,11437.6044921875,11495.81899678797,11330.976797253708,11364.543020667177,320702
2024-03-06,11336.1220703125,11445.83726141884,11288.443906409533,11437.604578481421,639542
2024-03-07,11280.259765625,11401.245364720759,11193.135165761978,11340.041943580729,255325
2024-03-11,11168.0458984375,11325.195200953356,11123.454273014575,11285.25874521744,525344
2024-03-12,11280.11328125,11344.795637421294,11153.786296749622,11172.406975041358,283816
2024-03-13,11162.7548828125,11324.166009553213,11042.650732746413,11280.211787802544,385204
2024-03-14,11176.9150390625,11231.209401017784,11076.412566943933,11174.122320074566,523058
2024-03-15,11247.52734375,11291.040355536295,11088.172961226006,11152.806508459347,972333
2024-03-18,11403.9892578125,11432.508871005486,11139.379618039467,11208.325703975555,311049
2024-03-19,11365.5224609375,11446.767800703834,11227.43600944938,11311.669309526122,409259
2024-03-20,11702.75390625,11784.929518444049,11418.543547801037,11418.543547801037,1031037
2024-03-21,11670.4130859375,11760.428986646324,11589.265360276711,11759.448950897437,544311
2024-03-22,12091.38671875,12179.19753516242,11652.673352226242,11652.673352226242,1062263
2024-03-26,12005.9765625,12075.902686318417,11898.810037878187,12040.277813169314,507568
2024-03-27,12260.58984375,12468.701009189264,12040.425387083254,12044.639349388686,878986
2024-03-28,12348.7919921875,12472.717693274693,12138.231712669492,12318.99948225088,860324
2024-04-01,12318.65625,12435.672894438543,12256.473751002231,12361.532811520347,314676
2024-04-02,12301.849609375,12395.491831346111,12213.450195698377,12372.90219933172,333508
2024-04-03,12179.736328125,12275.437197344861,12164.741973283033,12201.444501771868,271935
2024-04-04,12316.353515625,12396.471433220524,12072.128430452703,12240.645758631064,491166
2024-04-05,12173.611328125,12307.19096253899,12137.252385705406,12242.606225704061,231600
2024-04-08,12608.2568359375,12669.558834307869,12201.444401801082,12201.444401801082,570422
2024-04-09,12630.7001953125,12726.449875326129,12524.856338927199,12608.256994789539,314466
2024-04-10,12429.5478515625,12699.302679667018,12349.332311844517,12674.801787014474,464239
2024-04-12,12021.6572265625,12407.25248024691,11980.936932939849,12407.25248024691,973366
2024-04-15,12174.8359375,12260.246430350826,11792.720597815296,11955.945349885284,831257
2024-04-16,12253.0927734375,12299.35065078029,12030.281078518032,12062.279627564827,579183
2024-04-18,12157.3427734375,12350.40980498665,12074.08854989179,12319.048662806077,679117
2024-04-19,12457.1845703125,12504.667489858364,11980.936045853672,12152.344667078454,635535
2024-04-22,12530.24609375,12622.026817328044,12406.271581149056,12527.943392745508,342212
2024-04-23,12736.7890625,12764.47507123449,12521.230017240714,12588.55866175339,397281
2024-04-24,12685.630859375,12812.937879111638,12642.460478379491,12740.464047979332,296364
2024-04-25,12664.51171875,12721.549989639434,12485.997827734702,12705.183201538015,640725
2024-04-26,12449.736328125,12784.565913271828,12407.252162669325,12664.021520222197,704626
2024-04-29,12436.505859375,12735.367942659235,12351.390140188016,12544.505986791457,613937
2024-04-30,12561.6083984375,12736.544782219135,12485.851825333535,12530.7372718878,528776
2024-05-02,12549.7001953125,12587.726347419655,12264.951004398947,12495.455600297666,814923
2024-05-03,12242.75390625,12573.858599642494,12163.616019896053,12562.049360336654,834990
2024-05-06,12190.9580078125,12393.92397745703,12125.491813841638,12299.448152249954,342231
2024-05-07,12117.2099609375,12258.776306362313,11994.656690535903,12223.397401131855,604375
2024-05-08,12293.1259765625,12309.198944036398,12078.93937683516,12144.601765333979,399669
2024-05-09,12255.00390625,12485.458728885334,12188.459098810272,12289.647785722218,504590
2024-05-10,12422.4423828125,12443.464339766435,12251.426154987106,12255.34629774528,328670
2024-05-13,12420.8251953125,12454.686194732147,12228.444376930858,12407.252083560961,281421
2024-05-14,12558.3740234375,12583.658753819329,12398.824398252458,12420.825434704158,331037
2024-05-15,12512.41015625,12615.412487128873,12446.45394212739,12564.058231344341,232030
2024-05-16,12248.1435546875,12591.498679517415,12054.439115665024,12591.498679517415,914201
2024-05-17,12389.1220703125,12413.035325702796,12076.294464047884,12265.294934760297,809226
2024-05-21,12224.279296875,12425.775214190853,12193.408171841442,12348.597401606958,443136
2024-05-22,12281.169921875,12312.188434443555,12116.278916215912,12179.68741708615,280015
2024-05-23,12676.6650390625,12716.061711285434,12224.034945345828,12315.178271775096,768732
2024-05-24,12740.90625,12773.78625875411,12555.238281486796,12608.16021320175,624801
2024-05-27,12648.4384765625,12797.796301386987,12521.916249402422,12763.44624121208,464953
2024-05-28,12562.685546875,12726.695099500428,12544.702274168867,12632.66048038411,333806
2024-05-29,12533.333984375,12593.50760233975,12495.455221602284,12562.097649450829,353706
2024-05-30,12346.490234375,12554.257810949655,12299.448518924135,12467.034630217842,524559
2024-05-31,12151.7568359375,12381.1340071376,12083.840551259707,12346.490126907525,908304
2024-06-03,12227.0732421875,12568.9583261908,12154.942037709397,12568.9583261908,485936
2024-06-04,11932.9638671875,12345.706297991725,11330.634289935279,12345.117702313628,825928
2024-06-05,12252.994140625,12362.268122785898,11883.030658421065,11936.835001970685,447581
2024-06-06,12420.482421875,12436.65301089626,12219.085085882945,12261.765449128865,447536
2024-06-07,12555.1396484375,12571.897875969576,12331.151725039615,12331.151725039615,532480
2024-06-10,12463.65234375,12662.060754965283,12375.792720877986,12510.302615507939,293471
2024-06-11,12606.8369140625,12681.221051216617,12402.548276140222,12489.085239088949,358807
2024-06-12,12592.8212890625,12693.029938990368,12546.416981677849,12606.836565169848,302719
2024-06-13,12590.37109375,12681.661800900543,12485.262266227079,12681.661800900543,297240
2024-06-14,12588.7548828125,12637.560469715821,12523.680128897324,12575.32820218368,216967
2024-06-18,12310.1796875,12622.85988795415,12291.656629837968,12621.292213651659,823306
2024-06-19,11997.6953125,12372.951385260423,11956.436190113043,12358.250848961105,694871
2024-06-20,11906.9443359375,12059.829912825951,11892.733817572867,12001.517785743497,907751
2024-06-21,11957.90625,12119.367140438677,11842.26203105151,11976.036911445315,947800
2024-06-24,11940.1669921875,12043.658376351275,11800.609529631842,11937.814523747651,550862
2024-06-25,11874.7001953125,11993.480713720957,11831.039796233665,11957.807988434004,594272
2024-06-26,11954.720703125,12077.812806541451,11826.777231488775,11875.092800997325,447931
2024-06-27,11935.6103515625,11983.190895657293,11770.229319286924,11956.436111182387,1230852
2024-06-28,11793.6025390625,11957.90591136071,11764.496243651818,11941.686511507862,1160395
2024-07-01,11866.9091796875,12015.237194032095,11765.866928881404,11804.529527089444,1134926
2024-07-02,11802.177734375,11907.385142760259,11755.528417105228,11907.385142760259,687181
2024-07-03,11881.6103515625,11907.433909766696,11721.227124346477,11873.132659820867,467532
2024-07-04,11848.2392578125,11966.235939336415,11830.794813704004,11892.733261576364,299684
2024-07-05,11862.4013671875,11895.13494361918,11781.892005658661,11828.198694216944,406926
2024-07-08,11783.556640625,11870.1921777208,11727.106968180902,11862.351892266559,496933
2024-07-09,12571.6044921875,12701.214217140328,12019.206971594225,12078.940340594409,2114130
2024-07-10,12517.7998046875,13034.474817435457,12478.451945549723,12691.511132611593,2070520
2024-07-11,12461.3505859375,12665.785657708511,12441.602483024084,12544.457424964661,608983
2024-07-12,12311.69921875,12416.955442061542,12225.946089863184,12368.051274875621,674746
2024-07-15,12391.5224609375,12513.585714782228,12338.64934401913,12348.449700924624,697186
2024-07-16,12387.2109375,12542.4977968228,12330.565061351403,12390.59225232307,347810
2024-07-18,12391.6201171875,12426.852591776935,12214.18484631829,12380.790914189118,391216
2024-07-19,12274.26171875,12456.254551406044,12246.968105568865,12397.45240560869,351955
2024-07-22,12388.8759765625,12406.222799423174,12152.491180339879,12250.4459374691,249631
2024-07-23,12376.919921875,12480.706087479828,12113.241502745059,12466.054362048313,332258
2024-07-24,12237.951171875,12410.388650016004,12209.48132532607,12381.771415281088,285860
2024-07-25,12259.4638671875,12274.94824122027,12140.732148678479,12140.732148678479,396789
2024-07-26,12410.8779296875,12488.692187796923,12141.858137750207,12221.04482862673,537693
2024-07-29,12496.9736328125,12518.681805688502,12351.389525721712,12455.273306545841,388263
2024-07-30,12616.6376953125,12709.887523272879,12456.156840238797,12505.256248796712,526539
2024-07-31,12853.9521484375,13107.977595381406,12637.707843692431,12720.863490695376,836405
2024-08-01,13092.3466796875,13406.889351911856,12850.22903379154,13125.619085537683,2040384
2024-08-02,12590.1328125,13033.830511227592,12537.353476477174,12985.453720174766,1333355
2024-08-05,12070.208984375,12356.263296533365,11898.864296654514,12356.263296533365,1131415
2024-08-06,12001.2060546875,12420.468995862939,11980.332369041798,12257.334273528313,623565
2024-08-07,12239.0322265625,12316.69168821106,12134.563324468734,12266.237770452122,433514
2024-08-08,12088.0166015625,12260.005686966373,12022.031562926568,12238.537845919094,358577
2024-08-09,12093.3095703125,12257.334073572203,12064.52057890228,12257.334073572203,320211
2024-08-12,12141.833984375,12237.548032242377,11970.439061449699,12069.368309891432,291212
2024-08-13,12045.873046875,12207.91896843283,11992.203927663997,12204.90181946797,464483
2024-08-14,12074.9580078125,12107.95052520341,12000.117646108129,12107.95052520341,449827
2024-08-16,12082.5263671875,12211.777823784352,11981.321933720596,12183.088340167978,552732
2024-08-19,12019.7060546875,12112.946874607615,11996.952326749435,12064.422269769588,277319
2024-08-20,12084.158203125,12178.1902588153,12020.002007028937,12030.291035119697,471927
2024-08-21,12090.0947265625,12117.794917376925,12046.664398093202,12084.15897138798,295984
2024-08-22,12144.900390625,12193.029856378762,12050.571738786994,12148.511694631334,501316
2024-08-23,12170.5732421875,12242.544273411415,12123.186709883727,12168.298062600243,440809
2024-08-26,12112.69921875,12202.428240983896,12091.1328356484,12193.029962311122,232805
2024-08-27,12363.08984375,12395.83503909485,12094.199369059488,12113.886676274258,477609
2024-08-28,12225.181640625,12385.892394843113,12197.976097827737,12366.155816938095,313227
2024-08-29,12320.451171875,12346.370829497868,12118.833546582442,12210.837752283029,608598
2024-08-30,12270.1953125,12435.40716585705,12184.324913676935,12326.584986999113,2271179
2024-09-02,12294.333984375,12390.888545802503,12218.158461977651,12240.51608600514,331514
2024-09-03,12264.357421875,12340.73099458027,12227.55651449022,12340.434400057347,445514
2024-09-04,12204.1591796875,12265.247989442953,12103.102567876393,12193.07891085075,735076
2024-09-05,12166.912109375,12237.54797889686,12099.047031682183,12204.901327053401,595865
2024-09-06,12055.6669921875,12173.095237171552,11965.196001290638,12118.832930858209,733354
2024-09-09,12015.69921875,12089.005405562413,11972.417672462589,12066.895104929965,415790
2024-09-10,12132.08984375,12156.47532383517,11968.460480332342,12020.002232344694,285122
2024-09-11,12111.51171875,12201.933437786316,12034.743008810648,12128.725794329514,349799
2024-09-12,12268.0673828125,12293.937767857073,12021.238906665374,12130.80304988499,547830
2024-09-13,12184.17578125,12262.280617858034,12159.443468587922,12232.60184266354,361093
2024-09-16,12157.416015625,12231.61295607352,12124.769361827652,12190.013398016583,170114
2024-09-17,12114.62890625,12153.458637754426,12021.536866334012,12153.458637754426,568161
2024-09-18,12073.423828125,12205.841204694501,12039.68934139223,12108.989085588015,182282
2024-09-19,12219.24609375,12277.119703958022,12075.700141026839,12128.67656022684,465608
2024-09-20,12479.4306640625,12569.1104186683,12227.704985687653,12228.051817737978,875654
2024-09-23,12547.294921875,12612.489681997158,12489.81741589255,12489.81741589255,235586
2024-09-24,12602.201171875,12642.119704286772,12448.366186686804,12448.366186686804,425916
2024-09-25,12648.4013671875,12678.970892266965,12475.967875475275,12590.973130056514,341172
2024-09-26,13240.4931640625,13267.402114088052,12692.623154406809,12697.569617054667,1471069
2024-09-27,13351.095703125,13396.653396407877,13132.314242700864,13239.701752177032,865698
2024-09-30,13096.25390625,13355.448537118522,13067.26782968322,13200.673534739395,415743
2024-10-01,13025.025390625,13158.035963898568,12860.852102798439,13096.254452460409,388888
2024-10-03,12511.927734375,13007.217395937236,12457.467377121106,12802.483126043613,863520
2024-10-04,12470.7744140625,12739.960527278306,12378.522884870557,12554.023767598752,679362
2024-10-07,12393.3623046875,12512.572055852126,12245.463069840102,12490.856891360689,465500
2024-10-08,12397.7646484375,12494.863130075582,12328.612714516892,12368.382467231997,387060
2024-10-09,12624.0654296875,12712.409059737474,12406.22302051656,12420.518490851626,465231
2024-10-10,12805.5009765625,12826.17757676149,12575.391921866849,12661.856474927748,492698
2024-10-11,12639.8447265625,12841.01697508807,12588.747381201518,12805.50098699655,274243
2024-10-14,12403.6005859375,12661.95470878102,12328.859730776128,12638.211688778618,488067
2024-10-15,12313.4765625,12572.91852353526,12222.708974606825,12572.91852353526,532135
2024-10-16,12251.2998046875,12321.588843749056,12100.036594655643,12281.126393965864,418138
2024-10-17,12013.720703125,12287.111296924193,11940.760381819351,12267.226904271745,875937
2024-10-18,11975.484375,12011.247685674829,11717.625861961335,11940.760594345325,506871
2024-10-21,12045.52734375,12118.83353403183,11816.653936486548,12015.501735698008,375275
2024-10-22,11795.630859375,12158.206554088418,11713.222988831856,12085.147690722919,904901
2024-10-23,11828.1796875,11990.127069896142,11627.60062454814,11795.631576415844,412638
2024-10-24,11637.740234375,11870.471292178363,11512.298140117053,11870.471292178363,552495
2024-10-25,11379.6826171875,11668.012103706254,11317.505971261537,11637.640631348902,624582
2024-10-28,11360.29296875,11508.093652976651,11317.506068621688,11381.612028656327,613830
2024-10-29,10927.724609375,11360.045418201442,10627.425073719145,11327.398766733999,2268683
2024-10-30,11135.921875,11396.649722966997,10827.80652932932,10861.442474692243,1672966
2024-10-31,10957.849609375,11127.117177476151,10931.682628324012,11104.808823795205,838211
2024-11-01,10991.0400390625,11089.523917478447,10961.361263079434,11030.611740373257,65670
2024-11-04,10934.1064453125,11174.059155876865,10743.716904189709,11174.059155876865,444462
2024-11-05,11050.49609375,11154.273266503365,10893.99078851853,10923.768107204449,321159
2024-11-06,11232.6748046875,11307.613714475032,11052.969428635795,11098.872988862238,416027
2024-11-07,11179.154296875,11263.095381059122,11066.819357936702,11184.100759492943,530194
2024-11-08,11181.9736328125,11222.534627145447,11006.472748939246,11139.928699662492,269993
2024-11-11,11277.6376953125,11394.819582975008,11188.897966494973,11210.16775484861,450681
2024-11-12,11023.78515625,11393.583475226844,10988.319405647448,11270.069723734487,549747
2024-11-13,10931.2861328125,11023.537659376405,10747.970423917966,11020.718562165095,507710
2024-11-14,10888.2021484375,10998.65703867062,10775.47207875455,10936.62820785266,431348
2024-11-18,10975.162109375,11063.20914496987,10798.12801705603,10832.753255773114,333440
2024-11-19,10841.953125,11075.376884090754,10779.727206281736,10971.253848245145,864067
2024-11-21,10745.1513671875,10840.865417897234,10654.68037357969,10804.212323482298,540201
2024-11-22,10945.1357421875,10987.725555740513,10711.316854252482,10788.234343496577,493678
2024-11-25,10907.0986328125,11127.512809399543,10872.373886271595,11082.054625636662,635726
2024-11-26,10826.767578125,10959.332769813294,10774.829723172497,10907.098320339392,406586
2024-11-27,10939.9423828125,10997.866231846954,10753.609525996246,10818.902831305883,343332
2024-11-28,10832.6044921875,10961.954491309029,10771.417135259599,10941.971554960515,607669
2024-11-29,10955.623046875,11010.923917205046,10803.073952240307,10832.70345543124,338207
2024-12-02,11118.955078125,11208.684101710282,11031.600742998355,11031.600742998355,446880
2024-12-03,11158.4775390625,11187.908991223514,11083.043985204442,11129.540733156295,258644
2024-12-04,11010.6767578125,11179.00526333061,10987.082518101748,11160.208705808194,554674
2024-12-05,11062.515625,11149.326038476158,10912.885140233406,11015.722284803267,545501
2024-12-06,11196.763671875,11254.14263906976,11001.922313326082,11080.076423815495,417214
2024-12-09,11159.021484375,11247.168026863616,11132.063263421216,11200.769821605356,254485
2024-12-10,11078.2958984375,11193.201647126753,11050.397655629127,11154.273372177118,410569
2024-12-11,11156.9931640625,11199.631283117333,11100.454712906318,11109.655905770736,226584
2024-12-12,11047.8251953125,11178.361564782323,10959.629384535834,11178.361564782323,396561
2024-12-13,11151.8486328125,11169.111979624868,10915.457004026091,11018.146335235462,263579
2024-12-16,11156.251953125,11208.140539974062,11085.022890375598,11135.031434959708,223389
2024-12-17,10989.60546875,11151.750902745598,10941.278914539722,11142.401895007146,295445
2024-12-18,10884.6416015625,10979.217579351482,10852.637409107236,10966.307505279587,497103
2024-12-19,10838.044921875,10917.238557327422,10736.247305933137,10771.4164601733,435360
2024-12-20,10784.3271484375,10958.393362433288,10749.603367052738,10822.860285729002,404608
2024-12-23,10706.123046875,10872.126129135762,10640.23655520594,10810.988048073368,237165
2024-12-24,10621.6376953125,10770.873051779983,10610.16228851044,10706.123663054545,151149
2024-12-26,10779.3310546875,10857.287110283249,10654.68019998021,10655.174846229049,349811
2024-12-27,10823.8984375,11013.79332475576,10795.752872852483,10812.472302426846,257973
2024-12-30,10683.3203125,10832.752749675014,10634.992794770531,10823.898388681258,335481
2024-12-31,10742.1337890625,10777.055620183066,10635.487287451382,10649.733485523251,198997
2025-01-01,11088.287109375,11153.23454946651,10684.557220201148,10741.738134381618,383202
2025-01-02,11714.5087890625,11732.168239401895,11105.797322516672,11164.165578532036,1417042
2025-01-03,11806.4638671875,11920.776420879902,11661.730569509007,11723.066703724868,701315
2025-01-06,11629.7763671875,11851.625202741647,11565.521628284077,11801.2698297677,383268
2025-01-07,11595.7939453125,11699.32379150743,11548.704008924291,11629.77672222882,308104
2025-01-08,11695.416015625,11732.959859480008,11599.751236994322,11600.443934970288,303100
2025-01-09,11614.837890625,11723.116148185338,11534.804706880288,11695.415958130554,266413
2025-01-10,11506.5595703125,11634.079759561642,11446.114185214983,11564.829284802347,218246
2025-01-13,11374.5888671875,11529.660470607681,11345.206685949848,11345.701332212751,253524
2025-01-14,11615.431640625,11659.355646516156,11407.531442148333,11410.450048148492,627463
2025-01-15,11819.4736328125,12061.850295966045,11733.99837413964,11763.231774372274,692822
2025-01-16,11962.8212890625,12004.074978790657,11828.17896867997,11853.158603855054,551211
2025-01-17,12006.3994140625,12059.376799299154,11875.763535181559,11972.319060980433,285370
2025-01-20,11891.3447265625,12016.984869890734,11855.730197745048,12016.984869890734,251731
2025-01-21,11756.455078125,12009.81249236961,11735.036509781525,11888.376842098909,300038
2025-01-22,11891.6416015625,11949.51521225589,11772.629908178309,11772.629908178309,396590
2025-01-23,11916.7705078125,11976.671977356016,11833.224560330691,11876.456837165728,480876
2025-01-24,11839.75390625,11963.51400956171,11786.529197723601,11802.2593346623,310343
2025-01-27,11865.42578125,11917.908522659996,11684.583300646347,11774.461106332845,251783
2025-01-28,11993.9345703125,12034.446290136782,11757.69172195079,11889.662757643844,533451
2025-01-29,11849.6474609375,12188.77674927291,11757.79106924785,11990.225543950162,817549
2025-01-30,11871.509765625,11981.172450642585,11795.432787434578,11892.284907714844,418442
2025-01-31,12178.833984375,12257.333957052242,11871.509885764883,11871.509885764883,709009
2025-02-01,12778.1962890625,13009.196082620825,12097.71184467364,12188.083326075175,1101170
2025-02-03,12999.25390625,13317.064115216588,12783.2915512458,12850.909305761763,926127
2025-02-04,12969.5751953125,13117.969067929382,12832.607457665928,13108.125414491275,530749
2025-02-05,12946.6728515625,13009.196330570157,12864.264979815136,12969.624630705304,271633
2025-02-06,12934.009765625,12989.41014400002,12867.52911835379,12920.159671031244,414134
2025-02-07,12909.7724609375,12968.140718356964,12872.673992238686,12920.160032173168,355223
2025-02-10,12762.615234375,12920.160065185162,12748.666596550987,12910.267140173535,294142
2025-02-11,12588.103515625,12877.867672548035,12563.470712273995,12761.823856628285,354195
2025-02-12,12520.041015625,12628.665143332666,12473.04961995905,12564.015262264124,425735
2025-02-13,12535.6220703125,12608.483850590506,12479.677771729159,12539.282645844514,186742
2025-02-14,12544.4765625,12643.158492044715,12449.355699609241,12564.01508990359,233454
2025-02-17,12626.2412109375,12637.221970876586,12443.419190188504,12466.667563158257,192210
2025-02-18,12649.2919921875,12746.98462683641,12598.78880314209,12628.269526503556,267936
2025-02-19,12550.3134765625,12632.424754332349,12515.539458630838,12590.725688877928,288694
2025-02-20,12307.4423828125,12514.550385557177,12247.441404995878,12514.550385557177,423739
2025-02-21,12191.4970703125,12305.413524060586,12113.886879078751,12287.013069673996,477013
2025-02-24,12213.013671875,12299.378711836465,12089.252603423927,12117.200115879941,399571
2025-02-25,12342.7587890625,12373.477093308535,12217.762071237596,12256.097154659496,363355
2025-02-27,12248.0341796875,12415.620713449265,12180.169101512936,12397.516854156022,236805
2025-02-28,11817.939453125,12206.385540627261,11685.226443594172,12206.385540627261,605149
2025-03-03,11649.5126953125,11930.323958784655,11631.85421014671,11758.730976743322,186884
2025-03-04,11491.869140625,11598.712731903383,11466.88950470112,11564.82946337297,255726
2025-03-05,11492.95703125,11703.330471346819,11444.48169793673,11480.739655112413,349730
2025-03-06,11541.482421875,11603.906392255269,11357.077913217996,11575.711555972455,315309
2025-03-07,11539.2568359375,11616.569467397569,11476.78262630305,11525.257960212959,259055
2025-03-10,11461.9921875,11572.645133395696,11410.153840113391,11475.793011109552,153894
2025-03-11,11522.240234375,11566.807667343843,11386.756436121077,11455.512263428673,245822
2025-03-12,11515.462890625,11598.415643876593,11398.627836390602,11496.369739180125,249361
2025-03-13,11390.515625,11559.88269171903,11366.72333394769,11510.220015731536,260736
2025-03-17,11429.9892578125,11627.105793737772,11333.681050684292,11390.516099558723,275569
2025-03-18,11429.9892578125,11429.9892578125,11429.9892578125,11429.9892578125,0
2025-03-19,11491.1767578125,11589.018176359037,11423.360947487301,11574.722705949722,476555
2025-03-20,11604.5986328125,11639.025817274372,11463.921051472624,11574.623264430335,379421
2025-03-21,11607.1708984375,11794.048638897197,11580.460000827825,11653.865697850419,560565
2025-03-24,11794.5927734375,11861.61734182018,11616.322067706213,11653.816640742014,359033
2025-03-25,11741.814453125,11945.954579506875,11673.651811613103,11823.431086553652,514283
2025-03-26,11608.6552734375,11741.814629151844,11584.615657906596,11680.57703440676,478517
2025-03-27,11596.4375,11770.602252701492,11513.386200785002,11647.089469598593,645787
2025-03-28,11398.77734375,11620.180819379271,11278.033417231607,11573.782613146495,541795
2025-04-01,11358.166015625,11422.173435175882,11169.11260065158,11357.078180290535,498244
2025-04-02,11590.6494140625,11606.379551175158,11287.87663919324,11358.1656777408,452994
2025-04-03,11562.94921875,11676.570041409126,11486.724425268469,11505.966357508061,326624
2025-04-04,11359.056640625,11505.471932630966,11208.68417856482,11475.793157224352,355785
2025-04-07,11208.4365234375,11236.878682359702,10941.030958165768,10986.686226650365,602353
2025-04-08,11336.2041015625,11426.674126899887,11169.16148494093,11406.542411168175,629968
2025-04-09,11334.720703125,11415.149993185025,11302.667238474587,11337.391020090874,255114
2025-04-11,11474.8525390625,11553.699341511423,11357.077464673115,11357.423330592474,231420
2025-04-15,11728.0625,11812.152361872628,11554.93631379165,11663.758487979756,458593
2025-04-16,11539.107421875,11641.99383921682,11490.632090627412,11641.99383921682,470494
2025-04-17,11569.775390625,11602.42204200513,11401.595671394025,11539.107324176997,302146
2025-04-21,11619.240234375,11642.983254011015,11463.921314256067,11569.775610133302,318493
2025-04-22,11608.3583984375,11661.780194373721,11490.632588874345,11643.972929061647,516753
2025-04-23,11779.505859375,11842.820579707577,11603.41179345002,11672.662268813776,493839
2025-04-24,11766.6455078125,11911.082219107324,11731.030976260352,11812.152964795801,387863
2025-04-25,11572.744140625,11917.017944774214,11473.814886559134,11774.559818919366,906266
2025-04-28,11719.1591796875,11768.623805635869,11168.123246622672,11305.634906759138,457303
2025-04-29,11714.212890625,11812.152851453635,11615.28363726274,11685.523407149945,455596
2025-04-30,12125.7578125,12193.029700502775,11673.651153422536,11698.38346518826,967250
2025-05-02,12272.173828125,12590.726022615629,12118.833486056528,12125.758533762846,707908
2025-05-05,12324.6064453125,12356.263806546245,12229.634361611264,12356.263806546245,270014
2025-05-06,12446.2890625,12464.096327671687,12238.53763549698,12304.820233636037,414921
2025-05-07,12497.732421875,12533.346952642632,12222.709100947171,12222.709100947171,303619
2025-05-08,12259.3125,12462.11745985313,12197.976365800518,12425.51363783086,485326
2025-05-09,12118.8330078125,12227.655181760205,11985.278521603954,12005.064371412627,278112
2025-05-12,12480.9140625,12494.76415736961,12292.948489269578,12292.948489269578,185165
2025-05-13,12348.3486328125,12564.014391661492,12296.905424279714,12465.085144483057,378269
2025-05-14,12534.3359375,12581.821977357933,12278.109180766574,12351.316825547554,306050
2025-05-15,12813.31640625,12883.556173455354,12413.642237926575,12465.085447710779,561496
2025-05-16,12855.8564453125,12945.882065668286,12773.745165207773,12811.338281400298,425275
2025-05-19,12849.919921875,12906.309592792459,12791.551666013069,12850.909214347235,244277
2025-05-20,12502.6787109375,12870.695523761424,12474.978520724946,12865.749061223469,361111
2025-05-21,12479.9248046875,12670.858255920532,12459.149662325357,12539.282354293624,209104
2025-05-22,12311.7451171875,12475.96767158309,12262.280492369551,12475.96767158309,434848
2025-05-23,12319.6591796875,12361.209463598756,12289.980405465174,12316.691302265268,169465
2025-05-26,12288.001953125,12404.73846632593,12258.323178582392,12321.637897606624,214703
2025-05-27,12281.0771484375,12345.381161217301,12158.404877903728,12288.002195967632,344679
2025-05-28,12198.9658203125,12282.066390331658,12173.24421530657,12281.07709783143,178181
2025-05-29,12259.3125,12294.927029535185,12134.661646626857,12207.869290671402,191097
2025-05-30,12187.0947265625,12356.263749879505,12119.822834249304,12259.313081545783,351353
2025-06-02,12158.4052734375,12187.094756995653,12002.097052672398,12030.78653623055,264972
2025-06-03,11998.1396484375,12217.762587252897,11930.867757268821,12141.587063429539,369114
2025-06-04,12032.7646484375,12113.886633241567,11998.13941102113,11998.13941102113,205846
2025-06-05,11996.1611328125,12125.758453313774,11887.338955292347,12069.368779507877,319783
2025-06-06,12328.5634765625,12400.781831063308,11970.439581640687,12009.021990209612,456129
2025-06-09,12501.689453125,12524.443180862743,12332.520433857422,12371.102841760554,323443
2025-06-10,12385.9423828125,12607.543907872403,12327.574123979757,12524.44333597494,325292
2025-06-11,12318.669921875,12425.513509376004,12293.937609953471,12336.477186458502,306061
2025-06-12,12257.333984375,12356.263233643564,12175.222707482093,12325.595166370309,347339
2025-06-13,12275.1416015625,12291.959574420862,12045.625736671906,12069.368757177828,385493
2025-06-16,12395.8349609375,12432.43878324833,12203.91221692937,12271.184106581704,184242
2025-06-17,12460.138671875,12479.924521294412,12336.477113003672,12394.845368790939,226597
2025-06-18,12611.5009765625,12742.087588494274,12415.62105866484,12484.871534689266,467738
2025-06-19,12668.8798828125,12687.676440502133,12577.864971894278,12613.479502253582,339117
2025-06-20,12654.0400390625,12751.979994020454,12591.714613180166,12671.84730360031,652128
2025-06-23,12563.025390625,12649.093837666844,12530.378738298783,12634.254450245837,192037
2025-06-24,12475.9677734375,12717.35514451979,12418.588808180235,12692.622831908899,332717
2025-06-25,12630.2978515625,12669.869553141767,12481.90397064025,12548.186570785521,316536
2025-06-26,12578.8544921875,12710.430398397562,12553.132886462225,12643.158506500688,354735
2025-06-27,12506.6357421875,12661.954664155815,12485.860599758616,12613.479331821754,346403
2025-06-30,12267.2265625,12539.281990297379,12199.954674899192,12531.367650579637,448956
2025-07-01,12308.77734375,12325.595316330273,12188.083658173928,12316.691683787776,283481
2025-07-02,12486.849609375,12507.624751333238,12226.66568865993,12247.440830618167,609735
2025-07-03,12615.4580078125,12682.72989806746,12455.192622205095,12494.764322355073,606221
2025-07-04,12510.5927734375,12611.500606973055,12472.999658983077,12578.853954946846,225607
2025-07-07,12385.9423828125,12534.336261200828,12337.467049205645,12511.582533181285,220116
2025-07-08,12281.0771484375,12420.567391544451,12226.666060700747,12390.888616415314,241050
2025-07-09,12336.4775390625,12405.728014422113,12296.905838857007,12301.852301382693,174203
2025-07-10,12514.5498046875,12534.335654181077,12268.215978492464,12366.155933485672,277325
2025-07-11,12439.3642578125,12549.175728515314,12386.931753783228,12504.657564716877,194420
2025-07-14,12380.0068359375,12480.914674939067,12297.895555181321,12455.193068919061,246737
2025-07-15,12401.7705078125,12463.106641466326,12347.359421506686,12347.359421506686,147377
2025-07-16,12429.470703125,12436.395750476311,12305.809143280156,12401.770513719755,204480
2025-07-17,12342.4130859375,12491.796251693877,12329.552283587615,12434.417287363614,189207
2025-07-18,12286.0234375,12392.867026456439,12237.548105473468,12390.888441475763,124068
2025-07-21,12272.173828125,12344.3921827766,12209.848398768137,12297.895433891323,232066
2025-07-22,12358.2421875,12395.835303344142,12187.094581156942,12315.702609044789,169006
2025-07-23,12491.796875,12582.811788479052,12405.728424210025,12405.728424210025,342005
2025-07-24,12422.5458984375,12525.432318238209,12384.952783510318,12512.57151576312,157163
2025-07-25,12271.1845703125,12422.546327750246,12224.687821295676,12410.674817362973,260700
2025-07-28,12207.869140625,12400.781173236172,12170.276026577694,12238.537207347801,292879
2025-07-29,12335.48828125,12373.081396550946,12136.640487158153,12207.869547728367,285115
2025-07-30,12482.892578125,12507.624890254745,12287.012666057417,12297.894883394505,203847
2025-07-31,12473.0,12623.372461928933,12330.54187817259,12372.092163705584,709783
2025-08-01,12302.0,12779.0,12273.0,12521.0,346024
2025-08-04,12365.0,12425.0,12225.0,12326.0,255693
2025-08-05,12537.0,12577.0,12370.0,12400.0,233560
2025-08-06,12524.0,12619.0,12483.0,12570.0,151608
2025-08-07,12632.0,12654.0,12429.0,12525.0,173393
2025-08-08,12590.0,12725.0,12564.0,12630.0,247048
2025-08-11,12597.0,12734.0,12482.0,12585.0,187230
2025-08-12,12840.0,12959.0,12606.0,12620.0,504476
2025-08-13,12834.0,12925.0,12752.0,12840.0,252065
2025-08-14,12936.0,12956.0,12825.0,12864.0,318580
2025-08-18,14068.0,14125.0,13664.0,13703.0,2154781
2025-08-19,14250.0,14270.0,13979.0,14070.0,906623
2025-08-20,14221.0,14362.0,14200.0,14362.0,391425
2025-08-21,14280.0,14401.0,14156.0,14219.0,513460
2025-08-22,14349.0,14370.0,14230.0,14349.0,458935
2025-08-25,14452.0,14478.0,14280.0,14401.0,357110
2025-08-26,14714.0,14825.0,14391.0,14452.0,962974
2025-08-28,14752.0,14895.0,14625.0,14895.0,666635
2025-08-29,14791.0,14850.0,14692.0,14750.0,621560
2025-09-01,14887.0,14938.0,14654.0,14790.0,572927
2025-09-02,14842.0,14934.0,14783.0,14859.0,379167
2025-09-03,14927.0,14991.0,14750.0,14875.0,561656
2025-09-04,14662.0,15240.0,14630.0,15240.0,784369
2025-09-05,14895.0,14957.0,14701.0,14740.0,473806
2025-09-08,15258.0,15319.0,14850.0,14921.0,691077
2025-09-09,15365.0,15384.0,15201.0,15249.0,605860
2025-09-10,15108.0,15384.0,15072.0,15366.0,489062
2025-09-11,15095.0,15191.0,15038.0,15111.0,657161
2025-09-12,15325.0,15373.0,15153.0,15160.0,420101
2025-09-15,15265.0,15378.0,15249.0,15350.0,170587
2025-09-16,15573.0,15594.0,15284.0,15300.0,381944
2025-09-17,15801.0,15818.0,15570.0,15592.0,624986
2025-09-18,15817.0,15939.0,15703.0,15916.0,642175
2025-09-19,15864.0,16060.0,15811.0,16000.0,652443
2025-09-22,15816.0,16000.0,15779.0,15879.0,302234
2025-09-23,16097.0,16325.0,16031.0,16120.0,873114
2025-09-24,16249.0,16375.0,16063.0,16188.0,663647
2025-09-25,16269.0,16370.0,16067.0,16249.0,490262
2025-09-26,16286.0,16435.0,16202.0,16235.0,490957
2025-09-29,15984.0,16340.0,15950.0,16300.0,627326
2025-09-30,16029.0,16054.0,15921.0,15985.0,390006
2025-10-01,15965.0,16109.0,15850.0,16026.0,426075
2025-10-03,15806.0,16025.0,15736.0,15949.0,470216
2025-10-06,15998.0,16057.0,15708.0,15840.0,268497
2025-10-07,16108.0,16159.0,15977.0,16014.0,330326
2025-10-08,16012.0,16236.0,15979.0,16108.0,306518
2025-10-09,15985.0,16075.0,15853.0,16070.0,300499
2025-10-10,16265.0,16315.0,15911.0,15980.0,423031
2025-10-13,16323.0,16432.0,16218.0,16264.0,337617
2025-10-14,16261.0,16350.0,16121.0,16350.0,307925
2025-10-15,16212.0,16380.0,16200.0,16300.0,266435
2025-10-16,16298.0,16332.0,16200.0,16246.0,265727
2025-10-17,16401.0,16549.0,16298.0,16298.0,411608
2025-10-20,16424.0,16518.0,16380.0,16500.0,374246
2025-10-21,16396.0,16476.0,16330.0,16453.0,28990
2025-10-23,16393.0,16660.0,16340.0,16660.0,481753
2025-10-24,16274.0,16423.0,16200.0,16392.0,208520
2025-10-27,16388.0,16410.0,16275.0,16350.0,209829
2025-10-28,16311.0,16495.0,16261.0,16399.0,383383
2025-10-29,16138.0,16428.0,16046.0,16360.0,232815
2025-10-30,16206.0,16275.0,16077.0,16190.0,230383
2025-10-31,16186.0,16516.0,15949.0,16204.0,719402
2025-11-03,15651.0,16100.0,15530.0,16016.0,942850
2025-11-04,15374.0,15633.0,15355.0,15607.0,748848
2025-11-06,15452.0,15534.0,15309.0,15534.0,429800
2025-11-07,15479.0,15499.0,15260.0,15459.0,227247
2025-11-10,15583.0,15647.0,15380.0,15380.0,274191
2025-11-11,15645.0,15680.0,15512.0,15640.0,181524
2025-11-12,15696.0,15731.0,15555.0,15674.0,244015
2025-11-13,15749.0,15800.0,15660.0,15661.0,250711
2025-11-14,15684.0,15735.0,15572.0,15725.0,253698
2025-11-17,15878.0,15892.0,15655.0,15689.0,301069
2025-11-18,15930.0,15999.0,15750.0,15878.0,392903
2025-11-19,15768.0,15950.0,15715.0,15950.0,286434
2025-11-20,15801.0,15823.0,15618.0,15810.0,249492
2025-11-21,15977.0,16150.0,15737.0,15790.0,586351
2025-11-24,15958.0,16085.0,15911.0,16005.0,525788
2025-11-25,15889.0,16050.0,15842.0,15958.0,214525
2025-11-26,16156.0,16210.0,15950.0,15950.0,314946
2025-11-27,15903.0,16171.0,15875.0,16166.0,339986
2025-11-28,15900.0,16049.0,15850.0,15906.0,352340
2025-12-01,16097.0,16177.0,15851.0,15975.0,434052
2025-12-02,16239.0,16261.0,16095.0,16127.0,383165
2025-12-03,16082.0,16248.0,16010.0,16219.0,264397
2025-12-04,15994.0,16135.0,15887.0,16058.0,248812
2025-12-05,16282.0,16338.0,15979.0,16000.0,332032
2025-12-08,16187.0,16256.0,16094.0,16200.0,220513
2025-12-09,16020.0,16226.0,15985.0,16051.0,276388
2025-12-10,16019.0,16125.0,15925.0,16090.0,293374
2025-12-11,16248.0,16296.0,15983.0,16049.0,268701
2025-12-12,16522.0,16536.0,16247.0,16248.0,404711
2025-12-15,16415.0,16500.0,16360.0,16500.0,225221
2025-12-16,16354.0,16451.0,16320.0,16400.0,156134
2025-12-17,16398.0,16490.0,16357.0,16389.0,257406
2025-12-18,16329.0,16486.0,16221.0,16440.0,213981
2025-12-19,16414.0,16475.0,16329.0,16329.0,360190
2025-12-22,16649.0,16693.0,16414.0,16464.0,271590
2025-12-23,16585.0,16720.0,16558.0,16709.0,215650
2025-12-24,16703.0,16720.0,16542.0,16640.0,258486
2025-12-26,16596.0,16703.0,16516.0,16703.0,212925
2025-12-29,16542.0,16682.0,16499.0,16600.0,251796
2025-12-30,16647.0,16818.0,16482.0,16575.0,1055843
2025-12-31,16697.0,16776.0,16581.0,16581.0,314427
2026-01-01,16708.0,16798.0,16602.0,16700.0,171293
2026-01-02,16960.0,16999.0,16723.0,16750.0,388562
2026-01-05,17155.0,17370.0,16980.0,17025.0,305668
2026-01-06,17292.0,17306.0,17142.0,17170.0,192182
2026-01-07,16809.0,17249.0,16524.0,17230.0,427979
2026-01-08,16664.0,16808.0,16541.0,16808.0,238421
2026-01-09,16501.0,16704.0,16417.0,16663.0,286302
2026-01-12,16582.0,16615.0,16271.0,16456.0,288686
2026-01-13,16426.0,16726.0,16293.0,16662.0,312205
2026-01-14,16152.0,16412.0,16090.0,16390.0,240043
2026-01-15,16152.0,16152.0,16152.0,16152.0,0
2026-01-16,15859.0,16197.0,15770.0,16000.0,703056
2026-01-19,16176.0,16242.0,15813.0,15859.0,385141
2026-01-20,15879.0,16233.0,15850.0,16200.0,289609
2026-01-21,15770.0,15973.0,15675.0,15675.0,345738
2026-01-22,15765.0,15971.0,15714.0,15950.0,352320
2026-01-23,15469.0,15846.0,15439.0,15819.0,338669
2026-01-27,15245.0,15387.0,15013.0,15300.0,565768
2026-01-28,14877.0,15294.0,14431.0,15161.0,1584483
2026-01-29,14502.0,14870.0,14353.0,14870.0,716545
2026-01-30,14599.0,14679.0,14300.0,14502.0,946509
2026-02-02,14384.0,14446.0,14058.0,14251.0,621514
2026-02-03,14782.0,15281.0,14482.0,15200.0,638870
2026-02-04,15071.0,15170.0,14723.0,14800.0,451065
2026-02-05,15059.0,15150.0,14900.0,15090.0,374759
2026-02-06,14997.0,15118.0,14871.0,15084.0,276529
2026-02-09,14978.0,15126.0,14905.0,15125.0,200034
2026-02-10,15146.0,15349.0,14983.0,14999.0,360240
2026-02-11,15412.0,15432.0,15174.0,15180.0,360742
2026-02-12,15326.0,15459.0,15265.0,15459.0,201895
2026-02-13,15237.0,15434.0,15190.0,15309.0,208645
2026-02-16,15051.0,15299.0,14960.0,15237.0,210175
2026-02-17,15179.0,15211.0,14960.0,15031.0,166765
2026-02-18,15164.0,15239.0,15074.0,15208.0,280772
2026-02-19,14903.0,15279.0,14853.0,15163.0,152788
2026-02-20,14977.0,15077.0,14848.0,14903.0,515847
2026-02-23,15072.0,15118.0,14984.0,15050.0,242968
2026-02-24,14926.0,15062.0,14904.0,15001.0,300991
2026-02-25,15070.0,15133.0,14837.0,14860.0,356495
2026-02-26,15213.0,15224.0,15046.0,15145.0,308213
2026-02-27,14857.0,15192.0,14804.0,15110.0,478164
2026-03-02,14388.0,14684.0,14204.0,14407.0,603744
2026-03-04,14158.0,14184.0,13794.0,14150.0,710366
2026-03-05,14415.0,14570.0,14081.0,14300.0,448650
2026-03-06,14159.0,14466.0,14115.0,14339.0,390629
2026-03-09,13508.0,13800.0,13365.0,13800.0,676224
2026-03-10,13867.0,13909.0,13505.0,13721.0,353715
2026-03-11,13497.0,13948.0,13441.0,13850.0,392182
2026-03-12,13011.0,13430.0,12966.0,13430.0,544683
2026-03-13,12591.0,12962.0,12483.0,12899.0,939594
2026-03-16,12757.0,12874.0,12400.0,12532.0,1416170
2026-03-17,12972.0,13100.0,12686.0,12790.0,1178941
2026-03-18,13048.0,13176.0,13015.0,13100.0,458827
2026-03-19,12599.0,12838.0,12505.0,12768.0,569346
2026-03-20,12601.0,12756.0,12556.0,12605.0,725481
2026-03-23,12355.0,12501.0,12278.0,12501.0,517985
2026-03-24,12464.0,12650.0,12332.0,12600.0,583568
2026-03-25,12711.0,12780.0,12506.0,12549.0,540649
2026-03-27,12389.0,12646.0,12342.0,12626.0,775339
2026-03-30,12306.0,12424.0,12201.0,12300.0,635675
2026-04-01,12509.0,12900.0,12333.0,12900.0,501882
2026-04-02,12631.0,12673.0,12239.0,12389.0,438227
2026-04-06,12688.0,12720.0,12420.0,12631.0,382650
2026-04-07,12798.0,12835.0,12496.0,12640.0,359542
2026-04-08,13602.0,13745.0,13210.0,13350.0,1026292
2026-04-09,13589.0,13773.0,13330.0,13570.0,549914
2026-04-10,13709.0,13797.0,13590.0,13650.0,471921
2026-04-13,13076.0,13420.0,12966.0,13402.0,1347910
2026-04-15,13289.0,13473.0,13200.0,13250.0,699458
2026-04-16,13335.0,13435.0,13237.0,13380.0,527309
2026-04-17,13453.0,13647.0,13256.0,13300.0,549308
2026-04-20,13450.0,13533.0,13329.0,13474.0,348629
2026-04-21,13461.0,13543.0,13421.0,13456.0,292865
